ISO-10303-21;
HEADER;
/* Generated by software containing ST-Developer
 * from STEP Tools, Inc. (www.steptools.com) 
 */
/* OPTION: using custom renumber hook */

FILE_DESCRIPTION(
/* description */ ('STEP AP242 Edition 2',
'CAx-IF Rec.Pracs.---Representation and Presentation of Product Manufa
cturing Information (PMI)---4.0---2014-10-13',
'CAx-IF Rec.Pracs.---3D Tessellated Geometry---0.4---2014-09-14','2;1',
'CAx-IF Rec.Pracs.---User Defined Attributes---1.5---2016-08-15'),
/* implementation_level */ '2;1');

FILE_NAME(
/* name */ 'Part Studio 1',
/* time_stamp */ '2026-10-04T17:49:23Z',
/* author */ (''),
/* organization */ (''),
/* preprocessor_version */ 'ST-DEVELOPER v20',
/* originating_system */ 'ONSHAPE BY PTC INC, 1.221',
/* authorisation */ '  ');

FILE_SCHEMA (('AP242_MANAGED_MODEL_BASED_3D_ENGINEERING_MIM_LF { 1 0 10303 442 3 1 4 }'));
ENDSEC;

DATA;
#10=VERTEX_LOOP('',#3301);
#11=VERTEX_LOOP('',#3303);
#12=VERTEX_LOOP('',#3305);
#13=VERTEX_LOOP('',#3307);
#14=VERTEX_LOOP('',#3309);
#15=VERTEX_LOOP('',#3311);
#16=CONICAL_SURFACE('',#5081,0.0021,1.02974425867665);
#17=CONICAL_SURFACE('',#5084,0.0021,1.02974425867665);
#18=CONICAL_SURFACE('',#5087,0.0021,1.02974425867665);
#19=CONICAL_SURFACE('',#5090,0.0021,1.02974425867665);
#20=CONICAL_SURFACE('',#5093,0.0021,1.02974425867665);
#21=CONICAL_SURFACE('',#5096,0.0021,1.02974425867665);
#22=(
BOUNDED_SURFACE()
B_SPLINE_SURFACE(3,2,((#7739,#7740,#7741),(#7742,#7743,#7744),(#7745,#7746,
#7747),(#7748,#7749,#7750),(#7751,#7752,#7753),(#7754,#7755,#7756),(#7757,
#7758,#7759)),.UNSPECIFIED.,.F.,.F.,.F.)
B_SPLINE_SURFACE_WITH_KNOTS((4,1,1,1,4),(3,3),(3.14159265358979,3.53429173528852,
3.92699081698724,4.31968989868597,4.71238898038469),(0.,1.),
 .UNSPECIFIED.)
GEOMETRIC_REPRESENTATION_ITEM()
RATIONAL_B_SPLINE_SURFACE(((1.,0.707106781186546,1.),(1.,0.707106781349378,
1.),(1.,0.746571860755083,1.),(1.,0.869029034424752,1.),(1.,0.973464424252544,
1.),(1.,0.999999999985521,1.),(1.,1.,1.)))
REPRESENTATION_ITEM('')
SURFACE()
);
#23=(
BOUNDED_SURFACE()
B_SPLINE_SURFACE(3,2,((#7762,#7763,#7764),(#7765,#7766,#7767),(#7768,#7769,
#7770),(#7771,#7772,#7773),(#7774,#7775,#7776),(#7777,#7778,#7779),(#7780,
#7781,#7782)),.UNSPECIFIED.,.F.,.F.,.F.)
B_SPLINE_SURFACE_WITH_KNOTS((4,1,1,1,4),(3,3),(6.28318530717959,6.67588438887831,
7.06858347057703,7.46128255227576,7.85398163397448),(0.,1.),
 .UNSPECIFIED.)
GEOMETRIC_REPRESENTATION_ITEM()
RATIONAL_B_SPLINE_SURFACE(((1.,0.707106781186546,1.),(1.,0.707106781349379,
1.),(1.,0.746571860755085,1.),(1.,0.869029034424749,1.),(1.,0.973464424252548,
1.),(1.,0.999999999985521,1.),(1.,1.,1.)))
REPRESENTATION_ITEM('')
SURFACE()
);
#24=(
BOUNDED_SURFACE()
B_SPLINE_SURFACE(3,2,((#7785,#7786,#7787),(#7788,#7789,#7790),(#7791,#7792,
#7793),(#7794,#7795,#7796),(#7797,#7798,#7799),(#7800,#7801,#7802),(#7803,
#7804,#7805)),.UNSPECIFIED.,.F.,.F.,.F.)
B_SPLINE_SURFACE_WITH_KNOTS((4,1,1,1,4),(3,3),(6.28318530717959,6.67588438887831,
7.06858347057703,7.46128255227576,7.85398163397448),(0.,1.),
 .UNSPECIFIED.)
GEOMETRIC_REPRESENTATION_ITEM()
RATIONAL_B_SPLINE_SURFACE(((1.,0.707106781186546,1.),(1.,0.707106781350222,
1.),(1.,0.746571860754693,1.),(1.,0.869029034424856,1.),(1.,0.973464424252514,
1.),(1.,0.999999999985521,1.),(1.,1.,1.)))
REPRESENTATION_ITEM('')
SURFACE()
);
#25=(
BOUNDED_SURFACE()
B_SPLINE_SURFACE(3,2,((#7808,#7809,#7810),(#7811,#7812,#7813),(#7814,#7815,
#7816),(#7817,#7818,#7819),(#7820,#7821,#7822),(#7823,#7824,#7825),(#7826,
#7827,#7828)),.UNSPECIFIED.,.F.,.F.,.F.)
B_SPLINE_SURFACE_WITH_KNOTS((4,1,1,1,4),(3,3),(3.14159265358979,3.53429173528852,
3.92699081698724,4.31968989868597,4.71238898038469),(0.,1.),
 .UNSPECIFIED.)
GEOMETRIC_REPRESENTATION_ITEM()
RATIONAL_B_SPLINE_SURFACE(((1.,0.707106781186546,1.),(1.,0.707106781350221,
1.),(1.,0.746571860754691,1.),(1.,0.869029034424862,1.),(1.,0.973464424252514,
1.),(1.,0.999999999985521,1.),(1.,1.,1.)))
REPRESENTATION_ITEM('')
SURFACE()
);
#26=ELLIPSE('',#5045,0.00269258240356725,0.0025);
#27=ELLIPSE('',#5046,0.00269258240356725,0.0025);
#28=ELLIPSE('',#5048,0.00269258240356725,0.0025);
#29=ELLIPSE('',#5049,0.00269258240356725,0.0025);
#30=ELLIPSE('',#5051,0.00269258240356725,0.0025);
#31=ELLIPSE('',#5052,0.00269258240356725,0.0025);
#32=ELLIPSE('',#5054,0.00353553390593274,0.0025);
#33=ELLIPSE('',#5055,0.00353553390593274,0.0025);
#34=ELLIPSE('',#5057,0.00353553390593274,0.0025);
#35=ELLIPSE('',#5058,0.00353553390593274,0.0025);
#36=ELLIPSE('',#5060,0.00269258240356725,0.0025);
#37=ELLIPSE('',#5061,0.00353553390593274,0.0025);
#38=ELLIPSE('',#5062,0.00269258240356725,0.0025);
#39=ELLIPSE('',#5064,0.00353553390593274,0.0025);
#40=SHAPE_REPRESENTATION_RELATIONSHIP('','',#4611,#43);
#41=SHAPE_REPRESENTATION_RELATIONSHIP('','',#4612,#44);
#42=SHAPE_REPRESENTATION_RELATIONSHIP('','',#4613,#45);
#43=ADVANCED_BREP_SHAPE_REPRESENTATION('',(#4605),#7875);
#44=ADVANCED_BREP_SHAPE_REPRESENTATION('',(#4606),#7876);
#45=ADVANCED_BREP_SHAPE_REPRESENTATION('',(#4607),#7877);
#46=B_SPLINE_CURVE_WITH_KNOTS('',3,(#7137,#7138,#7139,#7140),
 .UNSPECIFIED.,.F.,.F.,(4,4),(0.,0.000392832481117743),.UNSPECIFIED.);
#47=CYLINDRICAL_SURFACE('',#4792,0.0015);
#48=CYLINDRICAL_SURFACE('',#4794,0.0015);
#49=CYLINDRICAL_SURFACE('',#4796,0.0015);
#50=CYLINDRICAL_SURFACE('',#4798,0.0015);
#51=CYLINDRICAL_SURFACE('',#4800,0.0005);
#52=CYLINDRICAL_SURFACE('',#4802,0.0005);
#53=CYLINDRICAL_SURFACE('',#4804,0.0005);
#54=CYLINDRICAL_SURFACE('',#4806,0.0005);
#55=CYLINDRICAL_SURFACE('',#4808,0.0005);
#56=CYLINDRICAL_SURFACE('',#4810,0.0005);
#57=CYLINDRICAL_SURFACE('',#4812,0.0005);
#58=CYLINDRICAL_SURFACE('',#4814,0.0005);
#59=CYLINDRICAL_SURFACE('',#4816,0.0005);
#60=CYLINDRICAL_SURFACE('',#4818,0.0005);
#61=CYLINDRICAL_SURFACE('',#4820,0.0005);
#62=CYLINDRICAL_SURFACE('',#4822,0.0005);
#63=CYLINDRICAL_SURFACE('',#4824,0.0005);
#64=CYLINDRICAL_SURFACE('',#4826,0.0005);
#65=CYLINDRICAL_SURFACE('',#4828,0.0005);
#66=CYLINDRICAL_SURFACE('',#4830,0.0005);
#67=CYLINDRICAL_SURFACE('',#4832,0.0005);
#68=CYLINDRICAL_SURFACE('',#4834,0.0005);
#69=CYLINDRICAL_SURFACE('',#4836,0.0005);
#70=CYLINDRICAL_SURFACE('',#4838,0.0005);
#71=CYLINDRICAL_SURFACE('',#4840,0.0015);
#72=CYLINDRICAL_SURFACE('',#4842,0.0015);
#73=CYLINDRICAL_SURFACE('',#4844,0.0015);
#74=CYLINDRICAL_SURFACE('',#4846,0.0015);
#75=CYLINDRICAL_SURFACE('',#4848,0.0005);
#76=CYLINDRICAL_SURFACE('',#4850,0.0005);
#77=CYLINDRICAL_SURFACE('',#4852,0.0005);
#78=CYLINDRICAL_SURFACE('',#4854,0.0005);
#79=CYLINDRICAL_SURFACE('',#4856,0.0005);
#80=CYLINDRICAL_SURFACE('',#4858,0.0005);
#81=CYLINDRICAL_SURFACE('',#4860,0.0005);
#82=CYLINDRICAL_SURFACE('',#4862,0.0005);
#83=CYLINDRICAL_SURFACE('',#4864,0.0005);
#84=CYLINDRICAL_SURFACE('',#4866,0.0005);
#85=CYLINDRICAL_SURFACE('',#4868,0.0005);
#86=CYLINDRICAL_SURFACE('',#4870,0.0005);
#87=CYLINDRICAL_SURFACE('',#4872,0.0005);
#88=CYLINDRICAL_SURFACE('',#4874,0.0005);
#89=CYLINDRICAL_SURFACE('',#4876,0.0005);
#90=CYLINDRICAL_SURFACE('',#4878,0.0005);
#91=CYLINDRICAL_SURFACE('',#4880,0.0005);
#92=CYLINDRICAL_SURFACE('',#4882,0.0005);
#93=CYLINDRICAL_SURFACE('',#4884,0.0005);
#94=CYLINDRICAL_SURFACE('',#4886,0.0005);
#95=CYLINDRICAL_SURFACE('',#4888,0.0005);
#96=CYLINDRICAL_SURFACE('',#4890,0.0005);
#97=CYLINDRICAL_SURFACE('',#4892,0.0005);
#98=CYLINDRICAL_SURFACE('',#4894,0.0005);
#99=CYLINDRICAL_SURFACE('',#4896,0.0005);
#100=CYLINDRICAL_SURFACE('',#4898,0.0005);
#101=CYLINDRICAL_SURFACE('',#4900,0.0005);
#102=CYLINDRICAL_SURFACE('',#4902,0.0005);
#103=CYLINDRICAL_SURFACE('',#4904,0.0005);
#104=CYLINDRICAL_SURFACE('',#4906,0.0005);
#105=CYLINDRICAL_SURFACE('',#4908,0.0005);
#106=CYLINDRICAL_SURFACE('',#4910,0.0005);
#107=CYLINDRICAL_SURFACE('',#4912,0.0005);
#108=CYLINDRICAL_SURFACE('',#4914,0.0005);
#109=CYLINDRICAL_SURFACE('',#4916,0.0005);
#110=CYLINDRICAL_SURFACE('',#4918,0.0005);
#111=CYLINDRICAL_SURFACE('',#4920,0.0005);
#112=CYLINDRICAL_SURFACE('',#4922,0.0005);
#113=CYLINDRICAL_SURFACE('',#4924,0.0005);
#114=CYLINDRICAL_SURFACE('',#4926,0.0005);
#115=CYLINDRICAL_SURFACE('',#4928,0.0005);
#116=CYLINDRICAL_SURFACE('',#4930,0.0005);
#117=CYLINDRICAL_SURFACE('',#4932,0.0005);
#118=CYLINDRICAL_SURFACE('',#4934,0.0005);
#119=CYLINDRICAL_SURFACE('',#4935,0.0015);
#120=CYLINDRICAL_SURFACE('',#4936,0.0015);
#121=CYLINDRICAL_SURFACE('',#4937,0.0015);
#122=CYLINDRICAL_SURFACE('',#4938,0.0015);
#123=CYLINDRICAL_SURFACE('',#4941,0.002);
#124=CYLINDRICAL_SURFACE('',#4942,0.002);
#125=CYLINDRICAL_SURFACE('',#4943,0.0017);
#126=CYLINDRICAL_SURFACE('',#4944,0.0017);
#127=CYLINDRICAL_SURFACE('',#4945,0.0017);
#128=CYLINDRICAL_SURFACE('',#4946,0.0017);
#129=CYLINDRICAL_SURFACE('',#4947,0.0017);
#130=CYLINDRICAL_SURFACE('',#4948,0.0017);
#131=CYLINDRICAL_SURFACE('',#4981,0.0015);
#132=CYLINDRICAL_SURFACE('',#4982,0.0015);
#133=CYLINDRICAL_SURFACE('',#4983,0.0015);
#134=CYLINDRICAL_SURFACE('',#4984,0.0015);
#135=CYLINDRICAL_SURFACE('',#4985,0.0017);
#136=CYLINDRICAL_SURFACE('',#4989,0.00325);
#137=CYLINDRICAL_SURFACE('',#4990,0.0017);
#138=CYLINDRICAL_SURFACE('',#4994,0.00325);
#139=CYLINDRICAL_SURFACE('',#4995,0.0017);
#140=CYLINDRICAL_SURFACE('',#4999,0.00325);
#141=CYLINDRICAL_SURFACE('',#5000,0.0017);
#142=CYLINDRICAL_SURFACE('',#5004,0.00325);
#143=CYLINDRICAL_SURFACE('',#5005,0.0017);
#144=CYLINDRICAL_SURFACE('',#5009,0.00325);
#145=CYLINDRICAL_SURFACE('',#5010,0.0017);
#146=CYLINDRICAL_SURFACE('',#5014,0.00325);
#147=CYLINDRICAL_SURFACE('',#5044,0.0025);
#148=CYLINDRICAL_SURFACE('',#5047,0.0025);
#149=CYLINDRICAL_SURFACE('',#5050,0.0025);
#150=CYLINDRICAL_SURFACE('',#5053,0.0025);
#151=CYLINDRICAL_SURFACE('',#5056,0.0025);
#152=CYLINDRICAL_SURFACE('',#5059,0.0025);
#153=CYLINDRICAL_SURFACE('',#5063,0.0025);
#154=CYLINDRICAL_SURFACE('',#5065,0.0025);
#155=CYLINDRICAL_SURFACE('',#5066,0.0015);
#156=CYLINDRICAL_SURFACE('',#5068,0.0015);
#157=CYLINDRICAL_SURFACE('',#5070,0.0015);
#158=CYLINDRICAL_SURFACE('',#5072,0.0015);
#159=CYLINDRICAL_SURFACE('',#5075,0.002);
#160=CYLINDRICAL_SURFACE('',#5077,0.002);
#161=CYLINDRICAL_SURFACE('',#5079,0.002);
#162=CYLINDRICAL_SURFACE('',#5080,0.002);
#163=CYLINDRICAL_SURFACE('',#5083,0.0021);
#164=CYLINDRICAL_SURFACE('',#5086,0.0021);
#165=CYLINDRICAL_SURFACE('',#5089,0.0021);
#166=CYLINDRICAL_SURFACE('',#5092,0.0021);
#167=CYLINDRICAL_SURFACE('',#5095,0.0021);
#168=CYLINDRICAL_SURFACE('',#5098,0.0021);
#169=LINE('',#6468,#563);
#170=LINE('',#6470,#564);
#171=LINE('',#6472,#565);
#172=LINE('',#6477,#566);
#173=LINE('',#6479,#567);
#174=LINE('',#6493,#568);
#175=LINE('',#6496,#569);
#176=LINE('',#6500,#570);
#177=LINE('',#6504,#571);
#178=LINE('',#6508,#572);
#179=LINE('',#6512,#573);
#180=LINE('',#6514,#574);
#181=LINE('',#6517,#575);
#182=LINE('',#6521,#576);
#183=LINE('',#6525,#577);
#184=LINE('',#6529,#578);
#185=LINE('',#6533,#579);
#186=LINE('',#6537,#580);
#187=LINE('',#6541,#581);
#188=LINE('',#6545,#582);
#189=LINE('',#6549,#583);
#190=LINE('',#6553,#584);
#191=LINE('',#6557,#585);
#192=LINE('',#6561,#586);
#193=LINE('',#6565,#587);
#194=LINE('',#6569,#588);
#195=LINE('',#6573,#589);
#196=LINE('',#6577,#590);
#197=LINE('',#6581,#591);
#198=LINE('',#6585,#592);
#199=LINE('',#6589,#593);
#200=LINE('',#6593,#594);
#201=LINE('',#6597,#595);
#202=LINE('',#6601,#596);
#203=LINE('',#6605,#597);
#204=LINE('',#6609,#598);
#205=LINE('',#6613,#599);
#206=LINE('',#6617,#600);
#207=LINE('',#6621,#601);
#208=LINE('',#6625,#602);
#209=LINE('',#6629,#603);
#210=LINE('',#6633,#604);
#211=LINE('',#6637,#605);
#212=LINE('',#6641,#606);
#213=LINE('',#6645,#607);
#214=LINE('',#6649,#608);
#215=LINE('',#6653,#609);
#216=LINE('',#6657,#610);
#217=LINE('',#6661,#611);
#218=LINE('',#6665,#612);
#219=LINE('',#6669,#613);
#220=LINE('',#6673,#614);
#221=LINE('',#6677,#615);
#222=LINE('',#6681,#616);
#223=LINE('',#6685,#617);
#224=LINE('',#6689,#618);
#225=LINE('',#6693,#619);
#226=LINE('',#6697,#620);
#227=LINE('',#6701,#621);
#228=LINE('',#6705,#622);
#229=LINE('',#6709,#623);
#230=LINE('',#6713,#624);
#231=LINE('',#6717,#625);
#232=LINE('',#6721,#626);
#233=LINE('',#6725,#627);
#234=LINE('',#6729,#628);
#235=LINE('',#6733,#629);
#236=LINE('',#6737,#630);
#237=LINE('',#6741,#631);
#238=LINE('',#6745,#632);
#239=LINE('',#6749,#633);
#240=LINE('',#6753,#634);
#241=LINE('',#6757,#635);
#242=LINE('',#6761,#636);
#243=LINE('',#6765,#637);
#244=LINE('',#6769,#638);
#245=LINE('',#6773,#639);
#246=LINE('',#6777,#640);
#247=LINE('',#6781,#641);
#248=LINE('',#6785,#642);
#249=LINE('',#6789,#643);
#250=LINE('',#6793,#644);
#251=LINE('',#6797,#645);
#252=LINE('',#6801,#646);
#253=LINE('',#6815,#647);
#254=LINE('',#6820,#648);
#255=LINE('',#6824,#649);
#256=LINE('',#6828,#650);
#257=LINE('',#6831,#651);
#258=LINE('',#6836,#652);
#259=LINE('',#6840,#653);
#260=LINE('',#6844,#654);
#261=LINE('',#6847,#655);
#262=LINE('',#6852,#656);
#263=LINE('',#6856,#657);
#264=LINE('',#6860,#658);
#265=LINE('',#6863,#659);
#266=LINE('',#6868,#660);
#267=LINE('',#6872,#661);
#268=LINE('',#6876,#662);
#269=LINE('',#6879,#663);
#270=LINE('',#6884,#664);
#271=LINE('',#6888,#665);
#272=LINE('',#6892,#666);
#273=LINE('',#6895,#667);
#274=LINE('',#6900,#668);
#275=LINE('',#6904,#669);
#276=LINE('',#6908,#670);
#277=LINE('',#6911,#671);
#278=LINE('',#6916,#672);
#279=LINE('',#6920,#673);
#280=LINE('',#6924,#674);
#281=LINE('',#6927,#675);
#282=LINE('',#6932,#676);
#283=LINE('',#6936,#677);
#284=LINE('',#6940,#678);
#285=LINE('',#6943,#679);
#286=LINE('',#6946,#680);
#287=LINE('',#6948,#681);
#288=LINE('',#6952,#682);
#289=LINE('',#6956,#683);
#290=LINE('',#6960,#684);
#291=LINE('',#6963,#685);
#292=LINE('',#6966,#686);
#293=LINE('',#6970,#687);
#294=LINE('',#6974,#688);
#295=LINE('',#6977,#689);
#296=LINE('',#6982,#690);
#297=LINE('',#6986,#691);
#298=LINE('',#6990,#692);
#299=LINE('',#6993,#693);
#300=LINE('',#6998,#694);
#301=LINE('',#7002,#695);
#302=LINE('',#7006,#696);
#303=LINE('',#7009,#697);
#304=LINE('',#7014,#698);
#305=LINE('',#7018,#699);
#306=LINE('',#7022,#700);
#307=LINE('',#7025,#701);
#308=LINE('',#7030,#702);
#309=LINE('',#7034,#703);
#310=LINE('',#7038,#704);
#311=LINE('',#7041,#705);
#312=LINE('',#7046,#706);
#313=LINE('',#7050,#707);
#314=LINE('',#7054,#708);
#315=LINE('',#7057,#709);
#316=LINE('',#7062,#710);
#317=LINE('',#7066,#711);
#318=LINE('',#7070,#712);
#319=LINE('',#7073,#713);
#320=LINE('',#7078,#714);
#321=LINE('',#7082,#715);
#322=LINE('',#7086,#716);
#323=LINE('',#7089,#717);
#324=LINE('',#7094,#718);
#325=LINE('',#7098,#719);
#326=LINE('',#7102,#720);
#327=LINE('',#7105,#721);
#328=LINE('',#7110,#722);
#329=LINE('',#7114,#723);
#330=LINE('',#7118,#724);
#331=LINE('',#7123,#725);
#332=LINE('',#7125,#726);
#333=LINE('',#7126,#727);
#334=LINE('',#7128,#728);
#335=LINE('',#7129,#729);
#336=LINE('',#7131,#730);
#337=LINE('',#7132,#731);
#338=LINE('',#7135,#732);
#339=LINE('',#7142,#733);
#340=LINE('',#7143,#734);
#341=LINE('',#7145,#735);
#342=LINE('',#7147,#736);
#343=LINE('',#7149,#737);
#344=LINE('',#7151,#738);
#345=LINE('',#7153,#739);
#346=LINE('',#7156,#740);
#347=LINE('',#7157,#741);
#348=LINE('',#7159,#742);
#349=LINE('',#7161,#743);
#350=LINE('',#7163,#744);
#351=LINE('',#7165,#745);
#352=LINE('',#7167,#746);
#353=LINE('',#7169,#747);
#354=LINE('',#7172,#748);
#355=LINE('',#7173,#749);
#356=LINE('',#7175,#750);
#357=LINE('',#7177,#751);
#358=LINE('',#7179,#752);
#359=LINE('',#7181,#753);
#360=LINE('',#7183,#754);
#361=LINE('',#7185,#755);
#362=LINE('',#7188,#756);
#363=LINE('',#7189,#757);
#364=LINE('',#7191,#758);
#365=LINE('',#7193,#759);
#366=LINE('',#7195,#760);
#367=LINE('',#7197,#761);
#368=LINE('',#7199,#762);
#369=LINE('',#7201,#763);
#370=LINE('',#7204,#764);
#371=LINE('',#7205,#765);
#372=LINE('',#7207,#766);
#373=LINE('',#7209,#767);
#374=LINE('',#7211,#768);
#375=LINE('',#7213,#769);
#376=LINE('',#7215,#770);
#377=LINE('',#7217,#771);
#378=LINE('',#7220,#772);
#379=LINE('',#7221,#773);
#380=LINE('',#7223,#774);
#381=LINE('',#7225,#775);
#382=LINE('',#7227,#776);
#383=LINE('',#7229,#777);
#384=LINE('',#7231,#778);
#385=LINE('',#7233,#779);
#386=LINE('',#7236,#780);
#387=LINE('',#7237,#781);
#388=LINE('',#7239,#782);
#389=LINE('',#7241,#783);
#390=LINE('',#7243,#784);
#391=LINE('',#7245,#785);
#392=LINE('',#7247,#786);
#393=LINE('',#7249,#787);
#394=LINE('',#7252,#788);
#395=LINE('',#7253,#789);
#396=LINE('',#7255,#790);
#397=LINE('',#7257,#791);
#398=LINE('',#7259,#792);
#399=LINE('',#7261,#793);
#400=LINE('',#7263,#794);
#401=LINE('',#7265,#795);
#402=LINE('',#7268,#796);
#403=LINE('',#7269,#797);
#404=LINE('',#7271,#798);
#405=LINE('',#7273,#799);
#406=LINE('',#7275,#800);
#407=LINE('',#7277,#801);
#408=LINE('',#7279,#802);
#409=LINE('',#7281,#803);
#410=LINE('',#7284,#804);
#411=LINE('',#7285,#805);
#412=LINE('',#7287,#806);
#413=LINE('',#7289,#807);
#414=LINE('',#7291,#808);
#415=LINE('',#7293,#809);
#416=LINE('',#7295,#810);
#417=LINE('',#7297,#811);
#418=LINE('',#7300,#812);
#419=LINE('',#7301,#813);
#420=LINE('',#7303,#814);
#421=LINE('',#7305,#815);
#422=LINE('',#7307,#816);
#423=LINE('',#7309,#817);
#424=LINE('',#7311,#818);
#425=LINE('',#7313,#819);
#426=LINE('',#7316,#820);
#427=LINE('',#7317,#821);
#428=LINE('',#7319,#822);
#429=LINE('',#7321,#823);
#430=LINE('',#7323,#824);
#431=LINE('',#7325,#825);
#432=LINE('',#7327,#826);
#433=LINE('',#7329,#827);
#434=LINE('',#7332,#828);
#435=LINE('',#7333,#829);
#436=LINE('',#7335,#830);
#437=LINE('',#7337,#831);
#438=LINE('',#7339,#832);
#439=LINE('',#7341,#833);
#440=LINE('',#7343,#834);
#441=LINE('',#7345,#835);
#442=LINE('',#7348,#836);
#443=LINE('',#7349,#837);
#444=LINE('',#7351,#838);
#445=LINE('',#7353,#839);
#446=LINE('',#7355,#840);
#447=LINE('',#7357,#841);
#448=LINE('',#7359,#842);
#449=LINE('',#7361,#843);
#450=LINE('',#7364,#844);
#451=LINE('',#7365,#845);
#452=LINE('',#7367,#846);
#453=LINE('',#7369,#847);
#454=LINE('',#7371,#848);
#455=LINE('',#7373,#849);
#456=LINE('',#7375,#850);
#457=LINE('',#7377,#851);
#458=LINE('',#7380,#852);
#459=LINE('',#7381,#853);
#460=LINE('',#7383,#854);
#461=LINE('',#7385,#855);
#462=LINE('',#7387,#856);
#463=LINE('',#7389,#857);
#464=LINE('',#7391,#858);
#465=LINE('',#7393,#859);
#466=LINE('',#7396,#860);
#467=LINE('',#7397,#861);
#468=LINE('',#7399,#862);
#469=LINE('',#7401,#863);
#470=LINE('',#7403,#864);
#471=LINE('',#7405,#865);
#472=LINE('',#7407,#866);
#473=LINE('',#7409,#867);
#474=LINE('',#7412,#868);
#475=LINE('',#7413,#869);
#476=LINE('',#7415,#870);
#477=LINE('',#7417,#871);
#478=LINE('',#7419,#872);
#479=LINE('',#7421,#873);
#480=LINE('',#7423,#874);
#481=LINE('',#7425,#875);
#482=LINE('',#7455,#876);
#483=LINE('',#7460,#877);
#484=LINE('',#7464,#878);
#485=LINE('',#7468,#879);
#486=LINE('',#7472,#880);
#487=LINE('',#7475,#881);
#488=LINE('',#7477,#882);
#489=LINE('',#7479,#883);
#490=LINE('',#7481,#884);
#491=LINE('',#7483,#885);
#492=LINE('',#7485,#886);
#493=LINE('',#7487,#887);
#494=LINE('',#7489,#888);
#495=LINE('',#7491,#889);
#496=LINE('',#7493,#890);
#497=LINE('',#7494,#891);
#498=LINE('',#7496,#892);
#499=LINE('',#7499,#893);
#500=LINE('',#7500,#894);
#501=LINE('',#7502,#895);
#502=LINE('',#7504,#896);
#503=LINE('',#7506,#897);
#504=LINE('',#7508,#898);
#505=LINE('',#7510,#899);
#506=LINE('',#7512,#900);
#507=LINE('',#7514,#901);
#508=LINE('',#7516,#902);
#509=LINE('',#7518,#903);
#510=LINE('',#7588,#904);
#511=LINE('',#7590,#905);
#512=LINE('',#7592,#906);
#513=LINE('',#7594,#907);
#514=LINE('',#7596,#908);
#515=LINE('',#7600,#909);
#516=LINE('',#7604,#910);
#517=LINE('',#7608,#911);
#518=LINE('',#7610,#912);
#519=LINE('',#7613,#913);
#520=LINE('',#7615,#914);
#521=LINE('',#7617,#915);
#522=LINE('',#7619,#916);
#523=LINE('',#7622,#917);
#524=LINE('',#7624,#918);
#525=LINE('',#7626,#919);
#526=LINE('',#7628,#920);
#527=LINE('',#7631,#921);
#528=LINE('',#7633,#922);
#529=LINE('',#7635,#923);
#530=LINE('',#7637,#924);
#531=LINE('',#7641,#925);
#532=LINE('',#7645,#926);
#533=LINE('',#7649,#927);
#534=LINE('',#7653,#928);
#535=LINE('',#7655,#929);
#536=LINE('',#7657,#930);
#537=LINE('',#7659,#931);
#538=LINE('',#7662,#932);
#539=LINE('',#7663,#933);
#540=LINE('',#7665,#934);
#541=LINE('',#7666,#935);
#542=LINE('',#7668,#936);
#543=LINE('',#7671,#937);
#544=LINE('',#7673,#938);
#545=LINE('',#7675,#939);
#546=LINE('',#7677,#940);
#547=LINE('',#7680,#941);
#548=LINE('',#7682,#942);
#549=LINE('',#7684,#943);
#550=LINE('',#7686,#944);
#551=LINE('',#7688,#945);
#552=LINE('',#7690,#946);
#553=LINE('',#7692,#947);
#554=LINE('',#7706,#948);
#555=LINE('',#7707,#949);
#556=LINE('',#7730,#950);
#557=LINE('',#7830,#951);
#558=LINE('',#7831,#952);
#559=LINE('',#7833,#953);
#560=LINE('',#7835,#954);
#561=LINE('',#7837,#955);
#562=LINE('',#7839,#956);
#563=VECTOR('',#5105,1.);
#564=VECTOR('',#5106,1.);
#565=VECTOR('',#5107,1.);
#566=VECTOR('',#5112,1.);
#567=VECTOR('',#5113,1.);
#568=VECTOR('',#5128,1.);
#569=VECTOR('',#5129,1.);
#570=VECTOR('',#5132,1.);
#571=VECTOR('',#5135,1.);
#572=VECTOR('',#5138,1.);
#573=VECTOR('',#5141,1.);
#574=VECTOR('',#5142,1.);
#575=VECTOR('',#5145,1.);
#576=VECTOR('',#5148,1.);
#577=VECTOR('',#5151,1.);
#578=VECTOR('',#5154,1.);
#579=VECTOR('',#5157,1.);
#580=VECTOR('',#5160,1.);
#581=VECTOR('',#5163,1.);
#582=VECTOR('',#5166,1.);
#583=VECTOR('',#5169,1.);
#584=VECTOR('',#5172,1.);
#585=VECTOR('',#5175,1.);
#586=VECTOR('',#5178,1.);
#587=VECTOR('',#5181,1.);
#588=VECTOR('',#5184,1.);
#589=VECTOR('',#5187,1.);
#590=VECTOR('',#5190,1.);
#591=VECTOR('',#5193,1.);
#592=VECTOR('',#5196,1.);
#593=VECTOR('',#5199,1.);
#594=VECTOR('',#5202,1.);
#595=VECTOR('',#5205,1.);
#596=VECTOR('',#5208,1.);
#597=VECTOR('',#5211,1.);
#598=VECTOR('',#5214,1.);
#599=VECTOR('',#5217,1.);
#600=VECTOR('',#5220,1.);
#601=VECTOR('',#5223,1.);
#602=VECTOR('',#5226,1.);
#603=VECTOR('',#5229,1.);
#604=VECTOR('',#5232,1.);
#605=VECTOR('',#5235,1.);
#606=VECTOR('',#5238,1.);
#607=VECTOR('',#5241,1.);
#608=VECTOR('',#5244,1.);
#609=VECTOR('',#5247,1.);
#610=VECTOR('',#5250,1.);
#611=VECTOR('',#5253,1.);
#612=VECTOR('',#5256,1.);
#613=VECTOR('',#5259,1.);
#614=VECTOR('',#5262,1.);
#615=VECTOR('',#5265,1.);
#616=VECTOR('',#5268,1.);
#617=VECTOR('',#5271,1.);
#618=VECTOR('',#5274,1.);
#619=VECTOR('',#5277,1.);
#620=VECTOR('',#5280,1.);
#621=VECTOR('',#5283,1.);
#622=VECTOR('',#5286,1.);
#623=VECTOR('',#5289,1.);
#624=VECTOR('',#5292,1.);
#625=VECTOR('',#5295,1.);
#626=VECTOR('',#5298,1.);
#627=VECTOR('',#5301,1.);
#628=VECTOR('',#5304,1.);
#629=VECTOR('',#5307,1.);
#630=VECTOR('',#5310,1.);
#631=VECTOR('',#5313,1.);
#632=VECTOR('',#5316,1.);
#633=VECTOR('',#5319,1.);
#634=VECTOR('',#5322,1.);
#635=VECTOR('',#5325,1.);
#636=VECTOR('',#5328,1.);
#637=VECTOR('',#5331,1.);
#638=VECTOR('',#5334,1.);
#639=VECTOR('',#5337,1.);
#640=VECTOR('',#5340,1.);
#641=VECTOR('',#5343,1.);
#642=VECTOR('',#5346,1.);
#643=VECTOR('',#5349,1.);
#644=VECTOR('',#5352,1.);
#645=VECTOR('',#5355,1.);
#646=VECTOR('',#5358,1.);
#647=VECTOR('',#5373,1.);
#648=VECTOR('',#5376,1.);
#649=VECTOR('',#5379,1.);
#650=VECTOR('',#5382,1.);
#651=VECTOR('',#5385,1.);
#652=VECTOR('',#5388,1.);
#653=VECTOR('',#5391,1.);
#654=VECTOR('',#5394,1.);
#655=VECTOR('',#5397,1.);
#656=VECTOR('',#5400,1.);
#657=VECTOR('',#5403,1.);
#658=VECTOR('',#5406,1.);
#659=VECTOR('',#5409,1.);
#660=VECTOR('',#5412,1.);
#661=VECTOR('',#5415,1.);
#662=VECTOR('',#5418,1.);
#663=VECTOR('',#5421,1.);
#664=VECTOR('',#5424,1.);
#665=VECTOR('',#5427,1.);
#666=VECTOR('',#5430,1.);
#667=VECTOR('',#5433,1.);
#668=VECTOR('',#5436,1.);
#669=VECTOR('',#5439,1.);
#670=VECTOR('',#5442,1.);
#671=VECTOR('',#5445,1.);
#672=VECTOR('',#5448,1.);
#673=VECTOR('',#5451,1.);
#674=VECTOR('',#5454,1.);
#675=VECTOR('',#5457,1.);
#676=VECTOR('',#5460,1.);
#677=VECTOR('',#5463,1.);
#678=VECTOR('',#5466,1.);
#679=VECTOR('',#5469,1.);
#680=VECTOR('',#5470,1.);
#681=VECTOR('',#5471,1.);
#682=VECTOR('',#5474,1.);
#683=VECTOR('',#5477,1.);
#684=VECTOR('',#5480,1.);
#685=VECTOR('',#5483,1.);
#686=VECTOR('',#5486,1.);
#687=VECTOR('',#5489,1.);
#688=VECTOR('',#5492,1.);
#689=VECTOR('',#5495,1.);
#690=VECTOR('',#5498,1.);
#691=VECTOR('',#5501,1.);
#692=VECTOR('',#5504,1.);
#693=VECTOR('',#5507,1.);
#694=VECTOR('',#5510,1.);
#695=VECTOR('',#5513,1.);
#696=VECTOR('',#5516,1.);
#697=VECTOR('',#5519,1.);
#698=VECTOR('',#5522,1.);
#699=VECTOR('',#5525,1.);
#700=VECTOR('',#5528,1.);
#701=VECTOR('',#5531,1.);
#702=VECTOR('',#5534,1.);
#703=VECTOR('',#5537,1.);
#704=VECTOR('',#5540,1.);
#705=VECTOR('',#5543,1.);
#706=VECTOR('',#5546,1.);
#707=VECTOR('',#5549,1.);
#708=VECTOR('',#5552,1.);
#709=VECTOR('',#5555,1.);
#710=VECTOR('',#5558,1.);
#711=VECTOR('',#5561,1.);
#712=VECTOR('',#5564,1.);
#713=VECTOR('',#5567,1.);
#714=VECTOR('',#5570,1.);
#715=VECTOR('',#5573,1.);
#716=VECTOR('',#5576,1.);
#717=VECTOR('',#5579,1.);
#718=VECTOR('',#5582,1.);
#719=VECTOR('',#5585,1.);
#720=VECTOR('',#5588,1.);
#721=VECTOR('',#5591,1.);
#722=VECTOR('',#5594,1.);
#723=VECTOR('',#5597,1.);
#724=VECTOR('',#5600,1.);
#725=VECTOR('',#5607,1.);
#726=VECTOR('',#5610,1.);
#727=VECTOR('',#5611,1.);
#728=VECTOR('',#5614,1.);
#729=VECTOR('',#5615,1.);
#730=VECTOR('',#5618,1.);
#731=VECTOR('',#5619,1.);
#732=VECTOR('',#5624,1.);
#733=VECTOR('',#5627,1.);
#734=VECTOR('',#5628,1.);
#735=VECTOR('',#5631,1.);
#736=VECTOR('',#5634,1.);
#737=VECTOR('',#5637,1.);
#738=VECTOR('',#5640,1.);
#739=VECTOR('',#5643,1.);
#740=VECTOR('',#5648,1.);
#741=VECTOR('',#5649,1.);
#742=VECTOR('',#5652,1.);
#743=VECTOR('',#5655,1.);
#744=VECTOR('',#5658,1.);
#745=VECTOR('',#5661,1.);
#746=VECTOR('',#5664,1.);
#747=VECTOR('',#5667,1.);
#748=VECTOR('',#5672,1.);
#749=VECTOR('',#5673,1.);
#750=VECTOR('',#5676,1.);
#751=VECTOR('',#5679,1.);
#752=VECTOR('',#5682,1.);
#753=VECTOR('',#5685,1.);
#754=VECTOR('',#5688,1.);
#755=VECTOR('',#5691,1.);
#756=VECTOR('',#5696,1.);
#757=VECTOR('',#5697,1.);
#758=VECTOR('',#5700,1.);
#759=VECTOR('',#5703,1.);
#760=VECTOR('',#5706,1.);
#761=VECTOR('',#5709,1.);
#762=VECTOR('',#5712,1.);
#763=VECTOR('',#5715,1.);
#764=VECTOR('',#5720,1.);
#765=VECTOR('',#5721,1.);
#766=VECTOR('',#5724,1.);
#767=VECTOR('',#5727,1.);
#768=VECTOR('',#5730,1.);
#769=VECTOR('',#5733,1.);
#770=VECTOR('',#5736,1.);
#771=VECTOR('',#5739,1.);
#772=VECTOR('',#5744,1.);
#773=VECTOR('',#5745,1.);
#774=VECTOR('',#5748,1.);
#775=VECTOR('',#5751,1.);
#776=VECTOR('',#5754,1.);
#777=VECTOR('',#5757,1.);
#778=VECTOR('',#5760,1.);
#779=VECTOR('',#5763,1.);
#780=VECTOR('',#5768,1.);
#781=VECTOR('',#5769,1.);
#782=VECTOR('',#5772,1.);
#783=VECTOR('',#5775,1.);
#784=VECTOR('',#5778,1.);
#785=VECTOR('',#5781,1.);
#786=VECTOR('',#5784,1.);
#787=VECTOR('',#5787,1.);
#788=VECTOR('',#5792,1.);
#789=VECTOR('',#5793,1.);
#790=VECTOR('',#5796,1.);
#791=VECTOR('',#5799,1.);
#792=VECTOR('',#5802,1.);
#793=VECTOR('',#5805,1.);
#794=VECTOR('',#5808,1.);
#795=VECTOR('',#5811,1.);
#796=VECTOR('',#5816,1.);
#797=VECTOR('',#5817,1.);
#798=VECTOR('',#5820,1.);
#799=VECTOR('',#5823,1.);
#800=VECTOR('',#5826,1.);
#801=VECTOR('',#5829,1.);
#802=VECTOR('',#5832,1.);
#803=VECTOR('',#5835,1.);
#804=VECTOR('',#5840,1.);
#805=VECTOR('',#5841,1.);
#806=VECTOR('',#5844,1.);
#807=VECTOR('',#5847,1.);
#808=VECTOR('',#5850,1.);
#809=VECTOR('',#5853,1.);
#810=VECTOR('',#5856,1.);
#811=VECTOR('',#5859,1.);
#812=VECTOR('',#5864,1.);
#813=VECTOR('',#5865,1.);
#814=VECTOR('',#5868,1.);
#815=VECTOR('',#5871,1.);
#816=VECTOR('',#5874,1.);
#817=VECTOR('',#5877,1.);
#818=VECTOR('',#5880,1.);
#819=VECTOR('',#5883,1.);
#820=VECTOR('',#5888,1.);
#821=VECTOR('',#5889,1.);
#822=VECTOR('',#5892,1.);
#823=VECTOR('',#5895,1.);
#824=VECTOR('',#5898,1.);
#825=VECTOR('',#5901,1.);
#826=VECTOR('',#5904,1.);
#827=VECTOR('',#5907,1.);
#828=VECTOR('',#5912,1.);
#829=VECTOR('',#5913,1.);
#830=VECTOR('',#5916,1.);
#831=VECTOR('',#5919,1.);
#832=VECTOR('',#5922,1.);
#833=VECTOR('',#5925,1.);
#834=VECTOR('',#5928,1.);
#835=VECTOR('',#5931,1.);
#836=VECTOR('',#5936,1.);
#837=VECTOR('',#5937,1.);
#838=VECTOR('',#5940,1.);
#839=VECTOR('',#5943,1.);
#840=VECTOR('',#5946,1.);
#841=VECTOR('',#5949,1.);
#842=VECTOR('',#5952,1.);
#843=VECTOR('',#5955,1.);
#844=VECTOR('',#5960,1.);
#845=VECTOR('',#5961,1.);
#846=VECTOR('',#5964,1.);
#847=VECTOR('',#5967,1.);
#848=VECTOR('',#5970,1.);
#849=VECTOR('',#5973,1.);
#850=VECTOR('',#5976,1.);
#851=VECTOR('',#5979,1.);
#852=VECTOR('',#5984,1.);
#853=VECTOR('',#5985,1.);
#854=VECTOR('',#5988,1.);
#855=VECTOR('',#5991,1.);
#856=VECTOR('',#5994,1.);
#857=VECTOR('',#5997,1.);
#858=VECTOR('',#6000,1.);
#859=VECTOR('',#6003,1.);
#860=VECTOR('',#6008,1.);
#861=VECTOR('',#6009,1.);
#862=VECTOR('',#6012,1.);
#863=VECTOR('',#6015,1.);
#864=VECTOR('',#6018,1.);
#865=VECTOR('',#6021,1.);
#866=VECTOR('',#6024,1.);
#867=VECTOR('',#6027,1.);
#868=VECTOR('',#6032,1.);
#869=VECTOR('',#6033,1.);
#870=VECTOR('',#6036,1.);
#871=VECTOR('',#6039,1.);
#872=VECTOR('',#6042,1.);
#873=VECTOR('',#6045,1.);
#874=VECTOR('',#6048,1.);
#875=VECTOR('',#6051,1.);
#876=VECTOR('',#6098,1.);
#877=VECTOR('',#6101,1.);
#878=VECTOR('',#6104,1.);
#879=VECTOR('',#6107,1.);
#880=VECTOR('',#6112,1.);
#881=VECTOR('',#6113,1.);
#882=VECTOR('',#6114,1.);
#883=VECTOR('',#6115,1.);
#884=VECTOR('',#6118,1.);
#885=VECTOR('',#6119,1.);
#886=VECTOR('',#6120,1.);
#887=VECTOR('',#6123,1.);
#888=VECTOR('',#6124,1.);
#889=VECTOR('',#6125,1.);
#890=VECTOR('',#6128,1.);
#891=VECTOR('',#6129,1.);
#892=VECTOR('',#6132,1.);
#893=VECTOR('',#6133,1.);
#894=VECTOR('',#6134,1.);
#895=VECTOR('',#6137,1.);
#896=VECTOR('',#6138,1.);
#897=VECTOR('',#6139,1.);
#898=VECTOR('',#6142,1.);
#899=VECTOR('',#6143,1.);
#900=VECTOR('',#6144,1.);
#901=VECTOR('',#6147,1.);
#902=VECTOR('',#6148,1.);
#903=VECTOR('',#6149,1.);
#904=VECTOR('',#6248,1.);
#905=VECTOR('',#6249,1.);
#906=VECTOR('',#6250,1.);
#907=VECTOR('',#6251,1.);
#908=VECTOR('',#6252,1.);
#909=VECTOR('',#6255,1.);
#910=VECTOR('',#6258,1.);
#911=VECTOR('',#6261,1.);
#912=VECTOR('',#6264,1.);
#913=VECTOR('',#6265,1.);
#914=VECTOR('',#6266,1.);
#915=VECTOR('',#6267,1.);
#916=VECTOR('',#6270,1.);
#917=VECTOR('',#6271,1.);
#918=VECTOR('',#6272,1.);
#919=VECTOR('',#6273,1.);
#920=VECTOR('',#6276,1.);
#921=VECTOR('',#6277,1.);
#922=VECTOR('',#6278,1.);
#923=VECTOR('',#6279,1.);
#924=VECTOR('',#6282,1.);
#925=VECTOR('',#6285,1.);
#926=VECTOR('',#6288,1.);
#927=VECTOR('',#6291,1.);
#928=VECTOR('',#6294,1.);
#929=VECTOR('',#6295,1.);
#930=VECTOR('',#6296,1.);
#931=VECTOR('',#6299,1.);
#932=VECTOR('',#6300,1.);
#933=VECTOR('',#6301,1.);
#934=VECTOR('',#6304,1.);
#935=VECTOR('',#6305,1.);
#936=VECTOR('',#6308,1.);
#937=VECTOR('',#6309,1.);
#938=VECTOR('',#6310,1.);
#939=VECTOR('',#6311,1.);
#940=VECTOR('',#6314,1.);
#941=VECTOR('',#6315,1.);
#942=VECTOR('',#6316,1.);
#943=VECTOR('',#6317,1.);
#944=VECTOR('',#6318,1.);
#945=VECTOR('',#6319,1.);
#946=VECTOR('',#6320,1.);
#947=VECTOR('',#6321,1.);
#948=VECTOR('',#6336,1.);
#949=VECTOR('',#6337,1.);
#950=VECTOR('',#6380,1.);
#951=VECTOR('',#6409,1.);
#952=VECTOR('',#6410,1.);
#953=VECTOR('',#6413,1.);
#954=VECTOR('',#6416,1.);
#955=VECTOR('',#6419,1.);
#956=VECTOR('',#6422,1.);
#957=ORIENTED_EDGE('',*,*,#2233,.F.);
#958=ORIENTED_EDGE('',*,*,#2234,.F.);
#959=ORIENTED_EDGE('',*,*,#2235,.T.);
#960=ORIENTED_EDGE('',*,*,#2236,.T.);
#961=ORIENTED_EDGE('',*,*,#2237,.F.);
#962=ORIENTED_EDGE('',*,*,#2238,.F.);
#963=ORIENTED_EDGE('',*,*,#2239,.T.);
#964=ORIENTED_EDGE('',*,*,#2240,.T.);
#965=ORIENTED_EDGE('',*,*,#2241,.T.);
#966=ORIENTED_EDGE('',*,*,#2242,.T.);
#967=ORIENTED_EDGE('',*,*,#2243,.T.);
#968=ORIENTED_EDGE('',*,*,#2244,.T.);
#969=ORIENTED_EDGE('',*,*,#2245,.T.);
#970=ORIENTED_EDGE('',*,*,#2246,.F.);
#971=ORIENTED_EDGE('',*,*,#2247,.T.);
#972=ORIENTED_EDGE('',*,*,#2248,.F.);
#973=ORIENTED_EDGE('',*,*,#2249,.T.);
#974=ORIENTED_EDGE('',*,*,#2250,.F.);
#975=ORIENTED_EDGE('',*,*,#2251,.F.);
#976=ORIENTED_EDGE('',*,*,#2252,.F.);
#977=ORIENTED_EDGE('',*,*,#2253,.F.);
#978=ORIENTED_EDGE('',*,*,#2254,.F.);
#979=ORIENTED_EDGE('',*,*,#2255,.T.);
#980=ORIENTED_EDGE('',*,*,#2256,.F.);
#981=ORIENTED_EDGE('',*,*,#2236,.F.);
#982=ORIENTED_EDGE('',*,*,#2257,.T.);
#983=ORIENTED_EDGE('',*,*,#2258,.T.);
#984=ORIENTED_EDGE('',*,*,#2259,.T.);
#985=ORIENTED_EDGE('',*,*,#2260,.T.);
#986=ORIENTED_EDGE('',*,*,#2261,.T.);
#987=ORIENTED_EDGE('',*,*,#2262,.F.);
#988=ORIENTED_EDGE('',*,*,#2263,.T.);
#989=ORIENTED_EDGE('',*,*,#2264,.F.);
#990=ORIENTED_EDGE('',*,*,#2265,.F.);
#991=ORIENTED_EDGE('',*,*,#2266,.T.);
#992=ORIENTED_EDGE('',*,*,#2267,.F.);
#993=ORIENTED_EDGE('',*,*,#2268,.T.);
#994=ORIENTED_EDGE('',*,*,#2269,.F.);
#995=ORIENTED_EDGE('',*,*,#2270,.F.);
#996=ORIENTED_EDGE('',*,*,#2271,.F.);
#997=ORIENTED_EDGE('',*,*,#2272,.F.);
#998=ORIENTED_EDGE('',*,*,#2273,.F.);
#999=ORIENTED_EDGE('',*,*,#2274,.T.);
#1000=ORIENTED_EDGE('',*,*,#2275,.F.);
#1001=ORIENTED_EDGE('',*,*,#2276,.T.);
#1002=ORIENTED_EDGE('',*,*,#2277,.F.);
#1003=ORIENTED_EDGE('',*,*,#2278,.F.);
#1004=ORIENTED_EDGE('',*,*,#2279,.F.);
#1005=ORIENTED_EDGE('',*,*,#2280,.F.);
#1006=ORIENTED_EDGE('',*,*,#2281,.F.);
#1007=ORIENTED_EDGE('',*,*,#2282,.T.);
#1008=ORIENTED_EDGE('',*,*,#2283,.F.);
#1009=ORIENTED_EDGE('',*,*,#2284,.T.);
#1010=ORIENTED_EDGE('',*,*,#2285,.F.);
#1011=ORIENTED_EDGE('',*,*,#2286,.F.);
#1012=ORIENTED_EDGE('',*,*,#2287,.F.);
#1013=ORIENTED_EDGE('',*,*,#2288,.F.);
#1014=ORIENTED_EDGE('',*,*,#2289,.F.);
#1015=ORIENTED_EDGE('',*,*,#2290,.T.);
#1016=ORIENTED_EDGE('',*,*,#2291,.F.);
#1017=ORIENTED_EDGE('',*,*,#2292,.T.);
#1018=ORIENTED_EDGE('',*,*,#2293,.F.);
#1019=ORIENTED_EDGE('',*,*,#2294,.F.);
#1020=ORIENTED_EDGE('',*,*,#2295,.F.);
#1021=ORIENTED_EDGE('',*,*,#2296,.F.);
#1022=ORIENTED_EDGE('',*,*,#2297,.F.);
#1023=ORIENTED_EDGE('',*,*,#2298,.T.);
#1024=ORIENTED_EDGE('',*,*,#2299,.F.);
#1025=ORIENTED_EDGE('',*,*,#2300,.T.);
#1026=ORIENTED_EDGE('',*,*,#2301,.F.);
#1027=ORIENTED_EDGE('',*,*,#2302,.F.);
#1028=ORIENTED_EDGE('',*,*,#2303,.F.);
#1029=ORIENTED_EDGE('',*,*,#2304,.F.);
#1030=ORIENTED_EDGE('',*,*,#2305,.F.);
#1031=ORIENTED_EDGE('',*,*,#2306,.T.);
#1032=ORIENTED_EDGE('',*,*,#2307,.F.);
#1033=ORIENTED_EDGE('',*,*,#2308,.T.);
#1034=ORIENTED_EDGE('',*,*,#2309,.F.);
#1035=ORIENTED_EDGE('',*,*,#2310,.F.);
#1036=ORIENTED_EDGE('',*,*,#2311,.F.);
#1037=ORIENTED_EDGE('',*,*,#2312,.F.);
#1038=ORIENTED_EDGE('',*,*,#2313,.F.);
#1039=ORIENTED_EDGE('',*,*,#2314,.T.);
#1040=ORIENTED_EDGE('',*,*,#2315,.F.);
#1041=ORIENTED_EDGE('',*,*,#2316,.T.);
#1042=ORIENTED_EDGE('',*,*,#2317,.F.);
#1043=ORIENTED_EDGE('',*,*,#2318,.F.);
#1044=ORIENTED_EDGE('',*,*,#2319,.F.);
#1045=ORIENTED_EDGE('',*,*,#2320,.F.);
#1046=ORIENTED_EDGE('',*,*,#2321,.F.);
#1047=ORIENTED_EDGE('',*,*,#2322,.T.);
#1048=ORIENTED_EDGE('',*,*,#2323,.F.);
#1049=ORIENTED_EDGE('',*,*,#2324,.T.);
#1050=ORIENTED_EDGE('',*,*,#2325,.F.);
#1051=ORIENTED_EDGE('',*,*,#2326,.F.);
#1052=ORIENTED_EDGE('',*,*,#2327,.F.);
#1053=ORIENTED_EDGE('',*,*,#2328,.F.);
#1054=ORIENTED_EDGE('',*,*,#2329,.F.);
#1055=ORIENTED_EDGE('',*,*,#2330,.T.);
#1056=ORIENTED_EDGE('',*,*,#2331,.F.);
#1057=ORIENTED_EDGE('',*,*,#2332,.T.);
#1058=ORIENTED_EDGE('',*,*,#2333,.F.);
#1059=ORIENTED_EDGE('',*,*,#2334,.F.);
#1060=ORIENTED_EDGE('',*,*,#2335,.F.);
#1061=ORIENTED_EDGE('',*,*,#2336,.F.);
#1062=ORIENTED_EDGE('',*,*,#2337,.F.);
#1063=ORIENTED_EDGE('',*,*,#2338,.T.);
#1064=ORIENTED_EDGE('',*,*,#2339,.F.);
#1065=ORIENTED_EDGE('',*,*,#2340,.T.);
#1066=ORIENTED_EDGE('',*,*,#2341,.F.);
#1067=ORIENTED_EDGE('',*,*,#2342,.F.);
#1068=ORIENTED_EDGE('',*,*,#2343,.F.);
#1069=ORIENTED_EDGE('',*,*,#2344,.F.);
#1070=ORIENTED_EDGE('',*,*,#2345,.F.);
#1071=ORIENTED_EDGE('',*,*,#2346,.T.);
#1072=ORIENTED_EDGE('',*,*,#2347,.F.);
#1073=ORIENTED_EDGE('',*,*,#2348,.T.);
#1074=ORIENTED_EDGE('',*,*,#2349,.F.);
#1075=ORIENTED_EDGE('',*,*,#2350,.F.);
#1076=ORIENTED_EDGE('',*,*,#2351,.F.);
#1077=ORIENTED_EDGE('',*,*,#2352,.F.);
#1078=ORIENTED_EDGE('',*,*,#2353,.F.);
#1079=ORIENTED_EDGE('',*,*,#2354,.T.);
#1080=ORIENTED_EDGE('',*,*,#2355,.F.);
#1081=ORIENTED_EDGE('',*,*,#2356,.T.);
#1082=ORIENTED_EDGE('',*,*,#2357,.F.);
#1083=ORIENTED_EDGE('',*,*,#2358,.F.);
#1084=ORIENTED_EDGE('',*,*,#2359,.F.);
#1085=ORIENTED_EDGE('',*,*,#2360,.F.);
#1086=ORIENTED_EDGE('',*,*,#2361,.F.);
#1087=ORIENTED_EDGE('',*,*,#2362,.T.);
#1088=ORIENTED_EDGE('',*,*,#2363,.F.);
#1089=ORIENTED_EDGE('',*,*,#2364,.T.);
#1090=ORIENTED_EDGE('',*,*,#2365,.F.);
#1091=ORIENTED_EDGE('',*,*,#2366,.F.);
#1092=ORIENTED_EDGE('',*,*,#2367,.F.);
#1093=ORIENTED_EDGE('',*,*,#2368,.F.);
#1094=ORIENTED_EDGE('',*,*,#2369,.F.);
#1095=ORIENTED_EDGE('',*,*,#2370,.T.);
#1096=ORIENTED_EDGE('',*,*,#2371,.F.);
#1097=ORIENTED_EDGE('',*,*,#2372,.T.);
#1098=ORIENTED_EDGE('',*,*,#2373,.F.);
#1099=ORIENTED_EDGE('',*,*,#2374,.F.);
#1100=ORIENTED_EDGE('',*,*,#2375,.F.);
#1101=ORIENTED_EDGE('',*,*,#2376,.F.);
#1102=ORIENTED_EDGE('',*,*,#2377,.F.);
#1103=ORIENTED_EDGE('',*,*,#2378,.T.);
#1104=ORIENTED_EDGE('',*,*,#2379,.F.);
#1105=ORIENTED_EDGE('',*,*,#2380,.T.);
#1106=ORIENTED_EDGE('',*,*,#2381,.F.);
#1107=ORIENTED_EDGE('',*,*,#2382,.F.);
#1108=ORIENTED_EDGE('',*,*,#2383,.F.);
#1109=ORIENTED_EDGE('',*,*,#2384,.F.);
#1110=ORIENTED_EDGE('',*,*,#2385,.F.);
#1111=ORIENTED_EDGE('',*,*,#2386,.T.);
#1112=ORIENTED_EDGE('',*,*,#2387,.F.);
#1113=ORIENTED_EDGE('',*,*,#2388,.T.);
#1114=ORIENTED_EDGE('',*,*,#2389,.F.);
#1115=ORIENTED_EDGE('',*,*,#2390,.F.);
#1116=ORIENTED_EDGE('',*,*,#2391,.F.);
#1117=ORIENTED_EDGE('',*,*,#2392,.F.);
#1118=ORIENTED_EDGE('',*,*,#2393,.F.);
#1119=ORIENTED_EDGE('',*,*,#2394,.T.);
#1120=ORIENTED_EDGE('',*,*,#2395,.F.);
#1121=ORIENTED_EDGE('',*,*,#2396,.T.);
#1122=ORIENTED_EDGE('',*,*,#2397,.F.);
#1123=ORIENTED_EDGE('',*,*,#2398,.F.);
#1124=ORIENTED_EDGE('',*,*,#2399,.F.);
#1125=ORIENTED_EDGE('',*,*,#2400,.F.);
#1126=ORIENTED_EDGE('',*,*,#2401,.F.);
#1127=ORIENTED_EDGE('',*,*,#2402,.F.);
#1128=ORIENTED_EDGE('',*,*,#2403,.F.);
#1129=ORIENTED_EDGE('',*,*,#2404,.F.);
#1130=ORIENTED_EDGE('',*,*,#2405,.F.);
#1131=ORIENTED_EDGE('',*,*,#2406,.F.);
#1132=ORIENTED_EDGE('',*,*,#2407,.F.);
#1133=ORIENTED_EDGE('',*,*,#2408,.T.);
#1134=ORIENTED_EDGE('',*,*,#2409,.T.);
#1135=ORIENTED_EDGE('',*,*,#2410,.T.);
#1136=ORIENTED_EDGE('',*,*,#2411,.T.);
#1137=ORIENTED_EDGE('',*,*,#2412,.T.);
#1138=ORIENTED_EDGE('',*,*,#2413,.F.);
#1139=ORIENTED_EDGE('',*,*,#2414,.T.);
#1140=ORIENTED_EDGE('',*,*,#2415,.F.);
#1141=ORIENTED_EDGE('',*,*,#2416,.T.);
#1142=ORIENTED_EDGE('',*,*,#2417,.T.);
#1143=ORIENTED_EDGE('',*,*,#2418,.T.);
#1144=ORIENTED_EDGE('',*,*,#2419,.T.);
#1145=ORIENTED_EDGE('',*,*,#2420,.T.);
#1146=ORIENTED_EDGE('',*,*,#2421,.F.);
#1147=ORIENTED_EDGE('',*,*,#2422,.T.);
#1148=ORIENTED_EDGE('',*,*,#2423,.F.);
#1149=ORIENTED_EDGE('',*,*,#2424,.T.);
#1150=ORIENTED_EDGE('',*,*,#2425,.T.);
#1151=ORIENTED_EDGE('',*,*,#2426,.T.);
#1152=ORIENTED_EDGE('',*,*,#2427,.T.);
#1153=ORIENTED_EDGE('',*,*,#2428,.T.);
#1154=ORIENTED_EDGE('',*,*,#2429,.F.);
#1155=ORIENTED_EDGE('',*,*,#2430,.T.);
#1156=ORIENTED_EDGE('',*,*,#2431,.F.);
#1157=ORIENTED_EDGE('',*,*,#2432,.T.);
#1158=ORIENTED_EDGE('',*,*,#2433,.T.);
#1159=ORIENTED_EDGE('',*,*,#2434,.T.);
#1160=ORIENTED_EDGE('',*,*,#2435,.T.);
#1161=ORIENTED_EDGE('',*,*,#2436,.T.);
#1162=ORIENTED_EDGE('',*,*,#2437,.F.);
#1163=ORIENTED_EDGE('',*,*,#2438,.T.);
#1164=ORIENTED_EDGE('',*,*,#2439,.F.);
#1165=ORIENTED_EDGE('',*,*,#2440,.T.);
#1166=ORIENTED_EDGE('',*,*,#2441,.T.);
#1167=ORIENTED_EDGE('',*,*,#2442,.T.);
#1168=ORIENTED_EDGE('',*,*,#2443,.T.);
#1169=ORIENTED_EDGE('',*,*,#2444,.T.);
#1170=ORIENTED_EDGE('',*,*,#2445,.F.);
#1171=ORIENTED_EDGE('',*,*,#2446,.T.);
#1172=ORIENTED_EDGE('',*,*,#2447,.F.);
#1173=ORIENTED_EDGE('',*,*,#2448,.T.);
#1174=ORIENTED_EDGE('',*,*,#2449,.T.);
#1175=ORIENTED_EDGE('',*,*,#2450,.T.);
#1176=ORIENTED_EDGE('',*,*,#2451,.T.);
#1177=ORIENTED_EDGE('',*,*,#2452,.T.);
#1178=ORIENTED_EDGE('',*,*,#2453,.F.);
#1179=ORIENTED_EDGE('',*,*,#2454,.T.);
#1180=ORIENTED_EDGE('',*,*,#2455,.F.);
#1181=ORIENTED_EDGE('',*,*,#2456,.T.);
#1182=ORIENTED_EDGE('',*,*,#2457,.T.);
#1183=ORIENTED_EDGE('',*,*,#2458,.T.);
#1184=ORIENTED_EDGE('',*,*,#2459,.T.);
#1185=ORIENTED_EDGE('',*,*,#2460,.T.);
#1186=ORIENTED_EDGE('',*,*,#2461,.F.);
#1187=ORIENTED_EDGE('',*,*,#2462,.T.);
#1188=ORIENTED_EDGE('',*,*,#2463,.F.);
#1189=ORIENTED_EDGE('',*,*,#2464,.T.);
#1190=ORIENTED_EDGE('',*,*,#2465,.T.);
#1191=ORIENTED_EDGE('',*,*,#2466,.T.);
#1192=ORIENTED_EDGE('',*,*,#2467,.T.);
#1193=ORIENTED_EDGE('',*,*,#2468,.T.);
#1194=ORIENTED_EDGE('',*,*,#2469,.F.);
#1195=ORIENTED_EDGE('',*,*,#2470,.T.);
#1196=ORIENTED_EDGE('',*,*,#2471,.F.);
#1197=ORIENTED_EDGE('',*,*,#2472,.T.);
#1198=ORIENTED_EDGE('',*,*,#2473,.T.);
#1199=ORIENTED_EDGE('',*,*,#2474,.T.);
#1200=ORIENTED_EDGE('',*,*,#2475,.T.);
#1201=ORIENTED_EDGE('',*,*,#2476,.T.);
#1202=ORIENTED_EDGE('',*,*,#2477,.F.);
#1203=ORIENTED_EDGE('',*,*,#2478,.T.);
#1204=ORIENTED_EDGE('',*,*,#2479,.F.);
#1205=ORIENTED_EDGE('',*,*,#2480,.T.);
#1206=ORIENTED_EDGE('',*,*,#2234,.T.);
#1207=ORIENTED_EDGE('',*,*,#2481,.F.);
#1208=ORIENTED_EDGE('',*,*,#2239,.F.);
#1209=ORIENTED_EDGE('',*,*,#2482,.T.);
#1210=ORIENTED_EDGE('',*,*,#2483,.T.);
#1211=ORIENTED_EDGE('',*,*,#2484,.T.);
#1212=ORIENTED_EDGE('',*,*,#2485,.T.);
#1213=ORIENTED_EDGE('',*,*,#2486,.T.);
#1214=ORIENTED_EDGE('',*,*,#2487,.F.);
#1215=ORIENTED_EDGE('',*,*,#2488,.T.);
#1216=ORIENTED_EDGE('',*,*,#2489,.F.);
#1217=ORIENTED_EDGE('',*,*,#2490,.T.);
#1218=ORIENTED_EDGE('',*,*,#2491,.T.);
#1219=ORIENTED_EDGE('',*,*,#2492,.T.);
#1220=ORIENTED_EDGE('',*,*,#2493,.T.);
#1221=ORIENTED_EDGE('',*,*,#2494,.T.);
#1222=ORIENTED_EDGE('',*,*,#2495,.F.);
#1223=ORIENTED_EDGE('',*,*,#2496,.T.);
#1224=ORIENTED_EDGE('',*,*,#2497,.F.);
#1225=ORIENTED_EDGE('',*,*,#2498,.T.);
#1226=ORIENTED_EDGE('',*,*,#2499,.T.);
#1227=ORIENTED_EDGE('',*,*,#2500,.T.);
#1228=ORIENTED_EDGE('',*,*,#2501,.T.);
#1229=ORIENTED_EDGE('',*,*,#2502,.T.);
#1230=ORIENTED_EDGE('',*,*,#2503,.F.);
#1231=ORIENTED_EDGE('',*,*,#2504,.T.);
#1232=ORIENTED_EDGE('',*,*,#2505,.F.);
#1233=ORIENTED_EDGE('',*,*,#2506,.T.);
#1234=ORIENTED_EDGE('',*,*,#2507,.T.);
#1235=ORIENTED_EDGE('',*,*,#2508,.T.);
#1236=ORIENTED_EDGE('',*,*,#2509,.T.);
#1237=ORIENTED_EDGE('',*,*,#2510,.T.);
#1238=ORIENTED_EDGE('',*,*,#2511,.F.);
#1239=ORIENTED_EDGE('',*,*,#2512,.T.);
#1240=ORIENTED_EDGE('',*,*,#2513,.F.);
#1241=ORIENTED_EDGE('',*,*,#2514,.T.);
#1242=ORIENTED_EDGE('',*,*,#2515,.T.);
#1243=ORIENTED_EDGE('',*,*,#2516,.T.);
#1244=ORIENTED_EDGE('',*,*,#2517,.T.);
#1245=ORIENTED_EDGE('',*,*,#2518,.T.);
#1246=ORIENTED_EDGE('',*,*,#2519,.F.);
#1247=ORIENTED_EDGE('',*,*,#2520,.T.);
#1248=ORIENTED_EDGE('',*,*,#2521,.F.);
#1249=ORIENTED_EDGE('',*,*,#2522,.T.);
#1250=ORIENTED_EDGE('',*,*,#2523,.T.);
#1251=ORIENTED_EDGE('',*,*,#2524,.T.);
#1252=ORIENTED_EDGE('',*,*,#2525,.T.);
#1253=ORIENTED_EDGE('',*,*,#2526,.T.);
#1254=ORIENTED_EDGE('',*,*,#2527,.F.);
#1255=ORIENTED_EDGE('',*,*,#2528,.T.);
#1256=ORIENTED_EDGE('',*,*,#2529,.F.);
#1257=ORIENTED_EDGE('',*,*,#2530,.T.);
#1258=ORIENTED_EDGE('',*,*,#2531,.T.);
#1259=ORIENTED_EDGE('',*,*,#2532,.T.);
#1260=ORIENTED_EDGE('',*,*,#2533,.T.);
#1261=ORIENTED_EDGE('',*,*,#2534,.T.);
#1262=ORIENTED_EDGE('',*,*,#2535,.F.);
#1263=ORIENTED_EDGE('',*,*,#2536,.T.);
#1264=ORIENTED_EDGE('',*,*,#2537,.F.);
#1265=ORIENTED_EDGE('',*,*,#2538,.T.);
#1266=ORIENTED_EDGE('',*,*,#2539,.T.);
#1267=ORIENTED_EDGE('',*,*,#2540,.T.);
#1268=ORIENTED_EDGE('',*,*,#2541,.T.);
#1269=ORIENTED_EDGE('',*,*,#2542,.T.);
#1270=ORIENTED_EDGE('',*,*,#2543,.F.);
#1271=ORIENTED_EDGE('',*,*,#2544,.T.);
#1272=ORIENTED_EDGE('',*,*,#2545,.F.);
#1273=ORIENTED_EDGE('',*,*,#2546,.T.);
#1274=ORIENTED_EDGE('',*,*,#2547,.T.);
#1275=ORIENTED_EDGE('',*,*,#2548,.T.);
#1276=ORIENTED_EDGE('',*,*,#2549,.T.);
#1277=ORIENTED_EDGE('',*,*,#2550,.T.);
#1278=ORIENTED_EDGE('',*,*,#2551,.F.);
#1279=ORIENTED_EDGE('',*,*,#2552,.T.);
#1280=ORIENTED_EDGE('',*,*,#2553,.F.);
#1281=ORIENTED_EDGE('',*,*,#2554,.T.);
#1282=ORIENTED_EDGE('',*,*,#2555,.T.);
#1283=ORIENTED_EDGE('',*,*,#2556,.T.);
#1284=ORIENTED_EDGE('',*,*,#2557,.T.);
#1285=ORIENTED_EDGE('',*,*,#2558,.T.);
#1286=ORIENTED_EDGE('',*,*,#2559,.F.);
#1287=ORIENTED_EDGE('',*,*,#2560,.T.);
#1288=ORIENTED_EDGE('',*,*,#2561,.F.);
#1289=ORIENTED_EDGE('',*,*,#2264,.T.);
#1290=ORIENTED_EDGE('',*,*,#2562,.T.);
#1291=ORIENTED_EDGE('',*,*,#2473,.F.);
#1292=ORIENTED_EDGE('',*,*,#2479,.T.);
#1293=ORIENTED_EDGE('',*,*,#2563,.T.);
#1294=ORIENTED_EDGE('',*,*,#2258,.F.);
#1295=ORIENTED_EDGE('',*,*,#2564,.T.);
#1296=ORIENTED_EDGE('',*,*,#2477,.T.);
#1297=ORIENTED_EDGE('',*,*,#2565,.T.);
#1298=ORIENTED_EDGE('',*,*,#2260,.F.);
#1299=ORIENTED_EDGE('',*,*,#2566,.T.);
#1300=ORIENTED_EDGE('',*,*,#2475,.F.);
#1301=ORIENTED_EDGE('',*,*,#2567,.T.);
#1302=ORIENTED_EDGE('',*,*,#2262,.T.);
#1303=ORIENTED_EDGE('',*,*,#2568,.T.);
#1304=ORIENTED_EDGE('',*,*,#2569,.F.);
#1305=ORIENTED_EDGE('',*,*,#2471,.T.);
#1306=ORIENTED_EDGE('',*,*,#2570,.T.);
#1307=ORIENTED_EDGE('',*,*,#2247,.F.);
#1308=ORIENTED_EDGE('',*,*,#2238,.T.);
#1309=ORIENTED_EDGE('',*,*,#2571,.T.);
#1310=ORIENTED_EDGE('',*,*,#2572,.F.);
#1311=ORIENTED_EDGE('',*,*,#2254,.T.);
#1312=ORIENTED_EDGE('',*,*,#2573,.F.);
#1313=ORIENTED_EDGE('',*,*,#2482,.F.);
#1314=ORIENTED_EDGE('',*,*,#2573,.T.);
#1315=ORIENTED_EDGE('',*,*,#2253,.T.);
#1316=ORIENTED_EDGE('',*,*,#2574,.F.);
#1317=ORIENTED_EDGE('',*,*,#2483,.F.);
#1318=ORIENTED_EDGE('',*,*,#2574,.T.);
#1319=ORIENTED_EDGE('',*,*,#2252,.T.);
#1320=ORIENTED_EDGE('',*,*,#2575,.F.);
#1321=ORIENTED_EDGE('',*,*,#2484,.F.);
#1322=ORIENTED_EDGE('',*,*,#2575,.T.);
#1323=ORIENTED_EDGE('',*,*,#2251,.T.);
#1324=ORIENTED_EDGE('',*,*,#2576,.F.);
#1325=ORIENTED_EDGE('',*,*,#2485,.F.);
#1326=ORIENTED_EDGE('',*,*,#2576,.T.);
#1327=ORIENTED_EDGE('',*,*,#2250,.T.);
#1328=ORIENTED_EDGE('',*,*,#2577,.F.);
#1329=ORIENTED_EDGE('',*,*,#2486,.F.);
#1330=ORIENTED_EDGE('',*,*,#2487,.T.);
#1331=ORIENTED_EDGE('',*,*,#2577,.T.);
#1332=ORIENTED_EDGE('',*,*,#2249,.F.);
#1333=ORIENTED_EDGE('',*,*,#2578,.F.);
#1334=ORIENTED_EDGE('',*,*,#2578,.T.);
#1335=ORIENTED_EDGE('',*,*,#2248,.T.);
#1336=ORIENTED_EDGE('',*,*,#2570,.F.);
#1337=ORIENTED_EDGE('',*,*,#2488,.F.);
#1338=ORIENTED_EDGE('',*,*,#2489,.T.);
#1339=ORIENTED_EDGE('',*,*,#2579,.T.);
#1340=ORIENTED_EDGE('',*,*,#2266,.F.);
#1341=ORIENTED_EDGE('',*,*,#2580,.F.);
#1342=ORIENTED_EDGE('',*,*,#2580,.T.);
#1343=ORIENTED_EDGE('',*,*,#2265,.T.);
#1344=ORIENTED_EDGE('',*,*,#2581,.F.);
#1345=ORIENTED_EDGE('',*,*,#2490,.F.);
#1346=ORIENTED_EDGE('',*,*,#2581,.T.);
#1347=ORIENTED_EDGE('',*,*,#2272,.T.);
#1348=ORIENTED_EDGE('',*,*,#2582,.F.);
#1349=ORIENTED_EDGE('',*,*,#2491,.F.);
#1350=ORIENTED_EDGE('',*,*,#2582,.T.);
#1351=ORIENTED_EDGE('',*,*,#2271,.T.);
#1352=ORIENTED_EDGE('',*,*,#2583,.F.);
#1353=ORIENTED_EDGE('',*,*,#2492,.F.);
#1354=ORIENTED_EDGE('',*,*,#2583,.T.);
#1355=ORIENTED_EDGE('',*,*,#2270,.T.);
#1356=ORIENTED_EDGE('',*,*,#2584,.F.);
#1357=ORIENTED_EDGE('',*,*,#2493,.F.);
#1358=ORIENTED_EDGE('',*,*,#2584,.T.);
#1359=ORIENTED_EDGE('',*,*,#2269,.T.);
#1360=ORIENTED_EDGE('',*,*,#2585,.F.);
#1361=ORIENTED_EDGE('',*,*,#2494,.F.);
#1362=ORIENTED_EDGE('',*,*,#2495,.T.);
#1363=ORIENTED_EDGE('',*,*,#2585,.T.);
#1364=ORIENTED_EDGE('',*,*,#2268,.F.);
#1365=ORIENTED_EDGE('',*,*,#2586,.F.);
#1366=ORIENTED_EDGE('',*,*,#2586,.T.);
#1367=ORIENTED_EDGE('',*,*,#2267,.T.);
#1368=ORIENTED_EDGE('',*,*,#2579,.F.);
#1369=ORIENTED_EDGE('',*,*,#2496,.F.);
#1370=ORIENTED_EDGE('',*,*,#2463,.T.);
#1371=ORIENTED_EDGE('',*,*,#2587,.T.);
#1372=ORIENTED_EDGE('',*,*,#2274,.F.);
#1373=ORIENTED_EDGE('',*,*,#2588,.F.);
#1374=ORIENTED_EDGE('',*,*,#2588,.T.);
#1375=ORIENTED_EDGE('',*,*,#2273,.T.);
#1376=ORIENTED_EDGE('',*,*,#2589,.F.);
#1377=ORIENTED_EDGE('',*,*,#2464,.F.);
#1378=ORIENTED_EDGE('',*,*,#2589,.T.);
#1379=ORIENTED_EDGE('',*,*,#2280,.T.);
#1380=ORIENTED_EDGE('',*,*,#2590,.F.);
#1381=ORIENTED_EDGE('',*,*,#2465,.F.);
#1382=ORIENTED_EDGE('',*,*,#2590,.T.);
#1383=ORIENTED_EDGE('',*,*,#2279,.T.);
#1384=ORIENTED_EDGE('',*,*,#2591,.F.);
#1385=ORIENTED_EDGE('',*,*,#2466,.F.);
#1386=ORIENTED_EDGE('',*,*,#2591,.T.);
#1387=ORIENTED_EDGE('',*,*,#2278,.T.);
#1388=ORIENTED_EDGE('',*,*,#2592,.F.);
#1389=ORIENTED_EDGE('',*,*,#2467,.F.);
#1390=ORIENTED_EDGE('',*,*,#2592,.T.);
#1391=ORIENTED_EDGE('',*,*,#2277,.T.);
#1392=ORIENTED_EDGE('',*,*,#2593,.F.);
#1393=ORIENTED_EDGE('',*,*,#2468,.F.);
#1394=ORIENTED_EDGE('',*,*,#2469,.T.);
#1395=ORIENTED_EDGE('',*,*,#2593,.T.);
#1396=ORIENTED_EDGE('',*,*,#2276,.F.);
#1397=ORIENTED_EDGE('',*,*,#2594,.F.);
#1398=ORIENTED_EDGE('',*,*,#2594,.T.);
#1399=ORIENTED_EDGE('',*,*,#2275,.T.);
#1400=ORIENTED_EDGE('',*,*,#2587,.F.);
#1401=ORIENTED_EDGE('',*,*,#2470,.F.);
#1402=ORIENTED_EDGE('',*,*,#2497,.T.);
#1403=ORIENTED_EDGE('',*,*,#2595,.T.);
#1404=ORIENTED_EDGE('',*,*,#2282,.F.);
#1405=ORIENTED_EDGE('',*,*,#2596,.F.);
#1406=ORIENTED_EDGE('',*,*,#2596,.T.);
#1407=ORIENTED_EDGE('',*,*,#2281,.T.);
#1408=ORIENTED_EDGE('',*,*,#2597,.F.);
#1409=ORIENTED_EDGE('',*,*,#2498,.F.);
#1410=ORIENTED_EDGE('',*,*,#2597,.T.);
#1411=ORIENTED_EDGE('',*,*,#2288,.T.);
#1412=ORIENTED_EDGE('',*,*,#2598,.F.);
#1413=ORIENTED_EDGE('',*,*,#2499,.F.);
#1414=ORIENTED_EDGE('',*,*,#2598,.T.);
#1415=ORIENTED_EDGE('',*,*,#2287,.T.);
#1416=ORIENTED_EDGE('',*,*,#2599,.F.);
#1417=ORIENTED_EDGE('',*,*,#2500,.F.);
#1418=ORIENTED_EDGE('',*,*,#2599,.T.);
#1419=ORIENTED_EDGE('',*,*,#2286,.T.);
#1420=ORIENTED_EDGE('',*,*,#2600,.F.);
#1421=ORIENTED_EDGE('',*,*,#2501,.F.);
#1422=ORIENTED_EDGE('',*,*,#2600,.T.);
#1423=ORIENTED_EDGE('',*,*,#2285,.T.);
#1424=ORIENTED_EDGE('',*,*,#2601,.F.);
#1425=ORIENTED_EDGE('',*,*,#2502,.F.);
#1426=ORIENTED_EDGE('',*,*,#2503,.T.);
#1427=ORIENTED_EDGE('',*,*,#2601,.T.);
#1428=ORIENTED_EDGE('',*,*,#2284,.F.);
#1429=ORIENTED_EDGE('',*,*,#2602,.F.);
#1430=ORIENTED_EDGE('',*,*,#2602,.T.);
#1431=ORIENTED_EDGE('',*,*,#2283,.T.);
#1432=ORIENTED_EDGE('',*,*,#2595,.F.);
#1433=ORIENTED_EDGE('',*,*,#2504,.F.);
#1434=ORIENTED_EDGE('',*,*,#2455,.T.);
#1435=ORIENTED_EDGE('',*,*,#2603,.T.);
#1436=ORIENTED_EDGE('',*,*,#2290,.F.);
#1437=ORIENTED_EDGE('',*,*,#2604,.F.);
#1438=ORIENTED_EDGE('',*,*,#2604,.T.);
#1439=ORIENTED_EDGE('',*,*,#2289,.T.);
#1440=ORIENTED_EDGE('',*,*,#2605,.F.);
#1441=ORIENTED_EDGE('',*,*,#2456,.F.);
#1442=ORIENTED_EDGE('',*,*,#2605,.T.);
#1443=ORIENTED_EDGE('',*,*,#2296,.T.);
#1444=ORIENTED_EDGE('',*,*,#2606,.F.);
#1445=ORIENTED_EDGE('',*,*,#2457,.F.);
#1446=ORIENTED_EDGE('',*,*,#2606,.T.);
#1447=ORIENTED_EDGE('',*,*,#2295,.T.);
#1448=ORIENTED_EDGE('',*,*,#2607,.F.);
#1449=ORIENTED_EDGE('',*,*,#2458,.F.);
#1450=ORIENTED_EDGE('',*,*,#2607,.T.);
#1451=ORIENTED_EDGE('',*,*,#2294,.T.);
#1452=ORIENTED_EDGE('',*,*,#2608,.F.);
#1453=ORIENTED_EDGE('',*,*,#2459,.F.);
#1454=ORIENTED_EDGE('',*,*,#2608,.T.);
#1455=ORIENTED_EDGE('',*,*,#2293,.T.);
#1456=ORIENTED_EDGE('',*,*,#2609,.F.);
#1457=ORIENTED_EDGE('',*,*,#2460,.F.);
#1458=ORIENTED_EDGE('',*,*,#2461,.T.);
#1459=ORIENTED_EDGE('',*,*,#2609,.T.);
#1460=ORIENTED_EDGE('',*,*,#2292,.F.);
#1461=ORIENTED_EDGE('',*,*,#2610,.F.);
#1462=ORIENTED_EDGE('',*,*,#2610,.T.);
#1463=ORIENTED_EDGE('',*,*,#2291,.T.);
#1464=ORIENTED_EDGE('',*,*,#2603,.F.);
#1465=ORIENTED_EDGE('',*,*,#2462,.F.);
#1466=ORIENTED_EDGE('',*,*,#2505,.T.);
#1467=ORIENTED_EDGE('',*,*,#2611,.T.);
#1468=ORIENTED_EDGE('',*,*,#2298,.F.);
#1469=ORIENTED_EDGE('',*,*,#2612,.F.);
#1470=ORIENTED_EDGE('',*,*,#2612,.T.);
#1471=ORIENTED_EDGE('',*,*,#2297,.T.);
#1472=ORIENTED_EDGE('',*,*,#2613,.F.);
#1473=ORIENTED_EDGE('',*,*,#2506,.F.);
#1474=ORIENTED_EDGE('',*,*,#2613,.T.);
#1475=ORIENTED_EDGE('',*,*,#2304,.T.);
#1476=ORIENTED_EDGE('',*,*,#2614,.F.);
#1477=ORIENTED_EDGE('',*,*,#2507,.F.);
#1478=ORIENTED_EDGE('',*,*,#2614,.T.);
#1479=ORIENTED_EDGE('',*,*,#2303,.T.);
#1480=ORIENTED_EDGE('',*,*,#2615,.F.);
#1481=ORIENTED_EDGE('',*,*,#2508,.F.);
#1482=ORIENTED_EDGE('',*,*,#2615,.T.);
#1483=ORIENTED_EDGE('',*,*,#2302,.T.);
#1484=ORIENTED_EDGE('',*,*,#2616,.F.);
#1485=ORIENTED_EDGE('',*,*,#2509,.F.);
#1486=ORIENTED_EDGE('',*,*,#2616,.T.);
#1487=ORIENTED_EDGE('',*,*,#2301,.T.);
#1488=ORIENTED_EDGE('',*,*,#2617,.F.);
#1489=ORIENTED_EDGE('',*,*,#2510,.F.);
#1490=ORIENTED_EDGE('',*,*,#2511,.T.);
#1491=ORIENTED_EDGE('',*,*,#2617,.T.);
#1492=ORIENTED_EDGE('',*,*,#2300,.F.);
#1493=ORIENTED_EDGE('',*,*,#2618,.F.);
#1494=ORIENTED_EDGE('',*,*,#2618,.T.);
#1495=ORIENTED_EDGE('',*,*,#2299,.T.);
#1496=ORIENTED_EDGE('',*,*,#2611,.F.);
#1497=ORIENTED_EDGE('',*,*,#2512,.F.);
#1498=ORIENTED_EDGE('',*,*,#2447,.T.);
#1499=ORIENTED_EDGE('',*,*,#2619,.T.);
#1500=ORIENTED_EDGE('',*,*,#2306,.F.);
#1501=ORIENTED_EDGE('',*,*,#2620,.F.);
#1502=ORIENTED_EDGE('',*,*,#2620,.T.);
#1503=ORIENTED_EDGE('',*,*,#2305,.T.);
#1504=ORIENTED_EDGE('',*,*,#2621,.F.);
#1505=ORIENTED_EDGE('',*,*,#2448,.F.);
#1506=ORIENTED_EDGE('',*,*,#2621,.T.);
#1507=ORIENTED_EDGE('',*,*,#2312,.T.);
#1508=ORIENTED_EDGE('',*,*,#2622,.F.);
#1509=ORIENTED_EDGE('',*,*,#2449,.F.);
#1510=ORIENTED_EDGE('',*,*,#2622,.T.);
#1511=ORIENTED_EDGE('',*,*,#2311,.T.);
#1512=ORIENTED_EDGE('',*,*,#2623,.F.);
#1513=ORIENTED_EDGE('',*,*,#2450,.F.);
#1514=ORIENTED_EDGE('',*,*,#2623,.T.);
#1515=ORIENTED_EDGE('',*,*,#2310,.T.);
#1516=ORIENTED_EDGE('',*,*,#2624,.F.);
#1517=ORIENTED_EDGE('',*,*,#2451,.F.);
#1518=ORIENTED_EDGE('',*,*,#2624,.T.);
#1519=ORIENTED_EDGE('',*,*,#2309,.T.);
#1520=ORIENTED_EDGE('',*,*,#2625,.F.);
#1521=ORIENTED_EDGE('',*,*,#2452,.F.);
#1522=ORIENTED_EDGE('',*,*,#2453,.T.);
#1523=ORIENTED_EDGE('',*,*,#2625,.T.);
#1524=ORIENTED_EDGE('',*,*,#2308,.F.);
#1525=ORIENTED_EDGE('',*,*,#2626,.F.);
#1526=ORIENTED_EDGE('',*,*,#2626,.T.);
#1527=ORIENTED_EDGE('',*,*,#2307,.T.);
#1528=ORIENTED_EDGE('',*,*,#2619,.F.);
#1529=ORIENTED_EDGE('',*,*,#2454,.F.);
#1530=ORIENTED_EDGE('',*,*,#2513,.T.);
#1531=ORIENTED_EDGE('',*,*,#2627,.T.);
#1532=ORIENTED_EDGE('',*,*,#2314,.F.);
#1533=ORIENTED_EDGE('',*,*,#2628,.F.);
#1534=ORIENTED_EDGE('',*,*,#2628,.T.);
#1535=ORIENTED_EDGE('',*,*,#2313,.T.);
#1536=ORIENTED_EDGE('',*,*,#2629,.F.);
#1537=ORIENTED_EDGE('',*,*,#2514,.F.);
#1538=ORIENTED_EDGE('',*,*,#2629,.T.);
#1539=ORIENTED_EDGE('',*,*,#2320,.T.);
#1540=ORIENTED_EDGE('',*,*,#2630,.F.);
#1541=ORIENTED_EDGE('',*,*,#2515,.F.);
#1542=ORIENTED_EDGE('',*,*,#2630,.T.);
#1543=ORIENTED_EDGE('',*,*,#2319,.T.);
#1544=ORIENTED_EDGE('',*,*,#2631,.F.);
#1545=ORIENTED_EDGE('',*,*,#2516,.F.);
#1546=ORIENTED_EDGE('',*,*,#2631,.T.);
#1547=ORIENTED_EDGE('',*,*,#2318,.T.);
#1548=ORIENTED_EDGE('',*,*,#2632,.F.);
#1549=ORIENTED_EDGE('',*,*,#2517,.F.);
#1550=ORIENTED_EDGE('',*,*,#2632,.T.);
#1551=ORIENTED_EDGE('',*,*,#2317,.T.);
#1552=ORIENTED_EDGE('',*,*,#2633,.F.);
#1553=ORIENTED_EDGE('',*,*,#2518,.F.);
#1554=ORIENTED_EDGE('',*,*,#2519,.T.);
#1555=ORIENTED_EDGE('',*,*,#2633,.T.);
#1556=ORIENTED_EDGE('',*,*,#2316,.F.);
#1557=ORIENTED_EDGE('',*,*,#2634,.F.);
#1558=ORIENTED_EDGE('',*,*,#2634,.T.);
#1559=ORIENTED_EDGE('',*,*,#2315,.T.);
#1560=ORIENTED_EDGE('',*,*,#2627,.F.);
#1561=ORIENTED_EDGE('',*,*,#2520,.F.);
#1562=ORIENTED_EDGE('',*,*,#2439,.T.);
#1563=ORIENTED_EDGE('',*,*,#2635,.T.);
#1564=ORIENTED_EDGE('',*,*,#2322,.F.);
#1565=ORIENTED_EDGE('',*,*,#2636,.F.);
#1566=ORIENTED_EDGE('',*,*,#2636,.T.);
#1567=ORIENTED_EDGE('',*,*,#2321,.T.);
#1568=ORIENTED_EDGE('',*,*,#2637,.F.);
#1569=ORIENTED_EDGE('',*,*,#2440,.F.);
#1570=ORIENTED_EDGE('',*,*,#2637,.T.);
#1571=ORIENTED_EDGE('',*,*,#2328,.T.);
#1572=ORIENTED_EDGE('',*,*,#2638,.F.);
#1573=ORIENTED_EDGE('',*,*,#2441,.F.);
#1574=ORIENTED_EDGE('',*,*,#2638,.T.);
#1575=ORIENTED_EDGE('',*,*,#2327,.T.);
#1576=ORIENTED_EDGE('',*,*,#2639,.F.);
#1577=ORIENTED_EDGE('',*,*,#2442,.F.);
#1578=ORIENTED_EDGE('',*,*,#2639,.T.);
#1579=ORIENTED_EDGE('',*,*,#2326,.T.);
#1580=ORIENTED_EDGE('',*,*,#2640,.F.);
#1581=ORIENTED_EDGE('',*,*,#2443,.F.);
#1582=ORIENTED_EDGE('',*,*,#2640,.T.);
#1583=ORIENTED_EDGE('',*,*,#2325,.T.);
#1584=ORIENTED_EDGE('',*,*,#2641,.F.);
#1585=ORIENTED_EDGE('',*,*,#2444,.F.);
#1586=ORIENTED_EDGE('',*,*,#2445,.T.);
#1587=ORIENTED_EDGE('',*,*,#2641,.T.);
#1588=ORIENTED_EDGE('',*,*,#2324,.F.);
#1589=ORIENTED_EDGE('',*,*,#2642,.F.);
#1590=ORIENTED_EDGE('',*,*,#2642,.T.);
#1591=ORIENTED_EDGE('',*,*,#2323,.T.);
#1592=ORIENTED_EDGE('',*,*,#2635,.F.);
#1593=ORIENTED_EDGE('',*,*,#2446,.F.);
#1594=ORIENTED_EDGE('',*,*,#2521,.T.);
#1595=ORIENTED_EDGE('',*,*,#2643,.T.);
#1596=ORIENTED_EDGE('',*,*,#2330,.F.);
#1597=ORIENTED_EDGE('',*,*,#2644,.F.);
#1598=ORIENTED_EDGE('',*,*,#2644,.T.);
#1599=ORIENTED_EDGE('',*,*,#2329,.T.);
#1600=ORIENTED_EDGE('',*,*,#2645,.F.);
#1601=ORIENTED_EDGE('',*,*,#2522,.F.);
#1602=ORIENTED_EDGE('',*,*,#2645,.T.);
#1603=ORIENTED_EDGE('',*,*,#2336,.T.);
#1604=ORIENTED_EDGE('',*,*,#2646,.F.);
#1605=ORIENTED_EDGE('',*,*,#2523,.F.);
#1606=ORIENTED_EDGE('',*,*,#2646,.T.);
#1607=ORIENTED_EDGE('',*,*,#2335,.T.);
#1608=ORIENTED_EDGE('',*,*,#2647,.F.);
#1609=ORIENTED_EDGE('',*,*,#2524,.F.);
#1610=ORIENTED_EDGE('',*,*,#2647,.T.);
#1611=ORIENTED_EDGE('',*,*,#2334,.T.);
#1612=ORIENTED_EDGE('',*,*,#2648,.F.);
#1613=ORIENTED_EDGE('',*,*,#2525,.F.);
#1614=ORIENTED_EDGE('',*,*,#2648,.T.);
#1615=ORIENTED_EDGE('',*,*,#2333,.T.);
#1616=ORIENTED_EDGE('',*,*,#2649,.F.);
#1617=ORIENTED_EDGE('',*,*,#2526,.F.);
#1618=ORIENTED_EDGE('',*,*,#2527,.T.);
#1619=ORIENTED_EDGE('',*,*,#2649,.T.);
#1620=ORIENTED_EDGE('',*,*,#2332,.F.);
#1621=ORIENTED_EDGE('',*,*,#2650,.F.);
#1622=ORIENTED_EDGE('',*,*,#2650,.T.);
#1623=ORIENTED_EDGE('',*,*,#2331,.T.);
#1624=ORIENTED_EDGE('',*,*,#2643,.F.);
#1625=ORIENTED_EDGE('',*,*,#2528,.F.);
#1626=ORIENTED_EDGE('',*,*,#2431,.T.);
#1627=ORIENTED_EDGE('',*,*,#2651,.T.);
#1628=ORIENTED_EDGE('',*,*,#2338,.F.);
#1629=ORIENTED_EDGE('',*,*,#2652,.F.);
#1630=ORIENTED_EDGE('',*,*,#2652,.T.);
#1631=ORIENTED_EDGE('',*,*,#2337,.T.);
#1632=ORIENTED_EDGE('',*,*,#2653,.F.);
#1633=ORIENTED_EDGE('',*,*,#2432,.F.);
#1634=ORIENTED_EDGE('',*,*,#2653,.T.);
#1635=ORIENTED_EDGE('',*,*,#2344,.T.);
#1636=ORIENTED_EDGE('',*,*,#2654,.F.);
#1637=ORIENTED_EDGE('',*,*,#2433,.F.);
#1638=ORIENTED_EDGE('',*,*,#2654,.T.);
#1639=ORIENTED_EDGE('',*,*,#2343,.T.);
#1640=ORIENTED_EDGE('',*,*,#2655,.F.);
#1641=ORIENTED_EDGE('',*,*,#2434,.F.);
#1642=ORIENTED_EDGE('',*,*,#2655,.T.);
#1643=ORIENTED_EDGE('',*,*,#2342,.T.);
#1644=ORIENTED_EDGE('',*,*,#2656,.F.);
#1645=ORIENTED_EDGE('',*,*,#2435,.F.);
#1646=ORIENTED_EDGE('',*,*,#2656,.T.);
#1647=ORIENTED_EDGE('',*,*,#2341,.T.);
#1648=ORIENTED_EDGE('',*,*,#2657,.F.);
#1649=ORIENTED_EDGE('',*,*,#2436,.F.);
#1650=ORIENTED_EDGE('',*,*,#2437,.T.);
#1651=ORIENTED_EDGE('',*,*,#2657,.T.);
#1652=ORIENTED_EDGE('',*,*,#2340,.F.);
#1653=ORIENTED_EDGE('',*,*,#2658,.F.);
#1654=ORIENTED_EDGE('',*,*,#2658,.T.);
#1655=ORIENTED_EDGE('',*,*,#2339,.T.);
#1656=ORIENTED_EDGE('',*,*,#2651,.F.);
#1657=ORIENTED_EDGE('',*,*,#2438,.F.);
#1658=ORIENTED_EDGE('',*,*,#2529,.T.);
#1659=ORIENTED_EDGE('',*,*,#2659,.T.);
#1660=ORIENTED_EDGE('',*,*,#2346,.F.);
#1661=ORIENTED_EDGE('',*,*,#2660,.F.);
#1662=ORIENTED_EDGE('',*,*,#2660,.T.);
#1663=ORIENTED_EDGE('',*,*,#2345,.T.);
#1664=ORIENTED_EDGE('',*,*,#2661,.F.);
#1665=ORIENTED_EDGE('',*,*,#2530,.F.);
#1666=ORIENTED_EDGE('',*,*,#2661,.T.);
#1667=ORIENTED_EDGE('',*,*,#2352,.T.);
#1668=ORIENTED_EDGE('',*,*,#2662,.F.);
#1669=ORIENTED_EDGE('',*,*,#2531,.F.);
#1670=ORIENTED_EDGE('',*,*,#2662,.T.);
#1671=ORIENTED_EDGE('',*,*,#2351,.T.);
#1672=ORIENTED_EDGE('',*,*,#2663,.F.);
#1673=ORIENTED_EDGE('',*,*,#2532,.F.);
#1674=ORIENTED_EDGE('',*,*,#2663,.T.);
#1675=ORIENTED_EDGE('',*,*,#2350,.T.);
#1676=ORIENTED_EDGE('',*,*,#2664,.F.);
#1677=ORIENTED_EDGE('',*,*,#2533,.F.);
#1678=ORIENTED_EDGE('',*,*,#2664,.T.);
#1679=ORIENTED_EDGE('',*,*,#2349,.T.);
#1680=ORIENTED_EDGE('',*,*,#2665,.F.);
#1681=ORIENTED_EDGE('',*,*,#2534,.F.);
#1682=ORIENTED_EDGE('',*,*,#2535,.T.);
#1683=ORIENTED_EDGE('',*,*,#2665,.T.);
#1684=ORIENTED_EDGE('',*,*,#2348,.F.);
#1685=ORIENTED_EDGE('',*,*,#2666,.F.);
#1686=ORIENTED_EDGE('',*,*,#2666,.T.);
#1687=ORIENTED_EDGE('',*,*,#2347,.T.);
#1688=ORIENTED_EDGE('',*,*,#2659,.F.);
#1689=ORIENTED_EDGE('',*,*,#2536,.F.);
#1690=ORIENTED_EDGE('',*,*,#2423,.T.);
#1691=ORIENTED_EDGE('',*,*,#2667,.T.);
#1692=ORIENTED_EDGE('',*,*,#2354,.F.);
#1693=ORIENTED_EDGE('',*,*,#2668,.F.);
#1694=ORIENTED_EDGE('',*,*,#2668,.T.);
#1695=ORIENTED_EDGE('',*,*,#2353,.T.);
#1696=ORIENTED_EDGE('',*,*,#2669,.F.);
#1697=ORIENTED_EDGE('',*,*,#2424,.F.);
#1698=ORIENTED_EDGE('',*,*,#2669,.T.);
#1699=ORIENTED_EDGE('',*,*,#2360,.T.);
#1700=ORIENTED_EDGE('',*,*,#2670,.F.);
#1701=ORIENTED_EDGE('',*,*,#2425,.F.);
#1702=ORIENTED_EDGE('',*,*,#2670,.T.);
#1703=ORIENTED_EDGE('',*,*,#2359,.T.);
#1704=ORIENTED_EDGE('',*,*,#2671,.F.);
#1705=ORIENTED_EDGE('',*,*,#2426,.F.);
#1706=ORIENTED_EDGE('',*,*,#2671,.T.);
#1707=ORIENTED_EDGE('',*,*,#2358,.T.);
#1708=ORIENTED_EDGE('',*,*,#2672,.F.);
#1709=ORIENTED_EDGE('',*,*,#2427,.F.);
#1710=ORIENTED_EDGE('',*,*,#2672,.T.);
#1711=ORIENTED_EDGE('',*,*,#2357,.T.);
#1712=ORIENTED_EDGE('',*,*,#2673,.F.);
#1713=ORIENTED_EDGE('',*,*,#2428,.F.);
#1714=ORIENTED_EDGE('',*,*,#2429,.T.);
#1715=ORIENTED_EDGE('',*,*,#2673,.T.);
#1716=ORIENTED_EDGE('',*,*,#2356,.F.);
#1717=ORIENTED_EDGE('',*,*,#2674,.F.);
#1718=ORIENTED_EDGE('',*,*,#2674,.T.);
#1719=ORIENTED_EDGE('',*,*,#2355,.T.);
#1720=ORIENTED_EDGE('',*,*,#2667,.F.);
#1721=ORIENTED_EDGE('',*,*,#2430,.F.);
#1722=ORIENTED_EDGE('',*,*,#2537,.T.);
#1723=ORIENTED_EDGE('',*,*,#2675,.T.);
#1724=ORIENTED_EDGE('',*,*,#2362,.F.);
#1725=ORIENTED_EDGE('',*,*,#2676,.F.);
#1726=ORIENTED_EDGE('',*,*,#2676,.T.);
#1727=ORIENTED_EDGE('',*,*,#2361,.T.);
#1728=ORIENTED_EDGE('',*,*,#2677,.F.);
#1729=ORIENTED_EDGE('',*,*,#2538,.F.);
#1730=ORIENTED_EDGE('',*,*,#2677,.T.);
#1731=ORIENTED_EDGE('',*,*,#2368,.T.);
#1732=ORIENTED_EDGE('',*,*,#2678,.F.);
#1733=ORIENTED_EDGE('',*,*,#2539,.F.);
#1734=ORIENTED_EDGE('',*,*,#2678,.T.);
#1735=ORIENTED_EDGE('',*,*,#2367,.T.);
#1736=ORIENTED_EDGE('',*,*,#2679,.F.);
#1737=ORIENTED_EDGE('',*,*,#2540,.F.);
#1738=ORIENTED_EDGE('',*,*,#2679,.T.);
#1739=ORIENTED_EDGE('',*,*,#2366,.T.);
#1740=ORIENTED_EDGE('',*,*,#2680,.F.);
#1741=ORIENTED_EDGE('',*,*,#2541,.F.);
#1742=ORIENTED_EDGE('',*,*,#2680,.T.);
#1743=ORIENTED_EDGE('',*,*,#2365,.T.);
#1744=ORIENTED_EDGE('',*,*,#2681,.F.);
#1745=ORIENTED_EDGE('',*,*,#2542,.F.);
#1746=ORIENTED_EDGE('',*,*,#2543,.T.);
#1747=ORIENTED_EDGE('',*,*,#2681,.T.);
#1748=ORIENTED_EDGE('',*,*,#2364,.F.);
#1749=ORIENTED_EDGE('',*,*,#2682,.F.);
#1750=ORIENTED_EDGE('',*,*,#2682,.T.);
#1751=ORIENTED_EDGE('',*,*,#2363,.T.);
#1752=ORIENTED_EDGE('',*,*,#2675,.F.);
#1753=ORIENTED_EDGE('',*,*,#2544,.F.);
#1754=ORIENTED_EDGE('',*,*,#2415,.T.);
#1755=ORIENTED_EDGE('',*,*,#2683,.T.);
#1756=ORIENTED_EDGE('',*,*,#2370,.F.);
#1757=ORIENTED_EDGE('',*,*,#2684,.F.);
#1758=ORIENTED_EDGE('',*,*,#2684,.T.);
#1759=ORIENTED_EDGE('',*,*,#2369,.T.);
#1760=ORIENTED_EDGE('',*,*,#2685,.F.);
#1761=ORIENTED_EDGE('',*,*,#2416,.F.);
#1762=ORIENTED_EDGE('',*,*,#2685,.T.);
#1763=ORIENTED_EDGE('',*,*,#2376,.T.);
#1764=ORIENTED_EDGE('',*,*,#2686,.F.);
#1765=ORIENTED_EDGE('',*,*,#2417,.F.);
#1766=ORIENTED_EDGE('',*,*,#2686,.T.);
#1767=ORIENTED_EDGE('',*,*,#2375,.T.);
#1768=ORIENTED_EDGE('',*,*,#2687,.F.);
#1769=ORIENTED_EDGE('',*,*,#2418,.F.);
#1770=ORIENTED_EDGE('',*,*,#2687,.T.);
#1771=ORIENTED_EDGE('',*,*,#2374,.T.);
#1772=ORIENTED_EDGE('',*,*,#2688,.F.);
#1773=ORIENTED_EDGE('',*,*,#2419,.F.);
#1774=ORIENTED_EDGE('',*,*,#2688,.T.);
#1775=ORIENTED_EDGE('',*,*,#2373,.T.);
#1776=ORIENTED_EDGE('',*,*,#2689,.F.);
#1777=ORIENTED_EDGE('',*,*,#2420,.F.);
#1778=ORIENTED_EDGE('',*,*,#2421,.T.);
#1779=ORIENTED_EDGE('',*,*,#2689,.T.);
#1780=ORIENTED_EDGE('',*,*,#2372,.F.);
#1781=ORIENTED_EDGE('',*,*,#2690,.F.);
#1782=ORIENTED_EDGE('',*,*,#2690,.T.);
#1783=ORIENTED_EDGE('',*,*,#2371,.T.);
#1784=ORIENTED_EDGE('',*,*,#2683,.F.);
#1785=ORIENTED_EDGE('',*,*,#2422,.F.);
#1786=ORIENTED_EDGE('',*,*,#2545,.T.);
#1787=ORIENTED_EDGE('',*,*,#2691,.T.);
#1788=ORIENTED_EDGE('',*,*,#2378,.F.);
#1789=ORIENTED_EDGE('',*,*,#2692,.F.);
#1790=ORIENTED_EDGE('',*,*,#2692,.T.);
#1791=ORIENTED_EDGE('',*,*,#2377,.T.);
#1792=ORIENTED_EDGE('',*,*,#2693,.F.);
#1793=ORIENTED_EDGE('',*,*,#2546,.F.);
#1794=ORIENTED_EDGE('',*,*,#2693,.T.);
#1795=ORIENTED_EDGE('',*,*,#2384,.T.);
#1796=ORIENTED_EDGE('',*,*,#2694,.F.);
#1797=ORIENTED_EDGE('',*,*,#2547,.F.);
#1798=ORIENTED_EDGE('',*,*,#2694,.T.);
#1799=ORIENTED_EDGE('',*,*,#2383,.T.);
#1800=ORIENTED_EDGE('',*,*,#2695,.F.);
#1801=ORIENTED_EDGE('',*,*,#2548,.F.);
#1802=ORIENTED_EDGE('',*,*,#2695,.T.);
#1803=ORIENTED_EDGE('',*,*,#2382,.T.);
#1804=ORIENTED_EDGE('',*,*,#2696,.F.);
#1805=ORIENTED_EDGE('',*,*,#2549,.F.);
#1806=ORIENTED_EDGE('',*,*,#2696,.T.);
#1807=ORIENTED_EDGE('',*,*,#2381,.T.);
#1808=ORIENTED_EDGE('',*,*,#2697,.F.);
#1809=ORIENTED_EDGE('',*,*,#2550,.F.);
#1810=ORIENTED_EDGE('',*,*,#2551,.T.);
#1811=ORIENTED_EDGE('',*,*,#2697,.T.);
#1812=ORIENTED_EDGE('',*,*,#2380,.F.);
#1813=ORIENTED_EDGE('',*,*,#2698,.F.);
#1814=ORIENTED_EDGE('',*,*,#2698,.T.);
#1815=ORIENTED_EDGE('',*,*,#2379,.T.);
#1816=ORIENTED_EDGE('',*,*,#2691,.F.);
#1817=ORIENTED_EDGE('',*,*,#2552,.F.);
#1818=ORIENTED_EDGE('',*,*,#2407,.T.);
#1819=ORIENTED_EDGE('',*,*,#2699,.T.);
#1820=ORIENTED_EDGE('',*,*,#2386,.F.);
#1821=ORIENTED_EDGE('',*,*,#2700,.F.);
#1822=ORIENTED_EDGE('',*,*,#2700,.T.);
#1823=ORIENTED_EDGE('',*,*,#2385,.T.);
#1824=ORIENTED_EDGE('',*,*,#2701,.F.);
#1825=ORIENTED_EDGE('',*,*,#2408,.F.);
#1826=ORIENTED_EDGE('',*,*,#2701,.T.);
#1827=ORIENTED_EDGE('',*,*,#2392,.T.);
#1828=ORIENTED_EDGE('',*,*,#2702,.F.);
#1829=ORIENTED_EDGE('',*,*,#2409,.F.);
#1830=ORIENTED_EDGE('',*,*,#2702,.T.);
#1831=ORIENTED_EDGE('',*,*,#2391,.T.);
#1832=ORIENTED_EDGE('',*,*,#2703,.F.);
#1833=ORIENTED_EDGE('',*,*,#2410,.F.);
#1834=ORIENTED_EDGE('',*,*,#2703,.T.);
#1835=ORIENTED_EDGE('',*,*,#2390,.T.);
#1836=ORIENTED_EDGE('',*,*,#2704,.F.);
#1837=ORIENTED_EDGE('',*,*,#2411,.F.);
#1838=ORIENTED_EDGE('',*,*,#2704,.T.);
#1839=ORIENTED_EDGE('',*,*,#2389,.T.);
#1840=ORIENTED_EDGE('',*,*,#2705,.F.);
#1841=ORIENTED_EDGE('',*,*,#2412,.F.);
#1842=ORIENTED_EDGE('',*,*,#2413,.T.);
#1843=ORIENTED_EDGE('',*,*,#2705,.T.);
#1844=ORIENTED_EDGE('',*,*,#2388,.F.);
#1845=ORIENTED_EDGE('',*,*,#2706,.F.);
#1846=ORIENTED_EDGE('',*,*,#2706,.T.);
#1847=ORIENTED_EDGE('',*,*,#2387,.T.);
#1848=ORIENTED_EDGE('',*,*,#2699,.F.);
#1849=ORIENTED_EDGE('',*,*,#2414,.F.);
#1850=ORIENTED_EDGE('',*,*,#2553,.T.);
#1851=ORIENTED_EDGE('',*,*,#2707,.T.);
#1852=ORIENTED_EDGE('',*,*,#2394,.F.);
#1853=ORIENTED_EDGE('',*,*,#2708,.F.);
#1854=ORIENTED_EDGE('',*,*,#2708,.T.);
#1855=ORIENTED_EDGE('',*,*,#2393,.T.);
#1856=ORIENTED_EDGE('',*,*,#2709,.F.);
#1857=ORIENTED_EDGE('',*,*,#2554,.F.);
#1858=ORIENTED_EDGE('',*,*,#2709,.T.);
#1859=ORIENTED_EDGE('',*,*,#2400,.T.);
#1860=ORIENTED_EDGE('',*,*,#2710,.F.);
#1861=ORIENTED_EDGE('',*,*,#2555,.F.);
#1862=ORIENTED_EDGE('',*,*,#2710,.T.);
#1863=ORIENTED_EDGE('',*,*,#2399,.T.);
#1864=ORIENTED_EDGE('',*,*,#2711,.F.);
#1865=ORIENTED_EDGE('',*,*,#2556,.F.);
#1866=ORIENTED_EDGE('',*,*,#2711,.T.);
#1867=ORIENTED_EDGE('',*,*,#2398,.T.);
#1868=ORIENTED_EDGE('',*,*,#2712,.F.);
#1869=ORIENTED_EDGE('',*,*,#2557,.F.);
#1870=ORIENTED_EDGE('',*,*,#2712,.T.);
#1871=ORIENTED_EDGE('',*,*,#2397,.T.);
#1872=ORIENTED_EDGE('',*,*,#2713,.F.);
#1873=ORIENTED_EDGE('',*,*,#2558,.F.);
#1874=ORIENTED_EDGE('',*,*,#2559,.T.);
#1875=ORIENTED_EDGE('',*,*,#2713,.T.);
#1876=ORIENTED_EDGE('',*,*,#2396,.F.);
#1877=ORIENTED_EDGE('',*,*,#2714,.F.);
#1878=ORIENTED_EDGE('',*,*,#2714,.T.);
#1879=ORIENTED_EDGE('',*,*,#2395,.T.);
#1880=ORIENTED_EDGE('',*,*,#2707,.F.);
#1881=ORIENTED_EDGE('',*,*,#2560,.F.);
#1882=ORIENTED_EDGE('',*,*,#2263,.F.);
#1883=ORIENTED_EDGE('',*,*,#2567,.F.);
#1884=ORIENTED_EDGE('',*,*,#2474,.F.);
#1885=ORIENTED_EDGE('',*,*,#2562,.F.);
#1886=ORIENTED_EDGE('',*,*,#2261,.F.);
#1887=ORIENTED_EDGE('',*,*,#2565,.F.);
#1888=ORIENTED_EDGE('',*,*,#2476,.F.);
#1889=ORIENTED_EDGE('',*,*,#2568,.F.);
#1890=ORIENTED_EDGE('',*,*,#2259,.F.);
#1891=ORIENTED_EDGE('',*,*,#2563,.F.);
#1892=ORIENTED_EDGE('',*,*,#2478,.F.);
#1893=ORIENTED_EDGE('',*,*,#2566,.F.);
#1894=ORIENTED_EDGE('',*,*,#2257,.F.);
#1895=ORIENTED_EDGE('',*,*,#2235,.F.);
#1896=ORIENTED_EDGE('',*,*,#2480,.F.);
#1897=ORIENTED_EDGE('',*,*,#2564,.F.);
#1898=ORIENTED_EDGE('',*,*,#2572,.T.);
#1899=ORIENTED_EDGE('',*,*,#2715,.T.);
#1900=ORIENTED_EDGE('',*,*,#2255,.F.);
#1901=ORIENTED_EDGE('',*,*,#2256,.T.);
#1902=ORIENTED_EDGE('',*,*,#2715,.F.);
#1903=ORIENTED_EDGE('',*,*,#2571,.F.);
#1904=ORIENTED_EDGE('',*,*,#2237,.T.);
#1905=ORIENTED_EDGE('',*,*,#2481,.T.);
#1906=ORIENTED_EDGE('',*,*,#2233,.T.);
#1907=ORIENTED_EDGE('',*,*,#2246,.T.);
#1908=ORIENTED_EDGE('',*,*,#2561,.T.);
#1909=ORIENTED_EDGE('',*,*,#2472,.F.);
#1910=ORIENTED_EDGE('',*,*,#2569,.T.);
#1911=ORIENTED_EDGE('',*,*,#2245,.F.);
#1912=ORIENTED_EDGE('',*,*,#2406,.T.);
#1913=ORIENTED_EDGE('',*,*,#2244,.F.);
#1914=ORIENTED_EDGE('',*,*,#2405,.T.);
#1915=ORIENTED_EDGE('',*,*,#2243,.F.);
#1916=ORIENTED_EDGE('',*,*,#2404,.T.);
#1917=ORIENTED_EDGE('',*,*,#2242,.F.);
#1918=ORIENTED_EDGE('',*,*,#2403,.T.);
#1919=ORIENTED_EDGE('',*,*,#2241,.F.);
#1920=ORIENTED_EDGE('',*,*,#2402,.T.);
#1921=ORIENTED_EDGE('',*,*,#2240,.F.);
#1922=ORIENTED_EDGE('',*,*,#2401,.T.);
#1923=ORIENTED_EDGE('',*,*,#2716,.T.);
#1924=ORIENTED_EDGE('',*,*,#2717,.T.);
#1925=ORIENTED_EDGE('',*,*,#2718,.T.);
#1926=ORIENTED_EDGE('',*,*,#2719,.T.);
#1927=ORIENTED_EDGE('',*,*,#2720,.T.);
#1928=ORIENTED_EDGE('',*,*,#2721,.T.);
#1929=ORIENTED_EDGE('',*,*,#2722,.T.);
#1930=ORIENTED_EDGE('',*,*,#2723,.T.);
#1931=ORIENTED_EDGE('',*,*,#2724,.T.);
#1932=ORIENTED_EDGE('',*,*,#2725,.T.);
#1933=ORIENTED_EDGE('',*,*,#2726,.F.);
#1934=ORIENTED_EDGE('',*,*,#2727,.T.);
#1935=ORIENTED_EDGE('',*,*,#2728,.F.);
#1936=ORIENTED_EDGE('',*,*,#2729,.T.);
#1937=ORIENTED_EDGE('',*,*,#2730,.T.);
#1938=ORIENTED_EDGE('',*,*,#2731,.T.);
#1939=ORIENTED_EDGE('',*,*,#2732,.F.);
#1940=ORIENTED_EDGE('',*,*,#2733,.F.);
#1941=ORIENTED_EDGE('',*,*,#2734,.F.);
#1942=ORIENTED_EDGE('',*,*,#2730,.F.);
#1943=ORIENTED_EDGE('',*,*,#2735,.T.);
#1944=ORIENTED_EDGE('',*,*,#2736,.T.);
#1945=ORIENTED_EDGE('',*,*,#2737,.F.);
#1946=ORIENTED_EDGE('',*,*,#2736,.F.);
#1947=ORIENTED_EDGE('',*,*,#2738,.T.);
#1948=ORIENTED_EDGE('',*,*,#2739,.T.);
#1949=ORIENTED_EDGE('',*,*,#2732,.T.);
#1950=ORIENTED_EDGE('',*,*,#2740,.T.);
#1951=ORIENTED_EDGE('',*,*,#2739,.F.);
#1952=ORIENTED_EDGE('',*,*,#2741,.F.);
#1953=ORIENTED_EDGE('',*,*,#2742,.T.);
#1954=ORIENTED_EDGE('',*,*,#2743,.T.);
#1955=ORIENTED_EDGE('',*,*,#2722,.F.);
#1956=ORIENTED_EDGE('',*,*,#2744,.T.);
#1957=ORIENTED_EDGE('',*,*,#2728,.T.);
#1958=ORIENTED_EDGE('',*,*,#2745,.T.);
#1959=ORIENTED_EDGE('',*,*,#2746,.F.);
#1960=ORIENTED_EDGE('',*,*,#2747,.T.);
#1961=ORIENTED_EDGE('',*,*,#2726,.T.);
#1962=ORIENTED_EDGE('',*,*,#2748,.T.);
#1963=ORIENTED_EDGE('',*,*,#2749,.F.);
#1964=ORIENTED_EDGE('',*,*,#2750,.T.);
#1965=ORIENTED_EDGE('',*,*,#2724,.F.);
#1966=ORIENTED_EDGE('',*,*,#2751,.T.);
#1967=ORIENTED_EDGE('',*,*,#2752,.T.);
#1968=ORIENTED_EDGE('',*,*,#2753,.T.);
#1969=ORIENTED_EDGE('',*,*,#2754,.T.);
#1970=ORIENTED_EDGE('',*,*,#2755,.T.);
#1971=ORIENTED_EDGE('',*,*,#2756,.T.);
#1972=ORIENTED_EDGE('',*,*,#2757,.T.);
#1973=ORIENTED_EDGE('',*,*,#2758,.T.);
#1974=ORIENTED_EDGE('',*,*,#2759,.T.);
#1975=ORIENTED_EDGE('',*,*,#2735,.F.);
#1976=ORIENTED_EDGE('',*,*,#2733,.T.);
#1977=ORIENTED_EDGE('',*,*,#2741,.T.);
#1978=ORIENTED_EDGE('',*,*,#2738,.F.);
#1979=ORIENTED_EDGE('',*,*,#2752,.F.);
#1980=ORIENTED_EDGE('',*,*,#2760,.T.);
#1981=ORIENTED_EDGE('',*,*,#2742,.F.);
#1982=ORIENTED_EDGE('',*,*,#2761,.T.);
#1983=ORIENTED_EDGE('',*,*,#2746,.T.);
#1984=ORIENTED_EDGE('',*,*,#2762,.T.);
#1985=ORIENTED_EDGE('',*,*,#2749,.T.);
#1986=ORIENTED_EDGE('',*,*,#2763,.T.);
#1987=ORIENTED_EDGE('',*,*,#2731,.F.);
#1988=ORIENTED_EDGE('',*,*,#2734,.T.);
#1989=ORIENTED_EDGE('',*,*,#2737,.T.);
#1990=ORIENTED_EDGE('',*,*,#2740,.F.);
#1991=ORIENTED_EDGE('',*,*,#2760,.F.);
#1992=ORIENTED_EDGE('',*,*,#2751,.F.);
#1993=ORIENTED_EDGE('',*,*,#2723,.F.);
#1994=ORIENTED_EDGE('',*,*,#2743,.F.);
#1995=ORIENTED_EDGE('',*,*,#2763,.F.);
#1996=ORIENTED_EDGE('',*,*,#2748,.F.);
#1997=ORIENTED_EDGE('',*,*,#2725,.F.);
#1998=ORIENTED_EDGE('',*,*,#2753,.F.);
#1999=ORIENTED_EDGE('',*,*,#2762,.F.);
#2000=ORIENTED_EDGE('',*,*,#2745,.F.);
#2001=ORIENTED_EDGE('',*,*,#2727,.F.);
#2002=ORIENTED_EDGE('',*,*,#2750,.F.);
#2003=ORIENTED_EDGE('',*,*,#2761,.F.);
#2004=ORIENTED_EDGE('',*,*,#2744,.F.);
#2005=ORIENTED_EDGE('',*,*,#2729,.F.);
#2006=ORIENTED_EDGE('',*,*,#2747,.F.);
#2007=ORIENTED_EDGE('',*,*,#2759,.F.);
#2008=ORIENTED_EDGE('',*,*,#2764,.F.);
#2009=ORIENTED_EDGE('',*,*,#2764,.T.);
#2010=ORIENTED_EDGE('',*,*,#2765,.F.);
#2011=ORIENTED_EDGE('',*,*,#2765,.T.);
#2012=ORIENTED_EDGE('',*,*,#2721,.F.);
#2013=ORIENTED_EDGE('',*,*,#2758,.F.);
#2014=ORIENTED_EDGE('',*,*,#2766,.F.);
#2015=ORIENTED_EDGE('',*,*,#2766,.T.);
#2016=ORIENTED_EDGE('',*,*,#2767,.F.);
#2017=ORIENTED_EDGE('',*,*,#2767,.T.);
#2018=ORIENTED_EDGE('',*,*,#2720,.F.);
#2019=ORIENTED_EDGE('',*,*,#2757,.F.);
#2020=ORIENTED_EDGE('',*,*,#2768,.F.);
#2021=ORIENTED_EDGE('',*,*,#2768,.T.);
#2022=ORIENTED_EDGE('',*,*,#2769,.F.);
#2023=ORIENTED_EDGE('',*,*,#2769,.T.);
#2024=ORIENTED_EDGE('',*,*,#2719,.F.);
#2025=ORIENTED_EDGE('',*,*,#2756,.F.);
#2026=ORIENTED_EDGE('',*,*,#2770,.F.);
#2027=ORIENTED_EDGE('',*,*,#2770,.T.);
#2028=ORIENTED_EDGE('',*,*,#2771,.F.);
#2029=ORIENTED_EDGE('',*,*,#2771,.T.);
#2030=ORIENTED_EDGE('',*,*,#2718,.F.);
#2031=ORIENTED_EDGE('',*,*,#2755,.F.);
#2032=ORIENTED_EDGE('',*,*,#2772,.F.);
#2033=ORIENTED_EDGE('',*,*,#2772,.T.);
#2034=ORIENTED_EDGE('',*,*,#2773,.F.);
#2035=ORIENTED_EDGE('',*,*,#2773,.T.);
#2036=ORIENTED_EDGE('',*,*,#2717,.F.);
#2037=ORIENTED_EDGE('',*,*,#2754,.F.);
#2038=ORIENTED_EDGE('',*,*,#2774,.F.);
#2039=ORIENTED_EDGE('',*,*,#2774,.T.);
#2040=ORIENTED_EDGE('',*,*,#2775,.F.);
#2041=ORIENTED_EDGE('',*,*,#2775,.T.);
#2042=ORIENTED_EDGE('',*,*,#2716,.F.);
#2043=ORIENTED_EDGE('',*,*,#2776,.F.);
#2044=ORIENTED_EDGE('',*,*,#2777,.F.);
#2045=ORIENTED_EDGE('',*,*,#2778,.T.);
#2046=ORIENTED_EDGE('',*,*,#2779,.T.);
#2047=ORIENTED_EDGE('',*,*,#2780,.T.);
#2048=ORIENTED_EDGE('',*,*,#2781,.F.);
#2049=ORIENTED_EDGE('',*,*,#2782,.F.);
#2050=ORIENTED_EDGE('',*,*,#2783,.F.);
#2051=ORIENTED_EDGE('',*,*,#2784,.F.);
#2052=ORIENTED_EDGE('',*,*,#2785,.T.);
#2053=ORIENTED_EDGE('',*,*,#2786,.F.);
#2054=ORIENTED_EDGE('',*,*,#2787,.T.);
#2055=ORIENTED_EDGE('',*,*,#2788,.T.);
#2056=ORIENTED_EDGE('',*,*,#2789,.T.);
#2057=ORIENTED_EDGE('',*,*,#2790,.T.);
#2058=ORIENTED_EDGE('',*,*,#2791,.T.);
#2059=ORIENTED_EDGE('',*,*,#2792,.T.);
#2060=ORIENTED_EDGE('',*,*,#2793,.T.);
#2061=ORIENTED_EDGE('',*,*,#2794,.T.);
#2062=ORIENTED_EDGE('',*,*,#2795,.T.);
#2063=ORIENTED_EDGE('',*,*,#2796,.F.);
#2064=ORIENTED_EDGE('',*,*,#2797,.T.);
#2065=ORIENTED_EDGE('',*,*,#2798,.T.);
#2066=ORIENTED_EDGE('',*,*,#2799,.F.);
#2067=ORIENTED_EDGE('',*,*,#2800,.T.);
#2068=ORIENTED_EDGE('',*,*,#2801,.T.);
#2069=ORIENTED_EDGE('',*,*,#2802,.F.);
#2070=ORIENTED_EDGE('',*,*,#2803,.T.);
#2071=ORIENTED_EDGE('',*,*,#2804,.F.);
#2072=ORIENTED_EDGE('',*,*,#2805,.T.);
#2073=ORIENTED_EDGE('',*,*,#2806,.T.);
#2074=ORIENTED_EDGE('',*,*,#2807,.T.);
#2075=ORIENTED_EDGE('',*,*,#2808,.T.);
#2076=ORIENTED_EDGE('',*,*,#2809,.F.);
#2077=ORIENTED_EDGE('',*,*,#2810,.T.);
#2078=ORIENTED_EDGE('',*,*,#2796,.T.);
#2079=ORIENTED_EDGE('',*,*,#2811,.F.);
#2080=ORIENTED_EDGE('',*,*,#2812,.T.);
#2081=ORIENTED_EDGE('',*,*,#2809,.T.);
#2082=ORIENTED_EDGE('',*,*,#2813,.T.);
#2083=ORIENTED_EDGE('',*,*,#2798,.F.);
#2084=ORIENTED_EDGE('',*,*,#2814,.T.);
#2085=ORIENTED_EDGE('',*,*,#2811,.T.);
#2086=ORIENTED_EDGE('',*,*,#2815,.F.);
#2087=ORIENTED_EDGE('',*,*,#2816,.F.);
#2088=ORIENTED_EDGE('',*,*,#2817,.T.);
#2089=ORIENTED_EDGE('',*,*,#2818,.T.);
#2090=ORIENTED_EDGE('',*,*,#2819,.T.);
#2091=ORIENTED_EDGE('',*,*,#2820,.T.);
#2092=ORIENTED_EDGE('',*,*,#2821,.T.);
#2093=ORIENTED_EDGE('',*,*,#2822,.T.);
#2094=ORIENTED_EDGE('',*,*,#2823,.T.);
#2095=ORIENTED_EDGE('',*,*,#2824,.T.);
#2096=ORIENTED_EDGE('',*,*,#2825,.T.);
#2097=ORIENTED_EDGE('',*,*,#2826,.T.);
#2098=ORIENTED_EDGE('',*,*,#2827,.T.);
#2099=ORIENTED_EDGE('',*,*,#2828,.T.);
#2100=ORIENTED_EDGE('',*,*,#2829,.T.);
#2101=ORIENTED_EDGE('',*,*,#2830,.T.);
#2102=ORIENTED_EDGE('',*,*,#2831,.T.);
#2103=ORIENTED_EDGE('',*,*,#2832,.T.);
#2104=ORIENTED_EDGE('',*,*,#2833,.T.);
#2105=ORIENTED_EDGE('',*,*,#2777,.T.);
#2106=ORIENTED_EDGE('',*,*,#2834,.T.);
#2107=ORIENTED_EDGE('',*,*,#2800,.F.);
#2108=ORIENTED_EDGE('',*,*,#2799,.T.);
#2109=ORIENTED_EDGE('',*,*,#2815,.T.);
#2110=ORIENTED_EDGE('',*,*,#2813,.F.);
#2111=ORIENTED_EDGE('',*,*,#2808,.F.);
#2112=ORIENTED_EDGE('',*,*,#2835,.T.);
#2113=ORIENTED_EDGE('',*,*,#2781,.T.);
#2114=ORIENTED_EDGE('',*,*,#2836,.T.);
#2115=ORIENTED_EDGE('',*,*,#2816,.T.);
#2116=ORIENTED_EDGE('',*,*,#2837,.T.);
#2117=ORIENTED_EDGE('',*,*,#2792,.F.);
#2118=ORIENTED_EDGE('',*,*,#2838,.T.);
#2119=ORIENTED_EDGE('',*,*,#2790,.F.);
#2120=ORIENTED_EDGE('',*,*,#2839,.T.);
#2121=ORIENTED_EDGE('',*,*,#2794,.F.);
#2122=ORIENTED_EDGE('',*,*,#2840,.T.);
#2123=ORIENTED_EDGE('',*,*,#2823,.F.);
#2124=ORIENTED_EDGE('',*,*,#2841,.T.);
#2125=ORIENTED_EDGE('',*,*,#2822,.F.);
#2126=ORIENTED_EDGE('',*,*,#2842,.T.);
#2127=ORIENTED_EDGE('',*,*,#2788,.F.);
#2128=ORIENTED_EDGE('',*,*,#2843,.T.);
#2129=ORIENTED_EDGE('',*,*,#2818,.F.);
#2130=ORIENTED_EDGE('',*,*,#2844,.T.);
#2131=ORIENTED_EDGE('',*,*,#2824,.F.);
#2132=ORIENTED_EDGE('',*,*,#2845,.T.);
#2133=ORIENTED_EDGE('',*,*,#2846,.F.);
#2134=ORIENTED_EDGE('',*,*,#2814,.F.);
#2135=ORIENTED_EDGE('',*,*,#2847,.F.);
#2136=ORIENTED_EDGE('',*,*,#2827,.F.);
#2137=ORIENTED_EDGE('',*,*,#2848,.F.);
#2138=ORIENTED_EDGE('',*,*,#2820,.F.);
#2139=ORIENTED_EDGE('',*,*,#2847,.T.);
#2140=ORIENTED_EDGE('',*,*,#2797,.F.);
#2141=ORIENTED_EDGE('',*,*,#2849,.F.);
#2142=ORIENTED_EDGE('',*,*,#2779,.F.);
#2143=ORIENTED_EDGE('',*,*,#2850,.T.);
#2144=ORIENTED_EDGE('',*,*,#2821,.F.);
#2145=ORIENTED_EDGE('',*,*,#2848,.T.);
#2146=ORIENTED_EDGE('',*,*,#2851,.F.);
#2147=ORIENTED_EDGE('',*,*,#2852,.F.);
#2148=ORIENTED_EDGE('',*,*,#2825,.F.);
#2149=ORIENTED_EDGE('',*,*,#2853,.T.);
#2150=ORIENTED_EDGE('',*,*,#2826,.F.);
#2151=ORIENTED_EDGE('',*,*,#2852,.T.);
#2152=ORIENTED_EDGE('',*,*,#2854,.F.);
#2153=ORIENTED_EDGE('',*,*,#2812,.F.);
#2154=ORIENTED_EDGE('',*,*,#2846,.T.);
#2155=ORIENTED_EDGE('',*,*,#2849,.T.);
#2156=ORIENTED_EDGE('',*,*,#2810,.F.);
#2157=ORIENTED_EDGE('',*,*,#2854,.T.);
#2158=ORIENTED_EDGE('',*,*,#2851,.T.);
#2159=ORIENTED_EDGE('',*,*,#2839,.F.);
#2160=ORIENTED_EDGE('',*,*,#2789,.F.);
#2161=ORIENTED_EDGE('',*,*,#2855,.F.);
#2162=ORIENTED_EDGE('',*,*,#2778,.F.);
#2163=ORIENTED_EDGE('',*,*,#2855,.T.);
#2164=ORIENTED_EDGE('',*,*,#2842,.F.);
#2165=ORIENTED_EDGE('',*,*,#2850,.F.);
#2166=ORIENTED_EDGE('',*,*,#2836,.F.);
#2167=ORIENTED_EDGE('',*,*,#2780,.F.);
#2168=ORIENTED_EDGE('',*,*,#2856,.F.);
#2169=ORIENTED_EDGE('',*,*,#2817,.F.);
#2170=ORIENTED_EDGE('',*,*,#2853,.F.);
#2171=ORIENTED_EDGE('',*,*,#2844,.F.);
#2172=ORIENTED_EDGE('',*,*,#2856,.T.);
#2173=ORIENTED_EDGE('',*,*,#2837,.F.);
#2174=ORIENTED_EDGE('',*,*,#2819,.F.);
#2175=ORIENTED_EDGE('',*,*,#2857,.F.);
#2176=ORIENTED_EDGE('',*,*,#2793,.F.);
#2177=ORIENTED_EDGE('',*,*,#2845,.F.);
#2178=ORIENTED_EDGE('',*,*,#2840,.F.);
#2179=ORIENTED_EDGE('',*,*,#2857,.T.);
#2180=ORIENTED_EDGE('',*,*,#2838,.F.);
#2181=ORIENTED_EDGE('',*,*,#2795,.F.);
#2182=ORIENTED_EDGE('',*,*,#2858,.F.);
#2183=ORIENTED_EDGE('',*,*,#2791,.F.);
#2184=ORIENTED_EDGE('',*,*,#2858,.T.);
#2185=ORIENTED_EDGE('',*,*,#2841,.F.);
#2186=ORIENTED_EDGE('',*,*,#2843,.F.);
#2187=ORIENTED_EDGE('',*,*,#2802,.T.);
#2188=ORIENTED_EDGE('',*,*,#2859,.T.);
#2189=ORIENTED_EDGE('',*,*,#2787,.F.);
#2190=ORIENTED_EDGE('',*,*,#2860,.F.);
#2191=ORIENTED_EDGE('',*,*,#2860,.T.);
#2192=ORIENTED_EDGE('',*,*,#2786,.T.);
#2193=ORIENTED_EDGE('',*,*,#2861,.F.);
#2194=ORIENTED_EDGE('',*,*,#2803,.F.);
#2195=ORIENTED_EDGE('',*,*,#2804,.T.);
#2196=ORIENTED_EDGE('',*,*,#2861,.T.);
#2197=ORIENTED_EDGE('',*,*,#2785,.F.);
#2198=ORIENTED_EDGE('',*,*,#2862,.F.);
#2199=ORIENTED_EDGE('',*,*,#2862,.T.);
#2200=ORIENTED_EDGE('',*,*,#2784,.T.);
#2201=ORIENTED_EDGE('',*,*,#2863,.F.);
#2202=ORIENTED_EDGE('',*,*,#2805,.F.);
#2203=ORIENTED_EDGE('',*,*,#2863,.T.);
#2204=ORIENTED_EDGE('',*,*,#2783,.T.);
#2205=ORIENTED_EDGE('',*,*,#2864,.F.);
#2206=ORIENTED_EDGE('',*,*,#2806,.F.);
#2207=ORIENTED_EDGE('',*,*,#2834,.F.);
#2208=ORIENTED_EDGE('',*,*,#2776,.T.);
#2209=ORIENTED_EDGE('',*,*,#2859,.F.);
#2210=ORIENTED_EDGE('',*,*,#2801,.F.);
#2211=ORIENTED_EDGE('',*,*,#2864,.T.);
#2212=ORIENTED_EDGE('',*,*,#2782,.T.);
#2213=ORIENTED_EDGE('',*,*,#2835,.F.);
#2214=ORIENTED_EDGE('',*,*,#2807,.F.);
#2215=ORIENTED_EDGE('',*,*,#2865,.F.);
#2216=ORIENTED_EDGE('',*,*,#2865,.T.);
#2217=ORIENTED_EDGE('',*,*,#2833,.F.);
#2218=ORIENTED_EDGE('',*,*,#2866,.F.);
#2219=ORIENTED_EDGE('',*,*,#2866,.T.);
#2220=ORIENTED_EDGE('',*,*,#2832,.F.);
#2221=ORIENTED_EDGE('',*,*,#2867,.F.);
#2222=ORIENTED_EDGE('',*,*,#2867,.T.);
#2223=ORIENTED_EDGE('',*,*,#2831,.F.);
#2224=ORIENTED_EDGE('',*,*,#2868,.F.);
#2225=ORIENTED_EDGE('',*,*,#2868,.T.);
#2226=ORIENTED_EDGE('',*,*,#2830,.F.);
#2227=ORIENTED_EDGE('',*,*,#2869,.F.);
#2228=ORIENTED_EDGE('',*,*,#2869,.T.);
#2229=ORIENTED_EDGE('',*,*,#2829,.F.);
#2230=ORIENTED_EDGE('',*,*,#2870,.F.);
#2231=ORIENTED_EDGE('',*,*,#2870,.T.);
#2232=ORIENTED_EDGE('',*,*,#2828,.F.);
#2233=EDGE_CURVE('',#2871,#2872,#3313,.T.);
#2234=EDGE_CURVE('',#2873,#2871,#169,.T.);
#2235=EDGE_CURVE('',#2873,#2874,#170,.F.);
#2236=EDGE_CURVE('',#2874,#2872,#171,.T.);
#2237=EDGE_CURVE('',#2875,#2876,#3314,.T.);
#2238=EDGE_CURVE('',#2877,#2875,#172,.T.);
#2239=EDGE_CURVE('',#2877,#2876,#173,.T.);
#2240=EDGE_CURVE('',#2878,#2878,#3315,.F.);
#2241=EDGE_CURVE('',#2879,#2879,#3316,.F.);
#2242=EDGE_CURVE('',#2880,#2880,#3317,.F.);
#2243=EDGE_CURVE('',#2881,#2881,#3318,.F.);
#2244=EDGE_CURVE('',#2882,#2882,#3319,.F.);
#2245=EDGE_CURVE('',#2883,#2883,#3320,.F.);
#2246=EDGE_CURVE('',#2884,#2885,#174,.T.);
#2247=EDGE_CURVE('',#2884,#2886,#175,.T.);
#2248=EDGE_CURVE('',#2887,#2886,#3321,.T.);
#2249=EDGE_CURVE('',#2887,#2888,#176,.T.);
#2250=EDGE_CURVE('',#2889,#2888,#3322,.T.);
#2251=EDGE_CURVE('',#2890,#2889,#177,.T.);
#2252=EDGE_CURVE('',#2891,#2890,#3323,.T.);
#2253=EDGE_CURVE('',#2892,#2891,#178,.T.);
#2254=EDGE_CURVE('',#2893,#2892,#3324,.T.);
#2255=EDGE_CURVE('',#2893,#2894,#179,.T.);
#2256=EDGE_CURVE('',#2872,#2894,#180,.F.);
#2257=EDGE_CURVE('',#2874,#2895,#3325,.T.);
#2258=EDGE_CURVE('',#2895,#2896,#181,.T.);
#2259=EDGE_CURVE('',#2896,#2897,#3326,.T.);
#2260=EDGE_CURVE('',#2897,#2898,#182,.T.);
#2261=EDGE_CURVE('',#2898,#2899,#3327,.T.);
#2262=EDGE_CURVE('',#2900,#2899,#183,.T.);
#2263=EDGE_CURVE('',#2900,#2901,#3328,.T.);
#2264=EDGE_CURVE('',#2885,#2901,#184,.T.);
#2265=EDGE_CURVE('',#2902,#2903,#3329,.T.);
#2266=EDGE_CURVE('',#2902,#2904,#185,.T.);
#2267=EDGE_CURVE('',#2905,#2904,#3330,.T.);
#2268=EDGE_CURVE('',#2905,#2906,#186,.T.);
#2269=EDGE_CURVE('',#2907,#2906,#3331,.T.);
#2270=EDGE_CURVE('',#2908,#2907,#187,.T.);
#2271=EDGE_CURVE('',#2909,#2908,#3332,.T.);
#2272=EDGE_CURVE('',#2903,#2909,#188,.T.);
#2273=EDGE_CURVE('',#2910,#2911,#3333,.T.);
#2274=EDGE_CURVE('',#2910,#2912,#189,.T.);
#2275=EDGE_CURVE('',#2913,#2912,#3334,.T.);
#2276=EDGE_CURVE('',#2913,#2914,#190,.T.);
#2277=EDGE_CURVE('',#2915,#2914,#3335,.T.);
#2278=EDGE_CURVE('',#2916,#2915,#191,.T.);
#2279=EDGE_CURVE('',#2917,#2916,#3336,.T.);
#2280=EDGE_CURVE('',#2911,#2917,#192,.T.);
#2281=EDGE_CURVE('',#2918,#2919,#3337,.T.);
#2282=EDGE_CURVE('',#2918,#2920,#193,.T.);
#2283=EDGE_CURVE('',#2921,#2920,#3338,.T.);
#2284=EDGE_CURVE('',#2921,#2922,#194,.T.);
#2285=EDGE_CURVE('',#2923,#2922,#3339,.T.);
#2286=EDGE_CURVE('',#2924,#2923,#195,.T.);
#2287=EDGE_CURVE('',#2925,#2924,#3340,.T.);
#2288=EDGE_CURVE('',#2919,#2925,#196,.T.);
#2289=EDGE_CURVE('',#2926,#2927,#3341,.T.);
#2290=EDGE_CURVE('',#2926,#2928,#197,.T.);
#2291=EDGE_CURVE('',#2929,#2928,#3342,.T.);
#2292=EDGE_CURVE('',#2929,#2930,#198,.T.);
#2293=EDGE_CURVE('',#2931,#2930,#3343,.T.);
#2294=EDGE_CURVE('',#2932,#2931,#199,.T.);
#2295=EDGE_CURVE('',#2933,#2932,#3344,.T.);
#2296=EDGE_CURVE('',#2927,#2933,#200,.T.);
#2297=EDGE_CURVE('',#2934,#2935,#3345,.T.);
#2298=EDGE_CURVE('',#2934,#2936,#201,.T.);
#2299=EDGE_CURVE('',#2937,#2936,#3346,.T.);
#2300=EDGE_CURVE('',#2937,#2938,#202,.T.);
#2301=EDGE_CURVE('',#2939,#2938,#3347,.T.);
#2302=EDGE_CURVE('',#2940,#2939,#203,.T.);
#2303=EDGE_CURVE('',#2941,#2940,#3348,.T.);
#2304=EDGE_CURVE('',#2935,#2941,#204,.T.);
#2305=EDGE_CURVE('',#2942,#2943,#3349,.T.);
#2306=EDGE_CURVE('',#2942,#2944,#205,.T.);
#2307=EDGE_CURVE('',#2945,#2944,#3350,.T.);
#2308=EDGE_CURVE('',#2945,#2946,#206,.T.);
#2309=EDGE_CURVE('',#2947,#2946,#3351,.T.);
#2310=EDGE_CURVE('',#2948,#2947,#207,.T.);
#2311=EDGE_CURVE('',#2949,#2948,#3352,.T.);
#2312=EDGE_CURVE('',#2943,#2949,#208,.T.);
#2313=EDGE_CURVE('',#2950,#2951,#3353,.T.);
#2314=EDGE_CURVE('',#2950,#2952,#209,.T.);
#2315=EDGE_CURVE('',#2953,#2952,#3354,.T.);
#2316=EDGE_CURVE('',#2953,#2954,#210,.T.);
#2317=EDGE_CURVE('',#2955,#2954,#3355,.T.);
#2318=EDGE_CURVE('',#2956,#2955,#211,.T.);
#2319=EDGE_CURVE('',#2957,#2956,#3356,.T.);
#2320=EDGE_CURVE('',#2951,#2957,#212,.T.);
#2321=EDGE_CURVE('',#2958,#2959,#3357,.T.);
#2322=EDGE_CURVE('',#2958,#2960,#213,.T.);
#2323=EDGE_CURVE('',#2961,#2960,#3358,.T.);
#2324=EDGE_CURVE('',#2961,#2962,#214,.T.);
#2325=EDGE_CURVE('',#2963,#2962,#3359,.T.);
#2326=EDGE_CURVE('',#2964,#2963,#215,.T.);
#2327=EDGE_CURVE('',#2965,#2964,#3360,.T.);
#2328=EDGE_CURVE('',#2959,#2965,#216,.T.);
#2329=EDGE_CURVE('',#2966,#2967,#3361,.T.);
#2330=EDGE_CURVE('',#2966,#2968,#217,.T.);
#2331=EDGE_CURVE('',#2969,#2968,#3362,.T.);
#2332=EDGE_CURVE('',#2969,#2970,#218,.T.);
#2333=EDGE_CURVE('',#2971,#2970,#3363,.T.);
#2334=EDGE_CURVE('',#2972,#2971,#219,.T.);
#2335=EDGE_CURVE('',#2973,#2972,#3364,.T.);
#2336=EDGE_CURVE('',#2967,#2973,#220,.T.);
#2337=EDGE_CURVE('',#2974,#2975,#3365,.T.);
#2338=EDGE_CURVE('',#2974,#2976,#221,.T.);
#2339=EDGE_CURVE('',#2977,#2976,#3366,.T.);
#2340=EDGE_CURVE('',#2977,#2978,#222,.T.);
#2341=EDGE_CURVE('',#2979,#2978,#3367,.T.);
#2342=EDGE_CURVE('',#2980,#2979,#223,.T.);
#2343=EDGE_CURVE('',#2981,#2980,#3368,.T.);
#2344=EDGE_CURVE('',#2975,#2981,#224,.T.);
#2345=EDGE_CURVE('',#2982,#2983,#3369,.T.);
#2346=EDGE_CURVE('',#2982,#2984,#225,.T.);
#2347=EDGE_CURVE('',#2985,#2984,#3370,.T.);
#2348=EDGE_CURVE('',#2985,#2986,#226,.T.);
#2349=EDGE_CURVE('',#2987,#2986,#3371,.T.);
#2350=EDGE_CURVE('',#2988,#2987,#227,.T.);
#2351=EDGE_CURVE('',#2989,#2988,#3372,.T.);
#2352=EDGE_CURVE('',#2983,#2989,#228,.T.);
#2353=EDGE_CURVE('',#2990,#2991,#3373,.T.);
#2354=EDGE_CURVE('',#2990,#2992,#229,.T.);
#2355=EDGE_CURVE('',#2993,#2992,#3374,.T.);
#2356=EDGE_CURVE('',#2993,#2994,#230,.T.);
#2357=EDGE_CURVE('',#2995,#2994,#3375,.T.);
#2358=EDGE_CURVE('',#2996,#2995,#231,.T.);
#2359=EDGE_CURVE('',#2997,#2996,#3376,.T.);
#2360=EDGE_CURVE('',#2991,#2997,#232,.T.);
#2361=EDGE_CURVE('',#2998,#2999,#3377,.T.);
#2362=EDGE_CURVE('',#2998,#3000,#233,.T.);
#2363=EDGE_CURVE('',#3001,#3000,#3378,.T.);
#2364=EDGE_CURVE('',#3001,#3002,#234,.T.);
#2365=EDGE_CURVE('',#3003,#3002,#3379,.T.);
#2366=EDGE_CURVE('',#3004,#3003,#235,.T.);
#2367=EDGE_CURVE('',#3005,#3004,#3380,.T.);
#2368=EDGE_CURVE('',#2999,#3005,#236,.T.);
#2369=EDGE_CURVE('',#3006,#3007,#3381,.T.);
#2370=EDGE_CURVE('',#3006,#3008,#237,.T.);
#2371=EDGE_CURVE('',#3009,#3008,#3382,.T.);
#2372=EDGE_CURVE('',#3009,#3010,#238,.T.);
#2373=EDGE_CURVE('',#3011,#3010,#3383,.T.);
#2374=EDGE_CURVE('',#3012,#3011,#239,.T.);
#2375=EDGE_CURVE('',#3013,#3012,#3384,.T.);
#2376=EDGE_CURVE('',#3007,#3013,#240,.T.);
#2377=EDGE_CURVE('',#3014,#3015,#3385,.T.);
#2378=EDGE_CURVE('',#3014,#3016,#241,.T.);
#2379=EDGE_CURVE('',#3017,#3016,#3386,.T.);
#2380=EDGE_CURVE('',#3017,#3018,#242,.T.);
#2381=EDGE_CURVE('',#3019,#3018,#3387,.T.);
#2382=EDGE_CURVE('',#3020,#3019,#243,.T.);
#2383=EDGE_CURVE('',#3021,#3020,#3388,.T.);
#2384=EDGE_CURVE('',#3015,#3021,#244,.T.);
#2385=EDGE_CURVE('',#3022,#3023,#3389,.T.);
#2386=EDGE_CURVE('',#3022,#3024,#245,.T.);
#2387=EDGE_CURVE('',#3025,#3024,#3390,.T.);
#2388=EDGE_CURVE('',#3025,#3026,#246,.T.);
#2389=EDGE_CURVE('',#3027,#3026,#3391,.T.);
#2390=EDGE_CURVE('',#3028,#3027,#247,.T.);
#2391=EDGE_CURVE('',#3029,#3028,#3392,.T.);
#2392=EDGE_CURVE('',#3023,#3029,#248,.T.);
#2393=EDGE_CURVE('',#3030,#3031,#3393,.T.);
#2394=EDGE_CURVE('',#3030,#3032,#249,.T.);
#2395=EDGE_CURVE('',#3033,#3032,#3394,.T.);
#2396=EDGE_CURVE('',#3033,#3034,#250,.T.);
#2397=EDGE_CURVE('',#3035,#3034,#3395,.T.);
#2398=EDGE_CURVE('',#3036,#3035,#251,.T.);
#2399=EDGE_CURVE('',#3037,#3036,#3396,.T.);
#2400=EDGE_CURVE('',#3031,#3037,#252,.T.);
#2401=EDGE_CURVE('',#3038,#3038,#3397,.F.);
#2402=EDGE_CURVE('',#3039,#3039,#3398,.F.);
#2403=EDGE_CURVE('',#3040,#3040,#3399,.F.);
#2404=EDGE_CURVE('',#3041,#3041,#3400,.F.);
#2405=EDGE_CURVE('',#3042,#3042,#3401,.F.);
#2406=EDGE_CURVE('',#3043,#3043,#3402,.F.);
#2407=EDGE_CURVE('',#3044,#3045,#253,.T.);
#2408=EDGE_CURVE('',#3044,#3046,#3403,.T.);
#2409=EDGE_CURVE('',#3046,#3047,#254,.T.);
#2410=EDGE_CURVE('',#3047,#3048,#3404,.T.);
#2411=EDGE_CURVE('',#3048,#3049,#255,.T.);
#2412=EDGE_CURVE('',#3049,#3050,#3405,.T.);
#2413=EDGE_CURVE('',#3051,#3050,#256,.T.);
#2414=EDGE_CURVE('',#3051,#3045,#3406,.T.);
#2415=EDGE_CURVE('',#3052,#3053,#257,.T.);
#2416=EDGE_CURVE('',#3052,#3054,#3407,.T.);
#2417=EDGE_CURVE('',#3054,#3055,#258,.T.);
#2418=EDGE_CURVE('',#3055,#3056,#3408,.T.);
#2419=EDGE_CURVE('',#3056,#3057,#259,.T.);
#2420=EDGE_CURVE('',#3057,#3058,#3409,.T.);
#2421=EDGE_CURVE('',#3059,#3058,#260,.T.);
#2422=EDGE_CURVE('',#3059,#3053,#3410,.T.);
#2423=EDGE_CURVE('',#3060,#3061,#261,.T.);
#2424=EDGE_CURVE('',#3060,#3062,#3411,.T.);
#2425=EDGE_CURVE('',#3062,#3063,#262,.T.);
#2426=EDGE_CURVE('',#3063,#3064,#3412,.T.);
#2427=EDGE_CURVE('',#3064,#3065,#263,.T.);
#2428=EDGE_CURVE('',#3065,#3066,#3413,.T.);
#2429=EDGE_CURVE('',#3067,#3066,#264,.T.);
#2430=EDGE_CURVE('',#3067,#3061,#3414,.T.);
#2431=EDGE_CURVE('',#3068,#3069,#265,.T.);
#2432=EDGE_CURVE('',#3068,#3070,#3415,.T.);
#2433=EDGE_CURVE('',#3070,#3071,#266,.T.);
#2434=EDGE_CURVE('',#3071,#3072,#3416,.T.);
#2435=EDGE_CURVE('',#3072,#3073,#267,.T.);
#2436=EDGE_CURVE('',#3073,#3074,#3417,.T.);
#2437=EDGE_CURVE('',#3075,#3074,#268,.T.);
#2438=EDGE_CURVE('',#3075,#3069,#3418,.T.);
#2439=EDGE_CURVE('',#3076,#3077,#269,.T.);
#2440=EDGE_CURVE('',#3076,#3078,#3419,.T.);
#2441=EDGE_CURVE('',#3078,#3079,#270,.T.);
#2442=EDGE_CURVE('',#3079,#3080,#3420,.T.);
#2443=EDGE_CURVE('',#3080,#3081,#271,.T.);
#2444=EDGE_CURVE('',#3081,#3082,#3421,.T.);
#2445=EDGE_CURVE('',#3083,#3082,#272,.T.);
#2446=EDGE_CURVE('',#3083,#3077,#3422,.T.);
#2447=EDGE_CURVE('',#3084,#3085,#273,.T.);
#2448=EDGE_CURVE('',#3084,#3086,#3423,.T.);
#2449=EDGE_CURVE('',#3086,#3087,#274,.T.);
#2450=EDGE_CURVE('',#3087,#3088,#3424,.T.);
#2451=EDGE_CURVE('',#3088,#3089,#275,.T.);
#2452=EDGE_CURVE('',#3089,#3090,#3425,.T.);
#2453=EDGE_CURVE('',#3091,#3090,#276,.T.);
#2454=EDGE_CURVE('',#3091,#3085,#3426,.T.);
#2455=EDGE_CURVE('',#3092,#3093,#277,.T.);
#2456=EDGE_CURVE('',#3092,#3094,#3427,.T.);
#2457=EDGE_CURVE('',#3094,#3095,#278,.T.);
#2458=EDGE_CURVE('',#3095,#3096,#3428,.T.);
#2459=EDGE_CURVE('',#3096,#3097,#279,.T.);
#2460=EDGE_CURVE('',#3097,#3098,#3429,.T.);
#2461=EDGE_CURVE('',#3099,#3098,#280,.T.);
#2462=EDGE_CURVE('',#3099,#3093,#3430,.T.);
#2463=EDGE_CURVE('',#3100,#3101,#281,.T.);
#2464=EDGE_CURVE('',#3100,#3102,#3431,.T.);
#2465=EDGE_CURVE('',#3102,#3103,#282,.T.);
#2466=EDGE_CURVE('',#3103,#3104,#3432,.T.);
#2467=EDGE_CURVE('',#3104,#3105,#283,.T.);
#2468=EDGE_CURVE('',#3105,#3106,#3433,.T.);
#2469=EDGE_CURVE('',#3107,#3106,#284,.T.);
#2470=EDGE_CURVE('',#3107,#3101,#3434,.T.);
#2471=EDGE_CURVE('',#3108,#3109,#285,.T.);
#2472=EDGE_CURVE('',#3108,#3110,#286,.T.);
#2473=EDGE_CURVE('',#3110,#3111,#287,.T.);
#2474=EDGE_CURVE('',#3111,#3112,#3435,.F.);
#2475=EDGE_CURVE('',#3112,#3113,#288,.T.);
#2476=EDGE_CURVE('',#3113,#3114,#3436,.F.);
#2477=EDGE_CURVE('',#3115,#3114,#289,.T.);
#2478=EDGE_CURVE('',#3115,#3116,#3437,.F.);
#2479=EDGE_CURVE('',#3117,#3116,#290,.T.);
#2480=EDGE_CURVE('',#3117,#2873,#3438,.F.);
#2481=EDGE_CURVE('',#2876,#2871,#291,.T.);
#2482=EDGE_CURVE('',#2877,#3118,#3439,.T.);
#2483=EDGE_CURVE('',#3118,#3119,#292,.T.);
#2484=EDGE_CURVE('',#3119,#3120,#3440,.T.);
#2485=EDGE_CURVE('',#3120,#3121,#293,.T.);
#2486=EDGE_CURVE('',#3121,#3122,#3441,.T.);
#2487=EDGE_CURVE('',#3123,#3122,#294,.T.);
#2488=EDGE_CURVE('',#3123,#3109,#3442,.T.);
#2489=EDGE_CURVE('',#3124,#3125,#295,.T.);
#2490=EDGE_CURVE('',#3124,#3126,#3443,.T.);
#2491=EDGE_CURVE('',#3126,#3127,#296,.T.);
#2492=EDGE_CURVE('',#3127,#3128,#3444,.T.);
#2493=EDGE_CURVE('',#3128,#3129,#297,.T.);
#2494=EDGE_CURVE('',#3129,#3130,#3445,.T.);
#2495=EDGE_CURVE('',#3131,#3130,#298,.T.);
#2496=EDGE_CURVE('',#3131,#3125,#3446,.T.);
#2497=EDGE_CURVE('',#3132,#3133,#299,.T.);
#2498=EDGE_CURVE('',#3132,#3134,#3447,.T.);
#2499=EDGE_CURVE('',#3134,#3135,#300,.T.);
#2500=EDGE_CURVE('',#3135,#3136,#3448,.T.);
#2501=EDGE_CURVE('',#3136,#3137,#301,.T.);
#2502=EDGE_CURVE('',#3137,#3138,#3449,.T.);
#2503=EDGE_CURVE('',#3139,#3138,#302,.T.);
#2504=EDGE_CURVE('',#3139,#3133,#3450,.T.);
#2505=EDGE_CURVE('',#3140,#3141,#303,.T.);
#2506=EDGE_CURVE('',#3140,#3142,#3451,.T.);
#2507=EDGE_CURVE('',#3142,#3143,#304,.T.);
#2508=EDGE_CURVE('',#3143,#3144,#3452,.T.);
#2509=EDGE_CURVE('',#3144,#3145,#305,.T.);
#2510=EDGE_CURVE('',#3145,#3146,#3453,.T.);
#2511=EDGE_CURVE('',#3147,#3146,#306,.T.);
#2512=EDGE_CURVE('',#3147,#3141,#3454,.T.);
#2513=EDGE_CURVE('',#3148,#3149,#307,.T.);
#2514=EDGE_CURVE('',#3148,#3150,#3455,.T.);
#2515=EDGE_CURVE('',#3150,#3151,#308,.T.);
#2516=EDGE_CURVE('',#3151,#3152,#3456,.T.);
#2517=EDGE_CURVE('',#3152,#3153,#309,.T.);
#2518=EDGE_CURVE('',#3153,#3154,#3457,.T.);
#2519=EDGE_CURVE('',#3155,#3154,#310,.T.);
#2520=EDGE_CURVE('',#3155,#3149,#3458,.T.);
#2521=EDGE_CURVE('',#3156,#3157,#311,.T.);
#2522=EDGE_CURVE('',#3156,#3158,#3459,.T.);
#2523=EDGE_CURVE('',#3158,#3159,#312,.T.);
#2524=EDGE_CURVE('',#3159,#3160,#3460,.T.);
#2525=EDGE_CURVE('',#3160,#3161,#313,.T.);
#2526=EDGE_CURVE('',#3161,#3162,#3461,.T.);
#2527=EDGE_CURVE('',#3163,#3162,#314,.T.);
#2528=EDGE_CURVE('',#3163,#3157,#3462,.T.);
#2529=EDGE_CURVE('',#3164,#3165,#315,.T.);
#2530=EDGE_CURVE('',#3164,#3166,#3463,.T.);
#2531=EDGE_CURVE('',#3166,#3167,#316,.T.);
#2532=EDGE_CURVE('',#3167,#3168,#3464,.T.);
#2533=EDGE_CURVE('',#3168,#3169,#317,.T.);
#2534=EDGE_CURVE('',#3169,#3170,#3465,.T.);
#2535=EDGE_CURVE('',#3171,#3170,#318,.T.);
#2536=EDGE_CURVE('',#3171,#3165,#3466,.T.);
#2537=EDGE_CURVE('',#3172,#3173,#319,.T.);
#2538=EDGE_CURVE('',#3172,#3174,#3467,.T.);
#2539=EDGE_CURVE('',#3174,#3175,#320,.T.);
#2540=EDGE_CURVE('',#3175,#3176,#3468,.T.);
#2541=EDGE_CURVE('',#3176,#3177,#321,.T.);
#2542=EDGE_CURVE('',#3177,#3178,#3469,.T.);
#2543=EDGE_CURVE('',#3179,#3178,#322,.T.);
#2544=EDGE_CURVE('',#3179,#3173,#3470,.T.);
#2545=EDGE_CURVE('',#3180,#3181,#323,.T.);
#2546=EDGE_CURVE('',#3180,#3182,#3471,.T.);
#2547=EDGE_CURVE('',#3182,#3183,#324,.T.);
#2548=EDGE_CURVE('',#3183,#3184,#3472,.T.);
#2549=EDGE_CURVE('',#3184,#3185,#325,.T.);
#2550=EDGE_CURVE('',#3185,#3186,#3473,.T.);
#2551=EDGE_CURVE('',#3187,#3186,#326,.T.);
#2552=EDGE_CURVE('',#3187,#3181,#3474,.T.);
#2553=EDGE_CURVE('',#3188,#3189,#327,.T.);
#2554=EDGE_CURVE('',#3188,#3190,#3475,.T.);
#2555=EDGE_CURVE('',#3190,#3191,#328,.T.);
#2556=EDGE_CURVE('',#3191,#3192,#3476,.T.);
#2557=EDGE_CURVE('',#3192,#3193,#329,.T.);
#2558=EDGE_CURVE('',#3193,#3194,#3477,.T.);
#2559=EDGE_CURVE('',#3195,#3194,#330,.T.);
#2560=EDGE_CURVE('',#3195,#3189,#3478,.T.);
#2561=EDGE_CURVE('',#2885,#3110,#3479,.T.);
#2562=EDGE_CURVE('',#2901,#3111,#331,.T.);
#2563=EDGE_CURVE('',#3116,#2896,#332,.F.);
#2564=EDGE_CURVE('',#2895,#3117,#333,.T.);
#2565=EDGE_CURVE('',#3114,#2898,#334,.F.);
#2566=EDGE_CURVE('',#2897,#3115,#335,.T.);
#2567=EDGE_CURVE('',#3112,#2900,#336,.F.);
#2568=EDGE_CURVE('',#2899,#3113,#337,.T.);
#2569=EDGE_CURVE('',#3108,#2884,#3480,.T.);
#2570=EDGE_CURVE('',#3109,#2886,#338,.T.);
#2571=EDGE_CURVE('',#2875,#3196,#46,.T.);
#2572=EDGE_CURVE('',#2893,#3196,#339,.F.);
#2573=EDGE_CURVE('',#3118,#2892,#340,.T.);
#2574=EDGE_CURVE('',#3119,#2891,#341,.T.);
#2575=EDGE_CURVE('',#3120,#2890,#342,.T.);
#2576=EDGE_CURVE('',#3121,#2889,#343,.T.);
#2577=EDGE_CURVE('',#3122,#2888,#344,.T.);
#2578=EDGE_CURVE('',#3123,#2887,#345,.T.);
#2579=EDGE_CURVE('',#3125,#2904,#346,.T.);
#2580=EDGE_CURVE('',#3124,#2902,#347,.T.);
#2581=EDGE_CURVE('',#3126,#2903,#348,.T.);
#2582=EDGE_CURVE('',#3127,#2909,#349,.T.);
#2583=EDGE_CURVE('',#3128,#2908,#350,.T.);
#2584=EDGE_CURVE('',#3129,#2907,#351,.T.);
#2585=EDGE_CURVE('',#3130,#2906,#352,.T.);
#2586=EDGE_CURVE('',#3131,#2905,#353,.T.);
#2587=EDGE_CURVE('',#3101,#2912,#354,.T.);
#2588=EDGE_CURVE('',#3100,#2910,#355,.T.);
#2589=EDGE_CURVE('',#3102,#2911,#356,.T.);
#2590=EDGE_CURVE('',#3103,#2917,#357,.T.);
#2591=EDGE_CURVE('',#3104,#2916,#358,.T.);
#2592=EDGE_CURVE('',#3105,#2915,#359,.T.);
#2593=EDGE_CURVE('',#3106,#2914,#360,.T.);
#2594=EDGE_CURVE('',#3107,#2913,#361,.T.);
#2595=EDGE_CURVE('',#3133,#2920,#362,.T.);
#2596=EDGE_CURVE('',#3132,#2918,#363,.T.);
#2597=EDGE_CURVE('',#3134,#2919,#364,.T.);
#2598=EDGE_CURVE('',#3135,#2925,#365,.T.);
#2599=EDGE_CURVE('',#3136,#2924,#366,.T.);
#2600=EDGE_CURVE('',#3137,#2923,#367,.T.);
#2601=EDGE_CURVE('',#3138,#2922,#368,.T.);
#2602=EDGE_CURVE('',#3139,#2921,#369,.T.);
#2603=EDGE_CURVE('',#3093,#2928,#370,.T.);
#2604=EDGE_CURVE('',#3092,#2926,#371,.T.);
#2605=EDGE_CURVE('',#3094,#2927,#372,.T.);
#2606=EDGE_CURVE('',#3095,#2933,#373,.T.);
#2607=EDGE_CURVE('',#3096,#2932,#374,.T.);
#2608=EDGE_CURVE('',#3097,#2931,#375,.T.);
#2609=EDGE_CURVE('',#3098,#2930,#376,.T.);
#2610=EDGE_CURVE('',#3099,#2929,#377,.T.);
#2611=EDGE_CURVE('',#3141,#2936,#378,.T.);
#2612=EDGE_CURVE('',#3140,#2934,#379,.T.);
#2613=EDGE_CURVE('',#3142,#2935,#380,.T.);
#2614=EDGE_CURVE('',#3143,#2941,#381,.T.);
#2615=EDGE_CURVE('',#3144,#2940,#382,.T.);
#2616=EDGE_CURVE('',#3145,#2939,#383,.T.);
#2617=EDGE_CURVE('',#3146,#2938,#384,.T.);
#2618=EDGE_CURVE('',#3147,#2937,#385,.T.);
#2619=EDGE_CURVE('',#3085,#2944,#386,.T.);
#2620=EDGE_CURVE('',#3084,#2942,#387,.T.);
#2621=EDGE_CURVE('',#3086,#2943,#388,.T.);
#2622=EDGE_CURVE('',#3087,#2949,#389,.T.);
#2623=EDGE_CURVE('',#3088,#2948,#390,.T.);
#2624=EDGE_CURVE('',#3089,#2947,#391,.T.);
#2625=EDGE_CURVE('',#3090,#2946,#392,.T.);
#2626=EDGE_CURVE('',#3091,#2945,#393,.T.);
#2627=EDGE_CURVE('',#3149,#2952,#394,.T.);
#2628=EDGE_CURVE('',#3148,#2950,#395,.T.);
#2629=EDGE_CURVE('',#3150,#2951,#396,.T.);
#2630=EDGE_CURVE('',#3151,#2957,#397,.T.);
#2631=EDGE_CURVE('',#3152,#2956,#398,.T.);
#2632=EDGE_CURVE('',#3153,#2955,#399,.T.);
#2633=EDGE_CURVE('',#3154,#2954,#400,.T.);
#2634=EDGE_CURVE('',#3155,#2953,#401,.T.);
#2635=EDGE_CURVE('',#3077,#2960,#402,.T.);
#2636=EDGE_CURVE('',#3076,#2958,#403,.T.);
#2637=EDGE_CURVE('',#3078,#2959,#404,.T.);
#2638=EDGE_CURVE('',#3079,#2965,#405,.T.);
#2639=EDGE_CURVE('',#3080,#2964,#406,.T.);
#2640=EDGE_CURVE('',#3081,#2963,#407,.T.);
#2641=EDGE_CURVE('',#3082,#2962,#408,.T.);
#2642=EDGE_CURVE('',#3083,#2961,#409,.T.);
#2643=EDGE_CURVE('',#3157,#2968,#410,.T.);
#2644=EDGE_CURVE('',#3156,#2966,#411,.T.);
#2645=EDGE_CURVE('',#3158,#2967,#412,.T.);
#2646=EDGE_CURVE('',#3159,#2973,#413,.T.);
#2647=EDGE_CURVE('',#3160,#2972,#414,.T.);
#2648=EDGE_CURVE('',#3161,#2971,#415,.T.);
#2649=EDGE_CURVE('',#3162,#2970,#416,.T.);
#2650=EDGE_CURVE('',#3163,#2969,#417,.T.);
#2651=EDGE_CURVE('',#3069,#2976,#418,.T.);
#2652=EDGE_CURVE('',#3068,#2974,#419,.T.);
#2653=EDGE_CURVE('',#3070,#2975,#420,.T.);
#2654=EDGE_CURVE('',#3071,#2981,#421,.T.);
#2655=EDGE_CURVE('',#3072,#2980,#422,.T.);
#2656=EDGE_CURVE('',#3073,#2979,#423,.T.);
#2657=EDGE_CURVE('',#3074,#2978,#424,.T.);
#2658=EDGE_CURVE('',#3075,#2977,#425,.T.);
#2659=EDGE_CURVE('',#3165,#2984,#426,.T.);
#2660=EDGE_CURVE('',#3164,#2982,#427,.T.);
#2661=EDGE_CURVE('',#3166,#2983,#428,.T.);
#2662=EDGE_CURVE('',#3167,#2989,#429,.T.);
#2663=EDGE_CURVE('',#3168,#2988,#430,.T.);
#2664=EDGE_CURVE('',#3169,#2987,#431,.T.);
#2665=EDGE_CURVE('',#3170,#2986,#432,.T.);
#2666=EDGE_CURVE('',#3171,#2985,#433,.T.);
#2667=EDGE_CURVE('',#3061,#2992,#434,.T.);
#2668=EDGE_CURVE('',#3060,#2990,#435,.T.);
#2669=EDGE_CURVE('',#3062,#2991,#436,.T.);
#2670=EDGE_CURVE('',#3063,#2997,#437,.T.);
#2671=EDGE_CURVE('',#3064,#2996,#438,.T.);
#2672=EDGE_CURVE('',#3065,#2995,#439,.T.);
#2673=EDGE_CURVE('',#3066,#2994,#440,.T.);
#2674=EDGE_CURVE('',#3067,#2993,#441,.T.);
#2675=EDGE_CURVE('',#3173,#3000,#442,.T.);
#2676=EDGE_CURVE('',#3172,#2998,#443,.T.);
#2677=EDGE_CURVE('',#3174,#2999,#444,.T.);
#2678=EDGE_CURVE('',#3175,#3005,#445,.T.);
#2679=EDGE_CURVE('',#3176,#3004,#446,.T.);
#2680=EDGE_CURVE('',#3177,#3003,#447,.T.);
#2681=EDGE_CURVE('',#3178,#3002,#448,.T.);
#2682=EDGE_CURVE('',#3179,#3001,#449,.T.);
#2683=EDGE_CURVE('',#3053,#3008,#450,.T.);
#2684=EDGE_CURVE('',#3052,#3006,#451,.T.);
#2685=EDGE_CURVE('',#3054,#3007,#452,.T.);
#2686=EDGE_CURVE('',#3055,#3013,#453,.T.);
#2687=EDGE_CURVE('',#3056,#3012,#454,.T.);
#2688=EDGE_CURVE('',#3057,#3011,#455,.T.);
#2689=EDGE_CURVE('',#3058,#3010,#456,.T.);
#2690=EDGE_CURVE('',#3059,#3009,#457,.T.);
#2691=EDGE_CURVE('',#3181,#3016,#458,.T.);
#2692=EDGE_CURVE('',#3180,#3014,#459,.T.);
#2693=EDGE_CURVE('',#3182,#3015,#460,.T.);
#2694=EDGE_CURVE('',#3183,#3021,#461,.T.);
#2695=EDGE_CURVE('',#3184,#3020,#462,.T.);
#2696=EDGE_CURVE('',#3185,#3019,#463,.T.);
#2697=EDGE_CURVE('',#3186,#3018,#464,.T.);
#2698=EDGE_CURVE('',#3187,#3017,#465,.T.);
#2699=EDGE_CURVE('',#3045,#3024,#466,.T.);
#2700=EDGE_CURVE('',#3044,#3022,#467,.T.);
#2701=EDGE_CURVE('',#3046,#3023,#468,.T.);
#2702=EDGE_CURVE('',#3047,#3029,#469,.T.);
#2703=EDGE_CURVE('',#3048,#3028,#470,.T.);
#2704=EDGE_CURVE('',#3049,#3027,#471,.T.);
#2705=EDGE_CURVE('',#3050,#3026,#472,.T.);
#2706=EDGE_CURVE('',#3051,#3025,#473,.T.);
#2707=EDGE_CURVE('',#3189,#3032,#474,.T.);
#2708=EDGE_CURVE('',#3188,#3030,#475,.T.);
#2709=EDGE_CURVE('',#3190,#3031,#476,.T.);
#2710=EDGE_CURVE('',#3191,#3037,#477,.T.);
#2711=EDGE_CURVE('',#3192,#3036,#478,.T.);
#2712=EDGE_CURVE('',#3193,#3035,#479,.T.);
#2713=EDGE_CURVE('',#3194,#3034,#480,.T.);
#2714=EDGE_CURVE('',#3195,#3033,#481,.T.);
#2715=EDGE_CURVE('',#3196,#2894,#3481,.T.);
#2716=EDGE_CURVE('',#3197,#3197,#3482,.T.);
#2717=EDGE_CURVE('',#3198,#3198,#3483,.T.);
#2718=EDGE_CURVE('',#3199,#3199,#3484,.T.);
#2719=EDGE_CURVE('',#3200,#3200,#3485,.T.);
#2720=EDGE_CURVE('',#3201,#3201,#3486,.T.);
#2721=EDGE_CURVE('',#3202,#3202,#3487,.T.);
#2722=EDGE_CURVE('',#3203,#3204,#482,.T.);
#2723=EDGE_CURVE('',#3204,#3205,#3488,.F.);
#2724=EDGE_CURVE('',#3205,#3206,#483,.T.);
#2725=EDGE_CURVE('',#3206,#3207,#3489,.F.);
#2726=EDGE_CURVE('',#3208,#3207,#484,.T.);
#2727=EDGE_CURVE('',#3208,#3209,#3490,.F.);
#2728=EDGE_CURVE('',#3210,#3209,#485,.T.);
#2729=EDGE_CURVE('',#3210,#3203,#3491,.F.);
#2730=EDGE_CURVE('',#3211,#3212,#486,.T.);
#2731=EDGE_CURVE('',#3212,#3213,#487,.T.);
#2732=EDGE_CURVE('',#3214,#3213,#488,.T.);
#2733=EDGE_CURVE('',#3211,#3214,#489,.T.);
#2734=EDGE_CURVE('',#3212,#3215,#490,.T.);
#2735=EDGE_CURVE('',#3211,#3216,#491,.T.);
#2736=EDGE_CURVE('',#3216,#3215,#492,.T.);
#2737=EDGE_CURVE('',#3215,#3217,#493,.T.);
#2738=EDGE_CURVE('',#3216,#3218,#494,.T.);
#2739=EDGE_CURVE('',#3218,#3217,#495,.T.);
#2740=EDGE_CURVE('',#3213,#3217,#496,.T.);
#2741=EDGE_CURVE('',#3214,#3218,#497,.T.);
#2742=EDGE_CURVE('',#3219,#3220,#498,.T.);
#2743=EDGE_CURVE('',#3220,#3204,#499,.T.);
#2744=EDGE_CURVE('',#3203,#3219,#500,.F.);
#2745=EDGE_CURVE('',#3209,#3221,#501,.F.);
#2746=EDGE_CURVE('',#3222,#3221,#502,.T.);
#2747=EDGE_CURVE('',#3222,#3210,#503,.T.);
#2748=EDGE_CURVE('',#3207,#3223,#504,.F.);
#2749=EDGE_CURVE('',#3224,#3223,#505,.T.);
#2750=EDGE_CURVE('',#3224,#3208,#506,.T.);
#2751=EDGE_CURVE('',#3205,#3225,#507,.F.);
#2752=EDGE_CURVE('',#3225,#3226,#508,.T.);
#2753=EDGE_CURVE('',#3226,#3206,#509,.T.);
#2754=EDGE_CURVE('',#3227,#3227,#3492,.F.);
#2755=EDGE_CURVE('',#3228,#3228,#3493,.F.);
#2756=EDGE_CURVE('',#3229,#3229,#3494,.F.);
#2757=EDGE_CURVE('',#3230,#3230,#3495,.F.);
#2758=EDGE_CURVE('',#3231,#3231,#3496,.F.);
#2759=EDGE_CURVE('',#3232,#3232,#3497,.F.);
#2760=EDGE_CURVE('',#3225,#3220,#3498,.T.);
#2761=EDGE_CURVE('',#3219,#3222,#3499,.T.);
#2762=EDGE_CURVE('',#3221,#3224,#3500,.T.);
#2763=EDGE_CURVE('',#3223,#3226,#3501,.T.);
#2764=EDGE_CURVE('',#3233,#3233,#3502,.T.);
#2765=EDGE_CURVE('',#3234,#3234,#3503,.T.);
#2766=EDGE_CURVE('',#3235,#3235,#3504,.T.);
#2767=EDGE_CURVE('',#3236,#3236,#3505,.T.);
#2768=EDGE_CURVE('',#3237,#3237,#3506,.T.);
#2769=EDGE_CURVE('',#3238,#3238,#3507,.T.);
#2770=EDGE_CURVE('',#3239,#3239,#3508,.T.);
#2771=EDGE_CURVE('',#3240,#3240,#3509,.T.);
#2772=EDGE_CURVE('',#3241,#3241,#3510,.T.);
#2773=EDGE_CURVE('',#3242,#3242,#3511,.T.);
#2774=EDGE_CURVE('',#3243,#3243,#3512,.T.);
#2775=EDGE_CURVE('',#3244,#3244,#3513,.T.);
#2776=EDGE_CURVE('',#3245,#3246,#3514,.T.);
#2777=EDGE_CURVE('',#3247,#3245,#510,.T.);
#2778=EDGE_CURVE('',#3247,#3248,#511,.F.);
#2779=EDGE_CURVE('',#3248,#3249,#512,.T.);
#2780=EDGE_CURVE('',#3249,#3250,#513,.T.);
#2781=EDGE_CURVE('',#3251,#3250,#514,.T.);
#2782=EDGE_CURVE('',#3252,#3251,#3515,.T.);
#2783=EDGE_CURVE('',#3253,#3252,#515,.T.);
#2784=EDGE_CURVE('',#3254,#3253,#3516,.T.);
#2785=EDGE_CURVE('',#3254,#3255,#516,.T.);
#2786=EDGE_CURVE('',#3256,#3255,#3517,.T.);
#2787=EDGE_CURVE('',#3256,#3246,#517,.T.);
#2788=EDGE_CURVE('',#3257,#3258,#518,.F.);
#2789=EDGE_CURVE('',#3258,#3259,#519,.T.);
#2790=EDGE_CURVE('',#3259,#3260,#520,.T.);
#2791=EDGE_CURVE('',#3260,#3257,#521,.F.);
#2792=EDGE_CURVE('',#3261,#3262,#522,.T.);
#2793=EDGE_CURVE('',#3262,#3263,#523,.F.);
#2794=EDGE_CURVE('',#3263,#3264,#524,.F.);
#2795=EDGE_CURVE('',#3264,#3261,#525,.T.);
#2796=EDGE_CURVE('',#3265,#3266,#526,.T.);
#2797=EDGE_CURVE('',#3265,#3267,#527,.T.);
#2798=EDGE_CURVE('',#3267,#3268,#528,.T.);
#2799=EDGE_CURVE('',#3266,#3268,#529,.T.);
#2800=EDGE_CURVE('',#3266,#3269,#530,.T.);
#2801=EDGE_CURVE('',#3269,#3270,#3518,.T.);
#2802=EDGE_CURVE('',#3271,#3270,#531,.T.);
#2803=EDGE_CURVE('',#3271,#3272,#3519,.T.);
#2804=EDGE_CURVE('',#3273,#3272,#532,.T.);
#2805=EDGE_CURVE('',#3273,#3274,#3520,.T.);
#2806=EDGE_CURVE('',#3274,#3275,#533,.T.);
#2807=EDGE_CURVE('',#3275,#3276,#3521,.T.);
#2808=EDGE_CURVE('',#3276,#3277,#534,.T.);
#2809=EDGE_CURVE('',#3278,#3277,#535,.T.);
#2810=EDGE_CURVE('',#3278,#3265,#536,.F.);
#2811=EDGE_CURVE('',#3279,#3280,#537,.T.);
#2812=EDGE_CURVE('',#3279,#3278,#538,.F.);
#2813=EDGE_CURVE('',#3277,#3280,#539,.T.);
#2814=EDGE_CURVE('',#3267,#3279,#540,.T.);
#2815=EDGE_CURVE('',#3268,#3280,#541,.T.);
#2816=EDGE_CURVE('',#3281,#3282,#542,.T.);
#2817=EDGE_CURVE('',#3281,#3283,#543,.F.);
#2818=EDGE_CURVE('',#3283,#3284,#544,.T.);
#2819=EDGE_CURVE('',#3284,#3282,#545,.T.);
#2820=EDGE_CURVE('',#3285,#3286,#546,.F.);
#2821=EDGE_CURVE('',#3286,#3287,#547,.F.);
#2822=EDGE_CURVE('',#3287,#3288,#548,.T.);
#2823=EDGE_CURVE('',#3288,#3289,#549,.T.);
#2824=EDGE_CURVE('',#3289,#3290,#550,.F.);
#2825=EDGE_CURVE('',#3290,#3291,#551,.F.);
#2826=EDGE_CURVE('',#3291,#3292,#552,.T.);
#2827=EDGE_CURVE('',#3292,#3285,#553,.F.);
#2828=EDGE_CURVE('',#3293,#3293,#3522,.T.);
#2829=EDGE_CURVE('',#3294,#3294,#3523,.T.);
#2830=EDGE_CURVE('',#3295,#3295,#3524,.T.);
#2831=EDGE_CURVE('',#3296,#3296,#3525,.T.);
#2832=EDGE_CURVE('',#3297,#3297,#3526,.T.);
#2833=EDGE_CURVE('',#3298,#3298,#3527,.T.);
#2834=EDGE_CURVE('',#3245,#3269,#554,.F.);
#2835=EDGE_CURVE('',#3276,#3251,#555,.T.);
#2836=EDGE_CURVE('',#3250,#3281,#3528,.F.);
#2837=EDGE_CURVE('',#3282,#3262,#3529,.F.);
#2838=EDGE_CURVE('',#3261,#3260,#3530,.F.);
#2839=EDGE_CURVE('',#3259,#3247,#3531,.F.);
#2840=EDGE_CURVE('',#3263,#3289,#26,.F.);
#2841=EDGE_CURVE('',#3288,#3264,#27,.T.);
#2842=EDGE_CURVE('',#3287,#3258,#28,.T.);
#2843=EDGE_CURVE('',#3257,#3288,#29,.F.);
#2844=EDGE_CURVE('',#3283,#3290,#30,.F.);
#2845=EDGE_CURVE('',#3289,#3284,#31,.T.);
#2846=EDGE_CURVE('',#3279,#3292,#32,.T.);
#2847=EDGE_CURVE('',#3285,#3267,#33,.F.);
#2848=EDGE_CURVE('',#3286,#3299,#34,.F.);
#2849=EDGE_CURVE('',#3299,#3265,#35,.F.);
#2850=EDGE_CURVE('',#3248,#3287,#36,.F.);
#2851=EDGE_CURVE('',#3300,#3299,#556,.F.);
#2852=EDGE_CURVE('',#3291,#3300,#37,.F.);
#2853=EDGE_CURVE('',#3290,#3249,#38,.T.);
#2854=EDGE_CURVE('',#3278,#3300,#39,.T.);
#2855=EDGE_CURVE('',#3248,#3258,#3532,.T.);
#2856=EDGE_CURVE('',#3283,#3249,#3533,.T.);
#2857=EDGE_CURVE('',#3263,#3284,#3534,.T.);
#2858=EDGE_CURVE('',#3257,#3264,#3535,.T.);
#2859=EDGE_CURVE('',#3270,#3246,#557,.T.);
#2860=EDGE_CURVE('',#3271,#3256,#558,.T.);
#2861=EDGE_CURVE('',#3272,#3255,#559,.T.);
#2862=EDGE_CURVE('',#3273,#3254,#560,.T.);
#2863=EDGE_CURVE('',#3274,#3253,#561,.T.);
#2864=EDGE_CURVE('',#3275,#3252,#562,.T.);
#2865=EDGE_CURVE('',#3302,#3302,#3536,.T.);
#2866=EDGE_CURVE('',#3304,#3304,#3537,.T.);
#2867=EDGE_CURVE('',#3306,#3306,#3538,.T.);
#2868=EDGE_CURVE('',#3308,#3308,#3539,.T.);
#2869=EDGE_CURVE('',#3310,#3310,#3540,.T.);
#2870=EDGE_CURVE('',#3312,#3312,#3541,.T.);
#2871=VERTEX_POINT('',#6466);
#2872=VERTEX_POINT('',#6467);
#2873=VERTEX_POINT('',#6469);
#2874=VERTEX_POINT('',#6471);
#2875=VERTEX_POINT('',#6475);
#2876=VERTEX_POINT('',#6476);
#2877=VERTEX_POINT('',#6478);
#2878=VERTEX_POINT('',#6482);
#2879=VERTEX_POINT('',#6484);
#2880=VERTEX_POINT('',#6486);
#2881=VERTEX_POINT('',#6488);
#2882=VERTEX_POINT('',#6490);
#2883=VERTEX_POINT('',#6492);
#2884=VERTEX_POINT('',#6494);
#2885=VERTEX_POINT('',#6495);
#2886=VERTEX_POINT('',#6497);
#2887=VERTEX_POINT('',#6499);
#2888=VERTEX_POINT('',#6501);
#2889=VERTEX_POINT('',#6503);
#2890=VERTEX_POINT('',#6505);
#2891=VERTEX_POINT('',#6507);
#2892=VERTEX_POINT('',#6509);
#2893=VERTEX_POINT('',#6511);
#2894=VERTEX_POINT('',#6513);
#2895=VERTEX_POINT('',#6516);
#2896=VERTEX_POINT('',#6518);
#2897=VERTEX_POINT('',#6520);
#2898=VERTEX_POINT('',#6522);
#2899=VERTEX_POINT('',#6524);
#2900=VERTEX_POINT('',#6526);
#2901=VERTEX_POINT('',#6528);
#2902=VERTEX_POINT('',#6531);
#2903=VERTEX_POINT('',#6532);
#2904=VERTEX_POINT('',#6534);
#2905=VERTEX_POINT('',#6536);
#2906=VERTEX_POINT('',#6538);
#2907=VERTEX_POINT('',#6540);
#2908=VERTEX_POINT('',#6542);
#2909=VERTEX_POINT('',#6544);
#2910=VERTEX_POINT('',#6547);
#2911=VERTEX_POINT('',#6548);
#2912=VERTEX_POINT('',#6550);
#2913=VERTEX_POINT('',#6552);
#2914=VERTEX_POINT('',#6554);
#2915=VERTEX_POINT('',#6556);
#2916=VERTEX_POINT('',#6558);
#2917=VERTEX_POINT('',#6560);
#2918=VERTEX_POINT('',#6563);
#2919=VERTEX_POINT('',#6564);
#2920=VERTEX_POINT('',#6566);
#2921=VERTEX_POINT('',#6568);
#2922=VERTEX_POINT('',#6570);
#2923=VERTEX_POINT('',#6572);
#2924=VERTEX_POINT('',#6574);
#2925=VERTEX_POINT('',#6576);
#2926=VERTEX_POINT('',#6579);
#2927=VERTEX_POINT('',#6580);
#2928=VERTEX_POINT('',#6582);
#2929=VERTEX_POINT('',#6584);
#2930=VERTEX_POINT('',#6586);
#2931=VERTEX_POINT('',#6588);
#2932=VERTEX_POINT('',#6590);
#2933=VERTEX_POINT('',#6592);
#2934=VERTEX_POINT('',#6595);
#2935=VERTEX_POINT('',#6596);
#2936=VERTEX_POINT('',#6598);
#2937=VERTEX_POINT('',#6600);
#2938=VERTEX_POINT('',#6602);
#2939=VERTEX_POINT('',#6604);
#2940=VERTEX_POINT('',#6606);
#2941=VERTEX_POINT('',#6608);
#2942=VERTEX_POINT('',#6611);
#2943=VERTEX_POINT('',#6612);
#2944=VERTEX_POINT('',#6614);
#2945=VERTEX_POINT('',#6616);
#2946=VERTEX_POINT('',#6618);
#2947=VERTEX_POINT('',#6620);
#2948=VERTEX_POINT('',#6622);
#2949=VERTEX_POINT('',#6624);
#2950=VERTEX_POINT('',#6627);
#2951=VERTEX_POINT('',#6628);
#2952=VERTEX_POINT('',#6630);
#2953=VERTEX_POINT('',#6632);
#2954=VERTEX_POINT('',#6634);
#2955=VERTEX_POINT('',#6636);
#2956=VERTEX_POINT('',#6638);
#2957=VERTEX_POINT('',#6640);
#2958=VERTEX_POINT('',#6643);
#2959=VERTEX_POINT('',#6644);
#2960=VERTEX_POINT('',#6646);
#2961=VERTEX_POINT('',#6648);
#2962=VERTEX_POINT('',#6650);
#2963=VERTEX_POINT('',#6652);
#2964=VERTEX_POINT('',#6654);
#2965=VERTEX_POINT('',#6656);
#2966=VERTEX_POINT('',#6659);
#2967=VERTEX_POINT('',#6660);
#2968=VERTEX_POINT('',#6662);
#2969=VERTEX_POINT('',#6664);
#2970=VERTEX_POINT('',#6666);
#2971=VERTEX_POINT('',#6668);
#2972=VERTEX_POINT('',#6670);
#2973=VERTEX_POINT('',#6672);
#2974=VERTEX_POINT('',#6675);
#2975=VERTEX_POINT('',#6676);
#2976=VERTEX_POINT('',#6678);
#2977=VERTEX_POINT('',#6680);
#2978=VERTEX_POINT('',#6682);
#2979=VERTEX_POINT('',#6684);
#2980=VERTEX_POINT('',#6686);
#2981=VERTEX_POINT('',#6688);
#2982=VERTEX_POINT('',#6691);
#2983=VERTEX_POINT('',#6692);
#2984=VERTEX_POINT('',#6694);
#2985=VERTEX_POINT('',#6696);
#2986=VERTEX_POINT('',#6698);
#2987=VERTEX_POINT('',#6700);
#2988=VERTEX_POINT('',#6702);
#2989=VERTEX_POINT('',#6704);
#2990=VERTEX_POINT('',#6707);
#2991=VERTEX_POINT('',#6708);
#2992=VERTEX_POINT('',#6710);
#2993=VERTEX_POINT('',#6712);
#2994=VERTEX_POINT('',#6714);
#2995=VERTEX_POINT('',#6716);
#2996=VERTEX_POINT('',#6718);
#2997=VERTEX_POINT('',#6720);
#2998=VERTEX_POINT('',#6723);
#2999=VERTEX_POINT('',#6724);
#3000=VERTEX_POINT('',#6726);
#3001=VERTEX_POINT('',#6728);
#3002=VERTEX_POINT('',#6730);
#3003=VERTEX_POINT('',#6732);
#3004=VERTEX_POINT('',#6734);
#3005=VERTEX_POINT('',#6736);
#3006=VERTEX_POINT('',#6739);
#3007=VERTEX_POINT('',#6740);
#3008=VERTEX_POINT('',#6742);
#3009=VERTEX_POINT('',#6744);
#3010=VERTEX_POINT('',#6746);
#3011=VERTEX_POINT('',#6748);
#3012=VERTEX_POINT('',#6750);
#3013=VERTEX_POINT('',#6752);
#3014=VERTEX_POINT('',#6755);
#3015=VERTEX_POINT('',#6756);
#3016=VERTEX_POINT('',#6758);
#3017=VERTEX_POINT('',#6760);
#3018=VERTEX_POINT('',#6762);
#3019=VERTEX_POINT('',#6764);
#3020=VERTEX_POINT('',#6766);
#3021=VERTEX_POINT('',#6768);
#3022=VERTEX_POINT('',#6771);
#3023=VERTEX_POINT('',#6772);
#3024=VERTEX_POINT('',#6774);
#3025=VERTEX_POINT('',#6776);
#3026=VERTEX_POINT('',#6778);
#3027=VERTEX_POINT('',#6780);
#3028=VERTEX_POINT('',#6782);
#3029=VERTEX_POINT('',#6784);
#3030=VERTEX_POINT('',#6787);
#3031=VERTEX_POINT('',#6788);
#3032=VERTEX_POINT('',#6790);
#3033=VERTEX_POINT('',#6792);
#3034=VERTEX_POINT('',#6794);
#3035=VERTEX_POINT('',#6796);
#3036=VERTEX_POINT('',#6798);
#3037=VERTEX_POINT('',#6800);
#3038=VERTEX_POINT('',#6804);
#3039=VERTEX_POINT('',#6806);
#3040=VERTEX_POINT('',#6808);
#3041=VERTEX_POINT('',#6810);
#3042=VERTEX_POINT('',#6812);
#3043=VERTEX_POINT('',#6814);
#3044=VERTEX_POINT('',#6816);
#3045=VERTEX_POINT('',#6817);
#3046=VERTEX_POINT('',#6819);
#3047=VERTEX_POINT('',#6821);
#3048=VERTEX_POINT('',#6823);
#3049=VERTEX_POINT('',#6825);
#3050=VERTEX_POINT('',#6827);
#3051=VERTEX_POINT('',#6829);
#3052=VERTEX_POINT('',#6832);
#3053=VERTEX_POINT('',#6833);
#3054=VERTEX_POINT('',#6835);
#3055=VERTEX_POINT('',#6837);
#3056=VERTEX_POINT('',#6839);
#3057=VERTEX_POINT('',#6841);
#3058=VERTEX_POINT('',#6843);
#3059=VERTEX_POINT('',#6845);
#3060=VERTEX_POINT('',#6848);
#3061=VERTEX_POINT('',#6849);
#3062=VERTEX_POINT('',#6851);
#3063=VERTEX_POINT('',#6853);
#3064=VERTEX_POINT('',#6855);
#3065=VERTEX_POINT('',#6857);
#3066=VERTEX_POINT('',#6859);
#3067=VERTEX_POINT('',#6861);
#3068=VERTEX_POINT('',#6864);
#3069=VERTEX_POINT('',#6865);
#3070=VERTEX_POINT('',#6867);
#3071=VERTEX_POINT('',#6869);
#3072=VERTEX_POINT('',#6871);
#3073=VERTEX_POINT('',#6873);
#3074=VERTEX_POINT('',#6875);
#3075=VERTEX_POINT('',#6877);
#3076=VERTEX_POINT('',#6880);
#3077=VERTEX_POINT('',#6881);
#3078=VERTEX_POINT('',#6883);
#3079=VERTEX_POINT('',#6885);
#3080=VERTEX_POINT('',#6887);
#3081=VERTEX_POINT('',#6889);
#3082=VERTEX_POINT('',#6891);
#3083=VERTEX_POINT('',#6893);
#3084=VERTEX_POINT('',#6896);
#3085=VERTEX_POINT('',#6897);
#3086=VERTEX_POINT('',#6899);
#3087=VERTEX_POINT('',#6901);
#3088=VERTEX_POINT('',#6903);
#3089=VERTEX_POINT('',#6905);
#3090=VERTEX_POINT('',#6907);
#3091=VERTEX_POINT('',#6909);
#3092=VERTEX_POINT('',#6912);
#3093=VERTEX_POINT('',#6913);
#3094=VERTEX_POINT('',#6915);
#3095=VERTEX_POINT('',#6917);
#3096=VERTEX_POINT('',#6919);
#3097=VERTEX_POINT('',#6921);
#3098=VERTEX_POINT('',#6923);
#3099=VERTEX_POINT('',#6925);
#3100=VERTEX_POINT('',#6928);
#3101=VERTEX_POINT('',#6929);
#3102=VERTEX_POINT('',#6931);
#3103=VERTEX_POINT('',#6933);
#3104=VERTEX_POINT('',#6935);
#3105=VERTEX_POINT('',#6937);
#3106=VERTEX_POINT('',#6939);
#3107=VERTEX_POINT('',#6941);
#3108=VERTEX_POINT('',#6944);
#3109=VERTEX_POINT('',#6945);
#3110=VERTEX_POINT('',#6947);
#3111=VERTEX_POINT('',#6949);
#3112=VERTEX_POINT('',#6951);
#3113=VERTEX_POINT('',#6953);
#3114=VERTEX_POINT('',#6955);
#3115=VERTEX_POINT('',#6957);
#3116=VERTEX_POINT('',#6959);
#3117=VERTEX_POINT('',#6961);
#3118=VERTEX_POINT('',#6965);
#3119=VERTEX_POINT('',#6967);
#3120=VERTEX_POINT('',#6969);
#3121=VERTEX_POINT('',#6971);
#3122=VERTEX_POINT('',#6973);
#3123=VERTEX_POINT('',#6975);
#3124=VERTEX_POINT('',#6978);
#3125=VERTEX_POINT('',#6979);
#3126=VERTEX_POINT('',#6981);
#3127=VERTEX_POINT('',#6983);
#3128=VERTEX_POINT('',#6985);
#3129=VERTEX_POINT('',#6987);
#3130=VERTEX_POINT('',#6989);
#3131=VERTEX_POINT('',#6991);
#3132=VERTEX_POINT('',#6994);
#3133=VERTEX_POINT('',#6995);
#3134=VERTEX_POINT('',#6997);
#3135=VERTEX_POINT('',#6999);
#3136=VERTEX_POINT('',#7001);
#3137=VERTEX_POINT('',#7003);
#3138=VERTEX_POINT('',#7005);
#3139=VERTEX_POINT('',#7007);
#3140=VERTEX_POINT('',#7010);
#3141=VERTEX_POINT('',#7011);
#3142=VERTEX_POINT('',#7013);
#3143=VERTEX_POINT('',#7015);
#3144=VERTEX_POINT('',#7017);
#3145=VERTEX_POINT('',#7019);
#3146=VERTEX_POINT('',#7021);
#3147=VERTEX_POINT('',#7023);
#3148=VERTEX_POINT('',#7026);
#3149=VERTEX_POINT('',#7027);
#3150=VERTEX_POINT('',#7029);
#3151=VERTEX_POINT('',#7031);
#3152=VERTEX_POINT('',#7033);
#3153=VERTEX_POINT('',#7035);
#3154=VERTEX_POINT('',#7037);
#3155=VERTEX_POINT('',#7039);
#3156=VERTEX_POINT('',#7042);
#3157=VERTEX_POINT('',#7043);
#3158=VERTEX_POINT('',#7045);
#3159=VERTEX_POINT('',#7047);
#3160=VERTEX_POINT('',#7049);
#3161=VERTEX_POINT('',#7051);
#3162=VERTEX_POINT('',#7053);
#3163=VERTEX_POINT('',#7055);
#3164=VERTEX_POINT('',#7058);
#3165=VERTEX_POINT('',#7059);
#3166=VERTEX_POINT('',#7061);
#3167=VERTEX_POINT('',#7063);
#3168=VERTEX_POINT('',#7065);
#3169=VERTEX_POINT('',#7067);
#3170=VERTEX_POINT('',#7069);
#3171=VERTEX_POINT('',#7071);
#3172=VERTEX_POINT('',#7074);
#3173=VERTEX_POINT('',#7075);
#3174=VERTEX_POINT('',#7077);
#3175=VERTEX_POINT('',#7079);
#3176=VERTEX_POINT('',#7081);
#3177=VERTEX_POINT('',#7083);
#3178=VERTEX_POINT('',#7085);
#3179=VERTEX_POINT('',#7087);
#3180=VERTEX_POINT('',#7090);
#3181=VERTEX_POINT('',#7091);
#3182=VERTEX_POINT('',#7093);
#3183=VERTEX_POINT('',#7095);
#3184=VERTEX_POINT('',#7097);
#3185=VERTEX_POINT('',#7099);
#3186=VERTEX_POINT('',#7101);
#3187=VERTEX_POINT('',#7103);
#3188=VERTEX_POINT('',#7106);
#3189=VERTEX_POINT('',#7107);
#3190=VERTEX_POINT('',#7109);
#3191=VERTEX_POINT('',#7111);
#3192=VERTEX_POINT('',#7113);
#3193=VERTEX_POINT('',#7115);
#3194=VERTEX_POINT('',#7117);
#3195=VERTEX_POINT('',#7119);
#3196=VERTEX_POINT('',#7141);
#3197=VERTEX_POINT('',#7444);
#3198=VERTEX_POINT('',#7446);
#3199=VERTEX_POINT('',#7448);
#3200=VERTEX_POINT('',#7450);
#3201=VERTEX_POINT('',#7452);
#3202=VERTEX_POINT('',#7454);
#3203=VERTEX_POINT('',#7456);
#3204=VERTEX_POINT('',#7457);
#3205=VERTEX_POINT('',#7459);
#3206=VERTEX_POINT('',#7461);
#3207=VERTEX_POINT('',#7463);
#3208=VERTEX_POINT('',#7465);
#3209=VERTEX_POINT('',#7467);
#3210=VERTEX_POINT('',#7469);
#3211=VERTEX_POINT('',#7473);
#3212=VERTEX_POINT('',#7474);
#3213=VERTEX_POINT('',#7476);
#3214=VERTEX_POINT('',#7478);
#3215=VERTEX_POINT('',#7482);
#3216=VERTEX_POINT('',#7484);
#3217=VERTEX_POINT('',#7488);
#3218=VERTEX_POINT('',#7490);
#3219=VERTEX_POINT('',#7497);
#3220=VERTEX_POINT('',#7498);
#3221=VERTEX_POINT('',#7503);
#3222=VERTEX_POINT('',#7505);
#3223=VERTEX_POINT('',#7509);
#3224=VERTEX_POINT('',#7511);
#3225=VERTEX_POINT('',#7515);
#3226=VERTEX_POINT('',#7517);
#3227=VERTEX_POINT('',#7521);
#3228=VERTEX_POINT('',#7523);
#3229=VERTEX_POINT('',#7525);
#3230=VERTEX_POINT('',#7527);
#3231=VERTEX_POINT('',#7529);
#3232=VERTEX_POINT('',#7531);
#3233=VERTEX_POINT('',#7543);
#3234=VERTEX_POINT('',#7546);
#3235=VERTEX_POINT('',#7550);
#3236=VERTEX_POINT('',#7553);
#3237=VERTEX_POINT('',#7557);
#3238=VERTEX_POINT('',#7560);
#3239=VERTEX_POINT('',#7564);
#3240=VERTEX_POINT('',#7567);
#3241=VERTEX_POINT('',#7571);
#3242=VERTEX_POINT('',#7574);
#3243=VERTEX_POINT('',#7578);
#3244=VERTEX_POINT('',#7581);
#3245=VERTEX_POINT('',#7586);
#3246=VERTEX_POINT('',#7587);
#3247=VERTEX_POINT('',#7589);
#3248=VERTEX_POINT('',#7591);
#3249=VERTEX_POINT('',#7593);
#3250=VERTEX_POINT('',#7595);
#3251=VERTEX_POINT('',#7597);
#3252=VERTEX_POINT('',#7599);
#3253=VERTEX_POINT('',#7601);
#3254=VERTEX_POINT('',#7603);
#3255=VERTEX_POINT('',#7605);
#3256=VERTEX_POINT('',#7607);
#3257=VERTEX_POINT('',#7611);
#3258=VERTEX_POINT('',#7612);
#3259=VERTEX_POINT('',#7614);
#3260=VERTEX_POINT('',#7616);
#3261=VERTEX_POINT('',#7620);
#3262=VERTEX_POINT('',#7621);
#3263=VERTEX_POINT('',#7623);
#3264=VERTEX_POINT('',#7625);
#3265=VERTEX_POINT('',#7629);
#3266=VERTEX_POINT('',#7630);
#3267=VERTEX_POINT('',#7632);
#3268=VERTEX_POINT('',#7634);
#3269=VERTEX_POINT('',#7638);
#3270=VERTEX_POINT('',#7640);
#3271=VERTEX_POINT('',#7642);
#3272=VERTEX_POINT('',#7644);
#3273=VERTEX_POINT('',#7646);
#3274=VERTEX_POINT('',#7648);
#3275=VERTEX_POINT('',#7650);
#3276=VERTEX_POINT('',#7652);
#3277=VERTEX_POINT('',#7654);
#3278=VERTEX_POINT('',#7656);
#3279=VERTEX_POINT('',#7660);
#3280=VERTEX_POINT('',#7661);
#3281=VERTEX_POINT('',#7669);
#3282=VERTEX_POINT('',#7670);
#3283=VERTEX_POINT('',#7672);
#3284=VERTEX_POINT('',#7674);
#3285=VERTEX_POINT('',#7678);
#3286=VERTEX_POINT('',#7679);
#3287=VERTEX_POINT('',#7681);
#3288=VERTEX_POINT('',#7683);
#3289=VERTEX_POINT('',#7685);
#3290=VERTEX_POINT('',#7687);
#3291=VERTEX_POINT('',#7689);
#3292=VERTEX_POINT('',#7691);
#3293=VERTEX_POINT('',#7695);
#3294=VERTEX_POINT('',#7697);
#3295=VERTEX_POINT('',#7699);
#3296=VERTEX_POINT('',#7701);
#3297=VERTEX_POINT('',#7703);
#3298=VERTEX_POINT('',#7705);
#3299=VERTEX_POINT('',#7726);
#3300=VERTEX_POINT('',#7731);
#3301=VERTEX_POINT('',#7843);
#3302=VERTEX_POINT('',#7845);
#3303=VERTEX_POINT('',#7848);
#3304=VERTEX_POINT('',#7850);
#3305=VERTEX_POINT('',#7853);
#3306=VERTEX_POINT('',#7855);
#3307=VERTEX_POINT('',#7858);
#3308=VERTEX_POINT('',#7860);
#3309=VERTEX_POINT('',#7863);
#3310=VERTEX_POINT('',#7865);
#3311=VERTEX_POINT('',#7868);
#3312=VERTEX_POINT('',#7870);
#3313=CIRCLE('',#4616,0.002);
#3314=CIRCLE('',#4618,0.002);
#3315=CIRCLE('',#4620,0.0017);
#3316=CIRCLE('',#4621,0.0017);
#3317=CIRCLE('',#4622,0.0017);
#3318=CIRCLE('',#4623,0.0017);
#3319=CIRCLE('',#4624,0.0017);
#3320=CIRCLE('',#4625,0.0017);
#3321=CIRCLE('',#4626,0.0015);
#3322=CIRCLE('',#4627,0.0015);
#3323=CIRCLE('',#4628,0.0015);
#3324=CIRCLE('',#4629,0.0015);
#3325=CIRCLE('',#4630,0.0015);
#3326=CIRCLE('',#4631,0.0015);
#3327=CIRCLE('',#4632,0.0015);
#3328=CIRCLE('',#4633,0.0015);
#3329=CIRCLE('',#4634,0.0005);
#3330=CIRCLE('',#4635,0.0005);
#3331=CIRCLE('',#4636,0.0005);
#3332=CIRCLE('',#4637,0.0005);
#3333=CIRCLE('',#4638,0.0005);
#3334=CIRCLE('',#4639,0.0005);
#3335=CIRCLE('',#4640,0.0005);
#3336=CIRCLE('',#4641,0.0005);
#3337=CIRCLE('',#4642,0.0005);
#3338=CIRCLE('',#4643,0.0005);
#3339=CIRCLE('',#4644,0.0005);
#3340=CIRCLE('',#4645,0.0005);
#3341=CIRCLE('',#4646,0.0005);
#3342=CIRCLE('',#4647,0.0005);
#3343=CIRCLE('',#4648,0.0005);
#3344=CIRCLE('',#4649,0.0005);
#3345=CIRCLE('',#4650,0.0005);
#3346=CIRCLE('',#4651,0.0005);
#3347=CIRCLE('',#4652,0.0005);
#3348=CIRCLE('',#4653,0.0005);
#3349=CIRCLE('',#4654,0.0015);
#3350=CIRCLE('',#4655,0.0015);
#3351=CIRCLE('',#4656,0.0015);
#3352=CIRCLE('',#4657,0.0015);
#3353=CIRCLE('',#4658,0.0005);
#3354=CIRCLE('',#4659,0.0005);
#3355=CIRCLE('',#4660,0.0005);
#3356=CIRCLE('',#4661,0.0005);
#3357=CIRCLE('',#4662,0.0005);
#3358=CIRCLE('',#4663,0.0005);
#3359=CIRCLE('',#4664,0.0005);
#3360=CIRCLE('',#4665,0.0005);
#3361=CIRCLE('',#4666,0.0005);
#3362=CIRCLE('',#4667,0.0005);
#3363=CIRCLE('',#4668,0.0005);
#3364=CIRCLE('',#4669,0.0005);
#3365=CIRCLE('',#4670,0.0005);
#3366=CIRCLE('',#4671,0.0005);
#3367=CIRCLE('',#4672,0.0005);
#3368=CIRCLE('',#4673,0.0005);
#3369=CIRCLE('',#4674,0.0005);
#3370=CIRCLE('',#4675,0.0005);
#3371=CIRCLE('',#4676,0.0005);
#3372=CIRCLE('',#4677,0.0005);
#3373=CIRCLE('',#4678,0.0005);
#3374=CIRCLE('',#4679,0.0005);
#3375=CIRCLE('',#4680,0.0005);
#3376=CIRCLE('',#4681,0.0005);
#3377=CIRCLE('',#4682,0.0005);
#3378=CIRCLE('',#4683,0.0005);
#3379=CIRCLE('',#4684,0.0005);
#3380=CIRCLE('',#4685,0.0005);
#3381=CIRCLE('',#4686,0.0005);
#3382=CIRCLE('',#4687,0.0005);
#3383=CIRCLE('',#4688,0.0005);
#3384=CIRCLE('',#4689,0.0005);
#3385=CIRCLE('',#4690,0.0005);
#3386=CIRCLE('',#4691,0.0005);
#3387=CIRCLE('',#4692,0.0005);
#3388=CIRCLE('',#4693,0.0005);
#3389=CIRCLE('',#4694,0.0005);
#3390=CIRCLE('',#4695,0.0005);
#3391=CIRCLE('',#4696,0.0005);
#3392=CIRCLE('',#4697,0.0005);
#3393=CIRCLE('',#4698,0.0005);
#3394=CIRCLE('',#4699,0.0005);
#3395=CIRCLE('',#4700,0.0005);
#3396=CIRCLE('',#4701,0.0005);
#3397=CIRCLE('',#4703,0.0017);
#3398=CIRCLE('',#4704,0.0017);
#3399=CIRCLE('',#4705,0.0017);
#3400=CIRCLE('',#4706,0.0017);
#3401=CIRCLE('',#4707,0.0017);
#3402=CIRCLE('',#4708,0.0017);
#3403=CIRCLE('',#4709,0.0005);
#3404=CIRCLE('',#4710,0.0005);
#3405=CIRCLE('',#4711,0.0005);
#3406=CIRCLE('',#4712,0.0005);
#3407=CIRCLE('',#4713,0.0005);
#3408=CIRCLE('',#4714,0.0005);
#3409=CIRCLE('',#4715,0.0005);
#3410=CIRCLE('',#4716,0.0005);
#3411=CIRCLE('',#4717,0.0005);
#3412=CIRCLE('',#4718,0.0005);
#3413=CIRCLE('',#4719,0.0005);
#3414=CIRCLE('',#4720,0.0005);
#3415=CIRCLE('',#4721,0.0005);
#3416=CIRCLE('',#4722,0.0005);
#3417=CIRCLE('',#4723,0.0005);
#3418=CIRCLE('',#4724,0.0005);
#3419=CIRCLE('',#4725,0.0005);
#3420=CIRCLE('',#4726,0.0005);
#3421=CIRCLE('',#4727,0.0005);
#3422=CIRCLE('',#4728,0.0005);
#3423=CIRCLE('',#4729,0.0015);
#3424=CIRCLE('',#4730,0.0015);
#3425=CIRCLE('',#4731,0.0015);
#3426=CIRCLE('',#4732,0.0015);
#3427=CIRCLE('',#4733,0.0005);
#3428=CIRCLE('',#4734,0.0005);
#3429=CIRCLE('',#4735,0.0005);
#3430=CIRCLE('',#4736,0.0005);
#3431=CIRCLE('',#4737,0.0005);
#3432=CIRCLE('',#4738,0.0005);
#3433=CIRCLE('',#4739,0.0005);
#3434=CIRCLE('',#4740,0.0005);
#3435=CIRCLE('',#4741,0.0015);
#3436=CIRCLE('',#4742,0.0015);
#3437=CIRCLE('',#4743,0.0015);
#3438=CIRCLE('',#4744,0.0015);
#3439=CIRCLE('',#4745,0.0015);
#3440=CIRCLE('',#4746,0.0015);
#3441=CIRCLE('',#4747,0.0015);
#3442=CIRCLE('',#4748,0.0015);
#3443=CIRCLE('',#4749,0.0005);
#3444=CIRCLE('',#4750,0.0005);
#3445=CIRCLE('',#4751,0.0005);
#3446=CIRCLE('',#4752,0.0005);
#3447=CIRCLE('',#4753,0.0005);
#3448=CIRCLE('',#4754,0.0005);
#3449=CIRCLE('',#4755,0.0005);
#3450=CIRCLE('',#4756,0.0005);
#3451=CIRCLE('',#4757,0.0005);
#3452=CIRCLE('',#4758,0.0005);
#3453=CIRCLE('',#4759,0.0005);
#3454=CIRCLE('',#4760,0.0005);
#3455=CIRCLE('',#4761,0.0005);
#3456=CIRCLE('',#4762,0.0005);
#3457=CIRCLE('',#4763,0.0005);
#3458=CIRCLE('',#4764,0.0005);
#3459=CIRCLE('',#4765,0.0005);
#3460=CIRCLE('',#4766,0.0005);
#3461=CIRCLE('',#4767,0.0005);
#3462=CIRCLE('',#4768,0.0005);
#3463=CIRCLE('',#4769,0.0005);
#3464=CIRCLE('',#4770,0.0005);
#3465=CIRCLE('',#4771,0.0005);
#3466=CIRCLE('',#4772,0.0005);
#3467=CIRCLE('',#4773,0.0005);
#3468=CIRCLE('',#4774,0.0005);
#3469=CIRCLE('',#4775,0.0005);
#3470=CIRCLE('',#4776,0.0005);
#3471=CIRCLE('',#4777,0.0005);
#3472=CIRCLE('',#4778,0.0005);
#3473=CIRCLE('',#4779,0.0005);
#3474=CIRCLE('',#4780,0.0005);
#3475=CIRCLE('',#4781,0.0005);
#3476=CIRCLE('',#4782,0.0005);
#3477=CIRCLE('',#4783,0.0005);
#3478=CIRCLE('',#4784,0.0005);
#3479=CIRCLE('',#4786,0.002);
#3480=CIRCLE('',#4791,0.002);
#3481=CIRCLE('',#4940,0.002);
#3482=CIRCLE('',#4951,0.00325);
#3483=CIRCLE('',#4952,0.00325);
#3484=CIRCLE('',#4953,0.00325);
#3485=CIRCLE('',#4954,0.00325);
#3486=CIRCLE('',#4955,0.00325);
#3487=CIRCLE('',#4956,0.00325);
#3488=CIRCLE('',#4957,0.0015);
#3489=CIRCLE('',#4958,0.0015);
#3490=CIRCLE('',#4959,0.0015);
#3491=CIRCLE('',#4960,0.0015);
#3492=CIRCLE('',#4970,0.0017);
#3493=CIRCLE('',#4971,0.0017);
#3494=CIRCLE('',#4972,0.0017);
#3495=CIRCLE('',#4973,0.0017);
#3496=CIRCLE('',#4974,0.0017);
#3497=CIRCLE('',#4975,0.0017);
#3498=CIRCLE('',#4976,0.0015);
#3499=CIRCLE('',#4977,0.0015);
#3500=CIRCLE('',#4978,0.0015);
#3501=CIRCLE('',#4979,0.0015);
#3502=CIRCLE('',#4986,0.0017);
#3503=CIRCLE('',#4988,0.00325);
#3504=CIRCLE('',#4991,0.0017);
#3505=CIRCLE('',#4993,0.00325);
#3506=CIRCLE('',#4996,0.0017);
#3507=CIRCLE('',#4998,0.00325);
#3508=CIRCLE('',#5001,0.0017);
#3509=CIRCLE('',#5003,0.00325);
#3510=CIRCLE('',#5006,0.0017);
#3511=CIRCLE('',#5008,0.00325);
#3512=CIRCLE('',#5011,0.0017);
#3513=CIRCLE('',#5013,0.00325);
#3514=CIRCLE('',#5017,0.002);
#3515=CIRCLE('',#5018,0.002);
#3516=CIRCLE('',#5019,0.002);
#3517=CIRCLE('',#5020,0.002);
#3518=CIRCLE('',#5025,0.002);
#3519=CIRCLE('',#5026,0.002);
#3520=CIRCLE('',#5027,0.002);
#3521=CIRCLE('',#5028,0.002);
#3522=CIRCLE('',#5034,0.0021);
#3523=CIRCLE('',#5035,0.0021);
#3524=CIRCLE('',#5036,0.0021);
#3525=CIRCLE('',#5037,0.0021);
#3526=CIRCLE('',#5038,0.0021);
#3527=CIRCLE('',#5039,0.0021);
#3528=CIRCLE('',#5040,0.0015);
#3529=CIRCLE('',#5041,0.0015);
#3530=CIRCLE('',#5042,0.0015);
#3531=CIRCLE('',#5043,0.0015);
#3532=CIRCLE('',#5067,0.0015);
#3533=CIRCLE('',#5069,0.0015);
#3534=CIRCLE('',#5071,0.0015);
#3535=CIRCLE('',#5073,0.0015);
#3536=CIRCLE('',#5082,0.0021);
#3537=CIRCLE('',#5085,0.0021);
#3538=CIRCLE('',#5088,0.0021);
#3539=CIRCLE('',#5091,0.0021);
#3540=CIRCLE('',#5094,0.0021);
#3541=CIRCLE('',#5097,0.0021);
#3542=EDGE_LOOP('',(#957,#958,#959,#960));
#3543=EDGE_LOOP('',(#961,#962,#963));
#3544=EDGE_LOOP('',(#964));
#3545=EDGE_LOOP('',(#965));
#3546=EDGE_LOOP('',(#966));
#3547=EDGE_LOOP('',(#967));
#3548=EDGE_LOOP('',(#968));
#3549=EDGE_LOOP('',(#969));
#3550=EDGE_LOOP('',(#970,#971,#972,#973,#974,#975,#976,#977,#978,#979,#980,
#981,#982,#983,#984,#985,#986,#987,#988,#989));
#3551=EDGE_LOOP('',(#990,#991,#992,#993,#994,#995,#996,#997));
#3552=EDGE_LOOP('',(#998,#999,#1000,#1001,#1002,#1003,#1004,#1005));
#3553=EDGE_LOOP('',(#1006,#1007,#1008,#1009,#1010,#1011,#1012,#1013));
#3554=EDGE_LOOP('',(#1014,#1015,#1016,#1017,#1018,#1019,#1020,#1021));
#3555=EDGE_LOOP('',(#1022,#1023,#1024,#1025,#1026,#1027,#1028,#1029));
#3556=EDGE_LOOP('',(#1030,#1031,#1032,#1033,#1034,#1035,#1036,#1037));
#3557=EDGE_LOOP('',(#1038,#1039,#1040,#1041,#1042,#1043,#1044,#1045));
#3558=EDGE_LOOP('',(#1046,#1047,#1048,#1049,#1050,#1051,#1052,#1053));
#3559=EDGE_LOOP('',(#1054,#1055,#1056,#1057,#1058,#1059,#1060,#1061));
#3560=EDGE_LOOP('',(#1062,#1063,#1064,#1065,#1066,#1067,#1068,#1069));
#3561=EDGE_LOOP('',(#1070,#1071,#1072,#1073,#1074,#1075,#1076,#1077));
#3562=EDGE_LOOP('',(#1078,#1079,#1080,#1081,#1082,#1083,#1084,#1085));
#3563=EDGE_LOOP('',(#1086,#1087,#1088,#1089,#1090,#1091,#1092,#1093));
#3564=EDGE_LOOP('',(#1094,#1095,#1096,#1097,#1098,#1099,#1100,#1101));
#3565=EDGE_LOOP('',(#1102,#1103,#1104,#1105,#1106,#1107,#1108,#1109));
#3566=EDGE_LOOP('',(#1110,#1111,#1112,#1113,#1114,#1115,#1116,#1117));
#3567=EDGE_LOOP('',(#1118,#1119,#1120,#1121,#1122,#1123,#1124,#1125));
#3568=EDGE_LOOP('',(#1126));
#3569=EDGE_LOOP('',(#1127));
#3570=EDGE_LOOP('',(#1128));
#3571=EDGE_LOOP('',(#1129));
#3572=EDGE_LOOP('',(#1130));
#3573=EDGE_LOOP('',(#1131));
#3574=EDGE_LOOP('',(#1132,#1133,#1134,#1135,#1136,#1137,#1138,#1139));
#3575=EDGE_LOOP('',(#1140,#1141,#1142,#1143,#1144,#1145,#1146,#1147));
#3576=EDGE_LOOP('',(#1148,#1149,#1150,#1151,#1152,#1153,#1154,#1155));
#3577=EDGE_LOOP('',(#1156,#1157,#1158,#1159,#1160,#1161,#1162,#1163));
#3578=EDGE_LOOP('',(#1164,#1165,#1166,#1167,#1168,#1169,#1170,#1171));
#3579=EDGE_LOOP('',(#1172,#1173,#1174,#1175,#1176,#1177,#1178,#1179));
#3580=EDGE_LOOP('',(#1180,#1181,#1182,#1183,#1184,#1185,#1186,#1187));
#3581=EDGE_LOOP('',(#1188,#1189,#1190,#1191,#1192,#1193,#1194,#1195));
#3582=EDGE_LOOP('',(#1196,#1197,#1198,#1199,#1200,#1201,#1202,#1203,#1204,
#1205,#1206,#1207,#1208,#1209,#1210,#1211,#1212,#1213,#1214,#1215));
#3583=EDGE_LOOP('',(#1216,#1217,#1218,#1219,#1220,#1221,#1222,#1223));
#3584=EDGE_LOOP('',(#1224,#1225,#1226,#1227,#1228,#1229,#1230,#1231));
#3585=EDGE_LOOP('',(#1232,#1233,#1234,#1235,#1236,#1237,#1238,#1239));
#3586=EDGE_LOOP('',(#1240,#1241,#1242,#1243,#1244,#1245,#1246,#1247));
#3587=EDGE_LOOP('',(#1248,#1249,#1250,#1251,#1252,#1253,#1254,#1255));
#3588=EDGE_LOOP('',(#1256,#1257,#1258,#1259,#1260,#1261,#1262,#1263));
#3589=EDGE_LOOP('',(#1264,#1265,#1266,#1267,#1268,#1269,#1270,#1271));
#3590=EDGE_LOOP('',(#1272,#1273,#1274,#1275,#1276,#1277,#1278,#1279));
#3591=EDGE_LOOP('',(#1280,#1281,#1282,#1283,#1284,#1285,#1286,#1287));
#3592=EDGE_LOOP('',(#1288,#1289,#1290,#1291));
#3593=EDGE_LOOP('',(#1292,#1293,#1294,#1295));
#3594=EDGE_LOOP('',(#1296,#1297,#1298,#1299));
#3595=EDGE_LOOP('',(#1300,#1301,#1302,#1303));
#3596=EDGE_LOOP('',(#1304,#1305,#1306,#1307));
#3597=EDGE_LOOP('',(#1308,#1309,#1310,#1311,#1312,#1313));
#3598=EDGE_LOOP('',(#1314,#1315,#1316,#1317));
#3599=EDGE_LOOP('',(#1318,#1319,#1320,#1321));
#3600=EDGE_LOOP('',(#1322,#1323,#1324,#1325));
#3601=EDGE_LOOP('',(#1326,#1327,#1328,#1329));
#3602=EDGE_LOOP('',(#1330,#1331,#1332,#1333));
#3603=EDGE_LOOP('',(#1334,#1335,#1336,#1337));
#3604=EDGE_LOOP('',(#1338,#1339,#1340,#1341));
#3605=EDGE_LOOP('',(#1342,#1343,#1344,#1345));
#3606=EDGE_LOOP('',(#1346,#1347,#1348,#1349));
#3607=EDGE_LOOP('',(#1350,#1351,#1352,#1353));
#3608=EDGE_LOOP('',(#1354,#1355,#1356,#1357));
#3609=EDGE_LOOP('',(#1358,#1359,#1360,#1361));
#3610=EDGE_LOOP('',(#1362,#1363,#1364,#1365));
#3611=EDGE_LOOP('',(#1366,#1367,#1368,#1369));
#3612=EDGE_LOOP('',(#1370,#1371,#1372,#1373));
#3613=EDGE_LOOP('',(#1374,#1375,#1376,#1377));
#3614=EDGE_LOOP('',(#1378,#1379,#1380,#1381));
#3615=EDGE_LOOP('',(#1382,#1383,#1384,#1385));
#3616=EDGE_LOOP('',(#1386,#1387,#1388,#1389));
#3617=EDGE_LOOP('',(#1390,#1391,#1392,#1393));
#3618=EDGE_LOOP('',(#1394,#1395,#1396,#1397));
#3619=EDGE_LOOP('',(#1398,#1399,#1400,#1401));
#3620=EDGE_LOOP('',(#1402,#1403,#1404,#1405));
#3621=EDGE_LOOP('',(#1406,#1407,#1408,#1409));
#3622=EDGE_LOOP('',(#1410,#1411,#1412,#1413));
#3623=EDGE_LOOP('',(#1414,#1415,#1416,#1417));
#3624=EDGE_LOOP('',(#1418,#1419,#1420,#1421));
#3625=EDGE_LOOP('',(#1422,#1423,#1424,#1425));
#3626=EDGE_LOOP('',(#1426,#1427,#1428,#1429));
#3627=EDGE_LOOP('',(#1430,#1431,#1432,#1433));
#3628=EDGE_LOOP('',(#1434,#1435,#1436,#1437));
#3629=EDGE_LOOP('',(#1438,#1439,#1440,#1441));
#3630=EDGE_LOOP('',(#1442,#1443,#1444,#1445));
#3631=EDGE_LOOP('',(#1446,#1447,#1448,#1449));
#3632=EDGE_LOOP('',(#1450,#1451,#1452,#1453));
#3633=EDGE_LOOP('',(#1454,#1455,#1456,#1457));
#3634=EDGE_LOOP('',(#1458,#1459,#1460,#1461));
#3635=EDGE_LOOP('',(#1462,#1463,#1464,#1465));
#3636=EDGE_LOOP('',(#1466,#1467,#1468,#1469));
#3637=EDGE_LOOP('',(#1470,#1471,#1472,#1473));
#3638=EDGE_LOOP('',(#1474,#1475,#1476,#1477));
#3639=EDGE_LOOP('',(#1478,#1479,#1480,#1481));
#3640=EDGE_LOOP('',(#1482,#1483,#1484,#1485));
#3641=EDGE_LOOP('',(#1486,#1487,#1488,#1489));
#3642=EDGE_LOOP('',(#1490,#1491,#1492,#1493));
#3643=EDGE_LOOP('',(#1494,#1495,#1496,#1497));
#3644=EDGE_LOOP('',(#1498,#1499,#1500,#1501));
#3645=EDGE_LOOP('',(#1502,#1503,#1504,#1505));
#3646=EDGE_LOOP('',(#1506,#1507,#1508,#1509));
#3647=EDGE_LOOP('',(#1510,#1511,#1512,#1513));
#3648=EDGE_LOOP('',(#1514,#1515,#1516,#1517));
#3649=EDGE_LOOP('',(#1518,#1519,#1520,#1521));
#3650=EDGE_LOOP('',(#1522,#1523,#1524,#1525));
#3651=EDGE_LOOP('',(#1526,#1527,#1528,#1529));
#3652=EDGE_LOOP('',(#1530,#1531,#1532,#1533));
#3653=EDGE_LOOP('',(#1534,#1535,#1536,#1537));
#3654=EDGE_LOOP('',(#1538,#1539,#1540,#1541));
#3655=EDGE_LOOP('',(#1542,#1543,#1544,#1545));
#3656=EDGE_LOOP('',(#1546,#1547,#1548,#1549));
#3657=EDGE_LOOP('',(#1550,#1551,#1552,#1553));
#3658=EDGE_LOOP('',(#1554,#1555,#1556,#1557));
#3659=EDGE_LOOP('',(#1558,#1559,#1560,#1561));
#3660=EDGE_LOOP('',(#1562,#1563,#1564,#1565));
#3661=EDGE_LOOP('',(#1566,#1567,#1568,#1569));
#3662=EDGE_LOOP('',(#1570,#1571,#1572,#1573));
#3663=EDGE_LOOP('',(#1574,#1575,#1576,#1577));
#3664=EDGE_LOOP('',(#1578,#1579,#1580,#1581));
#3665=EDGE_LOOP('',(#1582,#1583,#1584,#1585));
#3666=EDGE_LOOP('',(#1586,#1587,#1588,#1589));
#3667=EDGE_LOOP('',(#1590,#1591,#1592,#1593));
#3668=EDGE_LOOP('',(#1594,#1595,#1596,#1597));
#3669=EDGE_LOOP('',(#1598,#1599,#1600,#1601));
#3670=EDGE_LOOP('',(#1602,#1603,#1604,#1605));
#3671=EDGE_LOOP('',(#1606,#1607,#1608,#1609));
#3672=EDGE_LOOP('',(#1610,#1611,#1612,#1613));
#3673=EDGE_LOOP('',(#1614,#1615,#1616,#1617));
#3674=EDGE_LOOP('',(#1618,#1619,#1620,#1621));
#3675=EDGE_LOOP('',(#1622,#1623,#1624,#1625));
#3676=EDGE_LOOP('',(#1626,#1627,#1628,#1629));
#3677=EDGE_LOOP('',(#1630,#1631,#1632,#1633));
#3678=EDGE_LOOP('',(#1634,#1635,#1636,#1637));
#3679=EDGE_LOOP('',(#1638,#1639,#1640,#1641));
#3680=EDGE_LOOP('',(#1642,#1643,#1644,#1645));
#3681=EDGE_LOOP('',(#1646,#1647,#1648,#1649));
#3682=EDGE_LOOP('',(#1650,#1651,#1652,#1653));
#3683=EDGE_LOOP('',(#1654,#1655,#1656,#1657));
#3684=EDGE_LOOP('',(#1658,#1659,#1660,#1661));
#3685=EDGE_LOOP('',(#1662,#1663,#1664,#1665));
#3686=EDGE_LOOP('',(#1666,#1667,#1668,#1669));
#3687=EDGE_LOOP('',(#1670,#1671,#1672,#1673));
#3688=EDGE_LOOP('',(#1674,#1675,#1676,#1677));
#3689=EDGE_LOOP('',(#1678,#1679,#1680,#1681));
#3690=EDGE_LOOP('',(#1682,#1683,#1684,#1685));
#3691=EDGE_LOOP('',(#1686,#1687,#1688,#1689));
#3692=EDGE_LOOP('',(#1690,#1691,#1692,#1693));
#3693=EDGE_LOOP('',(#1694,#1695,#1696,#1697));
#3694=EDGE_LOOP('',(#1698,#1699,#1700,#1701));
#3695=EDGE_LOOP('',(#1702,#1703,#1704,#1705));
#3696=EDGE_LOOP('',(#1706,#1707,#1708,#1709));
#3697=EDGE_LOOP('',(#1710,#1711,#1712,#1713));
#3698=EDGE_LOOP('',(#1714,#1715,#1716,#1717));
#3699=EDGE_LOOP('',(#1718,#1719,#1720,#1721));
#3700=EDGE_LOOP('',(#1722,#1723,#1724,#1725));
#3701=EDGE_LOOP('',(#1726,#1727,#1728,#1729));
#3702=EDGE_LOOP('',(#1730,#1731,#1732,#1733));
#3703=EDGE_LOOP('',(#1734,#1735,#1736,#1737));
#3704=EDGE_LOOP('',(#1738,#1739,#1740,#1741));
#3705=EDGE_LOOP('',(#1742,#1743,#1744,#1745));
#3706=EDGE_LOOP('',(#1746,#1747,#1748,#1749));
#3707=EDGE_LOOP('',(#1750,#1751,#1752,#1753));
#3708=EDGE_LOOP('',(#1754,#1755,#1756,#1757));
#3709=EDGE_LOOP('',(#1758,#1759,#1760,#1761));
#3710=EDGE_LOOP('',(#1762,#1763,#1764,#1765));
#3711=EDGE_LOOP('',(#1766,#1767,#1768,#1769));
#3712=EDGE_LOOP('',(#1770,#1771,#1772,#1773));
#3713=EDGE_LOOP('',(#1774,#1775,#1776,#1777));
#3714=EDGE_LOOP('',(#1778,#1779,#1780,#1781));
#3715=EDGE_LOOP('',(#1782,#1783,#1784,#1785));
#3716=EDGE_LOOP('',(#1786,#1787,#1788,#1789));
#3717=EDGE_LOOP('',(#1790,#1791,#1792,#1793));
#3718=EDGE_LOOP('',(#1794,#1795,#1796,#1797));
#3719=EDGE_LOOP('',(#1798,#1799,#1800,#1801));
#3720=EDGE_LOOP('',(#1802,#1803,#1804,#1805));
#3721=EDGE_LOOP('',(#1806,#1807,#1808,#1809));
#3722=EDGE_LOOP('',(#1810,#1811,#1812,#1813));
#3723=EDGE_LOOP('',(#1814,#1815,#1816,#1817));
#3724=EDGE_LOOP('',(#1818,#1819,#1820,#1821));
#3725=EDGE_LOOP('',(#1822,#1823,#1824,#1825));
#3726=EDGE_LOOP('',(#1826,#1827,#1828,#1829));
#3727=EDGE_LOOP('',(#1830,#1831,#1832,#1833));
#3728=EDGE_LOOP('',(#1834,#1835,#1836,#1837));
#3729=EDGE_LOOP('',(#1838,#1839,#1840,#1841));
#3730=EDGE_LOOP('',(#1842,#1843,#1844,#1845));
#3731=EDGE_LOOP('',(#1846,#1847,#1848,#1849));
#3732=EDGE_LOOP('',(#1850,#1851,#1852,#1853));
#3733=EDGE_LOOP('',(#1854,#1855,#1856,#1857));
#3734=EDGE_LOOP('',(#1858,#1859,#1860,#1861));
#3735=EDGE_LOOP('',(#1862,#1863,#1864,#1865));
#3736=EDGE_LOOP('',(#1866,#1867,#1868,#1869));
#3737=EDGE_LOOP('',(#1870,#1871,#1872,#1873));
#3738=EDGE_LOOP('',(#1874,#1875,#1876,#1877));
#3739=EDGE_LOOP('',(#1878,#1879,#1880,#1881));
#3740=EDGE_LOOP('',(#1882,#1883,#1884,#1885));
#3741=EDGE_LOOP('',(#1886,#1887,#1888,#1889));
#3742=EDGE_LOOP('',(#1890,#1891,#1892,#1893));
#3743=EDGE_LOOP('',(#1894,#1895,#1896,#1897));
#3744=EDGE_LOOP('',(#1898,#1899,#1900));
#3745=EDGE_LOOP('',(#1901,#1902,#1903,#1904,#1905,#1906));
#3746=EDGE_LOOP('',(#1907,#1908,#1909,#1910));
#3747=EDGE_LOOP('',(#1911));
#3748=EDGE_LOOP('',(#1912));
#3749=EDGE_LOOP('',(#1913));
#3750=EDGE_LOOP('',(#1914));
#3751=EDGE_LOOP('',(#1915));
#3752=EDGE_LOOP('',(#1916));
#3753=EDGE_LOOP('',(#1917));
#3754=EDGE_LOOP('',(#1918));
#3755=EDGE_LOOP('',(#1919));
#3756=EDGE_LOOP('',(#1920));
#3757=EDGE_LOOP('',(#1921));
#3758=EDGE_LOOP('',(#1922));
#3759=EDGE_LOOP('',(#1923));
#3760=EDGE_LOOP('',(#1924));
#3761=EDGE_LOOP('',(#1925));
#3762=EDGE_LOOP('',(#1926));
#3763=EDGE_LOOP('',(#1927));
#3764=EDGE_LOOP('',(#1928));
#3765=EDGE_LOOP('',(#1929,#1930,#1931,#1932,#1933,#1934,#1935,#1936));
#3766=EDGE_LOOP('',(#1937,#1938,#1939,#1940));
#3767=EDGE_LOOP('',(#1941,#1942,#1943,#1944));
#3768=EDGE_LOOP('',(#1945,#1946,#1947,#1948));
#3769=EDGE_LOOP('',(#1949,#1950,#1951,#1952));
#3770=EDGE_LOOP('',(#1953,#1954,#1955,#1956));
#3771=EDGE_LOOP('',(#1957,#1958,#1959,#1960));
#3772=EDGE_LOOP('',(#1961,#1962,#1963,#1964));
#3773=EDGE_LOOP('',(#1965,#1966,#1967,#1968));
#3774=EDGE_LOOP('',(#1969));
#3775=EDGE_LOOP('',(#1970));
#3776=EDGE_LOOP('',(#1971));
#3777=EDGE_LOOP('',(#1972));
#3778=EDGE_LOOP('',(#1973));
#3779=EDGE_LOOP('',(#1974));
#3780=EDGE_LOOP('',(#1975,#1976,#1977,#1978));
#3781=EDGE_LOOP('',(#1979,#1980,#1981,#1982,#1983,#1984,#1985,#1986));
#3782=EDGE_LOOP('',(#1987,#1988,#1989,#1990));
#3783=EDGE_LOOP('',(#1991,#1992,#1993,#1994));
#3784=EDGE_LOOP('',(#1995,#1996,#1997,#1998));
#3785=EDGE_LOOP('',(#1999,#2000,#2001,#2002));
#3786=EDGE_LOOP('',(#2003,#2004,#2005,#2006));
#3787=EDGE_LOOP('',(#2007));
#3788=EDGE_LOOP('',(#2008));
#3789=EDGE_LOOP('',(#2009));
#3790=EDGE_LOOP('',(#2010));
#3791=EDGE_LOOP('',(#2011));
#3792=EDGE_LOOP('',(#2012));
#3793=EDGE_LOOP('',(#2013));
#3794=EDGE_LOOP('',(#2014));
#3795=EDGE_LOOP('',(#2015));
#3796=EDGE_LOOP('',(#2016));
#3797=EDGE_LOOP('',(#2017));
#3798=EDGE_LOOP('',(#2018));
#3799=EDGE_LOOP('',(#2019));
#3800=EDGE_LOOP('',(#2020));
#3801=EDGE_LOOP('',(#2021));
#3802=EDGE_LOOP('',(#2022));
#3803=EDGE_LOOP('',(#2023));
#3804=EDGE_LOOP('',(#2024));
#3805=EDGE_LOOP('',(#2025));
#3806=EDGE_LOOP('',(#2026));
#3807=EDGE_LOOP('',(#2027));
#3808=EDGE_LOOP('',(#2028));
#3809=EDGE_LOOP('',(#2029));
#3810=EDGE_LOOP('',(#2030));
#3811=EDGE_LOOP('',(#2031));
#3812=EDGE_LOOP('',(#2032));
#3813=EDGE_LOOP('',(#2033));
#3814=EDGE_LOOP('',(#2034));
#3815=EDGE_LOOP('',(#2035));
#3816=EDGE_LOOP('',(#2036));
#3817=EDGE_LOOP('',(#2037));
#3818=EDGE_LOOP('',(#2038));
#3819=EDGE_LOOP('',(#2039));
#3820=EDGE_LOOP('',(#2040));
#3821=EDGE_LOOP('',(#2041));
#3822=EDGE_LOOP('',(#2042));
#3823=EDGE_LOOP('',(#2043,#2044,#2045,#2046,#2047,#2048,#2049,#2050,#2051,
#2052,#2053,#2054));
#3824=EDGE_LOOP('',(#2055,#2056,#2057,#2058));
#3825=EDGE_LOOP('',(#2059,#2060,#2061,#2062));
#3826=EDGE_LOOP('',(#2063,#2064,#2065,#2066));
#3827=EDGE_LOOP('',(#2067,#2068,#2069,#2070,#2071,#2072,#2073,#2074,#2075,
#2076,#2077,#2078));
#3828=EDGE_LOOP('',(#2079,#2080,#2081,#2082));
#3829=EDGE_LOOP('',(#2083,#2084,#2085,#2086));
#3830=EDGE_LOOP('',(#2087,#2088,#2089,#2090));
#3831=EDGE_LOOP('',(#2091,#2092,#2093,#2094,#2095,#2096,#2097,#2098));
#3832=EDGE_LOOP('',(#2099));
#3833=EDGE_LOOP('',(#2100));
#3834=EDGE_LOOP('',(#2101));
#3835=EDGE_LOOP('',(#2102));
#3836=EDGE_LOOP('',(#2103));
#3837=EDGE_LOOP('',(#2104));
#3838=EDGE_LOOP('',(#2105,#2106,#2107,#2108,#2109,#2110,#2111,#2112,#2113,
#2114,#2115,#2116,#2117,#2118,#2119,#2120));
#3839=EDGE_LOOP('',(#2121,#2122,#2123,#2124));
#3840=EDGE_LOOP('',(#2125,#2126,#2127,#2128));
#3841=EDGE_LOOP('',(#2129,#2130,#2131,#2132));
#3842=EDGE_LOOP('',(#2133,#2134,#2135,#2136));
#3843=EDGE_LOOP('',(#2137,#2138,#2139,#2140,#2141));
#3844=EDGE_LOOP('',(#2142,#2143,#2144,#2145,#2146,#2147,#2148,#2149));
#3845=EDGE_LOOP('',(#2150,#2151,#2152,#2153,#2154));
#3846=EDGE_LOOP('',(#2155,#2156,#2157,#2158));
#3847=EDGE_LOOP('',(#2159,#2160,#2161,#2162));
#3848=EDGE_LOOP('',(#2163,#2164,#2165));
#3849=EDGE_LOOP('',(#2166,#2167,#2168,#2169));
#3850=EDGE_LOOP('',(#2170,#2171,#2172));
#3851=EDGE_LOOP('',(#2173,#2174,#2175,#2176));
#3852=EDGE_LOOP('',(#2177,#2178,#2179));
#3853=EDGE_LOOP('',(#2180,#2181,#2182,#2183));
#3854=EDGE_LOOP('',(#2184,#2185,#2186));
#3855=EDGE_LOOP('',(#2187,#2188,#2189,#2190));
#3856=EDGE_LOOP('',(#2191,#2192,#2193,#2194));
#3857=EDGE_LOOP('',(#2195,#2196,#2197,#2198));
#3858=EDGE_LOOP('',(#2199,#2200,#2201,#2202));
#3859=EDGE_LOOP('',(#2203,#2204,#2205,#2206));
#3860=EDGE_LOOP('',(#2207,#2208,#2209,#2210));
#3861=EDGE_LOOP('',(#2211,#2212,#2213,#2214));
#3862=EDGE_LOOP('',(#2215));
#3863=EDGE_LOOP('',(#2216));
#3864=EDGE_LOOP('',(#2217));
#3865=EDGE_LOOP('',(#2218));
#3866=EDGE_LOOP('',(#2219));
#3867=EDGE_LOOP('',(#2220));
#3868=EDGE_LOOP('',(#2221));
#3869=EDGE_LOOP('',(#2222));
#3870=EDGE_LOOP('',(#2223));
#3871=EDGE_LOOP('',(#2224));
#3872=EDGE_LOOP('',(#2225));
#3873=EDGE_LOOP('',(#2226));
#3874=EDGE_LOOP('',(#2227));
#3875=EDGE_LOOP('',(#2228));
#3876=EDGE_LOOP('',(#2229));
#3877=EDGE_LOOP('',(#2230));
#3878=EDGE_LOOP('',(#2231));
#3879=EDGE_LOOP('',(#2232));
#3880=FACE_BOUND('',#3542,.T.);
#3881=FACE_BOUND('',#3543,.T.);
#3882=FACE_BOUND('',#3544,.T.);
#3883=FACE_BOUND('',#3545,.T.);
#3884=FACE_BOUND('',#3546,.T.);
#3885=FACE_BOUND('',#3547,.T.);
#3886=FACE_BOUND('',#3548,.T.);
#3887=FACE_BOUND('',#3549,.T.);
#3888=FACE_BOUND('',#3550,.T.);
#3889=FACE_BOUND('',#3551,.T.);
#3890=FACE_BOUND('',#3552,.T.);
#3891=FACE_BOUND('',#3553,.T.);
#3892=FACE_BOUND('',#3554,.T.);
#3893=FACE_BOUND('',#3555,.T.);
#3894=FACE_BOUND('',#3556,.T.);
#3895=FACE_BOUND('',#3557,.T.);
#3896=FACE_BOUND('',#3558,.T.);
#3897=FACE_BOUND('',#3559,.T.);
#3898=FACE_BOUND('',#3560,.T.);
#3899=FACE_BOUND('',#3561,.T.);
#3900=FACE_BOUND('',#3562,.T.);
#3901=FACE_BOUND('',#3563,.T.);
#3902=FACE_BOUND('',#3564,.T.);
#3903=FACE_BOUND('',#3565,.T.);
#3904=FACE_BOUND('',#3566,.T.);
#3905=FACE_BOUND('',#3567,.T.);
#3906=FACE_BOUND('',#3568,.T.);
#3907=FACE_BOUND('',#3569,.T.);
#3908=FACE_BOUND('',#3570,.T.);
#3909=FACE_BOUND('',#3571,.T.);
#3910=FACE_BOUND('',#3572,.T.);
#3911=FACE_BOUND('',#3573,.T.);
#3912=FACE_BOUND('',#3574,.T.);
#3913=FACE_BOUND('',#3575,.T.);
#3914=FACE_BOUND('',#3576,.T.);
#3915=FACE_BOUND('',#3577,.T.);
#3916=FACE_BOUND('',#3578,.T.);
#3917=FACE_BOUND('',#3579,.T.);
#3918=FACE_BOUND('',#3580,.T.);
#3919=FACE_BOUND('',#3581,.T.);
#3920=FACE_BOUND('',#3582,.T.);
#3921=FACE_BOUND('',#3583,.T.);
#3922=FACE_BOUND('',#3584,.T.);
#3923=FACE_BOUND('',#3585,.T.);
#3924=FACE_BOUND('',#3586,.T.);
#3925=FACE_BOUND('',#3587,.T.);
#3926=FACE_BOUND('',#3588,.T.);
#3927=FACE_BOUND('',#3589,.T.);
#3928=FACE_BOUND('',#3590,.T.);
#3929=FACE_BOUND('',#3591,.T.);
#3930=FACE_BOUND('',#3592,.T.);
#3931=FACE_BOUND('',#3593,.T.);
#3932=FACE_BOUND('',#3594,.T.);
#3933=FACE_BOUND('',#3595,.T.);
#3934=FACE_BOUND('',#3596,.T.);
#3935=FACE_BOUND('',#3597,.T.);
#3936=FACE_BOUND('',#3598,.T.);
#3937=FACE_BOUND('',#3599,.T.);
#3938=FACE_BOUND('',#3600,.T.);
#3939=FACE_BOUND('',#3601,.T.);
#3940=FACE_BOUND('',#3602,.T.);
#3941=FACE_BOUND('',#3603,.T.);
#3942=FACE_BOUND('',#3604,.T.);
#3943=FACE_BOUND('',#3605,.T.);
#3944=FACE_BOUND('',#3606,.T.);
#3945=FACE_BOUND('',#3607,.T.);
#3946=FACE_BOUND('',#3608,.T.);
#3947=FACE_BOUND('',#3609,.T.);
#3948=FACE_BOUND('',#3610,.T.);
#3949=FACE_BOUND('',#3611,.T.);
#3950=FACE_BOUND('',#3612,.T.);
#3951=FACE_BOUND('',#3613,.T.);
#3952=FACE_BOUND('',#3614,.T.);
#3953=FACE_BOUND('',#3615,.T.);
#3954=FACE_BOUND('',#3616,.T.);
#3955=FACE_BOUND('',#3617,.T.);
#3956=FACE_BOUND('',#3618,.T.);
#3957=FACE_BOUND('',#3619,.T.);
#3958=FACE_BOUND('',#3620,.T.);
#3959=FACE_BOUND('',#3621,.T.);
#3960=FACE_BOUND('',#3622,.T.);
#3961=FACE_BOUND('',#3623,.T.);
#3962=FACE_BOUND('',#3624,.T.);
#3963=FACE_BOUND('',#3625,.T.);
#3964=FACE_BOUND('',#3626,.T.);
#3965=FACE_BOUND('',#3627,.T.);
#3966=FACE_BOUND('',#3628,.T.);
#3967=FACE_BOUND('',#3629,.T.);
#3968=FACE_BOUND('',#3630,.T.);
#3969=FACE_BOUND('',#3631,.T.);
#3970=FACE_BOUND('',#3632,.T.);
#3971=FACE_BOUND('',#3633,.T.);
#3972=FACE_BOUND('',#3634,.T.);
#3973=FACE_BOUND('',#3635,.T.);
#3974=FACE_BOUND('',#3636,.T.);
#3975=FACE_BOUND('',#3637,.T.);
#3976=FACE_BOUND('',#3638,.T.);
#3977=FACE_BOUND('',#3639,.T.);
#3978=FACE_BOUND('',#3640,.T.);
#3979=FACE_BOUND('',#3641,.T.);
#3980=FACE_BOUND('',#3642,.T.);
#3981=FACE_BOUND('',#3643,.T.);
#3982=FACE_BOUND('',#3644,.T.);
#3983=FACE_BOUND('',#3645,.T.);
#3984=FACE_BOUND('',#3646,.T.);
#3985=FACE_BOUND('',#3647,.T.);
#3986=FACE_BOUND('',#3648,.T.);
#3987=FACE_BOUND('',#3649,.T.);
#3988=FACE_BOUND('',#3650,.T.);
#3989=FACE_BOUND('',#3651,.T.);
#3990=FACE_BOUND('',#3652,.T.);
#3991=FACE_BOUND('',#3653,.T.);
#3992=FACE_BOUND('',#3654,.T.);
#3993=FACE_BOUND('',#3655,.T.);
#3994=FACE_BOUND('',#3656,.T.);
#3995=FACE_BOUND('',#3657,.T.);
#3996=FACE_BOUND('',#3658,.T.);
#3997=FACE_BOUND('',#3659,.T.);
#3998=FACE_BOUND('',#3660,.T.);
#3999=FACE_BOUND('',#3661,.T.);
#4000=FACE_BOUND('',#3662,.T.);
#4001=FACE_BOUND('',#3663,.T.);
#4002=FACE_BOUND('',#3664,.T.);
#4003=FACE_BOUND('',#3665,.T.);
#4004=FACE_BOUND('',#3666,.T.);
#4005=FACE_BOUND('',#3667,.T.);
#4006=FACE_BOUND('',#3668,.T.);
#4007=FACE_BOUND('',#3669,.T.);
#4008=FACE_BOUND('',#3670,.T.);
#4009=FACE_BOUND('',#3671,.T.);
#4010=FACE_BOUND('',#3672,.T.);
#4011=FACE_BOUND('',#3673,.T.);
#4012=FACE_BOUND('',#3674,.T.);
#4013=FACE_BOUND('',#3675,.T.);
#4014=FACE_BOUND('',#3676,.T.);
#4015=FACE_BOUND('',#3677,.T.);
#4016=FACE_BOUND('',#3678,.T.);
#4017=FACE_BOUND('',#3679,.T.);
#4018=FACE_BOUND('',#3680,.T.);
#4019=FACE_BOUND('',#3681,.T.);
#4020=FACE_BOUND('',#3682,.T.);
#4021=FACE_BOUND('',#3683,.T.);
#4022=FACE_BOUND('',#3684,.T.);
#4023=FACE_BOUND('',#3685,.T.);
#4024=FACE_BOUND('',#3686,.T.);
#4025=FACE_BOUND('',#3687,.T.);
#4026=FACE_BOUND('',#3688,.T.);
#4027=FACE_BOUND('',#3689,.T.);
#4028=FACE_BOUND('',#3690,.T.);
#4029=FACE_BOUND('',#3691,.T.);
#4030=FACE_BOUND('',#3692,.T.);
#4031=FACE_BOUND('',#3693,.T.);
#4032=FACE_BOUND('',#3694,.T.);
#4033=FACE_BOUND('',#3695,.T.);
#4034=FACE_BOUND('',#3696,.T.);
#4035=FACE_BOUND('',#3697,.T.);
#4036=FACE_BOUND('',#3698,.T.);
#4037=FACE_BOUND('',#3699,.T.);
#4038=FACE_BOUND('',#3700,.T.);
#4039=FACE_BOUND('',#3701,.T.);
#4040=FACE_BOUND('',#3702,.T.);
#4041=FACE_BOUND('',#3703,.T.);
#4042=FACE_BOUND('',#3704,.T.);
#4043=FACE_BOUND('',#3705,.T.);
#4044=FACE_BOUND('',#3706,.T.);
#4045=FACE_BOUND('',#3707,.T.);
#4046=FACE_BOUND('',#3708,.T.);
#4047=FACE_BOUND('',#3709,.T.);
#4048=FACE_BOUND('',#3710,.T.);
#4049=FACE_BOUND('',#3711,.T.);
#4050=FACE_BOUND('',#3712,.T.);
#4051=FACE_BOUND('',#3713,.T.);
#4052=FACE_BOUND('',#3714,.T.);
#4053=FACE_BOUND('',#3715,.T.);
#4054=FACE_BOUND('',#3716,.T.);
#4055=FACE_BOUND('',#3717,.T.);
#4056=FACE_BOUND('',#3718,.T.);
#4057=FACE_BOUND('',#3719,.T.);
#4058=FACE_BOUND('',#3720,.T.);
#4059=FACE_BOUND('',#3721,.T.);
#4060=FACE_BOUND('',#3722,.T.);
#4061=FACE_BOUND('',#3723,.T.);
#4062=FACE_BOUND('',#3724,.T.);
#4063=FACE_BOUND('',#3725,.T.);
#4064=FACE_BOUND('',#3726,.T.);
#4065=FACE_BOUND('',#3727,.T.);
#4066=FACE_BOUND('',#3728,.T.);
#4067=FACE_BOUND('',#3729,.T.);
#4068=FACE_BOUND('',#3730,.T.);
#4069=FACE_BOUND('',#3731,.T.);
#4070=FACE_BOUND('',#3732,.T.);
#4071=FACE_BOUND('',#3733,.T.);
#4072=FACE_BOUND('',#3734,.T.);
#4073=FACE_BOUND('',#3735,.T.);
#4074=FACE_BOUND('',#3736,.T.);
#4075=FACE_BOUND('',#3737,.T.);
#4076=FACE_BOUND('',#3738,.T.);
#4077=FACE_BOUND('',#3739,.T.);
#4078=FACE_BOUND('',#3740,.T.);
#4079=FACE_BOUND('',#3741,.T.);
#4080=FACE_BOUND('',#3742,.T.);
#4081=FACE_BOUND('',#3743,.T.);
#4082=FACE_BOUND('',#3744,.T.);
#4083=FACE_BOUND('',#3745,.T.);
#4084=FACE_BOUND('',#3746,.T.);
#4085=FACE_BOUND('',#3747,.T.);
#4086=FACE_BOUND('',#3748,.T.);
#4087=FACE_BOUND('',#3749,.T.);
#4088=FACE_BOUND('',#3750,.T.);
#4089=FACE_BOUND('',#3751,.T.);
#4090=FACE_BOUND('',#3752,.T.);
#4091=FACE_BOUND('',#3753,.T.);
#4092=FACE_BOUND('',#3754,.T.);
#4093=FACE_BOUND('',#3755,.T.);
#4094=FACE_BOUND('',#3756,.T.);
#4095=FACE_BOUND('',#3757,.T.);
#4096=FACE_BOUND('',#3758,.T.);
#4097=FACE_BOUND('',#3759,.T.);
#4098=FACE_BOUND('',#3760,.T.);
#4099=FACE_BOUND('',#3761,.T.);
#4100=FACE_BOUND('',#3762,.T.);
#4101=FACE_BOUND('',#3763,.T.);
#4102=FACE_BOUND('',#3764,.T.);
#4103=FACE_BOUND('',#3765,.T.);
#4104=FACE_BOUND('',#3766,.T.);
#4105=FACE_BOUND('',#3767,.T.);
#4106=FACE_BOUND('',#3768,.T.);
#4107=FACE_BOUND('',#3769,.T.);
#4108=FACE_BOUND('',#3770,.T.);
#4109=FACE_BOUND('',#3771,.T.);
#4110=FACE_BOUND('',#3772,.T.);
#4111=FACE_BOUND('',#3773,.T.);
#4112=FACE_BOUND('',#3774,.T.);
#4113=FACE_BOUND('',#3775,.T.);
#4114=FACE_BOUND('',#3776,.T.);
#4115=FACE_BOUND('',#3777,.T.);
#4116=FACE_BOUND('',#3778,.T.);
#4117=FACE_BOUND('',#3779,.T.);
#4118=FACE_BOUND('',#3780,.T.);
#4119=FACE_BOUND('',#3781,.T.);
#4120=FACE_BOUND('',#3782,.T.);
#4121=FACE_BOUND('',#3783,.T.);
#4122=FACE_BOUND('',#3784,.T.);
#4123=FACE_BOUND('',#3785,.T.);
#4124=FACE_BOUND('',#3786,.T.);
#4125=FACE_BOUND('',#3787,.T.);
#4126=FACE_BOUND('',#3788,.T.);
#4127=FACE_BOUND('',#3789,.T.);
#4128=FACE_BOUND('',#3790,.T.);
#4129=FACE_BOUND('',#3791,.T.);
#4130=FACE_BOUND('',#3792,.T.);
#4131=FACE_BOUND('',#3793,.T.);
#4132=FACE_BOUND('',#3794,.T.);
#4133=FACE_BOUND('',#3795,.T.);
#4134=FACE_BOUND('',#3796,.T.);
#4135=FACE_BOUND('',#3797,.T.);
#4136=FACE_BOUND('',#3798,.T.);
#4137=FACE_BOUND('',#3799,.T.);
#4138=FACE_BOUND('',#3800,.T.);
#4139=FACE_BOUND('',#3801,.T.);
#4140=FACE_BOUND('',#3802,.T.);
#4141=FACE_BOUND('',#3803,.T.);
#4142=FACE_BOUND('',#3804,.T.);
#4143=FACE_BOUND('',#3805,.T.);
#4144=FACE_BOUND('',#3806,.T.);
#4145=FACE_BOUND('',#3807,.T.);
#4146=FACE_BOUND('',#3808,.T.);
#4147=FACE_BOUND('',#3809,.T.);
#4148=FACE_BOUND('',#3810,.T.);
#4149=FACE_BOUND('',#3811,.T.);
#4150=FACE_BOUND('',#3812,.T.);
#4151=FACE_BOUND('',#3813,.T.);
#4152=FACE_BOUND('',#3814,.T.);
#4153=FACE_BOUND('',#3815,.T.);
#4154=FACE_BOUND('',#3816,.T.);
#4155=FACE_BOUND('',#3817,.T.);
#4156=FACE_BOUND('',#3818,.T.);
#4157=FACE_BOUND('',#3819,.T.);
#4158=FACE_BOUND('',#3820,.T.);
#4159=FACE_BOUND('',#3821,.T.);
#4160=FACE_BOUND('',#3822,.T.);
#4161=FACE_BOUND('',#3823,.T.);
#4162=FACE_BOUND('',#3824,.T.);
#4163=FACE_BOUND('',#3825,.T.);
#4164=FACE_BOUND('',#3826,.T.);
#4165=FACE_BOUND('',#3827,.T.);
#4166=FACE_BOUND('',#3828,.T.);
#4167=FACE_BOUND('',#3829,.T.);
#4168=FACE_BOUND('',#3830,.T.);
#4169=FACE_BOUND('',#3831,.T.);
#4170=FACE_BOUND('',#3832,.T.);
#4171=FACE_BOUND('',#3833,.T.);
#4172=FACE_BOUND('',#3834,.T.);
#4173=FACE_BOUND('',#3835,.T.);
#4174=FACE_BOUND('',#3836,.T.);
#4175=FACE_BOUND('',#3837,.T.);
#4176=FACE_BOUND('',#3838,.T.);
#4177=FACE_BOUND('',#3839,.T.);
#4178=FACE_BOUND('',#3840,.T.);
#4179=FACE_BOUND('',#3841,.T.);
#4180=FACE_BOUND('',#3842,.T.);
#4181=FACE_BOUND('',#3843,.T.);
#4182=FACE_BOUND('',#3844,.T.);
#4183=FACE_BOUND('',#3845,.T.);
#4184=FACE_BOUND('',#3846,.T.);
#4185=FACE_BOUND('',#3847,.T.);
#4186=FACE_BOUND('',#3848,.T.);
#4187=FACE_BOUND('',#3849,.T.);
#4188=FACE_BOUND('',#3850,.T.);
#4189=FACE_BOUND('',#3851,.T.);
#4190=FACE_BOUND('',#3852,.T.);
#4191=FACE_BOUND('',#3853,.T.);
#4192=FACE_BOUND('',#3854,.T.);
#4193=FACE_BOUND('',#3855,.T.);
#4194=FACE_BOUND('',#3856,.T.);
#4195=FACE_BOUND('',#3857,.T.);
#4196=FACE_BOUND('',#3858,.T.);
#4197=FACE_BOUND('',#3859,.T.);
#4198=FACE_BOUND('',#3860,.T.);
#4199=FACE_BOUND('',#3861,.T.);
#4200=FACE_BOUND('',#10,.T.);
#4201=FACE_BOUND('',#3862,.T.);
#4202=FACE_BOUND('',#3863,.T.);
#4203=FACE_BOUND('',#3864,.T.);
#4204=FACE_BOUND('',#11,.T.);
#4205=FACE_BOUND('',#3865,.T.);
#4206=FACE_BOUND('',#3866,.T.);
#4207=FACE_BOUND('',#3867,.T.);
#4208=FACE_BOUND('',#12,.T.);
#4209=FACE_BOUND('',#3868,.T.);
#4210=FACE_BOUND('',#3869,.T.);
#4211=FACE_BOUND('',#3870,.T.);
#4212=FACE_BOUND('',#13,.T.);
#4213=FACE_BOUND('',#3871,.T.);
#4214=FACE_BOUND('',#3872,.T.);
#4215=FACE_BOUND('',#3873,.T.);
#4216=FACE_BOUND('',#14,.T.);
#4217=FACE_BOUND('',#3874,.T.);
#4218=FACE_BOUND('',#3875,.T.);
#4219=FACE_BOUND('',#3876,.T.);
#4220=FACE_BOUND('',#15,.T.);
#4221=FACE_BOUND('',#3877,.T.);
#4222=FACE_BOUND('',#3878,.T.);
#4223=FACE_BOUND('',#3879,.T.);
#4224=PLANE('',#4615);
#4225=PLANE('',#4617);
#4226=PLANE('',#4619);
#4227=PLANE('',#4702);
#4228=PLANE('',#4785);
#4229=PLANE('',#4787);
#4230=PLANE('',#4788);
#4231=PLANE('',#4789);
#4232=PLANE('',#4790);
#4233=PLANE('',#4793);
#4234=PLANE('',#4795);
#4235=PLANE('',#4797);
#4236=PLANE('',#4799);
#4237=PLANE('',#4801);
#4238=PLANE('',#4803);
#4239=PLANE('',#4805);
#4240=PLANE('',#4807);
#4241=PLANE('',#4809);
#4242=PLANE('',#4811);
#4243=PLANE('',#4813);
#4244=PLANE('',#4815);
#4245=PLANE('',#4817);
#4246=PLANE('',#4819);
#4247=PLANE('',#4821);
#4248=PLANE('',#4823);
#4249=PLANE('',#4825);
#4250=PLANE('',#4827);
#4251=PLANE('',#4829);
#4252=PLANE('',#4831);
#4253=PLANE('',#4833);
#4254=PLANE('',#4835);
#4255=PLANE('',#4837);
#4256=PLANE('',#4839);
#4257=PLANE('',#4841);
#4258=PLANE('',#4843);
#4259=PLANE('',#4845);
#4260=PLANE('',#4847);
#4261=PLANE('',#4849);
#4262=PLANE('',#4851);
#4263=PLANE('',#4853);
#4264=PLANE('',#4855);
#4265=PLANE('',#4857);
#4266=PLANE('',#4859);
#4267=PLANE('',#4861);
#4268=PLANE('',#4863);
#4269=PLANE('',#4865);
#4270=PLANE('',#4867);
#4271=PLANE('',#4869);
#4272=PLANE('',#4871);
#4273=PLANE('',#4873);
#4274=PLANE('',#4875);
#4275=PLANE('',#4877);
#4276=PLANE('',#4879);
#4277=PLANE('',#4881);
#4278=PLANE('',#4883);
#4279=PLANE('',#4885);
#4280=PLANE('',#4887);
#4281=PLANE('',#4889);
#4282=PLANE('',#4891);
#4283=PLANE('',#4893);
#4284=PLANE('',#4895);
#4285=PLANE('',#4897);
#4286=PLANE('',#4899);
#4287=PLANE('',#4901);
#4288=PLANE('',#4903);
#4289=PLANE('',#4905);
#4290=PLANE('',#4907);
#4291=PLANE('',#4909);
#4292=PLANE('',#4911);
#4293=PLANE('',#4913);
#4294=PLANE('',#4915);
#4295=PLANE('',#4917);
#4296=PLANE('',#4919);
#4297=PLANE('',#4921);
#4298=PLANE('',#4923);
#4299=PLANE('',#4925);
#4300=PLANE('',#4927);
#4301=PLANE('',#4929);
#4302=PLANE('',#4931);
#4303=PLANE('',#4933);
#4304=PLANE('',#4939);
#4305=PLANE('',#4950);
#4306=PLANE('',#4961);
#4307=PLANE('',#4962);
#4308=PLANE('',#4963);
#4309=PLANE('',#4964);
#4310=PLANE('',#4965);
#4311=PLANE('',#4966);
#4312=PLANE('',#4967);
#4313=PLANE('',#4968);
#4314=PLANE('',#4969);
#4315=PLANE('',#4980);
#4316=PLANE('',#4987);
#4317=PLANE('',#4992);
#4318=PLANE('',#4997);
#4319=PLANE('',#5002);
#4320=PLANE('',#5007);
#4321=PLANE('',#5012);
#4322=PLANE('',#5016);
#4323=PLANE('',#5021);
#4324=PLANE('',#5022);
#4325=PLANE('',#5023);
#4326=PLANE('',#5024);
#4327=PLANE('',#5029);
#4328=PLANE('',#5030);
#4329=PLANE('',#5031);
#4330=PLANE('',#5032);
#4331=PLANE('',#5033);
#4332=PLANE('',#5074);
#4333=PLANE('',#5076);
#4334=PLANE('',#5078);
#4335=ADVANCED_FACE('',(#3880),#4224,.T.);
#4336=ADVANCED_FACE('',(#3881),#4225,.T.);
#4337=ADVANCED_FACE('',(#3882,#3883,#3884,#3885,#3886,#3887,#3888,#3889,
#3890,#3891,#3892,#3893,#3894,#3895,#3896,#3897,#3898,#3899,#3900,#3901,
#3902,#3903,#3904,#3905),#4226,.T.);
#4338=ADVANCED_FACE('',(#3906,#3907,#3908,#3909,#3910,#3911,#3912,#3913,
#3914,#3915,#3916,#3917,#3918,#3919,#3920,#3921,#3922,#3923,#3924,#3925,
#3926,#3927,#3928,#3929),#4227,.F.);
#4339=ADVANCED_FACE('',(#3930),#4228,.T.);
#4340=ADVANCED_FACE('',(#3931),#4229,.F.);
#4341=ADVANCED_FACE('',(#3932),#4230,.F.);
#4342=ADVANCED_FACE('',(#3933),#4231,.T.);
#4343=ADVANCED_FACE('',(#3934),#4232,.T.);
#4344=ADVANCED_FACE('',(#3935),#47,.F.);
#4345=ADVANCED_FACE('',(#3936),#4233,.F.);
#4346=ADVANCED_FACE('',(#3937),#48,.F.);
#4347=ADVANCED_FACE('',(#3938),#4234,.F.);
#4348=ADVANCED_FACE('',(#3939),#49,.F.);
#4349=ADVANCED_FACE('',(#3940),#4235,.T.);
#4350=ADVANCED_FACE('',(#3941),#50,.F.);
#4351=ADVANCED_FACE('',(#3942),#4236,.T.);
#4352=ADVANCED_FACE('',(#3943),#51,.F.);
#4353=ADVANCED_FACE('',(#3944),#4237,.F.);
#4354=ADVANCED_FACE('',(#3945),#52,.F.);
#4355=ADVANCED_FACE('',(#3946),#4238,.F.);
#4356=ADVANCED_FACE('',(#3947),#53,.F.);
#4357=ADVANCED_FACE('',(#3948),#4239,.T.);
#4358=ADVANCED_FACE('',(#3949),#54,.F.);
#4359=ADVANCED_FACE('',(#3950),#4240,.T.);
#4360=ADVANCED_FACE('',(#3951),#55,.F.);
#4361=ADVANCED_FACE('',(#3952),#4241,.F.);
#4362=ADVANCED_FACE('',(#3953),#56,.F.);
#4363=ADVANCED_FACE('',(#3954),#4242,.F.);
#4364=ADVANCED_FACE('',(#3955),#57,.F.);
#4365=ADVANCED_FACE('',(#3956),#4243,.T.);
#4366=ADVANCED_FACE('',(#3957),#58,.F.);
#4367=ADVANCED_FACE('',(#3958),#4244,.T.);
#4368=ADVANCED_FACE('',(#3959),#59,.F.);
#4369=ADVANCED_FACE('',(#3960),#4245,.F.);
#4370=ADVANCED_FACE('',(#3961),#60,.F.);
#4371=ADVANCED_FACE('',(#3962),#4246,.F.);
#4372=ADVANCED_FACE('',(#3963),#61,.F.);
#4373=ADVANCED_FACE('',(#3964),#4247,.T.);
#4374=ADVANCED_FACE('',(#3965),#62,.F.);
#4375=ADVANCED_FACE('',(#3966),#4248,.T.);
#4376=ADVANCED_FACE('',(#3967),#63,.F.);
#4377=ADVANCED_FACE('',(#3968),#4249,.F.);
#4378=ADVANCED_FACE('',(#3969),#64,.F.);
#4379=ADVANCED_FACE('',(#3970),#4250,.F.);
#4380=ADVANCED_FACE('',(#3971),#65,.F.);
#4381=ADVANCED_FACE('',(#3972),#4251,.T.);
#4382=ADVANCED_FACE('',(#3973),#66,.F.);
#4383=ADVANCED_FACE('',(#3974),#4252,.T.);
#4384=ADVANCED_FACE('',(#3975),#67,.F.);
#4385=ADVANCED_FACE('',(#3976),#4253,.F.);
#4386=ADVANCED_FACE('',(#3977),#68,.F.);
#4387=ADVANCED_FACE('',(#3978),#4254,.F.);
#4388=ADVANCED_FACE('',(#3979),#69,.F.);
#4389=ADVANCED_FACE('',(#3980),#4255,.T.);
#4390=ADVANCED_FACE('',(#3981),#70,.F.);
#4391=ADVANCED_FACE('',(#3982),#4256,.T.);
#4392=ADVANCED_FACE('',(#3983),#71,.F.);
#4393=ADVANCED_FACE('',(#3984),#4257,.F.);
#4394=ADVANCED_FACE('',(#3985),#72,.F.);
#4395=ADVANCED_FACE('',(#3986),#4258,.F.);
#4396=ADVANCED_FACE('',(#3987),#73,.F.);
#4397=ADVANCED_FACE('',(#3988),#4259,.T.);
#4398=ADVANCED_FACE('',(#3989),#74,.F.);
#4399=ADVANCED_FACE('',(#3990),#4260,.T.);
#4400=ADVANCED_FACE('',(#3991),#75,.F.);
#4401=ADVANCED_FACE('',(#3992),#4261,.F.);
#4402=ADVANCED_FACE('',(#3993),#76,.F.);
#4403=ADVANCED_FACE('',(#3994),#4262,.F.);
#4404=ADVANCED_FACE('',(#3995),#77,.F.);
#4405=ADVANCED_FACE('',(#3996),#4263,.T.);
#4406=ADVANCED_FACE('',(#3997),#78,.F.);
#4407=ADVANCED_FACE('',(#3998),#4264,.T.);
#4408=ADVANCED_FACE('',(#3999),#79,.F.);
#4409=ADVANCED_FACE('',(#4000),#4265,.F.);
#4410=ADVANCED_FACE('',(#4001),#80,.F.);
#4411=ADVANCED_FACE('',(#4002),#4266,.F.);
#4412=ADVANCED_FACE('',(#4003),#81,.F.);
#4413=ADVANCED_FACE('',(#4004),#4267,.T.);
#4414=ADVANCED_FACE('',(#4005),#82,.F.);
#4415=ADVANCED_FACE('',(#4006),#4268,.T.);
#4416=ADVANCED_FACE('',(#4007),#83,.F.);
#4417=ADVANCED_FACE('',(#4008),#4269,.F.);
#4418=ADVANCED_FACE('',(#4009),#84,.F.);
#4419=ADVANCED_FACE('',(#4010),#4270,.F.);
#4420=ADVANCED_FACE('',(#4011),#85,.F.);
#4421=ADVANCED_FACE('',(#4012),#4271,.T.);
#4422=ADVANCED_FACE('',(#4013),#86,.F.);
#4423=ADVANCED_FACE('',(#4014),#4272,.T.);
#4424=ADVANCED_FACE('',(#4015),#87,.F.);
#4425=ADVANCED_FACE('',(#4016),#4273,.F.);
#4426=ADVANCED_FACE('',(#4017),#88,.F.);
#4427=ADVANCED_FACE('',(#4018),#4274,.F.);
#4428=ADVANCED_FACE('',(#4019),#89,.F.);
#4429=ADVANCED_FACE('',(#4020),#4275,.T.);
#4430=ADVANCED_FACE('',(#4021),#90,.F.);
#4431=ADVANCED_FACE('',(#4022),#4276,.T.);
#4432=ADVANCED_FACE('',(#4023),#91,.F.);
#4433=ADVANCED_FACE('',(#4024),#4277,.F.);
#4434=ADVANCED_FACE('',(#4025),#92,.F.);
#4435=ADVANCED_FACE('',(#4026),#4278,.F.);
#4436=ADVANCED_FACE('',(#4027),#93,.F.);
#4437=ADVANCED_FACE('',(#4028),#4279,.T.);
#4438=ADVANCED_FACE('',(#4029),#94,.F.);
#4439=ADVANCED_FACE('',(#4030),#4280,.T.);
#4440=ADVANCED_FACE('',(#4031),#95,.F.);
#4441=ADVANCED_FACE('',(#4032),#4281,.F.);
#4442=ADVANCED_FACE('',(#4033),#96,.F.);
#4443=ADVANCED_FACE('',(#4034),#4282,.F.);
#4444=ADVANCED_FACE('',(#4035),#97,.F.);
#4445=ADVANCED_FACE('',(#4036),#4283,.T.);
#4446=ADVANCED_FACE('',(#4037),#98,.F.);
#4447=ADVANCED_FACE('',(#4038),#4284,.T.);
#4448=ADVANCED_FACE('',(#4039),#99,.F.);
#4449=ADVANCED_FACE('',(#4040),#4285,.F.);
#4450=ADVANCED_FACE('',(#4041),#100,.F.);
#4451=ADVANCED_FACE('',(#4042),#4286,.F.);
#4452=ADVANCED_FACE('',(#4043),#101,.F.);
#4453=ADVANCED_FACE('',(#4044),#4287,.T.);
#4454=ADVANCED_FACE('',(#4045),#102,.F.);
#4455=ADVANCED_FACE('',(#4046),#4288,.T.);
#4456=ADVANCED_FACE('',(#4047),#103,.F.);
#4457=ADVANCED_FACE('',(#4048),#4289,.F.);
#4458=ADVANCED_FACE('',(#4049),#104,.F.);
#4459=ADVANCED_FACE('',(#4050),#4290,.F.);
#4460=ADVANCED_FACE('',(#4051),#105,.F.);
#4461=ADVANCED_FACE('',(#4052),#4291,.T.);
#4462=ADVANCED_FACE('',(#4053),#106,.F.);
#4463=ADVANCED_FACE('',(#4054),#4292,.T.);
#4464=ADVANCED_FACE('',(#4055),#107,.F.);
#4465=ADVANCED_FACE('',(#4056),#4293,.F.);
#4466=ADVANCED_FACE('',(#4057),#108,.F.);
#4467=ADVANCED_FACE('',(#4058),#4294,.F.);
#4468=ADVANCED_FACE('',(#4059),#109,.F.);
#4469=ADVANCED_FACE('',(#4060),#4295,.T.);
#4470=ADVANCED_FACE('',(#4061),#110,.F.);
#4471=ADVANCED_FACE('',(#4062),#4296,.T.);
#4472=ADVANCED_FACE('',(#4063),#111,.F.);
#4473=ADVANCED_FACE('',(#4064),#4297,.F.);
#4474=ADVANCED_FACE('',(#4065),#112,.F.);
#4475=ADVANCED_FACE('',(#4066),#4298,.F.);
#4476=ADVANCED_FACE('',(#4067),#113,.F.);
#4477=ADVANCED_FACE('',(#4068),#4299,.T.);
#4478=ADVANCED_FACE('',(#4069),#114,.F.);
#4479=ADVANCED_FACE('',(#4070),#4300,.T.);
#4480=ADVANCED_FACE('',(#4071),#115,.F.);
#4481=ADVANCED_FACE('',(#4072),#4301,.F.);
#4482=ADVANCED_FACE('',(#4073),#116,.F.);
#4483=ADVANCED_FACE('',(#4074),#4302,.F.);
#4484=ADVANCED_FACE('',(#4075),#117,.F.);
#4485=ADVANCED_FACE('',(#4076),#4303,.T.);
#4486=ADVANCED_FACE('',(#4077),#118,.F.);
#4487=ADVANCED_FACE('',(#4078),#119,.T.);
#4488=ADVANCED_FACE('',(#4079),#120,.T.);
#4489=ADVANCED_FACE('',(#4080),#121,.T.);
#4490=ADVANCED_FACE('',(#4081),#122,.T.);
#4491=ADVANCED_FACE('',(#4082),#4304,.T.);
#4492=ADVANCED_FACE('',(#4083),#123,.F.);
#4493=ADVANCED_FACE('',(#4084),#124,.F.);
#4494=ADVANCED_FACE('',(#4085,#4086),#125,.F.);
#4495=ADVANCED_FACE('',(#4087,#4088),#126,.F.);
#4496=ADVANCED_FACE('',(#4089,#4090),#127,.F.);
#4497=ADVANCED_FACE('',(#4091,#4092),#128,.F.);
#4498=ADVANCED_FACE('',(#4093,#4094),#129,.F.);
#4499=ADVANCED_FACE('',(#4095,#4096),#130,.F.);
#4500=ADVANCED_FACE('',(#4097,#4098,#4099,#4100,#4101,#4102,#4103),#4305,
 .F.);
#4501=ADVANCED_FACE('',(#4104),#4306,.F.);
#4502=ADVANCED_FACE('',(#4105),#4307,.T.);
#4503=ADVANCED_FACE('',(#4106),#4308,.T.);
#4504=ADVANCED_FACE('',(#4107),#4309,.F.);
#4505=ADVANCED_FACE('',(#4108),#4310,.T.);
#4506=ADVANCED_FACE('',(#4109),#4311,.F.);
#4507=ADVANCED_FACE('',(#4110),#4312,.F.);
#4508=ADVANCED_FACE('',(#4111),#4313,.T.);
#4509=ADVANCED_FACE('',(#4112,#4113,#4114,#4115,#4116,#4117,#4118,#4119),
#4314,.T.);
#4510=ADVANCED_FACE('',(#4120),#4315,.T.);
#4511=ADVANCED_FACE('',(#4121),#131,.T.);
#4512=ADVANCED_FACE('',(#4122),#132,.T.);
#4513=ADVANCED_FACE('',(#4123),#133,.T.);
#4514=ADVANCED_FACE('',(#4124),#134,.T.);
#4515=ADVANCED_FACE('',(#4125,#4126),#135,.F.);
#4516=ADVANCED_FACE('',(#4127,#4128),#4316,.T.);
#4517=ADVANCED_FACE('',(#4129,#4130),#136,.F.);
#4518=ADVANCED_FACE('',(#4131,#4132),#137,.F.);
#4519=ADVANCED_FACE('',(#4133,#4134),#4317,.T.);
#4520=ADVANCED_FACE('',(#4135,#4136),#138,.F.);
#4521=ADVANCED_FACE('',(#4137,#4138),#139,.F.);
#4522=ADVANCED_FACE('',(#4139,#4140),#4318,.T.);
#4523=ADVANCED_FACE('',(#4141,#4142),#140,.F.);
#4524=ADVANCED_FACE('',(#4143,#4144),#141,.F.);
#4525=ADVANCED_FACE('',(#4145,#4146),#4319,.T.);
#4526=ADVANCED_FACE('',(#4147,#4148),#142,.F.);
#4527=ADVANCED_FACE('',(#4149,#4150),#143,.F.);
#4528=ADVANCED_FACE('',(#4151,#4152),#4320,.T.);
#4529=ADVANCED_FACE('',(#4153,#4154),#144,.F.);
#4530=ADVANCED_FACE('',(#4155,#4156),#145,.F.);
#4531=ADVANCED_FACE('',(#4157,#4158),#4321,.T.);
#4532=ADVANCED_FACE('',(#4159,#4160),#146,.F.);
#4533=ADVANCED_FACE('',(#4161),#4322,.T.);
#4534=ADVANCED_FACE('',(#4162),#4323,.F.);
#4535=ADVANCED_FACE('',(#4163),#4324,.F.);
#4536=ADVANCED_FACE('',(#4164),#4325,.T.);
#4537=ADVANCED_FACE('',(#4165),#4326,.F.);
#4538=ADVANCED_FACE('',(#4166),#4327,.F.);
#4539=ADVANCED_FACE('',(#4167),#4328,.T.);
#4540=ADVANCED_FACE('',(#4168),#4329,.T.);
#4541=ADVANCED_FACE('',(#4169),#4330,.T.);
#4542=ADVANCED_FACE('',(#4170,#4171,#4172,#4173,#4174,#4175,#4176),#4331,
 .F.);
#4543=ADVANCED_FACE('',(#4177),#147,.T.);
#4544=ADVANCED_FACE('',(#4178),#148,.T.);
#4545=ADVANCED_FACE('',(#4179),#149,.T.);
#4546=ADVANCED_FACE('',(#4180),#150,.T.);
#4547=ADVANCED_FACE('',(#4181),#151,.T.);
#4548=ADVANCED_FACE('',(#4182),#152,.T.);
#4549=ADVANCED_FACE('',(#4183),#153,.T.);
#4550=ADVANCED_FACE('',(#4184),#154,.T.);
#4551=ADVANCED_FACE('',(#4185),#155,.T.);
#4552=ADVANCED_FACE('',(#4186),#22,.T.);
#4553=ADVANCED_FACE('',(#4187),#156,.T.);
#4554=ADVANCED_FACE('',(#4188),#23,.T.);
#4555=ADVANCED_FACE('',(#4189),#157,.T.);
#4556=ADVANCED_FACE('',(#4190),#24,.T.);
#4557=ADVANCED_FACE('',(#4191),#158,.T.);
#4558=ADVANCED_FACE('',(#4192),#25,.T.);
#4559=ADVANCED_FACE('',(#4193),#4332,.T.);
#4560=ADVANCED_FACE('',(#4194),#159,.F.);
#4561=ADVANCED_FACE('',(#4195),#4333,.T.);
#4562=ADVANCED_FACE('',(#4196),#160,.F.);
#4563=ADVANCED_FACE('',(#4197),#4334,.F.);
#4564=ADVANCED_FACE('',(#4198),#161,.F.);
#4565=ADVANCED_FACE('',(#4199),#162,.F.);
#4566=ADVANCED_FACE('',(#4200,#4201),#16,.F.);
#4567=ADVANCED_FACE('',(#4202,#4203),#163,.F.);
#4568=ADVANCED_FACE('',(#4204,#4205),#17,.F.);
#4569=ADVANCED_FACE('',(#4206,#4207),#164,.F.);
#4570=ADVANCED_FACE('',(#4208,#4209),#18,.F.);
#4571=ADVANCED_FACE('',(#4210,#4211),#165,.F.);
#4572=ADVANCED_FACE('',(#4212,#4213),#19,.F.);
#4573=ADVANCED_FACE('',(#4214,#4215),#166,.F.);
#4574=ADVANCED_FACE('',(#4216,#4217),#20,.F.);
#4575=ADVANCED_FACE('',(#4218,#4219),#167,.F.);
#4576=ADVANCED_FACE('',(#4220,#4221),#21,.F.);
#4577=ADVANCED_FACE('',(#4222,#4223),#168,.F.);
#4578=CLOSED_SHELL('',(#4335,#4336,#4337,#4338,#4339,#4340,#4341,#4342,
#4343,#4344,#4345,#4346,#4347,#4348,#4349,#4350,#4351,#4352,#4353,#4354,
#4355,#4356,#4357,#4358,#4359,#4360,#4361,#4362,#4363,#4364,#4365,#4366,
#4367,#4368,#4369,#4370,#4371,#4372,#4373,#4374,#4375,#4376,#4377,#4378,
#4379,#4380,#4381,#4382,#4383,#4384,#4385,#4386,#4387,#4388,#4389,#4390,
#4391,#4392,#4393,#4394,#4395,#4396,#4397,#4398,#4399,#4400,#4401,#4402,
#4403,#4404,#4405,#4406,#4407,#4408,#4409,#4410,#4411,#4412,#4413,#4414,
#4415,#4416,#4417,#4418,#4419,#4420,#4421,#4422,#4423,#4424,#4425,#4426,
#4427,#4428,#4429,#4430,#4431,#4432,#4433,#4434,#4435,#4436,#4437,#4438,
#4439,#4440,#4441,#4442,#4443,#4444,#4445,#4446,#4447,#4448,#4449,#4450,
#4451,#4452,#4453,#4454,#4455,#4456,#4457,#4458,#4459,#4460,#4461,#4462,
#4463,#4464,#4465,#4466,#4467,#4468,#4469,#4470,#4471,#4472,#4473,#4474,
#4475,#4476,#4477,#4478,#4479,#4480,#4481,#4482,#4483,#4484,#4485,#4486,
#4487,#4488,#4489,#4490,#4491,#4492,#4493,#4494,#4495,#4496,#4497,#4498,
#4499));
#4579=CLOSED_SHELL('',(#4500,#4501,#4502,#4503,#4504,#4505,#4506,#4507,
#4508,#4509,#4510,#4511,#4512,#4513,#4514,#4515,#4516,#4517,#4518,#4519,
#4520,#4521,#4522,#4523,#4524,#4525,#4526,#4527,#4528,#4529,#4530,#4531,
#4532));
#4580=CLOSED_SHELL('',(#4533,#4534,#4535,#4536,#4537,#4538,#4539,#4540,
#4541,#4542,#4543,#4544,#4545,#4546,#4547,#4548,#4549,#4550,#4551,#4552,
#4553,#4554,#4555,#4556,#4557,#4558,#4559,#4560,#4561,#4562,#4563,#4564,
#4565,#4566,#4567,#4568,#4569,#4570,#4571,#4572,#4573,#4574,#4575,#4576,
#4577));
#4581=STYLED_ITEM('',(#4584),#4605);
#4582=STYLED_ITEM('',(#4585),#4606);
#4583=STYLED_ITEM('',(#4586),#4607);
#4584=PRESENTATION_STYLE_ASSIGNMENT((#4587));
#4585=PRESENTATION_STYLE_ASSIGNMENT((#4588));
#4586=PRESENTATION_STYLE_ASSIGNMENT((#4589));
#4587=SURFACE_STYLE_USAGE(.BOTH.,#4590);
#4588=SURFACE_STYLE_USAGE(.BOTH.,#4591);
#4589=SURFACE_STYLE_USAGE(.BOTH.,#4592);
#4590=SURFACE_SIDE_STYLE('',(#4593));
#4591=SURFACE_SIDE_STYLE('',(#4594));
#4592=SURFACE_SIDE_STYLE('',(#4595));
#4593=SURFACE_STYLE_FILL_AREA(#4596);
#4594=SURFACE_STYLE_FILL_AREA(#4597);
#4595=SURFACE_STYLE_FILL_AREA(#4598);
#4596=FILL_AREA_STYLE('',(#4599));
#4597=FILL_AREA_STYLE('',(#4600));
#4598=FILL_AREA_STYLE('',(#4601));
#4599=FILL_AREA_STYLE_COLOUR('',#4602);
#4600=FILL_AREA_STYLE_COLOUR('',#4603);
#4601=FILL_AREA_STYLE_COLOUR('',#4604);
#4602=COLOUR_RGB('',0.647058823529412,0.647058823529412,0.647058823529412);
#4603=COLOUR_RGB('',0.615686274509804,0.811764705882353,0.929411764705882);
#4604=COLOUR_RGB('',0.231372549019608,0.380392156862745,0.705882352941177);
#4605=MANIFOLD_SOLID_BREP('Part 2',#4578);
#4606=MANIFOLD_SOLID_BREP('Part 1',#4579);
#4607=MANIFOLD_SOLID_BREP('Part 3',#4580);
#4608=SHAPE_DEFINITION_REPRESENTATION(#7890,#4611);
#4609=SHAPE_DEFINITION_REPRESENTATION(#7891,#4612);
#4610=SHAPE_DEFINITION_REPRESENTATION(#7892,#4613);
#4611=SHAPE_REPRESENTATION('Part 2',(#4614),#7875);
#4612=SHAPE_REPRESENTATION('Part 1',(#4949),#7876);
#4613=SHAPE_REPRESENTATION('Part 3',(#5015),#7877);
#4614=AXIS2_PLACEMENT_3D('',#6463,#5099,#5100);
#4615=AXIS2_PLACEMENT_3D('',#6464,#5101,#5102);
#4616=AXIS2_PLACEMENT_3D('',#6465,#5103,#5104);
#4617=AXIS2_PLACEMENT_3D('',#6473,#5108,#5109);
#4618=AXIS2_PLACEMENT_3D('',#6474,#5110,#5111);
#4619=AXIS2_PLACEMENT_3D('',#6480,#5114,#5115);
#4620=AXIS2_PLACEMENT_3D('',#6481,#5116,#5117);
#4621=AXIS2_PLACEMENT_3D('',#6483,#5118,#5119);
#4622=AXIS2_PLACEMENT_3D('',#6485,#5120,#5121);
#4623=AXIS2_PLACEMENT_3D('',#6487,#5122,#5123);
#4624=AXIS2_PLACEMENT_3D('',#6489,#5124,#5125);
#4625=AXIS2_PLACEMENT_3D('',#6491,#5126,#5127);
#4626=AXIS2_PLACEMENT_3D('',#6498,#5130,#5131);
#4627=AXIS2_PLACEMENT_3D('',#6502,#5133,#5134);
#4628=AXIS2_PLACEMENT_3D('',#6506,#5136,#5137);
#4629=AXIS2_PLACEMENT_3D('',#6510,#5139,#5140);
#4630=AXIS2_PLACEMENT_3D('',#6515,#5143,#5144);
#4631=AXIS2_PLACEMENT_3D('',#6519,#5146,#5147);
#4632=AXIS2_PLACEMENT_3D('',#6523,#5149,#5150);
#4633=AXIS2_PLACEMENT_3D('',#6527,#5152,#5153);
#4634=AXIS2_PLACEMENT_3D('',#6530,#5155,#5156);
#4635=AXIS2_PLACEMENT_3D('',#6535,#5158,#5159);
#4636=AXIS2_PLACEMENT_3D('',#6539,#5161,#5162);
#4637=AXIS2_PLACEMENT_3D('',#6543,#5164,#5165);
#4638=AXIS2_PLACEMENT_3D('',#6546,#5167,#5168);
#4639=AXIS2_PLACEMENT_3D('',#6551,#5170,#5171);
#4640=AXIS2_PLACEMENT_3D('',#6555,#5173,#5174);
#4641=AXIS2_PLACEMENT_3D('',#6559,#5176,#5177);
#4642=AXIS2_PLACEMENT_3D('',#6562,#5179,#5180);
#4643=AXIS2_PLACEMENT_3D('',#6567,#5182,#5183);
#4644=AXIS2_PLACEMENT_3D('',#6571,#5185,#5186);
#4645=AXIS2_PLACEMENT_3D('',#6575,#5188,#5189);
#4646=AXIS2_PLACEMENT_3D('',#6578,#5191,#5192);
#4647=AXIS2_PLACEMENT_3D('',#6583,#5194,#5195);
#4648=AXIS2_PLACEMENT_3D('',#6587,#5197,#5198);
#4649=AXIS2_PLACEMENT_3D('',#6591,#5200,#5201);
#4650=AXIS2_PLACEMENT_3D('',#6594,#5203,#5204);
#4651=AXIS2_PLACEMENT_3D('',#6599,#5206,#5207);
#4652=AXIS2_PLACEMENT_3D('',#6603,#5209,#5210);
#4653=AXIS2_PLACEMENT_3D('',#6607,#5212,#5213);
#4654=AXIS2_PLACEMENT_3D('',#6610,#5215,#5216);
#4655=AXIS2_PLACEMENT_3D('',#6615,#5218,#5219);
#4656=AXIS2_PLACEMENT_3D('',#6619,#5221,#5222);
#4657=AXIS2_PLACEMENT_3D('',#6623,#5224,#5225);
#4658=AXIS2_PLACEMENT_3D('',#6626,#5227,#5228);
#4659=AXIS2_PLACEMENT_3D('',#6631,#5230,#5231);
#4660=AXIS2_PLACEMENT_3D('',#6635,#5233,#5234);
#4661=AXIS2_PLACEMENT_3D('',#6639,#5236,#5237);
#4662=AXIS2_PLACEMENT_3D('',#6642,#5239,#5240);
#4663=AXIS2_PLACEMENT_3D('',#6647,#5242,#5243);
#4664=AXIS2_PLACEMENT_3D('',#6651,#5245,#5246);
#4665=AXIS2_PLACEMENT_3D('',#6655,#5248,#5249);
#4666=AXIS2_PLACEMENT_3D('',#6658,#5251,#5252);
#4667=AXIS2_PLACEMENT_3D('',#6663,#5254,#5255);
#4668=AXIS2_PLACEMENT_3D('',#6667,#5257,#5258);
#4669=AXIS2_PLACEMENT_3D('',#6671,#5260,#5261);
#4670=AXIS2_PLACEMENT_3D('',#6674,#5263,#5264);
#4671=AXIS2_PLACEMENT_3D('',#6679,#5266,#5267);
#4672=AXIS2_PLACEMENT_3D('',#6683,#5269,#5270);
#4673=AXIS2_PLACEMENT_3D('',#6687,#5272,#5273);
#4674=AXIS2_PLACEMENT_3D('',#6690,#5275,#5276);
#4675=AXIS2_PLACEMENT_3D('',#6695,#5278,#5279);
#4676=AXIS2_PLACEMENT_3D('',#6699,#5281,#5282);
#4677=AXIS2_PLACEMENT_3D('',#6703,#5284,#5285);
#4678=AXIS2_PLACEMENT_3D('',#6706,#5287,#5288);
#4679=AXIS2_PLACEMENT_3D('',#6711,#5290,#5291);
#4680=AXIS2_PLACEMENT_3D('',#6715,#5293,#5294);
#4681=AXIS2_PLACEMENT_3D('',#6719,#5296,#5297);
#4682=AXIS2_PLACEMENT_3D('',#6722,#5299,#5300);
#4683=AXIS2_PLACEMENT_3D('',#6727,#5302,#5303);
#4684=AXIS2_PLACEMENT_3D('',#6731,#5305,#5306);
#4685=AXIS2_PLACEMENT_3D('',#6735,#5308,#5309);
#4686=AXIS2_PLACEMENT_3D('',#6738,#5311,#5312);
#4687=AXIS2_PLACEMENT_3D('',#6743,#5314,#5315);
#4688=AXIS2_PLACEMENT_3D('',#6747,#5317,#5318);
#4689=AXIS2_PLACEMENT_3D('',#6751,#5320,#5321);
#4690=AXIS2_PLACEMENT_3D('',#6754,#5323,#5324);
#4691=AXIS2_PLACEMENT_3D('',#6759,#5326,#5327);
#4692=AXIS2_PLACEMENT_3D('',#6763,#5329,#5330);
#4693=AXIS2_PLACEMENT_3D('',#6767,#5332,#5333);
#4694=AXIS2_PLACEMENT_3D('',#6770,#5335,#5336);
#4695=AXIS2_PLACEMENT_3D('',#6775,#5338,#5339);
#4696=AXIS2_PLACEMENT_3D('',#6779,#5341,#5342);
#4697=AXIS2_PLACEMENT_3D('',#6783,#5344,#5345);
#4698=AXIS2_PLACEMENT_3D('',#6786,#5347,#5348);
#4699=AXIS2_PLACEMENT_3D('',#6791,#5350,#5351);
#4700=AXIS2_PLACEMENT_3D('',#6795,#5353,#5354);
#4701=AXIS2_PLACEMENT_3D('',#6799,#5356,#5357);
#4702=AXIS2_PLACEMENT_3D('',#6802,#5359,#5360);
#4703=AXIS2_PLACEMENT_3D('',#6803,#5361,#5362);
#4704=AXIS2_PLACEMENT_3D('',#6805,#5363,#5364);
#4705=AXIS2_PLACEMENT_3D('',#6807,#5365,#5366);
#4706=AXIS2_PLACEMENT_3D('',#6809,#5367,#5368);
#4707=AXIS2_PLACEMENT_3D('',#6811,#5369,#5370);
#4708=AXIS2_PLACEMENT_3D('',#6813,#5371,#5372);
#4709=AXIS2_PLACEMENT_3D('',#6818,#5374,#5375);
#4710=AXIS2_PLACEMENT_3D('',#6822,#5377,#5378);
#4711=AXIS2_PLACEMENT_3D('',#6826,#5380,#5381);
#4712=AXIS2_PLACEMENT_3D('',#6830,#5383,#5384);
#4713=AXIS2_PLACEMENT_3D('',#6834,#5386,#5387);
#4714=AXIS2_PLACEMENT_3D('',#6838,#5389,#5390);
#4715=AXIS2_PLACEMENT_3D('',#6842,#5392,#5393);
#4716=AXIS2_PLACEMENT_3D('',#6846,#5395,#5396);
#4717=AXIS2_PLACEMENT_3D('',#6850,#5398,#5399);
#4718=AXIS2_PLACEMENT_3D('',#6854,#5401,#5402);
#4719=AXIS2_PLACEMENT_3D('',#6858,#5404,#5405);
#4720=AXIS2_PLACEMENT_3D('',#6862,#5407,#5408);
#4721=AXIS2_PLACEMENT_3D('',#6866,#5410,#5411);
#4722=AXIS2_PLACEMENT_3D('',#6870,#5413,#5414);
#4723=AXIS2_PLACEMENT_3D('',#6874,#5416,#5417);
#4724=AXIS2_PLACEMENT_3D('',#6878,#5419,#5420);
#4725=AXIS2_PLACEMENT_3D('',#6882,#5422,#5423);
#4726=AXIS2_PLACEMENT_3D('',#6886,#5425,#5426);
#4727=AXIS2_PLACEMENT_3D('',#6890,#5428,#5429);
#4728=AXIS2_PLACEMENT_3D('',#6894,#5431,#5432);
#4729=AXIS2_PLACEMENT_3D('',#6898,#5434,#5435);
#4730=AXIS2_PLACEMENT_3D('',#6902,#5437,#5438);
#4731=AXIS2_PLACEMENT_3D('',#6906,#5440,#5441);
#4732=AXIS2_PLACEMENT_3D('',#6910,#5443,#5444);
#4733=AXIS2_PLACEMENT_3D('',#6914,#5446,#5447);
#4734=AXIS2_PLACEMENT_3D('',#6918,#5449,#5450);
#4735=AXIS2_PLACEMENT_3D('',#6922,#5452,#5453);
#4736=AXIS2_PLACEMENT_3D('',#6926,#5455,#5456);
#4737=AXIS2_PLACEMENT_3D('',#6930,#5458,#5459);
#4738=AXIS2_PLACEMENT_3D('',#6934,#5461,#5462);
#4739=AXIS2_PLACEMENT_3D('',#6938,#5464,#5465);
#4740=AXIS2_PLACEMENT_3D('',#6942,#5467,#5468);
#4741=AXIS2_PLACEMENT_3D('',#6950,#5472,#5473);
#4742=AXIS2_PLACEMENT_3D('',#6954,#5475,#5476);
#4743=AXIS2_PLACEMENT_3D('',#6958,#5478,#5479);
#4744=AXIS2_PLACEMENT_3D('',#6962,#5481,#5482);
#4745=AXIS2_PLACEMENT_3D('',#6964,#5484,#5485);
#4746=AXIS2_PLACEMENT_3D('',#6968,#5487,#5488);
#4747=AXIS2_PLACEMENT_3D('',#6972,#5490,#5491);
#4748=AXIS2_PLACEMENT_3D('',#6976,#5493,#5494);
#4749=AXIS2_PLACEMENT_3D('',#6980,#5496,#5497);
#4750=AXIS2_PLACEMENT_3D('',#6984,#5499,#5500);
#4751=AXIS2_PLACEMENT_3D('',#6988,#5502,#5503);
#4752=AXIS2_PLACEMENT_3D('',#6992,#5505,#5506);
#4753=AXIS2_PLACEMENT_3D('',#6996,#5508,#5509);
#4754=AXIS2_PLACEMENT_3D('',#7000,#5511,#5512);
#4755=AXIS2_PLACEMENT_3D('',#7004,#5514,#5515);
#4756=AXIS2_PLACEMENT_3D('',#7008,#5517,#5518);
#4757=AXIS2_PLACEMENT_3D('',#7012,#5520,#5521);
#4758=AXIS2_PLACEMENT_3D('',#7016,#5523,#5524);
#4759=AXIS2_PLACEMENT_3D('',#7020,#5526,#5527);
#4760=AXIS2_PLACEMENT_3D('',#7024,#5529,#5530);
#4761=AXIS2_PLACEMENT_3D('',#7028,#5532,#5533);
#4762=AXIS2_PLACEMENT_3D('',#7032,#5535,#5536);
#4763=AXIS2_PLACEMENT_3D('',#7036,#5538,#5539);
#4764=AXIS2_PLACEMENT_3D('',#7040,#5541,#5542);
#4765=AXIS2_PLACEMENT_3D('',#7044,#5544,#5545);
#4766=AXIS2_PLACEMENT_3D('',#7048,#5547,#5548);
#4767=AXIS2_PLACEMENT_3D('',#7052,#5550,#5551);
#4768=AXIS2_PLACEMENT_3D('',#7056,#5553,#5554);
#4769=AXIS2_PLACEMENT_3D('',#7060,#5556,#5557);
#4770=AXIS2_PLACEMENT_3D('',#7064,#5559,#5560);
#4771=AXIS2_PLACEMENT_3D('',#7068,#5562,#5563);
#4772=AXIS2_PLACEMENT_3D('',#7072,#5565,#5566);
#4773=AXIS2_PLACEMENT_3D('',#7076,#5568,#5569);
#4774=AXIS2_PLACEMENT_3D('',#7080,#5571,#5572);
#4775=AXIS2_PLACEMENT_3D('',#7084,#5574,#5575);
#4776=AXIS2_PLACEMENT_3D('',#7088,#5577,#5578);
#4777=AXIS2_PLACEMENT_3D('',#7092,#5580,#5581);
#4778=AXIS2_PLACEMENT_3D('',#7096,#5583,#5584);
#4779=AXIS2_PLACEMENT_3D('',#7100,#5586,#5587);
#4780=AXIS2_PLACEMENT_3D('',#7104,#5589,#5590);
#4781=AXIS2_PLACEMENT_3D('',#7108,#5592,#5593);
#4782=AXIS2_PLACEMENT_3D('',#7112,#5595,#5596);
#4783=AXIS2_PLACEMENT_3D('',#7116,#5598,#5599);
#4784=AXIS2_PLACEMENT_3D('',#7120,#5601,#5602);
#4785=AXIS2_PLACEMENT_3D('',#7121,#5603,#5604);
#4786=AXIS2_PLACEMENT_3D('',#7122,#5605,#5606);
#4787=AXIS2_PLACEMENT_3D('',#7124,#5608,#5609);
#4788=AXIS2_PLACEMENT_3D('',#7127,#5612,#5613);
#4789=AXIS2_PLACEMENT_3D('',#7130,#5616,#5617);
#4790=AXIS2_PLACEMENT_3D('',#7133,#5620,#5621);
#4791=AXIS2_PLACEMENT_3D('',#7134,#5622,#5623);
#4792=AXIS2_PLACEMENT_3D('',#7136,#5625,#5626);
#4793=AXIS2_PLACEMENT_3D('',#7144,#5629,#5630);
#4794=AXIS2_PLACEMENT_3D('',#7146,#5632,#5633);
#4795=AXIS2_PLACEMENT_3D('',#7148,#5635,#5636);
#4796=AXIS2_PLACEMENT_3D('',#7150,#5638,#5639);
#4797=AXIS2_PLACEMENT_3D('',#7152,#5641,#5642);
#4798=AXIS2_PLACEMENT_3D('',#7154,#5644,#5645);
#4799=AXIS2_PLACEMENT_3D('',#7155,#5646,#5647);
#4800=AXIS2_PLACEMENT_3D('',#7158,#5650,#5651);
#4801=AXIS2_PLACEMENT_3D('',#7160,#5653,#5654);
#4802=AXIS2_PLACEMENT_3D('',#7162,#5656,#5657);
#4803=AXIS2_PLACEMENT_3D('',#7164,#5659,#5660);
#4804=AXIS2_PLACEMENT_3D('',#7166,#5662,#5663);
#4805=AXIS2_PLACEMENT_3D('',#7168,#5665,#5666);
#4806=AXIS2_PLACEMENT_3D('',#7170,#5668,#5669);
#4807=AXIS2_PLACEMENT_3D('',#7171,#5670,#5671);
#4808=AXIS2_PLACEMENT_3D('',#7174,#5674,#5675);
#4809=AXIS2_PLACEMENT_3D('',#7176,#5677,#5678);
#4810=AXIS2_PLACEMENT_3D('',#7178,#5680,#5681);
#4811=AXIS2_PLACEMENT_3D('',#7180,#5683,#5684);
#4812=AXIS2_PLACEMENT_3D('',#7182,#5686,#5687);
#4813=AXIS2_PLACEMENT_3D('',#7184,#5689,#5690);
#4814=AXIS2_PLACEMENT_3D('',#7186,#5692,#5693);
#4815=AXIS2_PLACEMENT_3D('',#7187,#5694,#5695);
#4816=AXIS2_PLACEMENT_3D('',#7190,#5698,#5699);
#4817=AXIS2_PLACEMENT_3D('',#7192,#5701,#5702);
#4818=AXIS2_PLACEMENT_3D('',#7194,#5704,#5705);
#4819=AXIS2_PLACEMENT_3D('',#7196,#5707,#5708);
#4820=AXIS2_PLACEMENT_3D('',#7198,#5710,#5711);
#4821=AXIS2_PLACEMENT_3D('',#7200,#5713,#5714);
#4822=AXIS2_PLACEMENT_3D('',#7202,#5716,#5717);
#4823=AXIS2_PLACEMENT_3D('',#7203,#5718,#5719);
#4824=AXIS2_PLACEMENT_3D('',#7206,#5722,#5723);
#4825=AXIS2_PLACEMENT_3D('',#7208,#5725,#5726);
#4826=AXIS2_PLACEMENT_3D('',#7210,#5728,#5729);
#4827=AXIS2_PLACEMENT_3D('',#7212,#5731,#5732);
#4828=AXIS2_PLACEMENT_3D('',#7214,#5734,#5735);
#4829=AXIS2_PLACEMENT_3D('',#7216,#5737,#5738);
#4830=AXIS2_PLACEMENT_3D('',#7218,#5740,#5741);
#4831=AXIS2_PLACEMENT_3D('',#7219,#5742,#5743);
#4832=AXIS2_PLACEMENT_3D('',#7222,#5746,#5747);
#4833=AXIS2_PLACEMENT_3D('',#7224,#5749,#5750);
#4834=AXIS2_PLACEMENT_3D('',#7226,#5752,#5753);
#4835=AXIS2_PLACEMENT_3D('',#7228,#5755,#5756);
#4836=AXIS2_PLACEMENT_3D('',#7230,#5758,#5759);
#4837=AXIS2_PLACEMENT_3D('',#7232,#5761,#5762);
#4838=AXIS2_PLACEMENT_3D('',#7234,#5764,#5765);
#4839=AXIS2_PLACEMENT_3D('',#7235,#5766,#5767);
#4840=AXIS2_PLACEMENT_3D('',#7238,#5770,#5771);
#4841=AXIS2_PLACEMENT_3D('',#7240,#5773,#5774);
#4842=AXIS2_PLACEMENT_3D('',#7242,#5776,#5777);
#4843=AXIS2_PLACEMENT_3D('',#7244,#5779,#5780);
#4844=AXIS2_PLACEMENT_3D('',#7246,#5782,#5783);
#4845=AXIS2_PLACEMENT_3D('',#7248,#5785,#5786);
#4846=AXIS2_PLACEMENT_3D('',#7250,#5788,#5789);
#4847=AXIS2_PLACEMENT_3D('',#7251,#5790,#5791);
#4848=AXIS2_PLACEMENT_3D('',#7254,#5794,#5795);
#4849=AXIS2_PLACEMENT_3D('',#7256,#5797,#5798);
#4850=AXIS2_PLACEMENT_3D('',#7258,#5800,#5801);
#4851=AXIS2_PLACEMENT_3D('',#7260,#5803,#5804);
#4852=AXIS2_PLACEMENT_3D('',#7262,#5806,#5807);
#4853=AXIS2_PLACEMENT_3D('',#7264,#5809,#5810);
#4854=AXIS2_PLACEMENT_3D('',#7266,#5812,#5813);
#4855=AXIS2_PLACEMENT_3D('',#7267,#5814,#5815);
#4856=AXIS2_PLACEMENT_3D('',#7270,#5818,#5819);
#4857=AXIS2_PLACEMENT_3D('',#7272,#5821,#5822);
#4858=AXIS2_PLACEMENT_3D('',#7274,#5824,#5825);
#4859=AXIS2_PLACEMENT_3D('',#7276,#5827,#5828);
#4860=AXIS2_PLACEMENT_3D('',#7278,#5830,#5831);
#4861=AXIS2_PLACEMENT_3D('',#7280,#5833,#5834);
#4862=AXIS2_PLACEMENT_3D('',#7282,#5836,#5837);
#4863=AXIS2_PLACEMENT_3D('',#7283,#5838,#5839);
#4864=AXIS2_PLACEMENT_3D('',#7286,#5842,#5843);
#4865=AXIS2_PLACEMENT_3D('',#7288,#5845,#5846);
#4866=AXIS2_PLACEMENT_3D('',#7290,#5848,#5849);
#4867=AXIS2_PLACEMENT_3D('',#7292,#5851,#5852);
#4868=AXIS2_PLACEMENT_3D('',#7294,#5854,#5855);
#4869=AXIS2_PLACEMENT_3D('',#7296,#5857,#5858);
#4870=AXIS2_PLACEMENT_3D('',#7298,#5860,#5861);
#4871=AXIS2_PLACEMENT_3D('',#7299,#5862,#5863);
#4872=AXIS2_PLACEMENT_3D('',#7302,#5866,#5867);
#4873=AXIS2_PLACEMENT_3D('',#7304,#5869,#5870);
#4874=AXIS2_PLACEMENT_3D('',#7306,#5872,#5873);
#4875=AXIS2_PLACEMENT_3D('',#7308,#5875,#5876);
#4876=AXIS2_PLACEMENT_3D('',#7310,#5878,#5879);
#4877=AXIS2_PLACEMENT_3D('',#7312,#5881,#5882);
#4878=AXIS2_PLACEMENT_3D('',#7314,#5884,#5885);
#4879=AXIS2_PLACEMENT_3D('',#7315,#5886,#5887);
#4880=AXIS2_PLACEMENT_3D('',#7318,#5890,#5891);
#4881=AXIS2_PLACEMENT_3D('',#7320,#5893,#5894);
#4882=AXIS2_PLACEMENT_3D('',#7322,#5896,#5897);
#4883=AXIS2_PLACEMENT_3D('',#7324,#5899,#5900);
#4884=AXIS2_PLACEMENT_3D('',#7326,#5902,#5903);
#4885=AXIS2_PLACEMENT_3D('',#7328,#5905,#5906);
#4886=AXIS2_PLACEMENT_3D('',#7330,#5908,#5909);
#4887=AXIS2_PLACEMENT_3D('',#7331,#5910,#5911);
#4888=AXIS2_PLACEMENT_3D('',#7334,#5914,#5915);
#4889=AXIS2_PLACEMENT_3D('',#7336,#5917,#5918);
#4890=AXIS2_PLACEMENT_3D('',#7338,#5920,#5921);
#4891=AXIS2_PLACEMENT_3D('',#7340,#5923,#5924);
#4892=AXIS2_PLACEMENT_3D('',#7342,#5926,#5927);
#4893=AXIS2_PLACEMENT_3D('',#7344,#5929,#5930);
#4894=AXIS2_PLACEMENT_3D('',#7346,#5932,#5933);
#4895=AXIS2_PLACEMENT_3D('',#7347,#5934,#5935);
#4896=AXIS2_PLACEMENT_3D('',#7350,#5938,#5939);
#4897=AXIS2_PLACEMENT_3D('',#7352,#5941,#5942);
#4898=AXIS2_PLACEMENT_3D('',#7354,#5944,#5945);
#4899=AXIS2_PLACEMENT_3D('',#7356,#5947,#5948);
#4900=AXIS2_PLACEMENT_3D('',#7358,#5950,#5951);
#4901=AXIS2_PLACEMENT_3D('',#7360,#5953,#5954);
#4902=AXIS2_PLACEMENT_3D('',#7362,#5956,#5957);
#4903=AXIS2_PLACEMENT_3D('',#7363,#5958,#5959);
#4904=AXIS2_PLACEMENT_3D('',#7366,#5962,#5963);
#4905=AXIS2_PLACEMENT_3D('',#7368,#5965,#5966);
#4906=AXIS2_PLACEMENT_3D('',#7370,#5968,#5969);
#4907=AXIS2_PLACEMENT_3D('',#7372,#5971,#5972);
#4908=AXIS2_PLACEMENT_3D('',#7374,#5974,#5975);
#4909=AXIS2_PLACEMENT_3D('',#7376,#5977,#5978);
#4910=AXIS2_PLACEMENT_3D('',#7378,#5980,#5981);
#4911=AXIS2_PLACEMENT_3D('',#7379,#5982,#5983);
#4912=AXIS2_PLACEMENT_3D('',#7382,#5986,#5987);
#4913=AXIS2_PLACEMENT_3D('',#7384,#5989,#5990);
#4914=AXIS2_PLACEMENT_3D('',#7386,#5992,#5993);
#4915=AXIS2_PLACEMENT_3D('',#7388,#5995,#5996);
#4916=AXIS2_PLACEMENT_3D('',#7390,#5998,#5999);
#4917=AXIS2_PLACEMENT_3D('',#7392,#6001,#6002);
#4918=AXIS2_PLACEMENT_3D('',#7394,#6004,#6005);
#4919=AXIS2_PLACEMENT_3D('',#7395,#6006,#6007);
#4920=AXIS2_PLACEMENT_3D('',#7398,#6010,#6011);
#4921=AXIS2_PLACEMENT_3D('',#7400,#6013,#6014);
#4922=AXIS2_PLACEMENT_3D('',#7402,#6016,#6017);
#4923=AXIS2_PLACEMENT_3D('',#7404,#6019,#6020);
#4924=AXIS2_PLACEMENT_3D('',#7406,#6022,#6023);
#4925=AXIS2_PLACEMENT_3D('',#7408,#6025,#6026);
#4926=AXIS2_PLACEMENT_3D('',#7410,#6028,#6029);
#4927=AXIS2_PLACEMENT_3D('',#7411,#6030,#6031);
#4928=AXIS2_PLACEMENT_3D('',#7414,#6034,#6035);
#4929=AXIS2_PLACEMENT_3D('',#7416,#6037,#6038);
#4930=AXIS2_PLACEMENT_3D('',#7418,#6040,#6041);
#4931=AXIS2_PLACEMENT_3D('',#7420,#6043,#6044);
#4932=AXIS2_PLACEMENT_3D('',#7422,#6046,#6047);
#4933=AXIS2_PLACEMENT_3D('',#7424,#6049,#6050);
#4934=AXIS2_PLACEMENT_3D('',#7426,#6052,#6053);
#4935=AXIS2_PLACEMENT_3D('',#7427,#6054,#6055);
#4936=AXIS2_PLACEMENT_3D('',#7428,#6056,#6057);
#4937=AXIS2_PLACEMENT_3D('',#7429,#6058,#6059);
#4938=AXIS2_PLACEMENT_3D('',#7430,#6060,#6061);
#4939=AXIS2_PLACEMENT_3D('',#7431,#6062,#6063);
#4940=AXIS2_PLACEMENT_3D('',#7432,#6064,#6065);
#4941=AXIS2_PLACEMENT_3D('',#7433,#6066,#6067);
#4942=AXIS2_PLACEMENT_3D('',#7434,#6068,#6069);
#4943=AXIS2_PLACEMENT_3D('',#7435,#6070,#6071);
#4944=AXIS2_PLACEMENT_3D('',#7436,#6072,#6073);
#4945=AXIS2_PLACEMENT_3D('',#7437,#6074,#6075);
#4946=AXIS2_PLACEMENT_3D('',#7438,#6076,#6077);
#4947=AXIS2_PLACEMENT_3D('',#7439,#6078,#6079);
#4948=AXIS2_PLACEMENT_3D('',#7440,#6080,#6081);
#4949=AXIS2_PLACEMENT_3D('',#7441,#6082,#6083);
#4950=AXIS2_PLACEMENT_3D('',#7442,#6084,#6085);
#4951=AXIS2_PLACEMENT_3D('',#7443,#6086,#6087);
#4952=AXIS2_PLACEMENT_3D('',#7445,#6088,#6089);
#4953=AXIS2_PLACEMENT_3D('',#7447,#6090,#6091);
#4954=AXIS2_PLACEMENT_3D('',#7449,#6092,#6093);
#4955=AXIS2_PLACEMENT_3D('',#7451,#6094,#6095);
#4956=AXIS2_PLACEMENT_3D('',#7453,#6096,#6097);
#4957=AXIS2_PLACEMENT_3D('',#7458,#6099,#6100);
#4958=AXIS2_PLACEMENT_3D('',#7462,#6102,#6103);
#4959=AXIS2_PLACEMENT_3D('',#7466,#6105,#6106);
#4960=AXIS2_PLACEMENT_3D('',#7470,#6108,#6109);
#4961=AXIS2_PLACEMENT_3D('',#7471,#6110,#6111);
#4962=AXIS2_PLACEMENT_3D('',#7480,#6116,#6117);
#4963=AXIS2_PLACEMENT_3D('',#7486,#6121,#6122);
#4964=AXIS2_PLACEMENT_3D('',#7492,#6126,#6127);
#4965=AXIS2_PLACEMENT_3D('',#7495,#6130,#6131);
#4966=AXIS2_PLACEMENT_3D('',#7501,#6135,#6136);
#4967=AXIS2_PLACEMENT_3D('',#7507,#6140,#6141);
#4968=AXIS2_PLACEMENT_3D('',#7513,#6145,#6146);
#4969=AXIS2_PLACEMENT_3D('',#7519,#6150,#6151);
#4970=AXIS2_PLACEMENT_3D('',#7520,#6152,#6153);
#4971=AXIS2_PLACEMENT_3D('',#7522,#6154,#6155);
#4972=AXIS2_PLACEMENT_3D('',#7524,#6156,#6157);
#4973=AXIS2_PLACEMENT_3D('',#7526,#6158,#6159);
#4974=AXIS2_PLACEMENT_3D('',#7528,#6160,#6161);
#4975=AXIS2_PLACEMENT_3D('',#7530,#6162,#6163);
#4976=AXIS2_PLACEMENT_3D('',#7532,#6164,#6165);
#4977=AXIS2_PLACEMENT_3D('',#7533,#6166,#6167);
#4978=AXIS2_PLACEMENT_3D('',#7534,#6168,#6169);
#4979=AXIS2_PLACEMENT_3D('',#7535,#6170,#6171);
#4980=AXIS2_PLACEMENT_3D('',#7536,#6172,#6173);
#4981=AXIS2_PLACEMENT_3D('',#7537,#6174,#6175);
#4982=AXIS2_PLACEMENT_3D('',#7538,#6176,#6177);
#4983=AXIS2_PLACEMENT_3D('',#7539,#6178,#6179);
#4984=AXIS2_PLACEMENT_3D('',#7540,#6180,#6181);
#4985=AXIS2_PLACEMENT_3D('',#7541,#6182,#6183);
#4986=AXIS2_PLACEMENT_3D('',#7542,#6184,#6185);
#4987=AXIS2_PLACEMENT_3D('',#7544,#6186,#6187);
#4988=AXIS2_PLACEMENT_3D('',#7545,#6188,#6189);
#4989=AXIS2_PLACEMENT_3D('',#7547,#6190,#6191);
#4990=AXIS2_PLACEMENT_3D('',#7548,#6192,#6193);
#4991=AXIS2_PLACEMENT_3D('',#7549,#6194,#6195);
#4992=AXIS2_PLACEMENT_3D('',#7551,#6196,#6197);
#4993=AXIS2_PLACEMENT_3D('',#7552,#6198,#6199);
#4994=AXIS2_PLACEMENT_3D('',#7554,#6200,#6201);
#4995=AXIS2_PLACEMENT_3D('',#7555,#6202,#6203);
#4996=AXIS2_PLACEMENT_3D('',#7556,#6204,#6205);
#4997=AXIS2_PLACEMENT_3D('',#7558,#6206,#6207);
#4998=AXIS2_PLACEMENT_3D('',#7559,#6208,#6209);
#4999=AXIS2_PLACEMENT_3D('',#7561,#6210,#6211);
#5000=AXIS2_PLACEMENT_3D('',#7562,#6212,#6213);
#5001=AXIS2_PLACEMENT_3D('',#7563,#6214,#6215);
#5002=AXIS2_PLACEMENT_3D('',#7565,#6216,#6217);
#5003=AXIS2_PLACEMENT_3D('',#7566,#6218,#6219);
#5004=AXIS2_PLACEMENT_3D('',#7568,#6220,#6221);
#5005=AXIS2_PLACEMENT_3D('',#7569,#6222,#6223);
#5006=AXIS2_PLACEMENT_3D('',#7570,#6224,#6225);
#5007=AXIS2_PLACEMENT_3D('',#7572,#6226,#6227);
#5008=AXIS2_PLACEMENT_3D('',#7573,#6228,#6229);
#5009=AXIS2_PLACEMENT_3D('',#7575,#6230,#6231);
#5010=AXIS2_PLACEMENT_3D('',#7576,#6232,#6233);
#5011=AXIS2_PLACEMENT_3D('',#7577,#6234,#6235);
#5012=AXIS2_PLACEMENT_3D('',#7579,#6236,#6237);
#5013=AXIS2_PLACEMENT_3D('',#7580,#6238,#6239);
#5014=AXIS2_PLACEMENT_3D('',#7582,#6240,#6241);
#5015=AXIS2_PLACEMENT_3D('',#7583,#6242,#6243);
#5016=AXIS2_PLACEMENT_3D('',#7584,#6244,#6245);
#5017=AXIS2_PLACEMENT_3D('',#7585,#6246,#6247);
#5018=AXIS2_PLACEMENT_3D('',#7598,#6253,#6254);
#5019=AXIS2_PLACEMENT_3D('',#7602,#6256,#6257);
#5020=AXIS2_PLACEMENT_3D('',#7606,#6259,#6260);
#5021=AXIS2_PLACEMENT_3D('',#7609,#6262,#6263);
#5022=AXIS2_PLACEMENT_3D('',#7618,#6268,#6269);
#5023=AXIS2_PLACEMENT_3D('',#7627,#6274,#6275);
#5024=AXIS2_PLACEMENT_3D('',#7636,#6280,#6281);
#5025=AXIS2_PLACEMENT_3D('',#7639,#6283,#6284);
#5026=AXIS2_PLACEMENT_3D('',#7643,#6286,#6287);
#5027=AXIS2_PLACEMENT_3D('',#7647,#6289,#6290);
#5028=AXIS2_PLACEMENT_3D('',#7651,#6292,#6293);
#5029=AXIS2_PLACEMENT_3D('',#7658,#6297,#6298);
#5030=AXIS2_PLACEMENT_3D('',#7664,#6302,#6303);
#5031=AXIS2_PLACEMENT_3D('',#7667,#6306,#6307);
#5032=AXIS2_PLACEMENT_3D('',#7676,#6312,#6313);
#5033=AXIS2_PLACEMENT_3D('',#7693,#6322,#6323);
#5034=AXIS2_PLACEMENT_3D('',#7694,#6324,#6325);
#5035=AXIS2_PLACEMENT_3D('',#7696,#6326,#6327);
#5036=AXIS2_PLACEMENT_3D('',#7698,#6328,#6329);
#5037=AXIS2_PLACEMENT_3D('',#7700,#6330,#6331);
#5038=AXIS2_PLACEMENT_3D('',#7702,#6332,#6333);
#5039=AXIS2_PLACEMENT_3D('',#7704,#6334,#6335);
#5040=AXIS2_PLACEMENT_3D('',#7708,#6338,#6339);
#5041=AXIS2_PLACEMENT_3D('',#7709,#6340,#6341);
#5042=AXIS2_PLACEMENT_3D('',#7710,#6342,#6343);
#5043=AXIS2_PLACEMENT_3D('',#7711,#6344,#6345);
#5044=AXIS2_PLACEMENT_3D('',#7712,#6346,#6347);
#5045=AXIS2_PLACEMENT_3D('',#7713,#6348,#6349);
#5046=AXIS2_PLACEMENT_3D('',#7714,#6350,#6351);
#5047=AXIS2_PLACEMENT_3D('',#7715,#6352,#6353);
#5048=AXIS2_PLACEMENT_3D('',#7716,#6354,#6355);
#5049=AXIS2_PLACEMENT_3D('',#7717,#6356,#6357);
#5050=AXIS2_PLACEMENT_3D('',#7718,#6358,#6359);
#5051=AXIS2_PLACEMENT_3D('',#7719,#6360,#6361);
#5052=AXIS2_PLACEMENT_3D('',#7720,#6362,#6363);
#5053=AXIS2_PLACEMENT_3D('',#7721,#6364,#6365);
#5054=AXIS2_PLACEMENT_3D('',#7722,#6366,#6367);
#5055=AXIS2_PLACEMENT_3D('',#7723,#6368,#6369);
#5056=AXIS2_PLACEMENT_3D('',#7724,#6370,#6371);
#5057=AXIS2_PLACEMENT_3D('',#7725,#6372,#6373);
#5058=AXIS2_PLACEMENT_3D('',#7727,#6374,#6375);
#5059=AXIS2_PLACEMENT_3D('',#7728,#6376,#6377);
#5060=AXIS2_PLACEMENT_3D('',#7729,#6378,#6379);
#5061=AXIS2_PLACEMENT_3D('',#7732,#6381,#6382);
#5062=AXIS2_PLACEMENT_3D('',#7733,#6383,#6384);
#5063=AXIS2_PLACEMENT_3D('',#7734,#6385,#6386);
#5064=AXIS2_PLACEMENT_3D('',#7735,#6387,#6388);
#5065=AXIS2_PLACEMENT_3D('',#7736,#6389,#6390);
#5066=AXIS2_PLACEMENT_3D('',#7737,#6391,#6392);
#5067=AXIS2_PLACEMENT_3D('',#7738,#6393,#6394);
#5068=AXIS2_PLACEMENT_3D('',#7760,#6395,#6396);
#5069=AXIS2_PLACEMENT_3D('',#7761,#6397,#6398);
#5070=AXIS2_PLACEMENT_3D('',#7783,#6399,#6400);
#5071=AXIS2_PLACEMENT_3D('',#7784,#6401,#6402);
#5072=AXIS2_PLACEMENT_3D('',#7806,#6403,#6404);
#5073=AXIS2_PLACEMENT_3D('',#7807,#6405,#6406);
#5074=AXIS2_PLACEMENT_3D('',#7829,#6407,#6408);
#5075=AXIS2_PLACEMENT_3D('',#7832,#6411,#6412);
#5076=AXIS2_PLACEMENT_3D('',#7834,#6414,#6415);
#5077=AXIS2_PLACEMENT_3D('',#7836,#6417,#6418);
#5078=AXIS2_PLACEMENT_3D('',#7838,#6420,#6421);
#5079=AXIS2_PLACEMENT_3D('',#7840,#6423,#6424);
#5080=AXIS2_PLACEMENT_3D('',#7841,#6425,#6426);
#5081=AXIS2_PLACEMENT_3D('',#7842,#6427,#6428);
#5082=AXIS2_PLACEMENT_3D('',#7844,#6429,#6430);
#5083=AXIS2_PLACEMENT_3D('',#7846,#6431,#6432);
#5084=AXIS2_PLACEMENT_3D('',#7847,#6433,#6434);
#5085=AXIS2_PLACEMENT_3D('',#7849,#6435,#6436);
#5086=AXIS2_PLACEMENT_3D('',#7851,#6437,#6438);
#5087=AXIS2_PLACEMENT_3D('',#7852,#6439,#6440);
#5088=AXIS2_PLACEMENT_3D('',#7854,#6441,#6442);
#5089=AXIS2_PLACEMENT_3D('',#7856,#6443,#6444);
#5090=AXIS2_PLACEMENT_3D('',#7857,#6445,#6446);
#5091=AXIS2_PLACEMENT_3D('',#7859,#6447,#6448);
#5092=AXIS2_PLACEMENT_3D('',#7861,#6449,#6450);
#5093=AXIS2_PLACEMENT_3D('',#7862,#6451,#6452);
#5094=AXIS2_PLACEMENT_3D('',#7864,#6453,#6454);
#5095=AXIS2_PLACEMENT_3D('',#7866,#6455,#6456);
#5096=AXIS2_PLACEMENT_3D('',#7867,#6457,#6458);
#5097=AXIS2_PLACEMENT_3D('',#7869,#6459,#6460);
#5098=AXIS2_PLACEMENT_3D('',#7871,#6461,#6462);
#5099=DIRECTION('',(0.,0.,1.));
#5100=DIRECTION('',(1.,0.,0.));
#5101=DIRECTION('',(0.,1.,0.));
#5102=DIRECTION('',(0.,0.,1.));
#5103=DIRECTION('',(0.,1.,0.));
#5104=DIRECTION('',(0.,0.,1.));
#5105=DIRECTION('',(1.,0.,0.));
#5106=DIRECTION('',(0.,0.,-1.));
#5107=DIRECTION('',(1.,0.,0.));
#5108=DIRECTION('',(0.,-1.,0.));
#5109=DIRECTION('',(0.,0.,-1.));
#5110=DIRECTION('',(0.,-1.,0.));
#5111=DIRECTION('',(0.,0.,-1.));
#5112=DIRECTION('',(0.,0.,1.));
#5113=DIRECTION('',(1.,0.,0.));
#5114=DIRECTION('',(0.,0.,1.));
#5115=DIRECTION('',(1.,0.,0.));
#5116=DIRECTION('',(0.,0.,1.));
#5117=DIRECTION('',(1.,0.,0.));
#5118=DIRECTION('',(0.,0.,1.));
#5119=DIRECTION('',(1.,0.,0.));
#5120=DIRECTION('',(0.,0.,1.));
#5121=DIRECTION('',(1.,0.,0.));
#5122=DIRECTION('',(0.,0.,1.));
#5123=DIRECTION('',(1.,0.,0.));
#5124=DIRECTION('',(0.,0.,1.));
#5125=DIRECTION('',(1.,0.,0.));
#5126=DIRECTION('',(0.,0.,1.));
#5127=DIRECTION('',(1.,0.,0.));
#5128=DIRECTION('',(0.,1.,0.));
#5129=DIRECTION('',(1.,0.,0.));
#5130=DIRECTION('',(0.,0.,1.));
#5131=DIRECTION('',(1.,0.,0.));
#5132=DIRECTION('',(0.,-1.,0.));
#5133=DIRECTION('',(0.,0.,1.));
#5134=DIRECTION('',(1.,0.,0.));
#5135=DIRECTION('',(1.,0.,0.));
#5136=DIRECTION('',(0.,0.,1.));
#5137=DIRECTION('',(1.,0.,0.));
#5138=DIRECTION('',(0.,-1.,0.));
#5139=DIRECTION('',(0.,0.,1.));
#5140=DIRECTION('',(1.,0.,0.));
#5141=DIRECTION('',(-1.,0.,0.));
#5142=DIRECTION('',(0.,1.,0.));
#5143=DIRECTION('',(0.,0.,1.));
#5144=DIRECTION('',(1.,0.,0.));
#5145=DIRECTION('',(-1.4557120078127E-16,-1.,0.));
#5146=DIRECTION('',(0.,0.,1.));
#5147=DIRECTION('',(1.,0.,0.));
#5148=DIRECTION('',(1.,0.,0.));
#5149=DIRECTION('',(0.,0.,1.));
#5150=DIRECTION('',(1.,0.,0.));
#5151=DIRECTION('',(-1.4557120078127E-16,-1.,0.));
#5152=DIRECTION('',(0.,0.,1.));
#5153=DIRECTION('',(1.,0.,0.));
#5154=DIRECTION('',(1.,0.,0.));
#5155=DIRECTION('',(0.,0.,1.));
#5156=DIRECTION('',(1.,0.,0.));
#5157=DIRECTION('',(1.,0.,0.));
#5158=DIRECTION('',(0.,0.,1.));
#5159=DIRECTION('',(1.,0.,0.));
#5160=DIRECTION('',(0.,-1.,0.));
#5161=DIRECTION('',(0.,0.,1.));
#5162=DIRECTION('',(1.,0.,0.));
#5163=DIRECTION('',(1.,0.,0.));
#5164=DIRECTION('',(0.,0.,1.));
#5165=DIRECTION('',(1.,0.,0.));
#5166=DIRECTION('',(0.,-1.,0.));
#5167=DIRECTION('',(0.,0.,1.));
#5168=DIRECTION('',(1.,0.,0.));
#5169=DIRECTION('',(1.,0.,0.));
#5170=DIRECTION('',(0.,0.,1.));
#5171=DIRECTION('',(1.,0.,0.));
#5172=DIRECTION('',(0.,-1.,0.));
#5173=DIRECTION('',(0.,0.,1.));
#5174=DIRECTION('',(1.,0.,0.));
#5175=DIRECTION('',(1.,0.,0.));
#5176=DIRECTION('',(0.,0.,1.));
#5177=DIRECTION('',(1.,0.,0.));
#5178=DIRECTION('',(0.,-1.,0.));
#5179=DIRECTION('',(0.,0.,1.));
#5180=DIRECTION('',(1.,0.,0.));
#5181=DIRECTION('',(1.,0.,0.));
#5182=DIRECTION('',(0.,0.,1.));
#5183=DIRECTION('',(1.,0.,0.));
#5184=DIRECTION('',(0.,-1.,0.));
#5185=DIRECTION('',(0.,0.,1.));
#5186=DIRECTION('',(1.,0.,0.));
#5187=DIRECTION('',(1.,0.,0.));
#5188=DIRECTION('',(0.,0.,1.));
#5189=DIRECTION('',(1.,0.,0.));
#5190=DIRECTION('',(0.,-1.,0.));
#5191=DIRECTION('',(0.,0.,1.));
#5192=DIRECTION('',(1.,0.,0.));
#5193=DIRECTION('',(1.,0.,0.));
#5194=DIRECTION('',(0.,0.,1.));
#5195=DIRECTION('',(1.,0.,0.));
#5196=DIRECTION('',(0.,-1.,0.));
#5197=DIRECTION('',(0.,0.,1.));
#5198=DIRECTION('',(1.,0.,0.));
#5199=DIRECTION('',(1.,0.,0.));
#5200=DIRECTION('',(0.,0.,1.));
#5201=DIRECTION('',(1.,0.,0.));
#5202=DIRECTION('',(0.,-1.,0.));
#5203=DIRECTION('',(0.,0.,1.));
#5204=DIRECTION('',(1.,0.,0.));
#5205=DIRECTION('',(1.,0.,0.));
#5206=DIRECTION('',(0.,0.,1.));
#5207=DIRECTION('',(1.,0.,0.));
#5208=DIRECTION('',(0.,-1.,0.));
#5209=DIRECTION('',(0.,0.,1.));
#5210=DIRECTION('',(1.,0.,0.));
#5211=DIRECTION('',(1.,0.,0.));
#5212=DIRECTION('',(0.,0.,1.));
#5213=DIRECTION('',(1.,0.,0.));
#5214=DIRECTION('',(0.,-1.,0.));
#5215=DIRECTION('',(0.,0.,1.));
#5216=DIRECTION('',(1.,0.,0.));
#5217=DIRECTION('',(1.,0.,0.));
#5218=DIRECTION('',(0.,0.,1.));
#5219=DIRECTION('',(1.,0.,0.));
#5220=DIRECTION('',(0.,-1.,0.));
#5221=DIRECTION('',(0.,0.,1.));
#5222=DIRECTION('',(1.,0.,0.));
#5223=DIRECTION('',(1.,0.,0.));
#5224=DIRECTION('',(0.,0.,1.));
#5225=DIRECTION('',(1.,0.,0.));
#5226=DIRECTION('',(0.,-1.,0.));
#5227=DIRECTION('',(0.,0.,1.));
#5228=DIRECTION('',(1.,0.,0.));
#5229=DIRECTION('',(1.,0.,0.));
#5230=DIRECTION('',(0.,0.,1.));
#5231=DIRECTION('',(1.,0.,0.));
#5232=DIRECTION('',(0.,-1.,0.));
#5233=DIRECTION('',(0.,0.,1.));
#5234=DIRECTION('',(1.,0.,0.));
#5235=DIRECTION('',(1.,0.,0.));
#5236=DIRECTION('',(0.,0.,1.));
#5237=DIRECTION('',(1.,0.,0.));
#5238=DIRECTION('',(0.,-1.,0.));
#5239=DIRECTION('',(0.,0.,1.));
#5240=DIRECTION('',(1.,0.,0.));
#5241=DIRECTION('',(1.,0.,0.));
#5242=DIRECTION('',(0.,0.,1.));
#5243=DIRECTION('',(1.,0.,0.));
#5244=DIRECTION('',(0.,-1.,0.));
#5245=DIRECTION('',(0.,0.,1.));
#5246=DIRECTION('',(1.,0.,0.));
#5247=DIRECTION('',(1.,0.,0.));
#5248=DIRECTION('',(0.,0.,1.));
#5249=DIRECTION('',(1.,0.,0.));
#5250=DIRECTION('',(0.,-1.,0.));
#5251=DIRECTION('',(0.,0.,1.));
#5252=DIRECTION('',(1.,0.,0.));
#5253=DIRECTION('',(1.,0.,0.));
#5254=DIRECTION('',(0.,0.,1.));
#5255=DIRECTION('',(1.,0.,0.));
#5256=DIRECTION('',(0.,-1.,0.));
#5257=DIRECTION('',(0.,0.,1.));
#5258=DIRECTION('',(1.,0.,0.));
#5259=DIRECTION('',(1.,0.,0.));
#5260=DIRECTION('',(0.,0.,1.));
#5261=DIRECTION('',(1.,0.,0.));
#5262=DIRECTION('',(0.,-1.,0.));
#5263=DIRECTION('',(0.,0.,1.));
#5264=DIRECTION('',(1.,0.,0.));
#5265=DIRECTION('',(1.,0.,0.));
#5266=DIRECTION('',(0.,0.,1.));
#5267=DIRECTION('',(1.,0.,0.));
#5268=DIRECTION('',(0.,-1.,0.));
#5269=DIRECTION('',(0.,0.,1.));
#5270=DIRECTION('',(1.,0.,0.));
#5271=DIRECTION('',(1.,0.,0.));
#5272=DIRECTION('',(0.,0.,1.));
#5273=DIRECTION('',(1.,0.,0.));
#5274=DIRECTION('',(0.,-1.,0.));
#5275=DIRECTION('',(0.,0.,1.));
#5276=DIRECTION('',(1.,0.,0.));
#5277=DIRECTION('',(1.,0.,0.));
#5278=DIRECTION('',(0.,0.,1.));
#5279=DIRECTION('',(1.,0.,0.));
#5280=DIRECTION('',(0.,-1.,0.));
#5281=DIRECTION('',(0.,0.,1.));
#5282=DIRECTION('',(1.,0.,0.));
#5283=DIRECTION('',(1.,0.,0.));
#5284=DIRECTION('',(0.,0.,1.));
#5285=DIRECTION('',(1.,0.,0.));
#5286=DIRECTION('',(0.,-1.,0.));
#5287=DIRECTION('',(0.,0.,1.));
#5288=DIRECTION('',(1.,0.,0.));
#5289=DIRECTION('',(1.,0.,0.));
#5290=DIRECTION('',(0.,0.,1.));
#5291=DIRECTION('',(1.,0.,0.));
#5292=DIRECTION('',(0.,-1.,0.));
#5293=DIRECTION('',(0.,0.,1.));
#5294=DIRECTION('',(1.,0.,0.));
#5295=DIRECTION('',(1.,0.,0.));
#5296=DIRECTION('',(0.,0.,1.));
#5297=DIRECTION('',(1.,0.,0.));
#5298=DIRECTION('',(0.,-1.,0.));
#5299=DIRECTION('',(0.,0.,1.));
#5300=DIRECTION('',(1.,0.,0.));
#5301=DIRECTION('',(1.,0.,0.));
#5302=DIRECTION('',(0.,0.,1.));
#5303=DIRECTION('',(1.,0.,0.));
#5304=DIRECTION('',(0.,-1.,0.));
#5305=DIRECTION('',(0.,0.,1.));
#5306=DIRECTION('',(1.,0.,0.));
#5307=DIRECTION('',(1.,0.,0.));
#5308=DIRECTION('',(0.,0.,1.));
#5309=DIRECTION('',(1.,0.,0.));
#5310=DIRECTION('',(0.,-1.,0.));
#5311=DIRECTION('',(0.,0.,1.));
#5312=DIRECTION('',(1.,0.,0.));
#5313=DIRECTION('',(1.,0.,0.));
#5314=DIRECTION('',(0.,0.,1.));
#5315=DIRECTION('',(1.,0.,0.));
#5316=DIRECTION('',(0.,-1.,0.));
#5317=DIRECTION('',(0.,0.,1.));
#5318=DIRECTION('',(1.,0.,0.));
#5319=DIRECTION('',(1.,0.,0.));
#5320=DIRECTION('',(0.,0.,1.));
#5321=DIRECTION('',(1.,0.,0.));
#5322=DIRECTION('',(0.,-1.,0.));
#5323=DIRECTION('',(0.,0.,1.));
#5324=DIRECTION('',(1.,0.,0.));
#5325=DIRECTION('',(1.,0.,0.));
#5326=DIRECTION('',(0.,0.,1.));
#5327=DIRECTION('',(1.,0.,0.));
#5328=DIRECTION('',(0.,-1.,0.));
#5329=DIRECTION('',(0.,0.,1.));
#5330=DIRECTION('',(1.,0.,0.));
#5331=DIRECTION('',(1.,0.,0.));
#5332=DIRECTION('',(0.,0.,1.));
#5333=DIRECTION('',(1.,0.,0.));
#5334=DIRECTION('',(0.,-1.,0.));
#5335=DIRECTION('',(0.,0.,1.));
#5336=DIRECTION('',(1.,0.,0.));
#5337=DIRECTION('',(1.,0.,0.));
#5338=DIRECTION('',(0.,0.,1.));
#5339=DIRECTION('',(1.,0.,0.));
#5340=DIRECTION('',(0.,-1.,0.));
#5341=DIRECTION('',(0.,0.,1.));
#5342=DIRECTION('',(1.,0.,0.));
#5343=DIRECTION('',(1.,0.,0.));
#5344=DIRECTION('',(0.,0.,1.));
#5345=DIRECTION('',(1.,0.,0.));
#5346=DIRECTION('',(0.,-1.,0.));
#5347=DIRECTION('',(0.,0.,1.));
#5348=DIRECTION('',(1.,0.,0.));
#5349=DIRECTION('',(1.,0.,0.));
#5350=DIRECTION('',(0.,0.,1.));
#5351=DIRECTION('',(1.,0.,0.));
#5352=DIRECTION('',(0.,-1.,0.));
#5353=DIRECTION('',(0.,0.,1.));
#5354=DIRECTION('',(1.,0.,0.));
#5355=DIRECTION('',(1.,0.,0.));
#5356=DIRECTION('',(0.,0.,1.));
#5357=DIRECTION('',(1.,0.,0.));
#5358=DIRECTION('',(0.,-1.,0.));
#5359=DIRECTION('',(0.,0.,1.));
#5360=DIRECTION('',(1.,0.,0.));
#5361=DIRECTION('',(0.,0.,1.));
#5362=DIRECTION('',(1.,0.,0.));
#5363=DIRECTION('',(0.,0.,1.));
#5364=DIRECTION('',(1.,0.,0.));
#5365=DIRECTION('',(0.,0.,1.));
#5366=DIRECTION('',(1.,0.,0.));
#5367=DIRECTION('',(0.,0.,1.));
#5368=DIRECTION('',(1.,0.,0.));
#5369=DIRECTION('',(0.,0.,1.));
#5370=DIRECTION('',(1.,0.,0.));
#5371=DIRECTION('',(0.,0.,1.));
#5372=DIRECTION('',(1.,0.,0.));
#5373=DIRECTION('',(1.,0.,0.));
#5374=DIRECTION('',(0.,0.,1.));
#5375=DIRECTION('',(1.,0.,0.));
#5376=DIRECTION('',(0.,-1.,0.));
#5377=DIRECTION('',(0.,0.,1.));
#5378=DIRECTION('',(1.,0.,0.));
#5379=DIRECTION('',(1.,0.,0.));
#5380=DIRECTION('',(0.,0.,1.));
#5381=DIRECTION('',(1.,0.,0.));
#5382=DIRECTION('',(0.,-1.,0.));
#5383=DIRECTION('',(0.,0.,1.));
#5384=DIRECTION('',(1.,0.,0.));
#5385=DIRECTION('',(1.,0.,0.));
#5386=DIRECTION('',(0.,0.,1.));
#5387=DIRECTION('',(1.,0.,0.));
#5388=DIRECTION('',(0.,-1.,0.));
#5389=DIRECTION('',(0.,0.,1.));
#5390=DIRECTION('',(1.,0.,0.));
#5391=DIRECTION('',(1.,0.,0.));
#5392=DIRECTION('',(0.,0.,1.));
#5393=DIRECTION('',(1.,0.,0.));
#5394=DIRECTION('',(0.,-1.,0.));
#5395=DIRECTION('',(0.,0.,1.));
#5396=DIRECTION('',(1.,0.,0.));
#5397=DIRECTION('',(1.,0.,0.));
#5398=DIRECTION('',(0.,0.,1.));
#5399=DIRECTION('',(1.,0.,0.));
#5400=DIRECTION('',(0.,-1.,0.));
#5401=DIRECTION('',(0.,0.,1.));
#5402=DIRECTION('',(1.,0.,0.));
#5403=DIRECTION('',(1.,0.,0.));
#5404=DIRECTION('',(0.,0.,1.));
#5405=DIRECTION('',(1.,0.,0.));
#5406=DIRECTION('',(0.,-1.,0.));
#5407=DIRECTION('',(0.,0.,1.));
#5408=DIRECTION('',(1.,0.,0.));
#5409=DIRECTION('',(1.,0.,0.));
#5410=DIRECTION('',(0.,0.,1.));
#5411=DIRECTION('',(1.,0.,0.));
#5412=DIRECTION('',(0.,-1.,0.));
#5413=DIRECTION('',(0.,0.,1.));
#5414=DIRECTION('',(1.,0.,0.));
#5415=DIRECTION('',(1.,0.,0.));
#5416=DIRECTION('',(0.,0.,1.));
#5417=DIRECTION('',(1.,0.,0.));
#5418=DIRECTION('',(0.,-1.,0.));
#5419=DIRECTION('',(0.,0.,1.));
#5420=DIRECTION('',(1.,0.,0.));
#5421=DIRECTION('',(1.,0.,0.));
#5422=DIRECTION('',(0.,0.,1.));
#5423=DIRECTION('',(1.,0.,0.));
#5424=DIRECTION('',(0.,-1.,0.));
#5425=DIRECTION('',(0.,0.,1.));
#5426=DIRECTION('',(1.,0.,0.));
#5427=DIRECTION('',(1.,0.,0.));
#5428=DIRECTION('',(0.,0.,1.));
#5429=DIRECTION('',(1.,0.,0.));
#5430=DIRECTION('',(0.,-1.,0.));
#5431=DIRECTION('',(0.,0.,1.));
#5432=DIRECTION('',(1.,0.,0.));
#5433=DIRECTION('',(1.,0.,0.));
#5434=DIRECTION('',(0.,0.,1.));
#5435=DIRECTION('',(1.,0.,0.));
#5436=DIRECTION('',(0.,-1.,0.));
#5437=DIRECTION('',(0.,0.,1.));
#5438=DIRECTION('',(1.,0.,0.));
#5439=DIRECTION('',(1.,0.,0.));
#5440=DIRECTION('',(0.,0.,1.));
#5441=DIRECTION('',(1.,0.,0.));
#5442=DIRECTION('',(0.,-1.,0.));
#5443=DIRECTION('',(0.,0.,1.));
#5444=DIRECTION('',(1.,0.,0.));
#5445=DIRECTION('',(1.,0.,0.));
#5446=DIRECTION('',(0.,0.,1.));
#5447=DIRECTION('',(1.,0.,0.));
#5448=DIRECTION('',(0.,-1.,0.));
#5449=DIRECTION('',(0.,0.,1.));
#5450=DIRECTION('',(1.,0.,0.));
#5451=DIRECTION('',(1.,0.,0.));
#5452=DIRECTION('',(0.,0.,1.));
#5453=DIRECTION('',(1.,0.,0.));
#5454=DIRECTION('',(0.,-1.,0.));
#5455=DIRECTION('',(0.,0.,1.));
#5456=DIRECTION('',(1.,0.,0.));
#5457=DIRECTION('',(1.,0.,0.));
#5458=DIRECTION('',(0.,0.,1.));
#5459=DIRECTION('',(1.,0.,0.));
#5460=DIRECTION('',(0.,-1.,0.));
#5461=DIRECTION('',(0.,0.,1.));
#5462=DIRECTION('',(1.,0.,0.));
#5463=DIRECTION('',(1.,0.,0.));
#5464=DIRECTION('',(0.,0.,1.));
#5465=DIRECTION('',(1.,0.,0.));
#5466=DIRECTION('',(0.,-1.,0.));
#5467=DIRECTION('',(0.,0.,1.));
#5468=DIRECTION('',(1.,0.,0.));
#5469=DIRECTION('',(1.,0.,0.));
#5470=DIRECTION('',(0.,1.,0.));
#5471=DIRECTION('',(1.,0.,0.));
#5472=DIRECTION('',(0.,0.,1.));
#5473=DIRECTION('',(1.,0.,0.));
#5474=DIRECTION('',(-1.4557120078127E-16,-1.,0.));
#5475=DIRECTION('',(0.,0.,1.));
#5476=DIRECTION('',(1.,0.,0.));
#5477=DIRECTION('',(1.,0.,0.));
#5478=DIRECTION('',(0.,0.,1.));
#5479=DIRECTION('',(1.,0.,0.));
#5480=DIRECTION('',(-1.4557120078127E-16,-1.,0.));
#5481=DIRECTION('',(0.,0.,1.));
#5482=DIRECTION('',(1.,0.,0.));
#5483=DIRECTION('',(0.,1.,0.));
#5484=DIRECTION('',(0.,0.,1.));
#5485=DIRECTION('',(1.,0.,0.));
#5486=DIRECTION('',(0.,-1.,0.));
#5487=DIRECTION('',(0.,0.,1.));
#5488=DIRECTION('',(1.,0.,0.));
#5489=DIRECTION('',(1.,0.,0.));
#5490=DIRECTION('',(0.,0.,1.));
#5491=DIRECTION('',(1.,0.,0.));
#5492=DIRECTION('',(0.,-1.,0.));
#5493=DIRECTION('',(0.,0.,1.));
#5494=DIRECTION('',(1.,0.,0.));
#5495=DIRECTION('',(1.,0.,0.));
#5496=DIRECTION('',(0.,0.,1.));
#5497=DIRECTION('',(1.,0.,0.));
#5498=DIRECTION('',(0.,-1.,0.));
#5499=DIRECTION('',(0.,0.,1.));
#5500=DIRECTION('',(1.,0.,0.));
#5501=DIRECTION('',(1.,0.,0.));
#5502=DIRECTION('',(0.,0.,1.));
#5503=DIRECTION('',(1.,0.,0.));
#5504=DIRECTION('',(0.,-1.,0.));
#5505=DIRECTION('',(0.,0.,1.));
#5506=DIRECTION('',(1.,0.,0.));
#5507=DIRECTION('',(1.,0.,0.));
#5508=DIRECTION('',(0.,0.,1.));
#5509=DIRECTION('',(1.,0.,0.));
#5510=DIRECTION('',(0.,-1.,0.));
#5511=DIRECTION('',(0.,0.,1.));
#5512=DIRECTION('',(1.,0.,0.));
#5513=DIRECTION('',(1.,0.,0.));
#5514=DIRECTION('',(0.,0.,1.));
#5515=DIRECTION('',(1.,0.,0.));
#5516=DIRECTION('',(0.,-1.,0.));
#5517=DIRECTION('',(0.,0.,1.));
#5518=DIRECTION('',(1.,0.,0.));
#5519=DIRECTION('',(1.,0.,0.));
#5520=DIRECTION('',(0.,0.,1.));
#5521=DIRECTION('',(1.,0.,0.));
#5522=DIRECTION('',(0.,-1.,0.));
#5523=DIRECTION('',(0.,0.,1.));
#5524=DIRECTION('',(1.,0.,0.));
#5525=DIRECTION('',(1.,0.,0.));
#5526=DIRECTION('',(0.,0.,1.));
#5527=DIRECTION('',(1.,0.,0.));
#5528=DIRECTION('',(0.,-1.,0.));
#5529=DIRECTION('',(0.,0.,1.));
#5530=DIRECTION('',(1.,0.,0.));
#5531=DIRECTION('',(1.,0.,0.));
#5532=DIRECTION('',(0.,0.,1.));
#5533=DIRECTION('',(1.,0.,0.));
#5534=DIRECTION('',(0.,-1.,0.));
#5535=DIRECTION('',(0.,0.,1.));
#5536=DIRECTION('',(1.,0.,0.));
#5537=DIRECTION('',(1.,0.,0.));
#5538=DIRECTION('',(0.,0.,1.));
#5539=DIRECTION('',(1.,0.,0.));
#5540=DIRECTION('',(0.,-1.,0.));
#5541=DIRECTION('',(0.,0.,1.));
#5542=DIRECTION('',(1.,0.,0.));
#5543=DIRECTION('',(1.,0.,0.));
#5544=DIRECTION('',(0.,0.,1.));
#5545=DIRECTION('',(1.,0.,0.));
#5546=DIRECTION('',(0.,-1.,0.));
#5547=DIRECTION('',(0.,0.,1.));
#5548=DIRECTION('',(1.,0.,0.));
#5549=DIRECTION('',(1.,0.,0.));
#5550=DIRECTION('',(0.,0.,1.));
#5551=DIRECTION('',(1.,0.,0.));
#5552=DIRECTION('',(0.,-1.,0.));
#5553=DIRECTION('',(0.,0.,1.));
#5554=DIRECTION('',(1.,0.,0.));
#5555=DIRECTION('',(1.,0.,0.));
#5556=DIRECTION('',(0.,0.,1.));
#5557=DIRECTION('',(1.,0.,0.));
#5558=DIRECTION('',(0.,-1.,0.));
#5559=DIRECTION('',(0.,0.,1.));
#5560=DIRECTION('',(1.,0.,0.));
#5561=DIRECTION('',(1.,0.,0.));
#5562=DIRECTION('',(0.,0.,1.));
#5563=DIRECTION('',(1.,0.,0.));
#5564=DIRECTION('',(0.,-1.,0.));
#5565=DIRECTION('',(0.,0.,1.));
#5566=DIRECTION('',(1.,0.,0.));
#5567=DIRECTION('',(1.,0.,0.));
#5568=DIRECTION('',(0.,0.,1.));
#5569=DIRECTION('',(1.,0.,0.));
#5570=DIRECTION('',(0.,-1.,0.));
#5571=DIRECTION('',(0.,0.,1.));
#5572=DIRECTION('',(1.,0.,0.));
#5573=DIRECTION('',(1.,0.,0.));
#5574=DIRECTION('',(0.,0.,1.));
#5575=DIRECTION('',(1.,0.,0.));
#5576=DIRECTION('',(0.,-1.,0.));
#5577=DIRECTION('',(0.,0.,1.));
#5578=DIRECTION('',(1.,0.,0.));
#5579=DIRECTION('',(1.,0.,0.));
#5580=DIRECTION('',(0.,0.,1.));
#5581=DIRECTION('',(1.,0.,0.));
#5582=DIRECTION('',(0.,-1.,0.));
#5583=DIRECTION('',(0.,0.,1.));
#5584=DIRECTION('',(1.,0.,0.));
#5585=DIRECTION('',(1.,0.,0.));
#5586=DIRECTION('',(0.,0.,1.));
#5587=DIRECTION('',(1.,0.,0.));
#5588=DIRECTION('',(0.,-1.,0.));
#5589=DIRECTION('',(0.,0.,1.));
#5590=DIRECTION('',(1.,0.,0.));
#5591=DIRECTION('',(1.,0.,0.));
#5592=DIRECTION('',(0.,0.,1.));
#5593=DIRECTION('',(1.,0.,0.));
#5594=DIRECTION('',(0.,-1.,0.));
#5595=DIRECTION('',(0.,0.,1.));
#5596=DIRECTION('',(1.,0.,0.));
#5597=DIRECTION('',(1.,0.,0.));
#5598=DIRECTION('',(0.,0.,1.));
#5599=DIRECTION('',(1.,0.,0.));
#5600=DIRECTION('',(0.,-1.,0.));
#5601=DIRECTION('',(0.,0.,1.));
#5602=DIRECTION('',(1.,0.,0.));
#5603=DIRECTION('',(0.,1.,0.));
#5604=DIRECTION('',(0.,0.,1.));
#5605=DIRECTION('',(0.,1.,0.));
#5606=DIRECTION('',(0.,0.,1.));
#5607=DIRECTION('',(0.,0.,-1.));
#5608=DIRECTION('',(1.,-1.4557120078127E-16,0.));
#5609=DIRECTION('',(1.4557120078127E-16,1.,0.));
#5610=DIRECTION('',(0.,0.,-1.));
#5611=DIRECTION('',(0.,0.,-1.));
#5612=DIRECTION('',(0.,1.,0.));
#5613=DIRECTION('',(0.,0.,1.));
#5614=DIRECTION('',(0.,0.,-1.));
#5615=DIRECTION('',(0.,0.,-1.));
#5616=DIRECTION('',(1.,-1.4557120078127E-16,0.));
#5617=DIRECTION('',(1.4557120078127E-16,1.,0.));
#5618=DIRECTION('',(0.,0.,-1.));
#5619=DIRECTION('',(0.,0.,-1.));
#5620=DIRECTION('',(0.,-1.,0.));
#5621=DIRECTION('',(0.,0.,-1.));
#5622=DIRECTION('',(0.,-1.,0.));
#5623=DIRECTION('',(0.,0.,-1.));
#5624=DIRECTION('',(0.,0.,1.));
#5625=DIRECTION('',(0.,0.,1.));
#5626=DIRECTION('',(1.,0.,0.));
#5627=DIRECTION('',(0.,0.,1.));
#5628=DIRECTION('',(0.,0.,1.));
#5629=DIRECTION('',(-1.,0.,0.));
#5630=DIRECTION('',(0.,0.,1.));
#5631=DIRECTION('',(0.,0.,1.));
#5632=DIRECTION('',(0.,0.,1.));
#5633=DIRECTION('',(1.,0.,0.));
#5634=DIRECTION('',(0.,0.,1.));
#5635=DIRECTION('',(0.,-1.,0.));
#5636=DIRECTION('',(0.,0.,-1.));
#5637=DIRECTION('',(0.,0.,1.));
#5638=DIRECTION('',(0.,0.,1.));
#5639=DIRECTION('',(1.,0.,0.));
#5640=DIRECTION('',(0.,0.,1.));
#5641=DIRECTION('',(-1.,0.,0.));
#5642=DIRECTION('',(0.,0.,1.));
#5643=DIRECTION('',(0.,0.,1.));
#5644=DIRECTION('',(0.,0.,1.));
#5645=DIRECTION('',(1.,0.,0.));
#5646=DIRECTION('',(0.,-1.,0.));
#5647=DIRECTION('',(0.,0.,-1.));
#5648=DIRECTION('',(0.,0.,1.));
#5649=DIRECTION('',(0.,0.,1.));
#5650=DIRECTION('',(0.,0.,1.));
#5651=DIRECTION('',(1.,0.,0.));
#5652=DIRECTION('',(0.,0.,1.));
#5653=DIRECTION('',(-1.,0.,0.));
#5654=DIRECTION('',(0.,0.,1.));
#5655=DIRECTION('',(0.,0.,1.));
#5656=DIRECTION('',(0.,0.,1.));
#5657=DIRECTION('',(1.,0.,0.));
#5658=DIRECTION('',(0.,0.,1.));
#5659=DIRECTION('',(0.,-1.,0.));
#5660=DIRECTION('',(0.,0.,-1.));
#5661=DIRECTION('',(0.,0.,1.));
#5662=DIRECTION('',(0.,0.,1.));
#5663=DIRECTION('',(1.,0.,0.));
#5664=DIRECTION('',(0.,0.,1.));
#5665=DIRECTION('',(-1.,0.,0.));
#5666=DIRECTION('',(0.,0.,1.));
#5667=DIRECTION('',(0.,0.,1.));
#5668=DIRECTION('',(0.,0.,1.));
#5669=DIRECTION('',(1.,0.,0.));
#5670=DIRECTION('',(0.,-1.,0.));
#5671=DIRECTION('',(0.,0.,-1.));
#5672=DIRECTION('',(0.,0.,1.));
#5673=DIRECTION('',(0.,0.,1.));
#5674=DIRECTION('',(0.,0.,1.));
#5675=DIRECTION('',(1.,0.,0.));
#5676=DIRECTION('',(0.,0.,1.));
#5677=DIRECTION('',(-1.,0.,0.));
#5678=DIRECTION('',(0.,0.,1.));
#5679=DIRECTION('',(0.,0.,1.));
#5680=DIRECTION('',(0.,0.,1.));
#5681=DIRECTION('',(1.,0.,0.));
#5682=DIRECTION('',(0.,0.,1.));
#5683=DIRECTION('',(0.,-1.,0.));
#5684=DIRECTION('',(0.,0.,-1.));
#5685=DIRECTION('',(0.,0.,1.));
#5686=DIRECTION('',(0.,0.,1.));
#5687=DIRECTION('',(1.,0.,0.));
#5688=DIRECTION('',(0.,0.,1.));
#5689=DIRECTION('',(-1.,0.,0.));
#5690=DIRECTION('',(0.,0.,1.));
#5691=DIRECTION('',(0.,0.,1.));
#5692=DIRECTION('',(0.,0.,1.));
#5693=DIRECTION('',(1.,0.,0.));
#5694=DIRECTION('',(0.,-1.,0.));
#5695=DIRECTION('',(0.,0.,-1.));
#5696=DIRECTION('',(0.,0.,1.));
#5697=DIRECTION('',(0.,0.,1.));
#5698=DIRECTION('',(0.,0.,1.));
#5699=DIRECTION('',(1.,0.,0.));
#5700=DIRECTION('',(0.,0.,1.));
#5701=DIRECTION('',(-1.,0.,0.));
#5702=DIRECTION('',(0.,0.,1.));
#5703=DIRECTION('',(0.,0.,1.));
#5704=DIRECTION('',(0.,0.,1.));
#5705=DIRECTION('',(1.,0.,0.));
#5706=DIRECTION('',(0.,0.,1.));
#5707=DIRECTION('',(0.,-1.,0.));
#5708=DIRECTION('',(0.,0.,-1.));
#5709=DIRECTION('',(0.,0.,1.));
#5710=DIRECTION('',(0.,0.,1.));
#5711=DIRECTION('',(1.,0.,0.));
#5712=DIRECTION('',(0.,0.,1.));
#5713=DIRECTION('',(-1.,0.,0.));
#5714=DIRECTION('',(0.,0.,1.));
#5715=DIRECTION('',(0.,0.,1.));
#5716=DIRECTION('',(0.,0.,1.));
#5717=DIRECTION('',(1.,0.,0.));
#5718=DIRECTION('',(0.,-1.,0.));
#5719=DIRECTION('',(0.,0.,-1.));
#5720=DIRECTION('',(0.,0.,1.));
#5721=DIRECTION('',(0.,0.,1.));
#5722=DIRECTION('',(0.,0.,1.));
#5723=DIRECTION('',(1.,0.,0.));
#5724=DIRECTION('',(0.,0.,1.));
#5725=DIRECTION('',(-1.,0.,0.));
#5726=DIRECTION('',(0.,0.,1.));
#5727=DIRECTION('',(0.,0.,1.));
#5728=DIRECTION('',(0.,0.,1.));
#5729=DIRECTION('',(1.,0.,0.));
#5730=DIRECTION('',(0.,0.,1.));
#5731=DIRECTION('',(0.,-1.,0.));
#5732=DIRECTION('',(0.,0.,-1.));
#5733=DIRECTION('',(0.,0.,1.));
#5734=DIRECTION('',(0.,0.,1.));
#5735=DIRECTION('',(1.,0.,0.));
#5736=DIRECTION('',(0.,0.,1.));
#5737=DIRECTION('',(-1.,0.,0.));
#5738=DIRECTION('',(0.,0.,1.));
#5739=DIRECTION('',(0.,0.,1.));
#5740=DIRECTION('',(0.,0.,1.));
#5741=DIRECTION('',(1.,0.,0.));
#5742=DIRECTION('',(0.,-1.,0.));
#5743=DIRECTION('',(0.,0.,-1.));
#5744=DIRECTION('',(0.,0.,1.));
#5745=DIRECTION('',(0.,0.,1.));
#5746=DIRECTION('',(0.,0.,1.));
#5747=DIRECTION('',(1.,0.,0.));
#5748=DIRECTION('',(0.,0.,1.));
#5749=DIRECTION('',(-1.,0.,0.));
#5750=DIRECTION('',(0.,0.,1.));
#5751=DIRECTION('',(0.,0.,1.));
#5752=DIRECTION('',(0.,0.,1.));
#5753=DIRECTION('',(1.,0.,0.));
#5754=DIRECTION('',(0.,0.,1.));
#5755=DIRECTION('',(0.,-1.,0.));
#5756=DIRECTION('',(0.,0.,-1.));
#5757=DIRECTION('',(0.,0.,1.));
#5758=DIRECTION('',(0.,0.,1.));
#5759=DIRECTION('',(1.,0.,0.));
#5760=DIRECTION('',(0.,0.,1.));
#5761=DIRECTION('',(-1.,0.,0.));
#5762=DIRECTION('',(0.,0.,1.));
#5763=DIRECTION('',(0.,0.,1.));
#5764=DIRECTION('',(0.,0.,1.));
#5765=DIRECTION('',(1.,0.,0.));
#5766=DIRECTION('',(0.,-1.,0.));
#5767=DIRECTION('',(0.,0.,-1.));
#5768=DIRECTION('',(0.,0.,1.));
#5769=DIRECTION('',(0.,0.,1.));
#5770=DIRECTION('',(0.,0.,1.));
#5771=DIRECTION('',(1.,0.,0.));
#5772=DIRECTION('',(0.,0.,1.));
#5773=DIRECTION('',(-1.,0.,0.));
#5774=DIRECTION('',(0.,0.,1.));
#5775=DIRECTION('',(0.,0.,1.));
#5776=DIRECTION('',(0.,0.,1.));
#5777=DIRECTION('',(1.,0.,0.));
#5778=DIRECTION('',(0.,0.,1.));
#5779=DIRECTION('',(0.,-1.,0.));
#5780=DIRECTION('',(0.,0.,-1.));
#5781=DIRECTION('',(0.,0.,1.));
#5782=DIRECTION('',(0.,0.,1.));
#5783=DIRECTION('',(1.,0.,0.));
#5784=DIRECTION('',(0.,0.,1.));
#5785=DIRECTION('',(-1.,0.,0.));
#5786=DIRECTION('',(0.,0.,1.));
#5787=DIRECTION('',(0.,0.,1.));
#5788=DIRECTION('',(0.,0.,1.));
#5789=DIRECTION('',(1.,0.,0.));
#5790=DIRECTION('',(0.,-1.,0.));
#5791=DIRECTION('',(0.,0.,-1.));
#5792=DIRECTION('',(0.,0.,1.));
#5793=DIRECTION('',(0.,0.,1.));
#5794=DIRECTION('',(0.,0.,1.));
#5795=DIRECTION('',(1.,0.,0.));
#5796=DIRECTION('',(0.,0.,1.));
#5797=DIRECTION('',(-1.,0.,0.));
#5798=DIRECTION('',(0.,0.,1.));
#5799=DIRECTION('',(0.,0.,1.));
#5800=DIRECTION('',(0.,0.,1.));
#5801=DIRECTION('',(1.,0.,0.));
#5802=DIRECTION('',(0.,0.,1.));
#5803=DIRECTION('',(0.,-1.,0.));
#5804=DIRECTION('',(0.,0.,-1.));
#5805=DIRECTION('',(0.,0.,1.));
#5806=DIRECTION('',(0.,0.,1.));
#5807=DIRECTION('',(1.,0.,0.));
#5808=DIRECTION('',(0.,0.,1.));
#5809=DIRECTION('',(-1.,0.,0.));
#5810=DIRECTION('',(0.,0.,1.));
#5811=DIRECTION('',(0.,0.,1.));
#5812=DIRECTION('',(0.,0.,1.));
#5813=DIRECTION('',(1.,0.,0.));
#5814=DIRECTION('',(0.,-1.,0.));
#5815=DIRECTION('',(0.,0.,-1.));
#5816=DIRECTION('',(0.,0.,1.));
#5817=DIRECTION('',(0.,0.,1.));
#5818=DIRECTION('',(0.,0.,1.));
#5819=DIRECTION('',(1.,0.,0.));
#5820=DIRECTION('',(0.,0.,1.));
#5821=DIRECTION('',(-1.,0.,0.));
#5822=DIRECTION('',(0.,0.,1.));
#5823=DIRECTION('',(0.,0.,1.));
#5824=DIRECTION('',(0.,0.,1.));
#5825=DIRECTION('',(1.,0.,0.));
#5826=DIRECTION('',(0.,0.,1.));
#5827=DIRECTION('',(0.,-1.,0.));
#5828=DIRECTION('',(0.,0.,-1.));
#5829=DIRECTION('',(0.,0.,1.));
#5830=DIRECTION('',(0.,0.,1.));
#5831=DIRECTION('',(1.,0.,0.));
#5832=DIRECTION('',(0.,0.,1.));
#5833=DIRECTION('',(-1.,0.,0.));
#5834=DIRECTION('',(0.,0.,1.));
#5835=DIRECTION('',(0.,0.,1.));
#5836=DIRECTION('',(0.,0.,1.));
#5837=DIRECTION('',(1.,0.,0.));
#5838=DIRECTION('',(0.,-1.,0.));
#5839=DIRECTION('',(0.,0.,-1.));
#5840=DIRECTION('',(0.,0.,1.));
#5841=DIRECTION('',(0.,0.,1.));
#5842=DIRECTION('',(0.,0.,1.));
#5843=DIRECTION('',(1.,0.,0.));
#5844=DIRECTION('',(0.,0.,1.));
#5845=DIRECTION('',(-1.,0.,0.));
#5846=DIRECTION('',(0.,0.,1.));
#5847=DIRECTION('',(0.,0.,1.));
#5848=DIRECTION('',(0.,0.,1.));
#5849=DIRECTION('',(1.,0.,0.));
#5850=DIRECTION('',(0.,0.,1.));
#5851=DIRECTION('',(0.,-1.,0.));
#5852=DIRECTION('',(0.,0.,-1.));
#5853=DIRECTION('',(0.,0.,1.));
#5854=DIRECTION('',(0.,0.,1.));
#5855=DIRECTION('',(1.,0.,0.));
#5856=DIRECTION('',(0.,0.,1.));
#5857=DIRECTION('',(-1.,0.,0.));
#5858=DIRECTION('',(0.,0.,1.));
#5859=DIRECTION('',(0.,0.,1.));
#5860=DIRECTION('',(0.,0.,1.));
#5861=DIRECTION('',(1.,0.,0.));
#5862=DIRECTION('',(0.,-1.,0.));
#5863=DIRECTION('',(0.,0.,-1.));
#5864=DIRECTION('',(0.,0.,1.));
#5865=DIRECTION('',(0.,0.,1.));
#5866=DIRECTION('',(0.,0.,1.));
#5867=DIRECTION('',(1.,0.,0.));
#5868=DIRECTION('',(0.,0.,1.));
#5869=DIRECTION('',(-1.,0.,0.));
#5870=DIRECTION('',(0.,0.,1.));
#5871=DIRECTION('',(0.,0.,1.));
#5872=DIRECTION('',(0.,0.,1.));
#5873=DIRECTION('',(1.,0.,0.));
#5874=DIRECTION('',(0.,0.,1.));
#5875=DIRECTION('',(0.,-1.,0.));
#5876=DIRECTION('',(0.,0.,-1.));
#5877=DIRECTION('',(0.,0.,1.));
#5878=DIRECTION('',(0.,0.,1.));
#5879=DIRECTION('',(1.,0.,0.));
#5880=DIRECTION('',(0.,0.,1.));
#5881=DIRECTION('',(-1.,0.,0.));
#5882=DIRECTION('',(0.,0.,1.));
#5883=DIRECTION('',(0.,0.,1.));
#5884=DIRECTION('',(0.,0.,1.));
#5885=DIRECTION('',(1.,0.,0.));
#5886=DIRECTION('',(0.,-1.,0.));
#5887=DIRECTION('',(0.,0.,-1.));
#5888=DIRECTION('',(0.,0.,1.));
#5889=DIRECTION('',(0.,0.,1.));
#5890=DIRECTION('',(0.,0.,1.));
#5891=DIRECTION('',(1.,0.,0.));
#5892=DIRECTION('',(0.,0.,1.));
#5893=DIRECTION('',(-1.,0.,0.));
#5894=DIRECTION('',(0.,0.,1.));
#5895=DIRECTION('',(0.,0.,1.));
#5896=DIRECTION('',(0.,0.,1.));
#5897=DIRECTION('',(1.,0.,0.));
#5898=DIRECTION('',(0.,0.,1.));
#5899=DIRECTION('',(0.,-1.,0.));
#5900=DIRECTION('',(0.,0.,-1.));
#5901=DIRECTION('',(0.,0.,1.));
#5902=DIRECTION('',(0.,0.,1.));
#5903=DIRECTION('',(1.,0.,0.));
#5904=DIRECTION('',(0.,0.,1.));
#5905=DIRECTION('',(-1.,0.,0.));
#5906=DIRECTION('',(0.,0.,1.));
#5907=DIRECTION('',(0.,0.,1.));
#5908=DIRECTION('',(0.,0.,1.));
#5909=DIRECTION('',(1.,0.,0.));
#5910=DIRECTION('',(0.,-1.,0.));
#5911=DIRECTION('',(0.,0.,-1.));
#5912=DIRECTION('',(0.,0.,1.));
#5913=DIRECTION('',(0.,0.,1.));
#5914=DIRECTION('',(0.,0.,1.));
#5915=DIRECTION('',(1.,0.,0.));
#5916=DIRECTION('',(0.,0.,1.));
#5917=DIRECTION('',(-1.,0.,0.));
#5918=DIRECTION('',(0.,0.,1.));
#5919=DIRECTION('',(0.,0.,1.));
#5920=DIRECTION('',(0.,0.,1.));
#5921=DIRECTION('',(1.,0.,0.));
#5922=DIRECTION('',(0.,0.,1.));
#5923=DIRECTION('',(0.,-1.,0.));
#5924=DIRECTION('',(0.,0.,-1.));
#5925=DIRECTION('',(0.,0.,1.));
#5926=DIRECTION('',(0.,0.,1.));
#5927=DIRECTION('',(1.,0.,0.));
#5928=DIRECTION('',(0.,0.,1.));
#5929=DIRECTION('',(-1.,0.,0.));
#5930=DIRECTION('',(0.,0.,1.));
#5931=DIRECTION('',(0.,0.,1.));
#5932=DIRECTION('',(0.,0.,1.));
#5933=DIRECTION('',(1.,0.,0.));
#5934=DIRECTION('',(0.,-1.,0.));
#5935=DIRECTION('',(0.,0.,-1.));
#5936=DIRECTION('',(0.,0.,1.));
#5937=DIRECTION('',(0.,0.,1.));
#5938=DIRECTION('',(0.,0.,1.));
#5939=DIRECTION('',(1.,0.,0.));
#5940=DIRECTION('',(0.,0.,1.));
#5941=DIRECTION('',(-1.,0.,0.));
#5942=DIRECTION('',(0.,0.,1.));
#5943=DIRECTION('',(0.,0.,1.));
#5944=DIRECTION('',(0.,0.,1.));
#5945=DIRECTION('',(1.,0.,0.));
#5946=DIRECTION('',(0.,0.,1.));
#5947=DIRECTION('',(0.,-1.,0.));
#5948=DIRECTION('',(0.,0.,-1.));
#5949=DIRECTION('',(0.,0.,1.));
#5950=DIRECTION('',(0.,0.,1.));
#5951=DIRECTION('',(1.,0.,0.));
#5952=DIRECTION('',(0.,0.,1.));
#5953=DIRECTION('',(-1.,0.,0.));
#5954=DIRECTION('',(0.,0.,1.));
#5955=DIRECTION('',(0.,0.,1.));
#5956=DIRECTION('',(0.,0.,1.));
#5957=DIRECTION('',(1.,0.,0.));
#5958=DIRECTION('',(0.,-1.,0.));
#5959=DIRECTION('',(0.,0.,-1.));
#5960=DIRECTION('',(0.,0.,1.));
#5961=DIRECTION('',(0.,0.,1.));
#5962=DIRECTION('',(0.,0.,1.));
#5963=DIRECTION('',(1.,0.,0.));
#5964=DIRECTION('',(0.,0.,1.));
#5965=DIRECTION('',(-1.,0.,0.));
#5966=DIRECTION('',(0.,0.,1.));
#5967=DIRECTION('',(0.,0.,1.));
#5968=DIRECTION('',(0.,0.,1.));
#5969=DIRECTION('',(1.,0.,0.));
#5970=DIRECTION('',(0.,0.,1.));
#5971=DIRECTION('',(0.,-1.,0.));
#5972=DIRECTION('',(0.,0.,-1.));
#5973=DIRECTION('',(0.,0.,1.));
#5974=DIRECTION('',(0.,0.,1.));
#5975=DIRECTION('',(1.,0.,0.));
#5976=DIRECTION('',(0.,0.,1.));
#5977=DIRECTION('',(-1.,0.,0.));
#5978=DIRECTION('',(0.,0.,1.));
#5979=DIRECTION('',(0.,0.,1.));
#5980=DIRECTION('',(0.,0.,1.));
#5981=DIRECTION('',(1.,0.,0.));
#5982=DIRECTION('',(0.,-1.,0.));
#5983=DIRECTION('',(0.,0.,-1.));
#5984=DIRECTION('',(0.,0.,1.));
#5985=DIRECTION('',(0.,0.,1.));
#5986=DIRECTION('',(0.,0.,1.));
#5987=DIRECTION('',(1.,0.,0.));
#5988=DIRECTION('',(0.,0.,1.));
#5989=DIRECTION('',(-1.,0.,0.));
#5990=DIRECTION('',(0.,0.,1.));
#5991=DIRECTION('',(0.,0.,1.));
#5992=DIRECTION('',(0.,0.,1.));
#5993=DIRECTION('',(1.,0.,0.));
#5994=DIRECTION('',(0.,0.,1.));
#5995=DIRECTION('',(0.,-1.,0.));
#5996=DIRECTION('',(0.,0.,-1.));
#5997=DIRECTION('',(0.,0.,1.));
#5998=DIRECTION('',(0.,0.,1.));
#5999=DIRECTION('',(1.,0.,0.));
#6000=DIRECTION('',(0.,0.,1.));
#6001=DIRECTION('',(-1.,0.,0.));
#6002=DIRECTION('',(0.,0.,1.));
#6003=DIRECTION('',(0.,0.,1.));
#6004=DIRECTION('',(0.,0.,1.));
#6005=DIRECTION('',(1.,0.,0.));
#6006=DIRECTION('',(0.,-1.,0.));
#6007=DIRECTION('',(0.,0.,-1.));
#6008=DIRECTION('',(0.,0.,1.));
#6009=DIRECTION('',(0.,0.,1.));
#6010=DIRECTION('',(0.,0.,1.));
#6011=DIRECTION('',(1.,0.,0.));
#6012=DIRECTION('',(0.,0.,1.));
#6013=DIRECTION('',(-1.,0.,0.));
#6014=DIRECTION('',(0.,0.,1.));
#6015=DIRECTION('',(0.,0.,1.));
#6016=DIRECTION('',(0.,0.,1.));
#6017=DIRECTION('',(1.,0.,0.));
#6018=DIRECTION('',(0.,0.,1.));
#6019=DIRECTION('',(0.,-1.,0.));
#6020=DIRECTION('',(0.,0.,-1.));
#6021=DIRECTION('',(0.,0.,1.));
#6022=DIRECTION('',(0.,0.,1.));
#6023=DIRECTION('',(1.,0.,0.));
#6024=DIRECTION('',(0.,0.,1.));
#6025=DIRECTION('',(-1.,0.,0.));
#6026=DIRECTION('',(0.,0.,1.));
#6027=DIRECTION('',(0.,0.,1.));
#6028=DIRECTION('',(0.,0.,1.));
#6029=DIRECTION('',(1.,0.,0.));
#6030=DIRECTION('',(0.,-1.,0.));
#6031=DIRECTION('',(0.,0.,-1.));
#6032=DIRECTION('',(0.,0.,1.));
#6033=DIRECTION('',(0.,0.,1.));
#6034=DIRECTION('',(0.,0.,1.));
#6035=DIRECTION('',(1.,0.,0.));
#6036=DIRECTION('',(0.,0.,1.));
#6037=DIRECTION('',(-1.,0.,0.));
#6038=DIRECTION('',(0.,0.,1.));
#6039=DIRECTION('',(0.,0.,1.));
#6040=DIRECTION('',(0.,0.,1.));
#6041=DIRECTION('',(1.,0.,0.));
#6042=DIRECTION('',(0.,0.,1.));
#6043=DIRECTION('',(0.,-1.,0.));
#6044=DIRECTION('',(0.,0.,-1.));
#6045=DIRECTION('',(0.,0.,1.));
#6046=DIRECTION('',(0.,0.,1.));
#6047=DIRECTION('',(1.,0.,0.));
#6048=DIRECTION('',(0.,0.,1.));
#6049=DIRECTION('',(-1.,0.,0.));
#6050=DIRECTION('',(0.,0.,1.));
#6051=DIRECTION('',(0.,0.,1.));
#6052=DIRECTION('',(0.,0.,1.));
#6053=DIRECTION('',(1.,0.,0.));
#6054=DIRECTION('',(0.,0.,-1.));
#6055=DIRECTION('',(-1.,0.,0.));
#6056=DIRECTION('',(0.,0.,1.));
#6057=DIRECTION('',(1.,0.,0.));
#6058=DIRECTION('',(0.,0.,-1.));
#6059=DIRECTION('',(-1.,0.,0.));
#6060=DIRECTION('',(0.,0.,1.));
#6061=DIRECTION('',(1.,0.,0.));
#6062=DIRECTION('',(0.,1.,0.));
#6063=DIRECTION('',(-1.,0.,0.));
#6064=DIRECTION('',(0.,1.,0.));
#6065=DIRECTION('',(0.,0.,1.));
#6066=DIRECTION('',(0.,1.,0.));
#6067=DIRECTION('',(0.,0.,1.));
#6068=DIRECTION('',(0.,1.,0.));
#6069=DIRECTION('',(0.,0.,1.));
#6070=DIRECTION('',(0.,0.,1.));
#6071=DIRECTION('',(1.,0.,0.));
#6072=DIRECTION('',(0.,0.,1.));
#6073=DIRECTION('',(1.,0.,0.));
#6074=DIRECTION('',(0.,0.,1.));
#6075=DIRECTION('',(1.,0.,0.));
#6076=DIRECTION('',(0.,0.,1.));
#6077=DIRECTION('',(1.,0.,0.));
#6078=DIRECTION('',(0.,0.,1.));
#6079=DIRECTION('',(1.,0.,0.));
#6080=DIRECTION('',(0.,0.,1.));
#6081=DIRECTION('',(1.,0.,0.));
#6082=DIRECTION('',(0.,0.,1.));
#6083=DIRECTION('',(1.,0.,0.));
#6084=DIRECTION('',(0.,0.,1.));
#6085=DIRECTION('',(1.,0.,0.));
#6086=DIRECTION('',(0.,0.,1.));
#6087=DIRECTION('',(1.,0.,0.));
#6088=DIRECTION('',(0.,0.,1.));
#6089=DIRECTION('',(1.,0.,0.));
#6090=DIRECTION('',(0.,0.,1.));
#6091=DIRECTION('',(1.,0.,0.));
#6092=DIRECTION('',(0.,0.,1.));
#6093=DIRECTION('',(1.,0.,0.));
#6094=DIRECTION('',(0.,0.,1.));
#6095=DIRECTION('',(1.,0.,0.));
#6096=DIRECTION('',(0.,0.,1.));
#6097=DIRECTION('',(1.,0.,0.));
#6098=DIRECTION('',(1.,0.,0.));
#6099=DIRECTION('',(0.,0.,1.));
#6100=DIRECTION('',(1.,0.,0.));
#6101=DIRECTION('',(-1.4557120078127E-16,-1.,0.));
#6102=DIRECTION('',(0.,0.,1.));
#6103=DIRECTION('',(1.,0.,0.));
#6104=DIRECTION('',(1.,0.,0.));
#6105=DIRECTION('',(0.,0.,1.));
#6106=DIRECTION('',(1.,0.,0.));
#6107=DIRECTION('',(-1.4557120078127E-16,-1.,0.));
#6108=DIRECTION('',(0.,0.,1.));
#6109=DIRECTION('',(1.,0.,0.));
#6110=DIRECTION('',(0.,1.,0.));
#6111=DIRECTION('',(0.,0.,1.));
#6112=DIRECTION('',(0.,0.,-1.));
#6113=DIRECTION('',(1.,0.,0.));
#6114=DIRECTION('',(0.,0.,-1.));
#6115=DIRECTION('',(1.,0.,0.));
#6116=DIRECTION('',(1.,0.,0.));
#6117=DIRECTION('',(0.,0.,-1.));
#6118=DIRECTION('',(0.,-1.,0.));
#6119=DIRECTION('',(0.,-1.,0.));
#6120=DIRECTION('',(0.,0.,-1.));
#6121=DIRECTION('',(0.,1.,0.));
#6122=DIRECTION('',(0.,0.,1.));
#6123=DIRECTION('',(1.,0.,0.));
#6124=DIRECTION('',(1.,0.,0.));
#6125=DIRECTION('',(0.,0.,-1.));
#6126=DIRECTION('',(1.,0.,0.));
#6127=DIRECTION('',(0.,0.,-1.));
#6128=DIRECTION('',(0.,-1.,0.));
#6129=DIRECTION('',(0.,-1.,0.));
#6130=DIRECTION('',(0.,1.,0.));
#6131=DIRECTION('',(0.,0.,1.));
#6132=DIRECTION('',(1.,0.,0.));
#6133=DIRECTION('',(0.,0.,-1.));
#6134=DIRECTION('',(0.,0.,-1.));
#6135=DIRECTION('',(1.,-1.4557120078127E-16,0.));
#6136=DIRECTION('',(1.4557120078127E-16,1.,0.));
#6137=DIRECTION('',(0.,0.,-1.));
#6138=DIRECTION('',(-1.4557120078127E-16,-1.,0.));
#6139=DIRECTION('',(0.,0.,-1.));
#6140=DIRECTION('',(0.,1.,0.));
#6141=DIRECTION('',(0.,0.,1.));
#6142=DIRECTION('',(0.,0.,-1.));
#6143=DIRECTION('',(1.,0.,0.));
#6144=DIRECTION('',(0.,0.,-1.));
#6145=DIRECTION('',(1.,-1.4557120078127E-16,0.));
#6146=DIRECTION('',(1.4557120078127E-16,1.,0.));
#6147=DIRECTION('',(0.,0.,-1.));
#6148=DIRECTION('',(-1.4557120078127E-16,-1.,0.));
#6149=DIRECTION('',(0.,0.,-1.));
#6150=DIRECTION('',(0.,0.,1.));
#6151=DIRECTION('',(1.,0.,0.));
#6152=DIRECTION('',(0.,0.,1.));
#6153=DIRECTION('',(1.,0.,0.));
#6154=DIRECTION('',(0.,0.,1.));
#6155=DIRECTION('',(1.,0.,0.));
#6156=DIRECTION('',(0.,0.,1.));
#6157=DIRECTION('',(1.,0.,0.));
#6158=DIRECTION('',(0.,0.,1.));
#6159=DIRECTION('',(1.,0.,0.));
#6160=DIRECTION('',(0.,0.,1.));
#6161=DIRECTION('',(1.,0.,0.));
#6162=DIRECTION('',(0.,0.,1.));
#6163=DIRECTION('',(1.,0.,0.));
#6164=DIRECTION('',(0.,0.,1.));
#6165=DIRECTION('',(1.,0.,0.));
#6166=DIRECTION('',(0.,0.,1.));
#6167=DIRECTION('',(1.,0.,0.));
#6168=DIRECTION('',(0.,0.,1.));
#6169=DIRECTION('',(1.,0.,0.));
#6170=DIRECTION('',(0.,0.,1.));
#6171=DIRECTION('',(1.,0.,0.));
#6172=DIRECTION('',(0.,0.,1.));
#6173=DIRECTION('',(1.,0.,0.));
#6174=DIRECTION('',(0.,0.,-1.));
#6175=DIRECTION('',(-1.,0.,0.));
#6176=DIRECTION('',(0.,0.,1.));
#6177=DIRECTION('',(1.,0.,0.));
#6178=DIRECTION('',(0.,0.,-1.));
#6179=DIRECTION('',(-1.,0.,0.));
#6180=DIRECTION('',(0.,0.,1.));
#6181=DIRECTION('',(1.,0.,0.));
#6182=DIRECTION('',(0.,0.,1.));
#6183=DIRECTION('',(1.,0.,0.));
#6184=DIRECTION('',(0.,0.,1.));
#6185=DIRECTION('',(1.,0.,0.));
#6186=DIRECTION('',(0.,0.,-1.));
#6187=DIRECTION('',(-1.,0.,0.));
#6188=DIRECTION('',(0.,0.,1.));
#6189=DIRECTION('',(1.,0.,0.));
#6190=DIRECTION('',(0.,0.,1.));
#6191=DIRECTION('',(1.,0.,0.));
#6192=DIRECTION('',(0.,0.,1.));
#6193=DIRECTION('',(1.,0.,0.));
#6194=DIRECTION('',(0.,0.,1.));
#6195=DIRECTION('',(1.,0.,0.));
#6196=DIRECTION('',(0.,0.,-1.));
#6197=DIRECTION('',(-1.,0.,0.));
#6198=DIRECTION('',(0.,0.,1.));
#6199=DIRECTION('',(1.,0.,0.));
#6200=DIRECTION('',(0.,0.,1.));
#6201=DIRECTION('',(1.,0.,0.));
#6202=DIRECTION('',(0.,0.,1.));
#6203=DIRECTION('',(1.,0.,0.));
#6204=DIRECTION('',(0.,0.,1.));
#6205=DIRECTION('',(1.,0.,0.));
#6206=DIRECTION('',(0.,0.,-1.));
#6207=DIRECTION('',(-1.,0.,0.));
#6208=DIRECTION('',(0.,0.,1.));
#6209=DIRECTION('',(1.,0.,0.));
#6210=DIRECTION('',(0.,0.,1.));
#6211=DIRECTION('',(1.,0.,0.));
#6212=DIRECTION('',(0.,0.,1.));
#6213=DIRECTION('',(1.,0.,0.));
#6214=DIRECTION('',(0.,0.,1.));
#6215=DIRECTION('',(1.,0.,0.));
#6216=DIRECTION('',(0.,0.,-1.));
#6217=DIRECTION('',(-1.,0.,0.));
#6218=DIRECTION('',(0.,0.,1.));
#6219=DIRECTION('',(1.,0.,0.));
#6220=DIRECTION('',(0.,0.,1.));
#6221=DIRECTION('',(1.,0.,0.));
#6222=DIRECTION('',(0.,0.,1.));
#6223=DIRECTION('',(1.,0.,0.));
#6224=DIRECTION('',(0.,0.,1.));
#6225=DIRECTION('',(1.,0.,0.));
#6226=DIRECTION('',(0.,0.,-1.));
#6227=DIRECTION('',(-1.,0.,0.));
#6228=DIRECTION('',(0.,0.,1.));
#6229=DIRECTION('',(1.,0.,0.));
#6230=DIRECTION('',(0.,0.,1.));
#6231=DIRECTION('',(1.,0.,0.));
#6232=DIRECTION('',(0.,0.,1.));
#6233=DIRECTION('',(1.,0.,0.));
#6234=DIRECTION('',(0.,0.,1.));
#6235=DIRECTION('',(1.,0.,0.));
#6236=DIRECTION('',(0.,0.,-1.));
#6237=DIRECTION('',(-1.,0.,0.));
#6238=DIRECTION('',(0.,0.,1.));
#6239=DIRECTION('',(1.,0.,0.));
#6240=DIRECTION('',(0.,0.,1.));
#6241=DIRECTION('',(1.,0.,0.));
#6242=DIRECTION('',(0.,0.,1.));
#6243=DIRECTION('',(1.,0.,0.));
#6244=DIRECTION('',(0.,1.,0.));
#6245=DIRECTION('',(0.,0.,1.));
#6246=DIRECTION('',(0.,1.,0.));
#6247=DIRECTION('',(0.,0.,1.));
#6248=DIRECTION('',(1.,0.,0.));
#6249=DIRECTION('',(0.,0.,-1.));
#6250=DIRECTION('',(1.,0.,0.));
#6251=DIRECTION('',(0.,0.,-1.));
#6252=DIRECTION('',(1.,0.,0.));
#6253=DIRECTION('',(0.,1.,0.));
#6254=DIRECTION('',(0.,0.,1.));
#6255=DIRECTION('',(0.,0.,-1.));
#6256=DIRECTION('',(0.,1.,0.));
#6257=DIRECTION('',(0.,0.,1.));
#6258=DIRECTION('',(-1.,0.,0.));
#6259=DIRECTION('',(0.,1.,0.));
#6260=DIRECTION('',(0.,0.,1.));
#6261=DIRECTION('',(0.,0.,-1.));
#6262=DIRECTION('',(1.,-1.4557120078127E-16,0.));
#6263=DIRECTION('',(1.4557120078127E-16,1.,0.));
#6264=DIRECTION('',(-1.4557120078127E-16,-1.,0.));
#6265=DIRECTION('',(0.,0.,-1.));
#6266=DIRECTION('',(-1.4557120078127E-16,-1.,0.));
#6267=DIRECTION('',(0.,0.,-1.));
#6268=DIRECTION('',(0.,1.,0.));
#6269=DIRECTION('',(0.,0.,1.));
#6270=DIRECTION('',(1.,0.,0.));
#6271=DIRECTION('',(0.,0.,-1.));
#6272=DIRECTION('',(1.,0.,0.));
#6273=DIRECTION('',(0.,0.,-1.));
#6274=DIRECTION('',(1.,0.,0.));
#6275=DIRECTION('',(0.,0.,-1.));
#6276=DIRECTION('',(0.,0.,-1.));
#6277=DIRECTION('',(0.,-1.,0.));
#6278=DIRECTION('',(0.,0.,-1.));
#6279=DIRECTION('',(0.,-1.,0.));
#6280=DIRECTION('',(-1.73472347597681E-16,1.,0.));
#6281=DIRECTION('',(-1.,-1.73472347597681E-16,0.));
#6282=DIRECTION('',(1.,1.73472347597681E-16,0.));
#6283=DIRECTION('',(-1.73472347597681E-16,1.,0.));
#6284=DIRECTION('',(-1.,-1.73472347597681E-16,0.));
#6285=DIRECTION('',(0.,0.,-1.));
#6286=DIRECTION('',(-1.73472347597681E-16,1.,0.));
#6287=DIRECTION('',(-1.,-1.73472347597681E-16,0.));
#6288=DIRECTION('',(-1.,-1.73472347597681E-16,0.));
#6289=DIRECTION('',(-1.73472347597681E-16,1.,0.));
#6290=DIRECTION('',(-1.,-1.73472347597681E-16,0.));
#6291=DIRECTION('',(0.,0.,-1.));
#6292=DIRECTION('',(-1.73472347597681E-16,1.,0.));
#6293=DIRECTION('',(-1.,-1.73472347597681E-16,0.));
#6294=DIRECTION('',(1.,1.73472347597681E-16,0.));
#6295=DIRECTION('',(0.,0.,-1.));
#6296=DIRECTION('',(1.,1.73472347597681E-16,0.));
#6297=DIRECTION('',(1.,0.,0.));
#6298=DIRECTION('',(0.,0.,-1.));
#6299=DIRECTION('',(0.,0.,-1.));
#6300=DIRECTION('',(0.,-1.,0.));
#6301=DIRECTION('',(0.,-1.,0.));
#6302=DIRECTION('',(-1.73472347597681E-16,1.,0.));
#6303=DIRECTION('',(-1.,-1.73472347597681E-16,0.));
#6304=DIRECTION('',(1.,1.73472347597681E-16,0.));
#6305=DIRECTION('',(1.,1.73472347597681E-16,0.));
#6306=DIRECTION('',(1.,-1.4557120078127E-16,0.));
#6307=DIRECTION('',(1.4557120078127E-16,1.,0.));
#6308=DIRECTION('',(-1.4557120078127E-16,-1.,0.));
#6309=DIRECTION('',(0.,0.,-1.));
#6310=DIRECTION('',(-1.4557120078127E-16,-1.,0.));
#6311=DIRECTION('',(0.,0.,-1.));
#6312=DIRECTION('',(0.,0.,1.));
#6313=DIRECTION('',(1.,0.,0.));
#6314=DIRECTION('',(0.,-1.,0.));
#6315=DIRECTION('',(1.,0.,0.));
#6316=DIRECTION('',(-1.4557120078127E-16,-1.,0.));
#6317=DIRECTION('',(1.,0.,0.));
#6318=DIRECTION('',(-1.4557120078127E-16,-1.,0.));
#6319=DIRECTION('',(1.,0.,0.));
#6320=DIRECTION('',(0.,-1.,0.));
#6321=DIRECTION('',(1.,1.73472347597681E-16,0.));
#6322=DIRECTION('',(0.,0.,1.));
#6323=DIRECTION('',(1.,0.,0.));
#6324=DIRECTION('',(0.,0.,1.));
#6325=DIRECTION('',(1.,0.,0.));
#6326=DIRECTION('',(0.,0.,1.));
#6327=DIRECTION('',(1.,0.,0.));
#6328=DIRECTION('',(0.,0.,1.));
#6329=DIRECTION('',(1.,0.,0.));
#6330=DIRECTION('',(0.,0.,1.));
#6331=DIRECTION('',(1.,0.,0.));
#6332=DIRECTION('',(0.,0.,1.));
#6333=DIRECTION('',(1.,0.,0.));
#6334=DIRECTION('',(0.,0.,1.));
#6335=DIRECTION('',(1.,0.,0.));
#6336=DIRECTION('',(0.,1.,0.));
#6337=DIRECTION('',(0.,1.,0.));
#6338=DIRECTION('',(0.,0.,1.));
#6339=DIRECTION('',(1.,0.,0.));
#6340=DIRECTION('',(0.,0.,1.));
#6341=DIRECTION('',(1.,0.,0.));
#6342=DIRECTION('',(0.,0.,1.));
#6343=DIRECTION('',(1.,0.,0.));
#6344=DIRECTION('',(0.,0.,1.));
#6345=DIRECTION('',(1.,0.,0.));
#6346=DIRECTION('',(-1.,0.,0.));
#6347=DIRECTION('',(0.,0.,1.));
#6348=DIRECTION('',(0.928476690885259,0.371390676354103,0.));
#6349=DIRECTION('',(0.371390676354103,-0.928476690885259,0.));
#6350=DIRECTION('',(0.928476690885259,-0.371390676354103,0.));
#6351=DIRECTION('',(0.371390676354103,0.928476690885259,0.));
#6352=DIRECTION('',(1.4557120078127E-16,1.,0.));
#6353=DIRECTION('',(-1.,1.4557120078127E-16,0.));
#6354=DIRECTION('',(-0.371390676354103,-0.928476690885259,0.));
#6355=DIRECTION('',(0.928476690885259,-0.371390676354103,0.));
#6356=DIRECTION('',(0.371390676354103,-0.928476690885259,0.));
#6357=DIRECTION('',(0.928476690885259,0.371390676354103,0.));
#6358=DIRECTION('',(-1.4557120078127E-16,-1.,0.));
#6359=DIRECTION('',(1.,-1.4557120078127E-16,0.));
#6360=DIRECTION('',(-0.371390676354103,0.928476690885259,0.));
#6361=DIRECTION('',(0.928476690885259,0.371390676354103,0.));
#6362=DIRECTION('',(0.371390676354103,0.928476690885259,0.));
#6363=DIRECTION('',(0.928476690885259,-0.371390676354103,0.));
#6364=DIRECTION('',(1.,1.73472347597681E-16,0.));
#6365=DIRECTION('',(-1.73472347597681E-16,1.,0.));
#6366=DIRECTION('',(0.707106781186548,0.707106781186548,0.));
#6367=DIRECTION('',(0.707106781186548,-0.707106781186548,0.));
#6368=DIRECTION('',(0.707106781186548,-0.707106781186548,0.));
#6369=DIRECTION('',(0.707106781186548,0.707106781186548,0.));
#6370=DIRECTION('',(0.,-1.,0.));
#6371=DIRECTION('',(0.,0.,-1.));
#6372=DIRECTION('',(0.707106781186548,-0.707106781186548,0.));
#6373=DIRECTION('',(-0.707106781186548,-0.707106781186548,0.));
#6374=DIRECTION('',(-0.707106781186548,-0.707106781186548,0.));
#6375=DIRECTION('',(-0.707106781186548,0.707106781186548,0.));
#6376=DIRECTION('',(1.,0.,0.));
#6377=DIRECTION('',(0.,0.,-1.));
#6378=DIRECTION('',(-0.928476690885259,-0.371390676354103,0.));
#6379=DIRECTION('',(0.371390676354103,-0.928476690885259,0.));
#6380=DIRECTION('',(1.,0.,0.));
#6381=DIRECTION('',(0.707106781186548,0.707106781186548,0.));
#6382=DIRECTION('',(-0.707106781186548,0.707106781186548,0.));
#6383=DIRECTION('',(-0.928476690885259,0.371390676354103,0.));
#6384=DIRECTION('',(0.371390676354103,0.928476690885259,0.));
#6385=DIRECTION('',(0.,1.,0.));
#6386=DIRECTION('',(0.,0.,1.));
#6387=DIRECTION('',(-0.707106781186548,0.707106781186548,0.));
#6388=DIRECTION('',(-0.707106781186548,-0.707106781186548,0.));
#6389=DIRECTION('',(-1.,-1.73472347597681E-16,0.));
#6390=DIRECTION('',(1.73472347597681E-16,-1.,0.));
#6391=DIRECTION('',(0.,0.,1.));
#6392=DIRECTION('',(1.,0.,0.));
#6393=DIRECTION('',(0.,0.,1.));
#6394=DIRECTION('',(1.,0.,0.));
#6395=DIRECTION('',(0.,0.,-1.));
#6396=DIRECTION('',(-1.,0.,0.));
#6397=DIRECTION('',(0.,0.,1.));
#6398=DIRECTION('',(1.,0.,0.));
#6399=DIRECTION('',(0.,0.,1.));
#6400=DIRECTION('',(1.,0.,0.));
#6401=DIRECTION('',(0.,0.,1.));
#6402=DIRECTION('',(1.,0.,0.));
#6403=DIRECTION('',(0.,0.,-1.));
#6404=DIRECTION('',(-1.,0.,0.));
#6405=DIRECTION('',(0.,0.,1.));
#6406=DIRECTION('',(1.,0.,0.));
#6407=DIRECTION('',(1.,0.,0.));
#6408=DIRECTION('',(0.,0.,-1.));
#6409=DIRECTION('',(0.,1.,0.));
#6410=DIRECTION('',(0.,1.,0.));
#6411=DIRECTION('',(0.,1.,0.));
#6412=DIRECTION('',(0.,0.,1.));
#6413=DIRECTION('',(0.,1.,0.));
#6414=DIRECTION('',(0.,0.,-1.));
#6415=DIRECTION('',(-1.,0.,0.));
#6416=DIRECTION('',(0.,1.,0.));
#6417=DIRECTION('',(0.,1.,0.));
#6418=DIRECTION('',(0.,0.,1.));
#6419=DIRECTION('',(0.,1.,0.));
#6420=DIRECTION('',(1.,0.,0.));
#6421=DIRECTION('',(0.,0.,-1.));
#6422=DIRECTION('',(0.,1.,0.));
#6423=DIRECTION('',(0.,1.,0.));
#6424=DIRECTION('',(0.,0.,1.));
#6425=DIRECTION('',(0.,1.,0.));
#6426=DIRECTION('',(0.,0.,1.));
#6427=DIRECTION('',(0.,0.,-1.));
#6428=DIRECTION('',(-1.,0.,0.));
#6429=DIRECTION('',(0.,0.,1.));
#6430=DIRECTION('',(1.,0.,0.));
#6431=DIRECTION('',(0.,0.,1.));
#6432=DIRECTION('',(1.,0.,0.));
#6433=DIRECTION('',(0.,0.,-1.));
#6434=DIRECTION('',(-1.,0.,0.));
#6435=DIRECTION('',(0.,0.,1.));
#6436=DIRECTION('',(1.,0.,0.));
#6437=DIRECTION('',(0.,0.,1.));
#6438=DIRECTION('',(1.,0.,0.));
#6439=DIRECTION('',(0.,0.,-1.));
#6440=DIRECTION('',(-1.,0.,0.));
#6441=DIRECTION('',(0.,0.,1.));
#6442=DIRECTION('',(1.,0.,0.));
#6443=DIRECTION('',(0.,0.,1.));
#6444=DIRECTION('',(1.,0.,0.));
#6445=DIRECTION('',(0.,0.,-1.));
#6446=DIRECTION('',(-1.,0.,0.));
#6447=DIRECTION('',(0.,0.,1.));
#6448=DIRECTION('',(1.,0.,0.));
#6449=DIRECTION('',(0.,0.,1.));
#6450=DIRECTION('',(1.,0.,0.));
#6451=DIRECTION('',(0.,0.,-1.));
#6452=DIRECTION('',(-1.,0.,0.));
#6453=DIRECTION('',(0.,0.,1.));
#6454=DIRECTION('',(1.,0.,0.));
#6455=DIRECTION('',(0.,0.,1.));
#6456=DIRECTION('',(1.,0.,0.));
#6457=DIRECTION('',(0.,0.,-1.));
#6458=DIRECTION('',(-1.,0.,0.));
#6459=DIRECTION('',(0.,0.,1.));
#6460=DIRECTION('',(1.,0.,0.));
#6461=DIRECTION('',(0.,0.,1.));
#6462=DIRECTION('',(1.,0.,0.));
#6463=CARTESIAN_POINT('',(0.,0.,0.));
#6464=CARTESIAN_POINT('',(6.93889390390723E-18,0.05375,0.0254));
#6465=CARTESIAN_POINT('',(-0.0359062922767797,0.05375,0.026));
#6466=CARTESIAN_POINT('',(-0.0359062922767797,0.05375,0.024));
#6467=CARTESIAN_POINT('',(-0.0378141706796136,0.05375,0.0254));
#6468=CARTESIAN_POINT('',(6.93889390390723E-18,0.05375,0.024));
#6469=CARTESIAN_POINT('',(-0.0485,0.05375,0.024));
#6470=CARTESIAN_POINT('',(-0.0485,0.05375,0.0254));
#6471=CARTESIAN_POINT('',(-0.0485,0.05375,0.0254));
#6472=CARTESIAN_POINT('',(6.93889390390723E-18,0.05375,0.0254));
#6473=CARTESIAN_POINT('',(-0.0223,0.050487,0.0138));
#6474=CARTESIAN_POINT('',(-0.0359062922767797,0.050487,0.026));
#6475=CARTESIAN_POINT('',(-0.0368,0.050487,0.0242107860649279));
#6476=CARTESIAN_POINT('',(-0.0359062922767797,0.050487,0.024));
#6477=CARTESIAN_POINT('',(-0.0368,0.050487,0.0138));
#6478=CARTESIAN_POINT('',(-0.0368,0.050487,0.024));
#6479=CARTESIAN_POINT('',(0.,0.050487,0.024));
#6480=CARTESIAN_POINT('',(0.,-0.01775,0.0254));
#6481=CARTESIAN_POINT('',(0.04575,-0.052,0.0254));
#6482=CARTESIAN_POINT('',(0.04745,-0.052,0.0254));
#6483=CARTESIAN_POINT('',(-0.04575,-0.052,0.0254));
#6484=CARTESIAN_POINT('',(-0.04405,-0.052,0.0254));
#6485=CARTESIAN_POINT('',(-0.04575,0.05025,0.0254));
#6486=CARTESIAN_POINT('',(-0.04405,0.05025,0.0254));
#6487=CARTESIAN_POINT('',(0.04575,-0.0833841518109544,0.0254));
#6488=CARTESIAN_POINT('',(0.04745,-0.0833841518109544,0.0254));
#6489=CARTESIAN_POINT('',(0.04575,0.05025,0.0254));
#6490=CARTESIAN_POINT('',(0.04745,0.05025,0.0254));
#6491=CARTESIAN_POINT('',(-0.04575,-0.0833841518109544,0.0254));
#6492=CARTESIAN_POINT('',(-0.04405,-0.0833841518109544,0.0254));
#6493=CARTESIAN_POINT('',(-0.0220760987604419,0.05045,0.0254));
#6494=CARTESIAN_POINT('',(-0.0220760987604419,0.050487,0.0254));
#6495=CARTESIAN_POINT('',(-0.0220760987604419,0.05375,0.0254));
#6496=CARTESIAN_POINT('',(-0.0223,0.050487,0.0254));
#6497=CARTESIAN_POINT('',(-0.0078,0.050487,0.0254));
#6498=CARTESIAN_POINT('',(-0.0078,0.048987,0.0254));
#6499=CARTESIAN_POINT('',(-0.0063,0.048987,0.0254));
#6500=CARTESIAN_POINT('',(-0.0063,0.039487,0.0254));
#6501=CARTESIAN_POINT('',(-0.0063,0.029987,0.0254));
#6502=CARTESIAN_POINT('',(-0.0078,0.029987,0.0254));
#6503=CARTESIAN_POINT('',(-0.0078,0.028487,0.0254));
#6504=CARTESIAN_POINT('',(-0.0223,0.028487,0.0254));
#6505=CARTESIAN_POINT('',(-0.0368,0.028487,0.0254));
#6506=CARTESIAN_POINT('',(-0.0368,0.029987,0.0254));
#6507=CARTESIAN_POINT('',(-0.0383,0.029987,0.0254));
#6508=CARTESIAN_POINT('',(-0.0383,0.039487,0.0254));
#6509=CARTESIAN_POINT('',(-0.0383,0.048987,0.0254));
#6510=CARTESIAN_POINT('',(-0.0368,0.048987,0.0254));
#6511=CARTESIAN_POINT('',(-0.0371311057232969,0.05045,0.0254));
#6512=CARTESIAN_POINT('',(0.,0.05045,0.0254));
#6513=CARTESIAN_POINT('',(-0.0378141706796136,0.05045,0.0254));
#6514=CARTESIAN_POINT('',(-0.0378141706796136,0.05045,0.0254));
#6515=CARTESIAN_POINT('',(-0.0485,0.05225,0.0254));
#6516=CARTESIAN_POINT('',(-0.05,0.05225,0.0254));
#6517=CARTESIAN_POINT('',(-0.05,-0.01775,0.0254));
#6518=CARTESIAN_POINT('',(-0.05,-0.08775,0.0254));
#6519=CARTESIAN_POINT('',(-0.0485,-0.08775,0.0254));
#6520=CARTESIAN_POINT('',(-0.0485,-0.08925,0.0254));
#6521=CARTESIAN_POINT('',(-1.38777878078145E-17,-0.08925,0.0254));
#6522=CARTESIAN_POINT('',(0.0485,-0.08925,0.0254));
#6523=CARTESIAN_POINT('',(0.0485,-0.08775,0.0254));
#6524=CARTESIAN_POINT('',(0.05,-0.08775,0.0254));
#6525=CARTESIAN_POINT('',(0.05,-0.01775,0.0254));
#6526=CARTESIAN_POINT('',(0.05,0.05225,0.0254));
#6527=CARTESIAN_POINT('',(0.0485,0.05225,0.0254));
#6528=CARTESIAN_POINT('',(0.0485,0.05375,0.0254));
#6529=CARTESIAN_POINT('',(6.93889390390723E-18,0.05375,0.0254));
#6530=CARTESIAN_POINT('',(0.021425,-0.033475,0.0254));
#6531=CARTESIAN_POINT('',(0.021425,-0.032975,0.0254));
#6532=CARTESIAN_POINT('',(0.020925,-0.033475,0.0254));
#6533=CARTESIAN_POINT('',(0.027925,-0.032975,0.0254));
#6534=CARTESIAN_POINT('',(0.034425,-0.032975,0.0254));
#6535=CARTESIAN_POINT('',(0.034425,-0.033475,0.0254));
#6536=CARTESIAN_POINT('',(0.034925,-0.033475,0.0254));
#6537=CARTESIAN_POINT('',(0.034925,-0.039975,0.0254));
#6538=CARTESIAN_POINT('',(0.034925,-0.046475,0.0254));
#6539=CARTESIAN_POINT('',(0.034425,-0.046475,0.0254));
#6540=CARTESIAN_POINT('',(0.034425,-0.046975,0.0254));
#6541=CARTESIAN_POINT('',(0.027925,-0.046975,0.0254));
#6542=CARTESIAN_POINT('',(0.021425,-0.046975,0.0254));
#6543=CARTESIAN_POINT('',(0.021425,-0.046475,0.0254));
#6544=CARTESIAN_POINT('',(0.020925,-0.046475,0.0254));
#6545=CARTESIAN_POINT('',(0.020925,-0.039975,0.0254));
#6546=CARTESIAN_POINT('',(0.021425,0.023675,0.0254));
#6547=CARTESIAN_POINT('',(0.021425,0.024175,0.0254));
#6548=CARTESIAN_POINT('',(0.020925,0.023675,0.0254));
#6549=CARTESIAN_POINT('',(0.027925,0.024175,0.0254));
#6550=CARTESIAN_POINT('',(0.034425,0.024175,0.0254));
#6551=CARTESIAN_POINT('',(0.034425,0.023675,0.0254));
#6552=CARTESIAN_POINT('',(0.034925,0.023675,0.0254));
#6553=CARTESIAN_POINT('',(0.034925,0.017175,0.0254));
#6554=CARTESIAN_POINT('',(0.034925,0.010675,0.0254));
#6555=CARTESIAN_POINT('',(0.034425,0.010675,0.0254));
#6556=CARTESIAN_POINT('',(0.034425,0.010175,0.0254));
#6557=CARTESIAN_POINT('',(0.027925,0.010175,0.0254));
#6558=CARTESIAN_POINT('',(0.021425,0.010175,0.0254));
#6559=CARTESIAN_POINT('',(0.021425,0.010675,0.0254));
#6560=CARTESIAN_POINT('',(0.020925,0.010675,0.0254));
#6561=CARTESIAN_POINT('',(0.020925,0.017175,0.0254));
#6562=CARTESIAN_POINT('',(-0.035725,0.004625,0.0254));
#6563=CARTESIAN_POINT('',(-0.035725,0.005125,0.0254));
#6564=CARTESIAN_POINT('',(-0.036225,0.004625,0.0254));
#6565=CARTESIAN_POINT('',(-0.029225,0.005125,0.0254));
#6566=CARTESIAN_POINT('',(-0.022725,0.005125,0.0254));
#6567=CARTESIAN_POINT('',(-0.022725,0.004625,0.0254));
#6568=CARTESIAN_POINT('',(-0.022225,0.004625,0.0254));
#6569=CARTESIAN_POINT('',(-0.022225,-0.001875,0.0254));
#6570=CARTESIAN_POINT('',(-0.022225,-0.008375,0.0254));
#6571=CARTESIAN_POINT('',(-0.022725,-0.008375,0.0254));
#6572=CARTESIAN_POINT('',(-0.022725,-0.008875,0.0254));
#6573=CARTESIAN_POINT('',(-0.029225,-0.008875,0.0254));
#6574=CARTESIAN_POINT('',(-0.035725,-0.008875,0.0254));
#6575=CARTESIAN_POINT('',(-0.035725,-0.008375,0.0254));
#6576=CARTESIAN_POINT('',(-0.036225,-0.008375,0.0254));
#6577=CARTESIAN_POINT('',(-0.036225,-0.001875,0.0254));
#6578=CARTESIAN_POINT('',(-0.016675,0.004625,0.0254));
#6579=CARTESIAN_POINT('',(-0.016675,0.005125,0.0254));
#6580=CARTESIAN_POINT('',(-0.017175,0.004625,0.0254));
#6581=CARTESIAN_POINT('',(-0.010175,0.005125,0.0254));
#6582=CARTESIAN_POINT('',(-0.003675,0.005125,0.0254));
#6583=CARTESIAN_POINT('',(-0.003675,0.004625,0.0254));
#6584=CARTESIAN_POINT('',(-0.003175,0.004625,0.0254));
#6585=CARTESIAN_POINT('',(-0.003175,-0.001875,0.0254));
#6586=CARTESIAN_POINT('',(-0.003175,-0.008375,0.0254));
#6587=CARTESIAN_POINT('',(-0.003675,-0.008375,0.0254));
#6588=CARTESIAN_POINT('',(-0.003675,-0.008875,0.0254));
#6589=CARTESIAN_POINT('',(-0.010175,-0.008875,0.0254));
#6590=CARTESIAN_POINT('',(-0.016675,-0.008875,0.0254));
#6591=CARTESIAN_POINT('',(-0.016675,-0.008375,0.0254));
#6592=CARTESIAN_POINT('',(-0.017175,-0.008375,0.0254));
#6593=CARTESIAN_POINT('',(-0.017175,-0.001875,0.0254));
#6594=CARTESIAN_POINT('',(0.002375,0.004625,0.0254));
#6595=CARTESIAN_POINT('',(0.002375,0.005125,0.0254));
#6596=CARTESIAN_POINT('',(0.001875,0.004625,0.0254));
#6597=CARTESIAN_POINT('',(0.008875,0.005125,0.0254));
#6598=CARTESIAN_POINT('',(0.015375,0.005125,0.0254));
#6599=CARTESIAN_POINT('',(0.015375,0.004625,0.0254));
#6600=CARTESIAN_POINT('',(0.015875,0.004625,0.0254));
#6601=CARTESIAN_POINT('',(0.015875,-0.001875,0.0254));
#6602=CARTESIAN_POINT('',(0.015875,-0.008375,0.0254));
#6603=CARTESIAN_POINT('',(0.015375,-0.008375,0.0254));
#6604=CARTESIAN_POINT('',(0.015375,-0.008875,0.0254));
#6605=CARTESIAN_POINT('',(0.008875,-0.008875,0.0254));
#6606=CARTESIAN_POINT('',(0.002375,-0.008875,0.0254));
#6607=CARTESIAN_POINT('',(0.002375,-0.008375,0.0254));
#6608=CARTESIAN_POINT('',(0.001875,-0.008375,0.0254));
#6609=CARTESIAN_POINT('',(0.001875,-0.001875,0.0254));
#6610=CARTESIAN_POINT('',(0.000865000000000013,0.040585,0.0254));
#6611=CARTESIAN_POINT('',(0.000865,0.042085,0.0254));
#6612=CARTESIAN_POINT('',(-0.000635,0.040585,0.0254));
#6613=CARTESIAN_POINT('',(0.015865,0.042085,0.0254));
#6614=CARTESIAN_POINT('',(0.030865,0.042085,0.0254));
#6615=CARTESIAN_POINT('',(0.030865,0.040585,0.0254));
#6616=CARTESIAN_POINT('',(0.032365,0.040585,0.0254));
#6617=CARTESIAN_POINT('',(0.032365,0.036085,0.0254));
#6618=CARTESIAN_POINT('',(0.032365,0.031585,0.0254));
#6619=CARTESIAN_POINT('',(0.030865,0.031585,0.0254));
#6620=CARTESIAN_POINT('',(0.030865,0.030085,0.0254));
#6621=CARTESIAN_POINT('',(0.015865,0.030085,0.0254));
#6622=CARTESIAN_POINT('',(0.000865,0.030085,0.0254));
#6623=CARTESIAN_POINT('',(0.000865,0.031585,0.0254));
#6624=CARTESIAN_POINT('',(-0.000635,0.031585,0.0254));
#6625=CARTESIAN_POINT('',(-0.000635,0.036085,0.0254));
#6626=CARTESIAN_POINT('',(-0.035725,0.023675,0.0254));
#6627=CARTESIAN_POINT('',(-0.035725,0.024175,0.0254));
#6628=CARTESIAN_POINT('',(-0.036225,0.023675,0.0254));
#6629=CARTESIAN_POINT('',(-0.029225,0.024175,0.0254));
#6630=CARTESIAN_POINT('',(-0.022725,0.024175,0.0254));
#6631=CARTESIAN_POINT('',(-0.022725,0.023675,0.0254));
#6632=CARTESIAN_POINT('',(-0.022225,0.023675,0.0254));
#6633=CARTESIAN_POINT('',(-0.022225,0.017175,0.0254));
#6634=CARTESIAN_POINT('',(-0.022225,0.010675,0.0254));
#6635=CARTESIAN_POINT('',(-0.022725,0.010675,0.0254));
#6636=CARTESIAN_POINT('',(-0.022725,0.010175,0.0254));
#6637=CARTESIAN_POINT('',(-0.029225,0.010175,0.0254));
#6638=CARTESIAN_POINT('',(-0.035725,0.010175,0.0254));
#6639=CARTESIAN_POINT('',(-0.035725,0.010675,0.0254));
#6640=CARTESIAN_POINT('',(-0.036225,0.010675,0.0254));
#6641=CARTESIAN_POINT('',(-0.036225,0.017175,0.0254));
#6642=CARTESIAN_POINT('',(-0.016675,0.023675,0.0254));
#6643=CARTESIAN_POINT('',(-0.016675,0.024175,0.0254));
#6644=CARTESIAN_POINT('',(-0.017175,0.023675,0.0254));
#6645=CARTESIAN_POINT('',(-0.010175,0.024175,0.0254));
#6646=CARTESIAN_POINT('',(-0.003675,0.024175,0.0254));
#6647=CARTESIAN_POINT('',(-0.003675,0.023675,0.0254));
#6648=CARTESIAN_POINT('',(-0.003175,0.023675,0.0254));
#6649=CARTESIAN_POINT('',(-0.003175,0.017175,0.0254));
#6650=CARTESIAN_POINT('',(-0.003175,0.010675,0.0254));
#6651=CARTESIAN_POINT('',(-0.003675,0.010675,0.0254));
#6652=CARTESIAN_POINT('',(-0.003675,0.010175,0.0254));
#6653=CARTESIAN_POINT('',(-0.010175,0.010175,0.0254));
#6654=CARTESIAN_POINT('',(-0.016675,0.010175,0.0254));
#6655=CARTESIAN_POINT('',(-0.016675,0.010675,0.0254));
#6656=CARTESIAN_POINT('',(-0.017175,0.010675,0.0254));
#6657=CARTESIAN_POINT('',(-0.017175,0.017175,0.0254));
#6658=CARTESIAN_POINT('',(0.002375,0.023675,0.0254));
#6659=CARTESIAN_POINT('',(0.002375,0.024175,0.0254));
#6660=CARTESIAN_POINT('',(0.001875,0.023675,0.0254));
#6661=CARTESIAN_POINT('',(0.008875,0.024175,0.0254));
#6662=CARTESIAN_POINT('',(0.015375,0.024175,0.0254));
#6663=CARTESIAN_POINT('',(0.015375,0.023675,0.0254));
#6664=CARTESIAN_POINT('',(0.015875,0.023675,0.0254));
#6665=CARTESIAN_POINT('',(0.015875,0.017175,0.0254));
#6666=CARTESIAN_POINT('',(0.015875,0.010675,0.0254));
#6667=CARTESIAN_POINT('',(0.015375,0.010675,0.0254));
#6668=CARTESIAN_POINT('',(0.015375,0.010175,0.0254));
#6669=CARTESIAN_POINT('',(0.008875,0.010175,0.0254));
#6670=CARTESIAN_POINT('',(0.002375,0.010175,0.0254));
#6671=CARTESIAN_POINT('',(0.002375,0.010675,0.0254));
#6672=CARTESIAN_POINT('',(0.001875,0.010675,0.0254));
#6673=CARTESIAN_POINT('',(0.001875,0.017175,0.0254));
#6674=CARTESIAN_POINT('',(0.021425,-0.014425,0.0254));
#6675=CARTESIAN_POINT('',(0.021425,-0.013925,0.0254));
#6676=CARTESIAN_POINT('',(0.020925,-0.014425,0.0254));
#6677=CARTESIAN_POINT('',(0.027925,-0.013925,0.0254));
#6678=CARTESIAN_POINT('',(0.034425,-0.013925,0.0254));
#6679=CARTESIAN_POINT('',(0.034425,-0.014425,0.0254));
#6680=CARTESIAN_POINT('',(0.034925,-0.014425,0.0254));
#6681=CARTESIAN_POINT('',(0.034925,-0.020925,0.0254));
#6682=CARTESIAN_POINT('',(0.034925,-0.027425,0.0254));
#6683=CARTESIAN_POINT('',(0.034425,-0.027425,0.0254));
#6684=CARTESIAN_POINT('',(0.034425,-0.027925,0.0254));
#6685=CARTESIAN_POINT('',(0.027925,-0.027925,0.0254));
#6686=CARTESIAN_POINT('',(0.021425,-0.027925,0.0254));
#6687=CARTESIAN_POINT('',(0.021425,-0.027425,0.0254));
#6688=CARTESIAN_POINT('',(0.020925,-0.027425,0.0254));
#6689=CARTESIAN_POINT('',(0.020925,-0.020925,0.0254));
#6690=CARTESIAN_POINT('',(-0.035725,-0.033475,0.0254));
#6691=CARTESIAN_POINT('',(-0.035725,-0.032975,0.0254));
#6692=CARTESIAN_POINT('',(-0.036225,-0.033475,0.0254));
#6693=CARTESIAN_POINT('',(-0.029225,-0.032975,0.0254));
#6694=CARTESIAN_POINT('',(-0.022725,-0.032975,0.0254));
#6695=CARTESIAN_POINT('',(-0.022725,-0.033475,0.0254));
#6696=CARTESIAN_POINT('',(-0.022225,-0.033475,0.0254));
#6697=CARTESIAN_POINT('',(-0.022225,-0.039975,0.0254));
#6698=CARTESIAN_POINT('',(-0.022225,-0.046475,0.0254));
#6699=CARTESIAN_POINT('',(-0.022725,-0.046475,0.0254));
#6700=CARTESIAN_POINT('',(-0.022725,-0.046975,0.0254));
#6701=CARTESIAN_POINT('',(-0.029225,-0.046975,0.0254));
#6702=CARTESIAN_POINT('',(-0.035725,-0.046975,0.0254));
#6703=CARTESIAN_POINT('',(-0.035725,-0.046475,0.0254));
#6704=CARTESIAN_POINT('',(-0.036225,-0.046475,0.0254));
#6705=CARTESIAN_POINT('',(-0.036225,-0.039975,0.0254));
#6706=CARTESIAN_POINT('',(-0.016675,-0.033475,0.0254));
#6707=CARTESIAN_POINT('',(-0.016675,-0.032975,0.0254));
#6708=CARTESIAN_POINT('',(-0.017175,-0.033475,0.0254));
#6709=CARTESIAN_POINT('',(-0.010175,-0.032975,0.0254));
#6710=CARTESIAN_POINT('',(-0.003675,-0.032975,0.0254));
#6711=CARTESIAN_POINT('',(-0.003675,-0.033475,0.0254));
#6712=CARTESIAN_POINT('',(-0.003175,-0.033475,0.0254));
#6713=CARTESIAN_POINT('',(-0.003175,-0.039975,0.0254));
#6714=CARTESIAN_POINT('',(-0.003175,-0.046475,0.0254));
#6715=CARTESIAN_POINT('',(-0.003675,-0.046475,0.0254));
#6716=CARTESIAN_POINT('',(-0.003675,-0.046975,0.0254));
#6717=CARTESIAN_POINT('',(-0.010175,-0.046975,0.0254));
#6718=CARTESIAN_POINT('',(-0.016675,-0.046975,0.0254));
#6719=CARTESIAN_POINT('',(-0.016675,-0.046475,0.0254));
#6720=CARTESIAN_POINT('',(-0.017175,-0.046475,0.0254));
#6721=CARTESIAN_POINT('',(-0.017175,-0.039975,0.0254));
#6722=CARTESIAN_POINT('',(0.002375,-0.033475,0.0254));
#6723=CARTESIAN_POINT('',(0.002375,-0.032975,0.0254));
#6724=CARTESIAN_POINT('',(0.001875,-0.033475,0.0254));
#6725=CARTESIAN_POINT('',(0.008875,-0.032975,0.0254));
#6726=CARTESIAN_POINT('',(0.015375,-0.032975,0.0254));
#6727=CARTESIAN_POINT('',(0.015375,-0.033475,0.0254));
#6728=CARTESIAN_POINT('',(0.015875,-0.033475,0.0254));
#6729=CARTESIAN_POINT('',(0.015875,-0.039975,0.0254));
#6730=CARTESIAN_POINT('',(0.015875,-0.046475,0.0254));
#6731=CARTESIAN_POINT('',(0.015375,-0.046475,0.0254));
#6732=CARTESIAN_POINT('',(0.015375,-0.046975,0.0254));
#6733=CARTESIAN_POINT('',(0.008875,-0.046975,0.0254));
#6734=CARTESIAN_POINT('',(0.002375,-0.046975,0.0254));
#6735=CARTESIAN_POINT('',(0.002375,-0.046475,0.0254));
#6736=CARTESIAN_POINT('',(0.001875,-0.046475,0.0254));
#6737=CARTESIAN_POINT('',(0.001875,-0.039975,0.0254));
#6738=CARTESIAN_POINT('',(0.021425,0.004625,0.0254));
#6739=CARTESIAN_POINT('',(0.021425,0.005125,0.0254));
#6740=CARTESIAN_POINT('',(0.020925,0.004625,0.0254));
#6741=CARTESIAN_POINT('',(0.027925,0.005125,0.0254));
#6742=CARTESIAN_POINT('',(0.034425,0.005125,0.0254));
#6743=CARTESIAN_POINT('',(0.034425,0.004625,0.0254));
#6744=CARTESIAN_POINT('',(0.034925,0.004625,0.0254));
#6745=CARTESIAN_POINT('',(0.034925,-0.001875,0.0254));
#6746=CARTESIAN_POINT('',(0.034925,-0.008375,0.0254));
#6747=CARTESIAN_POINT('',(0.034425,-0.008375,0.0254));
#6748=CARTESIAN_POINT('',(0.034425,-0.008875,0.0254));
#6749=CARTESIAN_POINT('',(0.027925,-0.008875,0.0254));
#6750=CARTESIAN_POINT('',(0.021425,-0.008875,0.0254));
#6751=CARTESIAN_POINT('',(0.021425,-0.008375,0.0254));
#6752=CARTESIAN_POINT('',(0.020925,-0.008375,0.0254));
#6753=CARTESIAN_POINT('',(0.020925,-0.001875,0.0254));
#6754=CARTESIAN_POINT('',(-0.035725,-0.014425,0.0254));
#6755=CARTESIAN_POINT('',(-0.035725,-0.013925,0.0254));
#6756=CARTESIAN_POINT('',(-0.036225,-0.014425,0.0254));
#6757=CARTESIAN_POINT('',(-0.029225,-0.013925,0.0254));
#6758=CARTESIAN_POINT('',(-0.022725,-0.013925,0.0254));
#6759=CARTESIAN_POINT('',(-0.022725,-0.014425,0.0254));
#6760=CARTESIAN_POINT('',(-0.022225,-0.014425,0.0254));
#6761=CARTESIAN_POINT('',(-0.022225,-0.020925,0.0254));
#6762=CARTESIAN_POINT('',(-0.022225,-0.027425,0.0254));
#6763=CARTESIAN_POINT('',(-0.022725,-0.027425,0.0254));
#6764=CARTESIAN_POINT('',(-0.022725,-0.027925,0.0254));
#6765=CARTESIAN_POINT('',(-0.029225,-0.027925,0.0254));
#6766=CARTESIAN_POINT('',(-0.035725,-0.027925,0.0254));
#6767=CARTESIAN_POINT('',(-0.035725,-0.027425,0.0254));
#6768=CARTESIAN_POINT('',(-0.036225,-0.027425,0.0254));
#6769=CARTESIAN_POINT('',(-0.036225,-0.020925,0.0254));
#6770=CARTESIAN_POINT('',(-0.016675,-0.014425,0.0254));
#6771=CARTESIAN_POINT('',(-0.016675,-0.013925,0.0254));
#6772=CARTESIAN_POINT('',(-0.017175,-0.014425,0.0254));
#6773=CARTESIAN_POINT('',(-0.010175,-0.013925,0.0254));
#6774=CARTESIAN_POINT('',(-0.003675,-0.013925,0.0254));
#6775=CARTESIAN_POINT('',(-0.003675,-0.014425,0.0254));
#6776=CARTESIAN_POINT('',(-0.003175,-0.014425,0.0254));
#6777=CARTESIAN_POINT('',(-0.003175,-0.020925,0.0254));
#6778=CARTESIAN_POINT('',(-0.003175,-0.027425,0.0254));
#6779=CARTESIAN_POINT('',(-0.003675,-0.027425,0.0254));
#6780=CARTESIAN_POINT('',(-0.003675,-0.027925,0.0254));
#6781=CARTESIAN_POINT('',(-0.010175,-0.027925,0.0254));
#6782=CARTESIAN_POINT('',(-0.016675,-0.027925,0.0254));
#6783=CARTESIAN_POINT('',(-0.016675,-0.027425,0.0254));
#6784=CARTESIAN_POINT('',(-0.017175,-0.027425,0.0254));
#6785=CARTESIAN_POINT('',(-0.017175,-0.020925,0.0254));
#6786=CARTESIAN_POINT('',(0.002375,-0.014425,0.0254));
#6787=CARTESIAN_POINT('',(0.002375,-0.013925,0.0254));
#6788=CARTESIAN_POINT('',(0.001875,-0.014425,0.0254));
#6789=CARTESIAN_POINT('',(0.008875,-0.013925,0.0254));
#6790=CARTESIAN_POINT('',(0.015375,-0.013925,0.0254));
#6791=CARTESIAN_POINT('',(0.015375,-0.014425,0.0254));
#6792=CARTESIAN_POINT('',(0.015875,-0.014425,0.0254));
#6793=CARTESIAN_POINT('',(0.015875,-0.020925,0.0254));
#6794=CARTESIAN_POINT('',(0.015875,-0.027425,0.0254));
#6795=CARTESIAN_POINT('',(0.015375,-0.027425,0.0254));
#6796=CARTESIAN_POINT('',(0.015375,-0.027925,0.0254));
#6797=CARTESIAN_POINT('',(0.008875,-0.027925,0.0254));
#6798=CARTESIAN_POINT('',(0.002375,-0.027925,0.0254));
#6799=CARTESIAN_POINT('',(0.002375,-0.027425,0.0254));
#6800=CARTESIAN_POINT('',(0.001875,-0.027425,0.0254));
#6801=CARTESIAN_POINT('',(0.001875,-0.020925,0.0254));
#6802=CARTESIAN_POINT('',(0.,-0.01775,0.024));
#6803=CARTESIAN_POINT('',(0.04575,-0.052,0.024));
#6804=CARTESIAN_POINT('',(0.04745,-0.052,0.024));
#6805=CARTESIAN_POINT('',(-0.04575,-0.052,0.024));
#6806=CARTESIAN_POINT('',(-0.04405,-0.052,0.024));
#6807=CARTESIAN_POINT('',(-0.04575,0.05025,0.024));
#6808=CARTESIAN_POINT('',(-0.04405,0.05025,0.024));
#6809=CARTESIAN_POINT('',(0.04575,-0.0833841518109544,0.024));
#6810=CARTESIAN_POINT('',(0.04745,-0.0833841518109544,0.024));
#6811=CARTESIAN_POINT('',(0.04575,0.05025,0.024));
#6812=CARTESIAN_POINT('',(0.04745,0.05025,0.024));
#6813=CARTESIAN_POINT('',(-0.04575,-0.0833841518109544,0.024));
#6814=CARTESIAN_POINT('',(-0.04405,-0.0833841518109544,0.024));
#6815=CARTESIAN_POINT('',(0.,-0.013925,0.024));
#6816=CARTESIAN_POINT('',(-0.016675,-0.013925,0.024));
#6817=CARTESIAN_POINT('',(-0.003675,-0.013925,0.024));
#6818=CARTESIAN_POINT('',(-0.016675,-0.014425,0.024));
#6819=CARTESIAN_POINT('',(-0.017175,-0.014425,0.024));
#6820=CARTESIAN_POINT('',(-0.017175,-0.01775,0.024));
#6821=CARTESIAN_POINT('',(-0.017175,-0.027425,0.024));
#6822=CARTESIAN_POINT('',(-0.016675,-0.027425,0.024));
#6823=CARTESIAN_POINT('',(-0.016675,-0.027925,0.024));
#6824=CARTESIAN_POINT('',(0.,-0.027925,0.024));
#6825=CARTESIAN_POINT('',(-0.003675,-0.027925,0.024));
#6826=CARTESIAN_POINT('',(-0.003675,-0.027425,0.024));
#6827=CARTESIAN_POINT('',(-0.003175,-0.027425,0.024));
#6828=CARTESIAN_POINT('',(-0.003175,-0.01775,0.024));
#6829=CARTESIAN_POINT('',(-0.003175,-0.014425,0.024));
#6830=CARTESIAN_POINT('',(-0.003675,-0.014425,0.024));
#6831=CARTESIAN_POINT('',(0.,0.005125,0.024));
#6832=CARTESIAN_POINT('',(0.021425,0.005125,0.024));
#6833=CARTESIAN_POINT('',(0.034425,0.005125,0.024));
#6834=CARTESIAN_POINT('',(0.021425,0.004625,0.024));
#6835=CARTESIAN_POINT('',(0.020925,0.004625,0.024));
#6836=CARTESIAN_POINT('',(0.020925,-0.01775,0.024));
#6837=CARTESIAN_POINT('',(0.020925,-0.008375,0.024));
#6838=CARTESIAN_POINT('',(0.021425,-0.008375,0.024));
#6839=CARTESIAN_POINT('',(0.021425,-0.008875,0.024));
#6840=CARTESIAN_POINT('',(0.,-0.008875,0.024));
#6841=CARTESIAN_POINT('',(0.034425,-0.008875,0.024));
#6842=CARTESIAN_POINT('',(0.034425,-0.008375,0.024));
#6843=CARTESIAN_POINT('',(0.034925,-0.008375,0.024));
#6844=CARTESIAN_POINT('',(0.034925,-0.01775,0.024));
#6845=CARTESIAN_POINT('',(0.034925,0.004625,0.024));
#6846=CARTESIAN_POINT('',(0.034425,0.004625,0.024));
#6847=CARTESIAN_POINT('',(0.,-0.032975,0.024));
#6848=CARTESIAN_POINT('',(-0.016675,-0.032975,0.024));
#6849=CARTESIAN_POINT('',(-0.003675,-0.032975,0.024));
#6850=CARTESIAN_POINT('',(-0.016675,-0.033475,0.024));
#6851=CARTESIAN_POINT('',(-0.017175,-0.033475,0.024));
#6852=CARTESIAN_POINT('',(-0.017175,-0.01775,0.024));
#6853=CARTESIAN_POINT('',(-0.017175,-0.046475,0.024));
#6854=CARTESIAN_POINT('',(-0.016675,-0.046475,0.024));
#6855=CARTESIAN_POINT('',(-0.016675,-0.046975,0.024));
#6856=CARTESIAN_POINT('',(0.,-0.046975,0.024));
#6857=CARTESIAN_POINT('',(-0.003675,-0.046975,0.024));
#6858=CARTESIAN_POINT('',(-0.003675,-0.046475,0.024));
#6859=CARTESIAN_POINT('',(-0.003175,-0.046475,0.024));
#6860=CARTESIAN_POINT('',(-0.003175,-0.01775,0.024));
#6861=CARTESIAN_POINT('',(-0.003175,-0.033475,0.024));
#6862=CARTESIAN_POINT('',(-0.003675,-0.033475,0.024));
#6863=CARTESIAN_POINT('',(0.,-0.013925,0.024));
#6864=CARTESIAN_POINT('',(0.021425,-0.013925,0.024));
#6865=CARTESIAN_POINT('',(0.034425,-0.013925,0.024));
#6866=CARTESIAN_POINT('',(0.021425,-0.014425,0.024));
#6867=CARTESIAN_POINT('',(0.020925,-0.014425,0.024));
#6868=CARTESIAN_POINT('',(0.020925,-0.01775,0.024));
#6869=CARTESIAN_POINT('',(0.020925,-0.027425,0.024));
#6870=CARTESIAN_POINT('',(0.021425,-0.027425,0.024));
#6871=CARTESIAN_POINT('',(0.021425,-0.027925,0.024));
#6872=CARTESIAN_POINT('',(0.,-0.027925,0.024));
#6873=CARTESIAN_POINT('',(0.034425,-0.027925,0.024));
#6874=CARTESIAN_POINT('',(0.034425,-0.027425,0.024));
#6875=CARTESIAN_POINT('',(0.034925,-0.027425,0.024));
#6876=CARTESIAN_POINT('',(0.034925,-0.01775,0.024));
#6877=CARTESIAN_POINT('',(0.034925,-0.014425,0.024));
#6878=CARTESIAN_POINT('',(0.034425,-0.014425,0.024));
#6879=CARTESIAN_POINT('',(0.,0.024175,0.024));
#6880=CARTESIAN_POINT('',(-0.016675,0.024175,0.024));
#6881=CARTESIAN_POINT('',(-0.003675,0.024175,0.024));
#6882=CARTESIAN_POINT('',(-0.016675,0.023675,0.024));
#6883=CARTESIAN_POINT('',(-0.017175,0.023675,0.024));
#6884=CARTESIAN_POINT('',(-0.017175,-0.01775,0.024));
#6885=CARTESIAN_POINT('',(-0.017175,0.010675,0.024));
#6886=CARTESIAN_POINT('',(-0.016675,0.010675,0.024));
#6887=CARTESIAN_POINT('',(-0.016675,0.010175,0.024));
#6888=CARTESIAN_POINT('',(0.,0.010175,0.024));
#6889=CARTESIAN_POINT('',(-0.003675,0.010175,0.024));
#6890=CARTESIAN_POINT('',(-0.003675,0.010675,0.024));
#6891=CARTESIAN_POINT('',(-0.003175,0.010675,0.024));
#6892=CARTESIAN_POINT('',(-0.003175,-0.01775,0.024));
#6893=CARTESIAN_POINT('',(-0.003175,0.023675,0.024));
#6894=CARTESIAN_POINT('',(-0.003675,0.023675,0.024));
#6895=CARTESIAN_POINT('',(0.,0.042085,0.024));
#6896=CARTESIAN_POINT('',(0.000865,0.042085,0.024));
#6897=CARTESIAN_POINT('',(0.030865,0.042085,0.024));
#6898=CARTESIAN_POINT('',(0.000865000000000013,0.040585,0.024));
#6899=CARTESIAN_POINT('',(-0.000635,0.040585,0.024));
#6900=CARTESIAN_POINT('',(-0.000635,-0.01775,0.024));
#6901=CARTESIAN_POINT('',(-0.000635,0.031585,0.024));
#6902=CARTESIAN_POINT('',(0.000865,0.031585,0.024));
#6903=CARTESIAN_POINT('',(0.000865,0.030085,0.024));
#6904=CARTESIAN_POINT('',(0.,0.030085,0.024));
#6905=CARTESIAN_POINT('',(0.030865,0.030085,0.024));
#6906=CARTESIAN_POINT('',(0.030865,0.031585,0.024));
#6907=CARTESIAN_POINT('',(0.032365,0.031585,0.024));
#6908=CARTESIAN_POINT('',(0.032365,-0.01775,0.024));
#6909=CARTESIAN_POINT('',(0.032365,0.040585,0.024));
#6910=CARTESIAN_POINT('',(0.030865,0.040585,0.024));
#6911=CARTESIAN_POINT('',(0.,0.005125,0.024));
#6912=CARTESIAN_POINT('',(-0.016675,0.005125,0.024));
#6913=CARTESIAN_POINT('',(-0.003675,0.005125,0.024));
#6914=CARTESIAN_POINT('',(-0.016675,0.004625,0.024));
#6915=CARTESIAN_POINT('',(-0.017175,0.004625,0.024));
#6916=CARTESIAN_POINT('',(-0.017175,-0.01775,0.024));
#6917=CARTESIAN_POINT('',(-0.017175,-0.008375,0.024));
#6918=CARTESIAN_POINT('',(-0.016675,-0.008375,0.024));
#6919=CARTESIAN_POINT('',(-0.016675,-0.008875,0.024));
#6920=CARTESIAN_POINT('',(0.,-0.008875,0.024));
#6921=CARTESIAN_POINT('',(-0.003675,-0.008875,0.024));
#6922=CARTESIAN_POINT('',(-0.003675,-0.008375,0.024));
#6923=CARTESIAN_POINT('',(-0.003175,-0.008375,0.024));
#6924=CARTESIAN_POINT('',(-0.003175,-0.01775,0.024));
#6925=CARTESIAN_POINT('',(-0.003175,0.004625,0.024));
#6926=CARTESIAN_POINT('',(-0.003675,0.004625,0.024));
#6927=CARTESIAN_POINT('',(0.,0.024175,0.024));
#6928=CARTESIAN_POINT('',(0.021425,0.024175,0.024));
#6929=CARTESIAN_POINT('',(0.034425,0.024175,0.024));
#6930=CARTESIAN_POINT('',(0.021425,0.023675,0.024));
#6931=CARTESIAN_POINT('',(0.020925,0.023675,0.024));
#6932=CARTESIAN_POINT('',(0.020925,-0.01775,0.024));
#6933=CARTESIAN_POINT('',(0.020925,0.010675,0.024));
#6934=CARTESIAN_POINT('',(0.021425,0.010675,0.024));
#6935=CARTESIAN_POINT('',(0.021425,0.010175,0.024));
#6936=CARTESIAN_POINT('',(0.,0.010175,0.024));
#6937=CARTESIAN_POINT('',(0.034425,0.010175,0.024));
#6938=CARTESIAN_POINT('',(0.034425,0.010675,0.024));
#6939=CARTESIAN_POINT('',(0.034925,0.010675,0.024));
#6940=CARTESIAN_POINT('',(0.034925,-0.01775,0.024));
#6941=CARTESIAN_POINT('',(0.034925,0.023675,0.024));
#6942=CARTESIAN_POINT('',(0.034425,0.023675,0.024));
#6943=CARTESIAN_POINT('',(0.,0.050487,0.024));
#6944=CARTESIAN_POINT('',(-0.0239839771632758,0.050487,0.024));
#6945=CARTESIAN_POINT('',(-0.0078,0.050487,0.024));
#6946=CARTESIAN_POINT('',(-0.0239839771632758,0.05045,0.024));
#6947=CARTESIAN_POINT('',(-0.0239839771632758,0.05375,0.024));
#6948=CARTESIAN_POINT('',(6.93889390390723E-18,0.05375,0.024));
#6949=CARTESIAN_POINT('',(0.0485,0.05375,0.024));
#6950=CARTESIAN_POINT('',(0.0485,0.05225,0.024));
#6951=CARTESIAN_POINT('',(0.05,0.05225,0.024));
#6952=CARTESIAN_POINT('',(0.05,-0.01775,0.024));
#6953=CARTESIAN_POINT('',(0.05,-0.08775,0.024));
#6954=CARTESIAN_POINT('',(0.0485,-0.08775,0.024));
#6955=CARTESIAN_POINT('',(0.0485,-0.08925,0.024));
#6956=CARTESIAN_POINT('',(-1.38777878078145E-17,-0.08925,0.024));
#6957=CARTESIAN_POINT('',(-0.0485,-0.08925,0.024));
#6958=CARTESIAN_POINT('',(-0.0485,-0.08775,0.024));
#6959=CARTESIAN_POINT('',(-0.05,-0.08775,0.024));
#6960=CARTESIAN_POINT('',(-0.05,-0.01775,0.024));
#6961=CARTESIAN_POINT('',(-0.05,0.05225,0.024));
#6962=CARTESIAN_POINT('',(-0.0485,0.05225,0.024));
#6963=CARTESIAN_POINT('',(-0.0359062922767797,0.05045,0.024));
#6964=CARTESIAN_POINT('',(-0.0368,0.048987,0.024));
#6965=CARTESIAN_POINT('',(-0.0383,0.048987,0.024));
#6966=CARTESIAN_POINT('',(-0.0383,-0.01775,0.024));
#6967=CARTESIAN_POINT('',(-0.0383,0.029987,0.024));
#6968=CARTESIAN_POINT('',(-0.0368,0.029987,0.024));
#6969=CARTESIAN_POINT('',(-0.0368,0.028487,0.024));
#6970=CARTESIAN_POINT('',(0.,0.028487,0.024));
#6971=CARTESIAN_POINT('',(-0.0078,0.028487,0.024));
#6972=CARTESIAN_POINT('',(-0.0078,0.029987,0.024));
#6973=CARTESIAN_POINT('',(-0.0063,0.029987,0.024));
#6974=CARTESIAN_POINT('',(-0.0063,-0.01775,0.024));
#6975=CARTESIAN_POINT('',(-0.0063,0.048987,0.024));
#6976=CARTESIAN_POINT('',(-0.0078,0.048987,0.024));
#6977=CARTESIAN_POINT('',(0.,-0.032975,0.024));
#6978=CARTESIAN_POINT('',(0.021425,-0.032975,0.024));
#6979=CARTESIAN_POINT('',(0.034425,-0.032975,0.024));
#6980=CARTESIAN_POINT('',(0.021425,-0.033475,0.024));
#6981=CARTESIAN_POINT('',(0.020925,-0.033475,0.024));
#6982=CARTESIAN_POINT('',(0.020925,-0.01775,0.024));
#6983=CARTESIAN_POINT('',(0.020925,-0.046475,0.024));
#6984=CARTESIAN_POINT('',(0.021425,-0.046475,0.024));
#6985=CARTESIAN_POINT('',(0.021425,-0.046975,0.024));
#6986=CARTESIAN_POINT('',(0.,-0.046975,0.024));
#6987=CARTESIAN_POINT('',(0.034425,-0.046975,0.024));
#6988=CARTESIAN_POINT('',(0.034425,-0.046475,0.024));
#6989=CARTESIAN_POINT('',(0.034925,-0.046475,0.024));
#6990=CARTESIAN_POINT('',(0.034925,-0.01775,0.024));
#6991=CARTESIAN_POINT('',(0.034925,-0.033475,0.024));
#6992=CARTESIAN_POINT('',(0.034425,-0.033475,0.024));
#6993=CARTESIAN_POINT('',(0.,0.005125,0.024));
#6994=CARTESIAN_POINT('',(-0.035725,0.005125,0.024));
#6995=CARTESIAN_POINT('',(-0.022725,0.005125,0.024));
#6996=CARTESIAN_POINT('',(-0.035725,0.004625,0.024));
#6997=CARTESIAN_POINT('',(-0.036225,0.004625,0.024));
#6998=CARTESIAN_POINT('',(-0.036225,-0.01775,0.024));
#6999=CARTESIAN_POINT('',(-0.036225,-0.008375,0.024));
#7000=CARTESIAN_POINT('',(-0.035725,-0.008375,0.024));
#7001=CARTESIAN_POINT('',(-0.035725,-0.008875,0.024));
#7002=CARTESIAN_POINT('',(0.,-0.008875,0.024));
#7003=CARTESIAN_POINT('',(-0.022725,-0.008875,0.024));
#7004=CARTESIAN_POINT('',(-0.022725,-0.008375,0.024));
#7005=CARTESIAN_POINT('',(-0.022225,-0.008375,0.024));
#7006=CARTESIAN_POINT('',(-0.022225,-0.01775,0.024));
#7007=CARTESIAN_POINT('',(-0.022225,0.004625,0.024));
#7008=CARTESIAN_POINT('',(-0.022725,0.004625,0.024));
#7009=CARTESIAN_POINT('',(0.,0.005125,0.024));
#7010=CARTESIAN_POINT('',(0.002375,0.005125,0.024));
#7011=CARTESIAN_POINT('',(0.015375,0.005125,0.024));
#7012=CARTESIAN_POINT('',(0.002375,0.004625,0.024));
#7013=CARTESIAN_POINT('',(0.001875,0.004625,0.024));
#7014=CARTESIAN_POINT('',(0.001875,-0.01775,0.024));
#7015=CARTESIAN_POINT('',(0.001875,-0.008375,0.024));
#7016=CARTESIAN_POINT('',(0.002375,-0.008375,0.024));
#7017=CARTESIAN_POINT('',(0.002375,-0.008875,0.024));
#7018=CARTESIAN_POINT('',(0.,-0.008875,0.024));
#7019=CARTESIAN_POINT('',(0.015375,-0.008875,0.024));
#7020=CARTESIAN_POINT('',(0.015375,-0.008375,0.024));
#7021=CARTESIAN_POINT('',(0.015875,-0.008375,0.024));
#7022=CARTESIAN_POINT('',(0.015875,-0.01775,0.024));
#7023=CARTESIAN_POINT('',(0.015875,0.004625,0.024));
#7024=CARTESIAN_POINT('',(0.015375,0.004625,0.024));
#7025=CARTESIAN_POINT('',(0.,0.024175,0.024));
#7026=CARTESIAN_POINT('',(-0.035725,0.024175,0.024));
#7027=CARTESIAN_POINT('',(-0.022725,0.024175,0.024));
#7028=CARTESIAN_POINT('',(-0.035725,0.023675,0.024));
#7029=CARTESIAN_POINT('',(-0.036225,0.023675,0.024));
#7030=CARTESIAN_POINT('',(-0.036225,-0.01775,0.024));
#7031=CARTESIAN_POINT('',(-0.036225,0.010675,0.024));
#7032=CARTESIAN_POINT('',(-0.035725,0.010675,0.024));
#7033=CARTESIAN_POINT('',(-0.035725,0.010175,0.024));
#7034=CARTESIAN_POINT('',(0.,0.010175,0.024));
#7035=CARTESIAN_POINT('',(-0.022725,0.010175,0.024));
#7036=CARTESIAN_POINT('',(-0.022725,0.010675,0.024));
#7037=CARTESIAN_POINT('',(-0.022225,0.010675,0.024));
#7038=CARTESIAN_POINT('',(-0.022225,-0.01775,0.024));
#7039=CARTESIAN_POINT('',(-0.022225,0.023675,0.024));
#7040=CARTESIAN_POINT('',(-0.022725,0.023675,0.024));
#7041=CARTESIAN_POINT('',(0.,0.024175,0.024));
#7042=CARTESIAN_POINT('',(0.002375,0.024175,0.024));
#7043=CARTESIAN_POINT('',(0.015375,0.024175,0.024));
#7044=CARTESIAN_POINT('',(0.002375,0.023675,0.024));
#7045=CARTESIAN_POINT('',(0.001875,0.023675,0.024));
#7046=CARTESIAN_POINT('',(0.001875,-0.01775,0.024));
#7047=CARTESIAN_POINT('',(0.001875,0.010675,0.024));
#7048=CARTESIAN_POINT('',(0.002375,0.010675,0.024));
#7049=CARTESIAN_POINT('',(0.002375,0.010175,0.024));
#7050=CARTESIAN_POINT('',(0.,0.010175,0.024));
#7051=CARTESIAN_POINT('',(0.015375,0.010175,0.024));
#7052=CARTESIAN_POINT('',(0.015375,0.010675,0.024));
#7053=CARTESIAN_POINT('',(0.015875,0.010675,0.024));
#7054=CARTESIAN_POINT('',(0.015875,-0.01775,0.024));
#7055=CARTESIAN_POINT('',(0.015875,0.023675,0.024));
#7056=CARTESIAN_POINT('',(0.015375,0.023675,0.024));
#7057=CARTESIAN_POINT('',(0.,-0.032975,0.024));
#7058=CARTESIAN_POINT('',(-0.035725,-0.032975,0.024));
#7059=CARTESIAN_POINT('',(-0.022725,-0.032975,0.024));
#7060=CARTESIAN_POINT('',(-0.035725,-0.033475,0.024));
#7061=CARTESIAN_POINT('',(-0.036225,-0.033475,0.024));
#7062=CARTESIAN_POINT('',(-0.036225,-0.01775,0.024));
#7063=CARTESIAN_POINT('',(-0.036225,-0.046475,0.024));
#7064=CARTESIAN_POINT('',(-0.035725,-0.046475,0.024));
#7065=CARTESIAN_POINT('',(-0.035725,-0.046975,0.024));
#7066=CARTESIAN_POINT('',(0.,-0.046975,0.024));
#7067=CARTESIAN_POINT('',(-0.022725,-0.046975,0.024));
#7068=CARTESIAN_POINT('',(-0.022725,-0.046475,0.024));
#7069=CARTESIAN_POINT('',(-0.022225,-0.046475,0.024));
#7070=CARTESIAN_POINT('',(-0.022225,-0.01775,0.024));
#7071=CARTESIAN_POINT('',(-0.022225,-0.033475,0.024));
#7072=CARTESIAN_POINT('',(-0.022725,-0.033475,0.024));
#7073=CARTESIAN_POINT('',(0.,-0.032975,0.024));
#7074=CARTESIAN_POINT('',(0.002375,-0.032975,0.024));
#7075=CARTESIAN_POINT('',(0.015375,-0.032975,0.024));
#7076=CARTESIAN_POINT('',(0.002375,-0.033475,0.024));
#7077=CARTESIAN_POINT('',(0.001875,-0.033475,0.024));
#7078=CARTESIAN_POINT('',(0.001875,-0.01775,0.024));
#7079=CARTESIAN_POINT('',(0.001875,-0.046475,0.024));
#7080=CARTESIAN_POINT('',(0.002375,-0.046475,0.024));
#7081=CARTESIAN_POINT('',(0.002375,-0.046975,0.024));
#7082=CARTESIAN_POINT('',(0.,-0.046975,0.024));
#7083=CARTESIAN_POINT('',(0.015375,-0.046975,0.024));
#7084=CARTESIAN_POINT('',(0.015375,-0.046475,0.024));
#7085=CARTESIAN_POINT('',(0.015875,-0.046475,0.024));
#7086=CARTESIAN_POINT('',(0.015875,-0.01775,0.024));
#7087=CARTESIAN_POINT('',(0.015875,-0.033475,0.024));
#7088=CARTESIAN_POINT('',(0.015375,-0.033475,0.024));
#7089=CARTESIAN_POINT('',(0.,-0.013925,0.024));
#7090=CARTESIAN_POINT('',(-0.035725,-0.013925,0.024));
#7091=CARTESIAN_POINT('',(-0.022725,-0.013925,0.024));
#7092=CARTESIAN_POINT('',(-0.035725,-0.014425,0.024));
#7093=CARTESIAN_POINT('',(-0.036225,-0.014425,0.024));
#7094=CARTESIAN_POINT('',(-0.036225,-0.01775,0.024));
#7095=CARTESIAN_POINT('',(-0.036225,-0.027425,0.024));
#7096=CARTESIAN_POINT('',(-0.035725,-0.027425,0.024));
#7097=CARTESIAN_POINT('',(-0.035725,-0.027925,0.024));
#7098=CARTESIAN_POINT('',(0.,-0.027925,0.024));
#7099=CARTESIAN_POINT('',(-0.022725,-0.027925,0.024));
#7100=CARTESIAN_POINT('',(-0.022725,-0.027425,0.024));
#7101=CARTESIAN_POINT('',(-0.022225,-0.027425,0.024));
#7102=CARTESIAN_POINT('',(-0.022225,-0.01775,0.024));
#7103=CARTESIAN_POINT('',(-0.022225,-0.014425,0.024));
#7104=CARTESIAN_POINT('',(-0.022725,-0.014425,0.024));
#7105=CARTESIAN_POINT('',(0.,-0.013925,0.024));
#7106=CARTESIAN_POINT('',(0.002375,-0.013925,0.024));
#7107=CARTESIAN_POINT('',(0.015375,-0.013925,0.024));
#7108=CARTESIAN_POINT('',(0.002375,-0.014425,0.024));
#7109=CARTESIAN_POINT('',(0.001875,-0.014425,0.024));
#7110=CARTESIAN_POINT('',(0.001875,-0.01775,0.024));
#7111=CARTESIAN_POINT('',(0.001875,-0.027425,0.024));
#7112=CARTESIAN_POINT('',(0.002375,-0.027425,0.024));
#7113=CARTESIAN_POINT('',(0.002375,-0.027925,0.024));
#7114=CARTESIAN_POINT('',(0.,-0.027925,0.024));
#7115=CARTESIAN_POINT('',(0.015375,-0.027925,0.024));
#7116=CARTESIAN_POINT('',(0.015375,-0.027425,0.024));
#7117=CARTESIAN_POINT('',(0.015875,-0.027425,0.024));
#7118=CARTESIAN_POINT('',(0.015875,-0.01775,0.024));
#7119=CARTESIAN_POINT('',(0.015875,-0.014425,0.024));
#7120=CARTESIAN_POINT('',(0.015375,-0.014425,0.024));
#7121=CARTESIAN_POINT('',(6.93889390390723E-18,0.05375,0.0254));
#7122=CARTESIAN_POINT('',(-0.0239839771632758,0.05375,0.026));
#7123=CARTESIAN_POINT('',(0.0485,0.05375,0.0254));
#7124=CARTESIAN_POINT('',(-0.05,-0.01775,0.0254));
#7125=CARTESIAN_POINT('',(-0.05,-0.08775,0.0254));
#7126=CARTESIAN_POINT('',(-0.05,0.05225,0.024));
#7127=CARTESIAN_POINT('',(-1.38777878078145E-17,-0.08925,0.0254));
#7128=CARTESIAN_POINT('',(0.0485,-0.08925,0.0254));
#7129=CARTESIAN_POINT('',(-0.0485,-0.08925,0.0254));
#7130=CARTESIAN_POINT('',(0.05,-0.01775,0.0254));
#7131=CARTESIAN_POINT('',(0.05,0.05225,0.0254));
#7132=CARTESIAN_POINT('',(0.05,-0.08775,0.024));
#7133=CARTESIAN_POINT('',(-0.0223,0.050487,0.0138));
#7134=CARTESIAN_POINT('',(-0.0239839771632758,0.050487,0.026));
#7135=CARTESIAN_POINT('',(-0.0078,0.050487,0.0138));
#7136=CARTESIAN_POINT('',(-0.0368,0.048987,0.0138));
#7137=CARTESIAN_POINT('',(-0.0368,0.050487,0.0242107860649279));
#7138=CARTESIAN_POINT('',(-0.0369182331190096,0.050487,0.0242698432014323));
#7139=CARTESIAN_POINT('',(-0.0370283732466314,0.0504732503834535,0.0243393309268219));
#7140=CARTESIAN_POINT('',(-0.0371311057232969,0.05045,0.0244189142903591));
#7141=CARTESIAN_POINT('',(-0.0371311057232969,0.05045,0.0244189142903591));
#7142=CARTESIAN_POINT('',(-0.0371311057232969,0.05045,0.0138));
#7143=CARTESIAN_POINT('',(-0.0383,0.048987,0.0138));
#7144=CARTESIAN_POINT('',(-0.0383,0.039487,0.0138));
#7145=CARTESIAN_POINT('',(-0.0383,0.029987,0.0138));
#7146=CARTESIAN_POINT('',(-0.0368,0.029987,0.0138));
#7147=CARTESIAN_POINT('',(-0.0368,0.028487,0.0138));
#7148=CARTESIAN_POINT('',(-0.0223,0.028487,0.0138));
#7149=CARTESIAN_POINT('',(-0.0078,0.028487,0.0138));
#7150=CARTESIAN_POINT('',(-0.0078,0.029987,0.0138));
#7151=CARTESIAN_POINT('',(-0.0063,0.029987,0.0138));
#7152=CARTESIAN_POINT('',(-0.0063,0.039487,0.0138));
#7153=CARTESIAN_POINT('',(-0.0063,0.048987,0.0138));
#7154=CARTESIAN_POINT('',(-0.0078,0.048987,0.0138));
#7155=CARTESIAN_POINT('',(0.027925,-0.032975,0.0138));
#7156=CARTESIAN_POINT('',(0.034425,-0.032975,0.0138));
#7157=CARTESIAN_POINT('',(0.021425,-0.032975,0.0138));
#7158=CARTESIAN_POINT('',(0.021425,-0.033475,0.0138));
#7159=CARTESIAN_POINT('',(0.020925,-0.033475,0.0138));
#7160=CARTESIAN_POINT('',(0.020925,-0.039975,0.0138));
#7161=CARTESIAN_POINT('',(0.020925,-0.046475,0.0138));
#7162=CARTESIAN_POINT('',(0.021425,-0.046475,0.0138));
#7163=CARTESIAN_POINT('',(0.021425,-0.046975,0.0138));
#7164=CARTESIAN_POINT('',(0.027925,-0.046975,0.0138));
#7165=CARTESIAN_POINT('',(0.034425,-0.046975,0.0138));
#7166=CARTESIAN_POINT('',(0.034425,-0.046475,0.0138));
#7167=CARTESIAN_POINT('',(0.034925,-0.046475,0.0138));
#7168=CARTESIAN_POINT('',(0.034925,-0.039975,0.0138));
#7169=CARTESIAN_POINT('',(0.034925,-0.033475,0.0138));
#7170=CARTESIAN_POINT('',(0.034425,-0.033475,0.0138));
#7171=CARTESIAN_POINT('',(0.027925,0.024175,0.0138));
#7172=CARTESIAN_POINT('',(0.034425,0.024175,0.0138));
#7173=CARTESIAN_POINT('',(0.021425,0.024175,0.0138));
#7174=CARTESIAN_POINT('',(0.021425,0.023675,0.0138));
#7175=CARTESIAN_POINT('',(0.020925,0.023675,0.0138));
#7176=CARTESIAN_POINT('',(0.020925,0.017175,0.0138));
#7177=CARTESIAN_POINT('',(0.020925,0.010675,0.0138));
#7178=CARTESIAN_POINT('',(0.021425,0.010675,0.0138));
#7179=CARTESIAN_POINT('',(0.021425,0.010175,0.0138));
#7180=CARTESIAN_POINT('',(0.027925,0.010175,0.0138));
#7181=CARTESIAN_POINT('',(0.034425,0.010175,0.0138));
#7182=CARTESIAN_POINT('',(0.034425,0.010675,0.0138));
#7183=CARTESIAN_POINT('',(0.034925,0.010675,0.0138));
#7184=CARTESIAN_POINT('',(0.034925,0.017175,0.0138));
#7185=CARTESIAN_POINT('',(0.034925,0.023675,0.0138));
#7186=CARTESIAN_POINT('',(0.034425,0.023675,0.0138));
#7187=CARTESIAN_POINT('',(-0.029225,0.005125,0.0138));
#7188=CARTESIAN_POINT('',(-0.022725,0.005125,0.0138));
#7189=CARTESIAN_POINT('',(-0.035725,0.005125,0.0138));
#7190=CARTESIAN_POINT('',(-0.035725,0.004625,0.0138));
#7191=CARTESIAN_POINT('',(-0.036225,0.004625,0.0138));
#7192=CARTESIAN_POINT('',(-0.036225,-0.001875,0.0138));
#7193=CARTESIAN_POINT('',(-0.036225,-0.008375,0.0138));
#7194=CARTESIAN_POINT('',(-0.035725,-0.008375,0.0138));
#7195=CARTESIAN_POINT('',(-0.035725,-0.008875,0.0138));
#7196=CARTESIAN_POINT('',(-0.029225,-0.008875,0.0138));
#7197=CARTESIAN_POINT('',(-0.022725,-0.008875,0.0138));
#7198=CARTESIAN_POINT('',(-0.022725,-0.008375,0.0138));
#7199=CARTESIAN_POINT('',(-0.022225,-0.008375,0.0138));
#7200=CARTESIAN_POINT('',(-0.022225,-0.001875,0.0138));
#7201=CARTESIAN_POINT('',(-0.022225,0.004625,0.0138));
#7202=CARTESIAN_POINT('',(-0.022725,0.004625,0.0138));
#7203=CARTESIAN_POINT('',(-0.010175,0.005125,0.0138));
#7204=CARTESIAN_POINT('',(-0.003675,0.005125,0.0138));
#7205=CARTESIAN_POINT('',(-0.016675,0.005125,0.0138));
#7206=CARTESIAN_POINT('',(-0.016675,0.004625,0.0138));
#7207=CARTESIAN_POINT('',(-0.017175,0.004625,0.0138));
#7208=CARTESIAN_POINT('',(-0.017175,-0.001875,0.0138));
#7209=CARTESIAN_POINT('',(-0.017175,-0.008375,0.0138));
#7210=CARTESIAN_POINT('',(-0.016675,-0.008375,0.0138));
#7211=CARTESIAN_POINT('',(-0.016675,-0.008875,0.0138));
#7212=CARTESIAN_POINT('',(-0.010175,-0.008875,0.0138));
#7213=CARTESIAN_POINT('',(-0.003675,-0.008875,0.0138));
#7214=CARTESIAN_POINT('',(-0.003675,-0.008375,0.0138));
#7215=CARTESIAN_POINT('',(-0.003175,-0.008375,0.0138));
#7216=CARTESIAN_POINT('',(-0.003175,-0.001875,0.0138));
#7217=CARTESIAN_POINT('',(-0.003175,0.004625,0.0138));
#7218=CARTESIAN_POINT('',(-0.003675,0.004625,0.0138));
#7219=CARTESIAN_POINT('',(0.008875,0.005125,0.0138));
#7220=CARTESIAN_POINT('',(0.015375,0.005125,0.0138));
#7221=CARTESIAN_POINT('',(0.002375,0.005125,0.0138));
#7222=CARTESIAN_POINT('',(0.002375,0.004625,0.0138));
#7223=CARTESIAN_POINT('',(0.001875,0.004625,0.0138));
#7224=CARTESIAN_POINT('',(0.001875,-0.001875,0.0138));
#7225=CARTESIAN_POINT('',(0.001875,-0.008375,0.0138));
#7226=CARTESIAN_POINT('',(0.002375,-0.008375,0.0138));
#7227=CARTESIAN_POINT('',(0.002375,-0.008875,0.0138));
#7228=CARTESIAN_POINT('',(0.008875,-0.008875,0.0138));
#7229=CARTESIAN_POINT('',(0.015375,-0.008875,0.0138));
#7230=CARTESIAN_POINT('',(0.015375,-0.008375,0.0138));
#7231=CARTESIAN_POINT('',(0.015875,-0.008375,0.0138));
#7232=CARTESIAN_POINT('',(0.015875,-0.001875,0.0138));
#7233=CARTESIAN_POINT('',(0.015875,0.004625,0.0138));
#7234=CARTESIAN_POINT('',(0.015375,0.004625,0.0138));
#7235=CARTESIAN_POINT('',(0.015865,0.042085,0.0138));
#7236=CARTESIAN_POINT('',(0.030865,0.042085,0.0138));
#7237=CARTESIAN_POINT('',(0.000865,0.042085,0.0138));
#7238=CARTESIAN_POINT('',(0.000865000000000013,0.040585,0.0138));
#7239=CARTESIAN_POINT('',(-0.000635,0.040585,0.0138));
#7240=CARTESIAN_POINT('',(-0.000635,0.036085,0.0138));
#7241=CARTESIAN_POINT('',(-0.000635,0.031585,0.0138));
#7242=CARTESIAN_POINT('',(0.000865,0.031585,0.0138));
#7243=CARTESIAN_POINT('',(0.000865,0.030085,0.0138));
#7244=CARTESIAN_POINT('',(0.015865,0.030085,0.0138));
#7245=CARTESIAN_POINT('',(0.030865,0.030085,0.0138));
#7246=CARTESIAN_POINT('',(0.030865,0.031585,0.0138));
#7247=CARTESIAN_POINT('',(0.032365,0.031585,0.0138));
#7248=CARTESIAN_POINT('',(0.032365,0.036085,0.0138));
#7249=CARTESIAN_POINT('',(0.032365,0.040585,0.0138));
#7250=CARTESIAN_POINT('',(0.030865,0.040585,0.0138));
#7251=CARTESIAN_POINT('',(-0.029225,0.024175,0.0138));
#7252=CARTESIAN_POINT('',(-0.022725,0.024175,0.0138));
#7253=CARTESIAN_POINT('',(-0.035725,0.024175,0.0138));
#7254=CARTESIAN_POINT('',(-0.035725,0.023675,0.0138));
#7255=CARTESIAN_POINT('',(-0.036225,0.023675,0.0138));
#7256=CARTESIAN_POINT('',(-0.036225,0.017175,0.0138));
#7257=CARTESIAN_POINT('',(-0.036225,0.010675,0.0138));
#7258=CARTESIAN_POINT('',(-0.035725,0.010675,0.0138));
#7259=CARTESIAN_POINT('',(-0.035725,0.010175,0.0138));
#7260=CARTESIAN_POINT('',(-0.029225,0.010175,0.0138));
#7261=CARTESIAN_POINT('',(-0.022725,0.010175,0.0138));
#7262=CARTESIAN_POINT('',(-0.022725,0.010675,0.0138));
#7263=CARTESIAN_POINT('',(-0.022225,0.010675,0.0138));
#7264=CARTESIAN_POINT('',(-0.022225,0.017175,0.0138));
#7265=CARTESIAN_POINT('',(-0.022225,0.023675,0.0138));
#7266=CARTESIAN_POINT('',(-0.022725,0.023675,0.0138));
#7267=CARTESIAN_POINT('',(-0.010175,0.024175,0.0138));
#7268=CARTESIAN_POINT('',(-0.003675,0.024175,0.0138));
#7269=CARTESIAN_POINT('',(-0.016675,0.024175,0.0138));
#7270=CARTESIAN_POINT('',(-0.016675,0.023675,0.0138));
#7271=CARTESIAN_POINT('',(-0.017175,0.023675,0.0138));
#7272=CARTESIAN_POINT('',(-0.017175,0.017175,0.0138));
#7273=CARTESIAN_POINT('',(-0.017175,0.010675,0.0138));
#7274=CARTESIAN_POINT('',(-0.016675,0.010675,0.0138));
#7275=CARTESIAN_POINT('',(-0.016675,0.010175,0.0138));
#7276=CARTESIAN_POINT('',(-0.010175,0.010175,0.0138));
#7277=CARTESIAN_POINT('',(-0.003675,0.010175,0.0138));
#7278=CARTESIAN_POINT('',(-0.003675,0.010675,0.0138));
#7279=CARTESIAN_POINT('',(-0.003175,0.010675,0.0138));
#7280=CARTESIAN_POINT('',(-0.003175,0.017175,0.0138));
#7281=CARTESIAN_POINT('',(-0.003175,0.023675,0.0138));
#7282=CARTESIAN_POINT('',(-0.003675,0.023675,0.0138));
#7283=CARTESIAN_POINT('',(0.008875,0.024175,0.0138));
#7284=CARTESIAN_POINT('',(0.015375,0.024175,0.0138));
#7285=CARTESIAN_POINT('',(0.002375,0.024175,0.0138));
#7286=CARTESIAN_POINT('',(0.002375,0.023675,0.0138));
#7287=CARTESIAN_POINT('',(0.001875,0.023675,0.0138));
#7288=CARTESIAN_POINT('',(0.001875,0.017175,0.0138));
#7289=CARTESIAN_POINT('',(0.001875,0.010675,0.0138));
#7290=CARTESIAN_POINT('',(0.002375,0.010675,0.0138));
#7291=CARTESIAN_POINT('',(0.002375,0.010175,0.0138));
#7292=CARTESIAN_POINT('',(0.008875,0.010175,0.0138));
#7293=CARTESIAN_POINT('',(0.015375,0.010175,0.0138));
#7294=CARTESIAN_POINT('',(0.015375,0.010675,0.0138));
#7295=CARTESIAN_POINT('',(0.015875,0.010675,0.0138));
#7296=CARTESIAN_POINT('',(0.015875,0.017175,0.0138));
#7297=CARTESIAN_POINT('',(0.015875,0.023675,0.0138));
#7298=CARTESIAN_POINT('',(0.015375,0.023675,0.0138));
#7299=CARTESIAN_POINT('',(0.027925,-0.013925,0.0138));
#7300=CARTESIAN_POINT('',(0.034425,-0.013925,0.0138));
#7301=CARTESIAN_POINT('',(0.021425,-0.013925,0.0138));
#7302=CARTESIAN_POINT('',(0.021425,-0.014425,0.0138));
#7303=CARTESIAN_POINT('',(0.020925,-0.014425,0.0138));
#7304=CARTESIAN_POINT('',(0.020925,-0.020925,0.0138));
#7305=CARTESIAN_POINT('',(0.020925,-0.027425,0.0138));
#7306=CARTESIAN_POINT('',(0.021425,-0.027425,0.0138));
#7307=CARTESIAN_POINT('',(0.021425,-0.027925,0.0138));
#7308=CARTESIAN_POINT('',(0.027925,-0.027925,0.0138));
#7309=CARTESIAN_POINT('',(0.034425,-0.027925,0.0138));
#7310=CARTESIAN_POINT('',(0.034425,-0.027425,0.0138));
#7311=CARTESIAN_POINT('',(0.034925,-0.027425,0.0138));
#7312=CARTESIAN_POINT('',(0.034925,-0.020925,0.0138));
#7313=CARTESIAN_POINT('',(0.034925,-0.014425,0.0138));
#7314=CARTESIAN_POINT('',(0.034425,-0.014425,0.0138));
#7315=CARTESIAN_POINT('',(-0.029225,-0.032975,0.0138));
#7316=CARTESIAN_POINT('',(-0.022725,-0.032975,0.0138));
#7317=CARTESIAN_POINT('',(-0.035725,-0.032975,0.0138));
#7318=CARTESIAN_POINT('',(-0.035725,-0.033475,0.0138));
#7319=CARTESIAN_POINT('',(-0.036225,-0.033475,0.0138));
#7320=CARTESIAN_POINT('',(-0.036225,-0.039975,0.0138));
#7321=CARTESIAN_POINT('',(-0.036225,-0.046475,0.0138));
#7322=CARTESIAN_POINT('',(-0.035725,-0.046475,0.0138));
#7323=CARTESIAN_POINT('',(-0.035725,-0.046975,0.0138));
#7324=CARTESIAN_POINT('',(-0.029225,-0.046975,0.0138));
#7325=CARTESIAN_POINT('',(-0.022725,-0.046975,0.0138));
#7326=CARTESIAN_POINT('',(-0.022725,-0.046475,0.0138));
#7327=CARTESIAN_POINT('',(-0.022225,-0.046475,0.0138));
#7328=CARTESIAN_POINT('',(-0.022225,-0.039975,0.0138));
#7329=CARTESIAN_POINT('',(-0.022225,-0.033475,0.0138));
#7330=CARTESIAN_POINT('',(-0.022725,-0.033475,0.0138));
#7331=CARTESIAN_POINT('',(-0.010175,-0.032975,0.0138));
#7332=CARTESIAN_POINT('',(-0.003675,-0.032975,0.0138));
#7333=CARTESIAN_POINT('',(-0.016675,-0.032975,0.0138));
#7334=CARTESIAN_POINT('',(-0.016675,-0.033475,0.0138));
#7335=CARTESIAN_POINT('',(-0.017175,-0.033475,0.0138));
#7336=CARTESIAN_POINT('',(-0.017175,-0.039975,0.0138));
#7337=CARTESIAN_POINT('',(-0.017175,-0.046475,0.0138));
#7338=CARTESIAN_POINT('',(-0.016675,-0.046475,0.0138));
#7339=CARTESIAN_POINT('',(-0.016675,-0.046975,0.0138));
#7340=CARTESIAN_POINT('',(-0.010175,-0.046975,0.0138));
#7341=CARTESIAN_POINT('',(-0.003675,-0.046975,0.0138));
#7342=CARTESIAN_POINT('',(-0.003675,-0.046475,0.0138));
#7343=CARTESIAN_POINT('',(-0.003175,-0.046475,0.0138));
#7344=CARTESIAN_POINT('',(-0.003175,-0.039975,0.0138));
#7345=CARTESIAN_POINT('',(-0.003175,-0.033475,0.0138));
#7346=CARTESIAN_POINT('',(-0.003675,-0.033475,0.0138));
#7347=CARTESIAN_POINT('',(0.008875,-0.032975,0.0138));
#7348=CARTESIAN_POINT('',(0.015375,-0.032975,0.0138));
#7349=CARTESIAN_POINT('',(0.002375,-0.032975,0.0138));
#7350=CARTESIAN_POINT('',(0.002375,-0.033475,0.0138));
#7351=CARTESIAN_POINT('',(0.001875,-0.033475,0.0138));
#7352=CARTESIAN_POINT('',(0.001875,-0.039975,0.0138));
#7353=CARTESIAN_POINT('',(0.001875,-0.046475,0.0138));
#7354=CARTESIAN_POINT('',(0.002375,-0.046475,0.0138));
#7355=CARTESIAN_POINT('',(0.002375,-0.046975,0.0138));
#7356=CARTESIAN_POINT('',(0.008875,-0.046975,0.0138));
#7357=CARTESIAN_POINT('',(0.015375,-0.046975,0.0138));
#7358=CARTESIAN_POINT('',(0.015375,-0.046475,0.0138));
#7359=CARTESIAN_POINT('',(0.015875,-0.046475,0.0138));
#7360=CARTESIAN_POINT('',(0.015875,-0.039975,0.0138));
#7361=CARTESIAN_POINT('',(0.015875,-0.033475,0.0138));
#7362=CARTESIAN_POINT('',(0.015375,-0.033475,0.0138));
#7363=CARTESIAN_POINT('',(0.027925,0.005125,0.0138));
#7364=CARTESIAN_POINT('',(0.034425,0.005125,0.0138));
#7365=CARTESIAN_POINT('',(0.021425,0.005125,0.0138));
#7366=CARTESIAN_POINT('',(0.021425,0.004625,0.0138));
#7367=CARTESIAN_POINT('',(0.020925,0.004625,0.0138));
#7368=CARTESIAN_POINT('',(0.020925,-0.001875,0.0138));
#7369=CARTESIAN_POINT('',(0.020925,-0.008375,0.0138));
#7370=CARTESIAN_POINT('',(0.021425,-0.008375,0.0138));
#7371=CARTESIAN_POINT('',(0.021425,-0.008875,0.0138));
#7372=CARTESIAN_POINT('',(0.027925,-0.008875,0.0138));
#7373=CARTESIAN_POINT('',(0.034425,-0.008875,0.0138));
#7374=CARTESIAN_POINT('',(0.034425,-0.008375,0.0138));
#7375=CARTESIAN_POINT('',(0.034925,-0.008375,0.0138));
#7376=CARTESIAN_POINT('',(0.034925,-0.001875,0.0138));
#7377=CARTESIAN_POINT('',(0.034925,0.004625,0.0138));
#7378=CARTESIAN_POINT('',(0.034425,0.004625,0.0138));
#7379=CARTESIAN_POINT('',(-0.029225,-0.013925,0.0138));
#7380=CARTESIAN_POINT('',(-0.022725,-0.013925,0.0138));
#7381=CARTESIAN_POINT('',(-0.035725,-0.013925,0.0138));
#7382=CARTESIAN_POINT('',(-0.035725,-0.014425,0.0138));
#7383=CARTESIAN_POINT('',(-0.036225,-0.014425,0.0138));
#7384=CARTESIAN_POINT('',(-0.036225,-0.020925,0.0138));
#7385=CARTESIAN_POINT('',(-0.036225,-0.027425,0.0138));
#7386=CARTESIAN_POINT('',(-0.035725,-0.027425,0.0138));
#7387=CARTESIAN_POINT('',(-0.035725,-0.027925,0.0138));
#7388=CARTESIAN_POINT('',(-0.029225,-0.027925,0.0138));
#7389=CARTESIAN_POINT('',(-0.022725,-0.027925,0.0138));
#7390=CARTESIAN_POINT('',(-0.022725,-0.027425,0.0138));
#7391=CARTESIAN_POINT('',(-0.022225,-0.027425,0.0138));
#7392=CARTESIAN_POINT('',(-0.022225,-0.020925,0.0138));
#7393=CARTESIAN_POINT('',(-0.022225,-0.014425,0.0138));
#7394=CARTESIAN_POINT('',(-0.022725,-0.014425,0.0138));
#7395=CARTESIAN_POINT('',(-0.010175,-0.013925,0.0138));
#7396=CARTESIAN_POINT('',(-0.003675,-0.013925,0.0138));
#7397=CARTESIAN_POINT('',(-0.016675,-0.013925,0.0138));
#7398=CARTESIAN_POINT('',(-0.016675,-0.014425,0.0138));
#7399=CARTESIAN_POINT('',(-0.017175,-0.014425,0.0138));
#7400=CARTESIAN_POINT('',(-0.017175,-0.020925,0.0138));
#7401=CARTESIAN_POINT('',(-0.017175,-0.027425,0.0138));
#7402=CARTESIAN_POINT('',(-0.016675,-0.027425,0.0138));
#7403=CARTESIAN_POINT('',(-0.016675,-0.027925,0.0138));
#7404=CARTESIAN_POINT('',(-0.010175,-0.027925,0.0138));
#7405=CARTESIAN_POINT('',(-0.003675,-0.027925,0.0138));
#7406=CARTESIAN_POINT('',(-0.003675,-0.027425,0.0138));
#7407=CARTESIAN_POINT('',(-0.003175,-0.027425,0.0138));
#7408=CARTESIAN_POINT('',(-0.003175,-0.020925,0.0138));
#7409=CARTESIAN_POINT('',(-0.003175,-0.014425,0.0138));
#7410=CARTESIAN_POINT('',(-0.003675,-0.014425,0.0138));
#7411=CARTESIAN_POINT('',(0.008875,-0.013925,0.0138));
#7412=CARTESIAN_POINT('',(0.015375,-0.013925,0.0138));
#7413=CARTESIAN_POINT('',(0.002375,-0.013925,0.0138));
#7414=CARTESIAN_POINT('',(0.002375,-0.014425,0.0138));
#7415=CARTESIAN_POINT('',(0.001875,-0.014425,0.0138));
#7416=CARTESIAN_POINT('',(0.001875,-0.020925,0.0138));
#7417=CARTESIAN_POINT('',(0.001875,-0.027425,0.0138));
#7418=CARTESIAN_POINT('',(0.002375,-0.027425,0.0138));
#7419=CARTESIAN_POINT('',(0.002375,-0.027925,0.0138));
#7420=CARTESIAN_POINT('',(0.008875,-0.027925,0.0138));
#7421=CARTESIAN_POINT('',(0.015375,-0.027925,0.0138));
#7422=CARTESIAN_POINT('',(0.015375,-0.027425,0.0138));
#7423=CARTESIAN_POINT('',(0.015875,-0.027425,0.0138));
#7424=CARTESIAN_POINT('',(0.015875,-0.020925,0.0138));
#7425=CARTESIAN_POINT('',(0.015875,-0.014425,0.0138));
#7426=CARTESIAN_POINT('',(0.015375,-0.014425,0.0138));
#7427=CARTESIAN_POINT('',(0.0485,0.05225,0.0254));
#7428=CARTESIAN_POINT('',(0.0485,-0.08775,0.0254));
#7429=CARTESIAN_POINT('',(-0.0485,-0.08775,0.0254));
#7430=CARTESIAN_POINT('',(-0.0485,0.05225,0.0254));
#7431=CARTESIAN_POINT('',(6.93889390390723E-18,0.05045,0.02945));
#7432=CARTESIAN_POINT('',(-0.0359062922767797,0.05045,0.026));
#7433=CARTESIAN_POINT('',(-0.0359062922767797,0.05045,0.026));
#7434=CARTESIAN_POINT('',(-0.0239839771632758,0.05045,0.026));
#7435=CARTESIAN_POINT('',(-0.04575,-0.0833841518109544,0.));
#7436=CARTESIAN_POINT('',(0.04575,0.05025,0.));
#7437=CARTESIAN_POINT('',(0.04575,-0.0833841518109544,0.));
#7438=CARTESIAN_POINT('',(-0.04575,0.05025,0.));
#7439=CARTESIAN_POINT('',(-0.04575,-0.052,0.));
#7440=CARTESIAN_POINT('',(0.04575,-0.052,0.));
#7441=CARTESIAN_POINT('',(0.,0.,0.));
#7442=CARTESIAN_POINT('',(0.,-0.01775,0.));
#7443=CARTESIAN_POINT('',(0.04575,-0.052,0.));
#7444=CARTESIAN_POINT('',(0.049,-0.052,0.));
#7445=CARTESIAN_POINT('',(-0.04575,-0.052,0.));
#7446=CARTESIAN_POINT('',(-0.0425,-0.052,0.));
#7447=CARTESIAN_POINT('',(-0.04575,0.05025,0.));
#7448=CARTESIAN_POINT('',(-0.0425,0.05025,0.));
#7449=CARTESIAN_POINT('',(0.04575,-0.0833841518109544,0.));
#7450=CARTESIAN_POINT('',(0.049,-0.0833841518109544,0.));
#7451=CARTESIAN_POINT('',(0.04575,0.05025,0.));
#7452=CARTESIAN_POINT('',(0.049,0.05025,0.));
#7453=CARTESIAN_POINT('',(-0.04575,-0.0833841518109544,0.));
#7454=CARTESIAN_POINT('',(-0.0425,-0.0833841518109544,0.));
#7455=CARTESIAN_POINT('',(6.93889390390723E-18,0.05375,0.));
#7456=CARTESIAN_POINT('',(-0.0485,0.05375,0.));
#7457=CARTESIAN_POINT('',(0.0485,0.05375,0.));
#7458=CARTESIAN_POINT('',(0.0485,0.05225,0.));
#7459=CARTESIAN_POINT('',(0.05,0.05225,0.));
#7460=CARTESIAN_POINT('',(0.05,-0.01775,0.));
#7461=CARTESIAN_POINT('',(0.05,-0.08775,0.));
#7462=CARTESIAN_POINT('',(0.0485,-0.08775,0.));
#7463=CARTESIAN_POINT('',(0.0485,-0.08925,0.));
#7464=CARTESIAN_POINT('',(-1.38777878078145E-17,-0.08925,0.));
#7465=CARTESIAN_POINT('',(-0.0485,-0.08925,0.));
#7466=CARTESIAN_POINT('',(-0.0485,-0.08775,0.));
#7467=CARTESIAN_POINT('',(-0.05,-0.08775,0.));
#7468=CARTESIAN_POINT('',(-0.05,-0.01775,0.));
#7469=CARTESIAN_POINT('',(-0.05,0.05225,0.));
#7470=CARTESIAN_POINT('',(-0.0485,0.05225,0.));
#7471=CARTESIAN_POINT('',(0.,0.05025,0.024));
#7472=CARTESIAN_POINT('',(-0.0415,0.05025,0.024));
#7473=CARTESIAN_POINT('',(-0.0415,0.05025,0.024));
#7474=CARTESIAN_POINT('',(-0.0415,0.05025,0.004));
#7475=CARTESIAN_POINT('',(0.,0.05025,0.004));
#7476=CARTESIAN_POINT('',(0.0415,0.05025,0.004));
#7477=CARTESIAN_POINT('',(0.0415,0.05025,0.024));
#7478=CARTESIAN_POINT('',(0.0415,0.05025,0.024));
#7479=CARTESIAN_POINT('',(0.,0.05025,0.024));
#7480=CARTESIAN_POINT('',(-0.0415,0.,0.024));
#7481=CARTESIAN_POINT('',(-0.0415,0.,0.004));
#7482=CARTESIAN_POINT('',(-0.0415,-0.05025,0.004));
#7483=CARTESIAN_POINT('',(-0.0415,0.,0.024));
#7484=CARTESIAN_POINT('',(-0.0415,-0.05025,0.024));
#7485=CARTESIAN_POINT('',(-0.0415,-0.05025,0.024));
#7486=CARTESIAN_POINT('',(0.,-0.05025,0.024));
#7487=CARTESIAN_POINT('',(0.,-0.05025,0.004));
#7488=CARTESIAN_POINT('',(0.0415,-0.05025,0.004));
#7489=CARTESIAN_POINT('',(0.,-0.05025,0.024));
#7490=CARTESIAN_POINT('',(0.0415,-0.05025,0.024));
#7491=CARTESIAN_POINT('',(0.0415,-0.05025,0.024));
#7492=CARTESIAN_POINT('',(0.0415,0.,0.024));
#7493=CARTESIAN_POINT('',(0.0415,0.,0.004));
#7494=CARTESIAN_POINT('',(0.0415,0.,0.024));
#7495=CARTESIAN_POINT('',(6.93889390390723E-18,0.05375,0.024));
#7496=CARTESIAN_POINT('',(6.93889390390723E-18,0.05375,0.024));
#7497=CARTESIAN_POINT('',(-0.0485,0.05375,0.024));
#7498=CARTESIAN_POINT('',(0.0485,0.05375,0.024));
#7499=CARTESIAN_POINT('',(0.0485,0.05375,0.024));
#7500=CARTESIAN_POINT('',(-0.0485,0.05375,0.024));
#7501=CARTESIAN_POINT('',(-0.05,-0.01775,0.024));
#7502=CARTESIAN_POINT('',(-0.05,-0.08775,0.024));
#7503=CARTESIAN_POINT('',(-0.05,-0.08775,0.024));
#7504=CARTESIAN_POINT('',(-0.05,-0.01775,0.024));
#7505=CARTESIAN_POINT('',(-0.05,0.05225,0.024));
#7506=CARTESIAN_POINT('',(-0.05,0.05225,0.));
#7507=CARTESIAN_POINT('',(-1.38777878078145E-17,-0.08925,0.024));
#7508=CARTESIAN_POINT('',(0.0485,-0.08925,0.024));
#7509=CARTESIAN_POINT('',(0.0485,-0.08925,0.024));
#7510=CARTESIAN_POINT('',(-1.38777878078145E-17,-0.08925,0.024));
#7511=CARTESIAN_POINT('',(-0.0485,-0.08925,0.024));
#7512=CARTESIAN_POINT('',(-0.0485,-0.08925,0.024));
#7513=CARTESIAN_POINT('',(0.05,-0.01775,0.024));
#7514=CARTESIAN_POINT('',(0.05,0.05225,0.024));
#7515=CARTESIAN_POINT('',(0.05,0.05225,0.024));
#7516=CARTESIAN_POINT('',(0.05,-0.01775,0.024));
#7517=CARTESIAN_POINT('',(0.05,-0.08775,0.024));
#7518=CARTESIAN_POINT('',(0.05,-0.08775,0.));
#7519=CARTESIAN_POINT('',(0.,-0.01775,0.024));
#7520=CARTESIAN_POINT('',(0.04575,-0.052,0.024));
#7521=CARTESIAN_POINT('',(0.04745,-0.052,0.024));
#7522=CARTESIAN_POINT('',(-0.04575,-0.052,0.024));
#7523=CARTESIAN_POINT('',(-0.04405,-0.052,0.024));
#7524=CARTESIAN_POINT('',(-0.04575,0.05025,0.024));
#7525=CARTESIAN_POINT('',(-0.04405,0.05025,0.024));
#7526=CARTESIAN_POINT('',(0.04575,-0.0833841518109544,0.024));
#7527=CARTESIAN_POINT('',(0.04745,-0.0833841518109544,0.024));
#7528=CARTESIAN_POINT('',(0.04575,0.05025,0.024));
#7529=CARTESIAN_POINT('',(0.04745,0.05025,0.024));
#7530=CARTESIAN_POINT('',(-0.04575,-0.0833841518109544,0.024));
#7531=CARTESIAN_POINT('',(-0.04405,-0.0833841518109544,0.024));
#7532=CARTESIAN_POINT('',(0.0485,0.05225,0.024));
#7533=CARTESIAN_POINT('',(-0.0485,0.05225,0.024));
#7534=CARTESIAN_POINT('',(-0.0485,-0.08775,0.024));
#7535=CARTESIAN_POINT('',(0.0485,-0.08775,0.024));
#7536=CARTESIAN_POINT('',(0.,-0.01775,0.004));
#7537=CARTESIAN_POINT('',(0.0485,0.05225,0.024));
#7538=CARTESIAN_POINT('',(0.0485,-0.08775,0.024));
#7539=CARTESIAN_POINT('',(-0.0485,-0.08775,0.024));
#7540=CARTESIAN_POINT('',(-0.0485,0.05225,0.024));
#7541=CARTESIAN_POINT('',(-0.04575,-0.0833841518109544,0.));
#7542=CARTESIAN_POINT('',(-0.04575,-0.0833841518109544,0.0032));
#7543=CARTESIAN_POINT('',(-0.04405,-0.0833841518109544,0.0032));
#7544=CARTESIAN_POINT('',(-0.0425,-0.0833841518109544,0.0032));
#7545=CARTESIAN_POINT('',(-0.04575,-0.0833841518109544,0.0032));
#7546=CARTESIAN_POINT('',(-0.0425,-0.0833841518109544,0.0032));
#7547=CARTESIAN_POINT('',(-0.04575,-0.0833841518109544,0.));
#7548=CARTESIAN_POINT('',(0.04575,0.05025,0.));
#7549=CARTESIAN_POINT('',(0.04575,0.05025,0.0032));
#7550=CARTESIAN_POINT('',(0.04745,0.05025,0.0032));
#7551=CARTESIAN_POINT('',(0.049,0.05025,0.0032));
#7552=CARTESIAN_POINT('',(0.04575,0.05025,0.0032));
#7553=CARTESIAN_POINT('',(0.049,0.05025,0.0032));
#7554=CARTESIAN_POINT('',(0.04575,0.05025,0.));
#7555=CARTESIAN_POINT('',(0.04575,-0.0833841518109544,0.));
#7556=CARTESIAN_POINT('',(0.04575,-0.0833841518109544,0.0032));
#7557=CARTESIAN_POINT('',(0.04745,-0.0833841518109544,0.0032));
#7558=CARTESIAN_POINT('',(0.049,-0.0833841518109544,0.0032));
#7559=CARTESIAN_POINT('',(0.04575,-0.0833841518109544,0.0032));
#7560=CARTESIAN_POINT('',(0.049,-0.0833841518109544,0.0032));
#7561=CARTESIAN_POINT('',(0.04575,-0.0833841518109544,0.));
#7562=CARTESIAN_POINT('',(-0.04575,0.05025,0.));
#7563=CARTESIAN_POINT('',(-0.04575,0.05025,0.0032));
#7564=CARTESIAN_POINT('',(-0.04405,0.05025,0.0032));
#7565=CARTESIAN_POINT('',(-0.0425,0.05025,0.0032));
#7566=CARTESIAN_POINT('',(-0.04575,0.05025,0.0032));
#7567=CARTESIAN_POINT('',(-0.0425,0.05025,0.0032));
#7568=CARTESIAN_POINT('',(-0.04575,0.05025,0.));
#7569=CARTESIAN_POINT('',(-0.04575,-0.052,0.));
#7570=CARTESIAN_POINT('',(-0.04575,-0.052,0.0032));
#7571=CARTESIAN_POINT('',(-0.04405,-0.052,0.0032));
#7572=CARTESIAN_POINT('',(-0.0425,-0.052,0.0032));
#7573=CARTESIAN_POINT('',(-0.04575,-0.052,0.0032));
#7574=CARTESIAN_POINT('',(-0.0425,-0.052,0.0032));
#7575=CARTESIAN_POINT('',(-0.04575,-0.052,0.));
#7576=CARTESIAN_POINT('',(0.04575,-0.052,0.));
#7577=CARTESIAN_POINT('',(0.04575,-0.052,0.0032));
#7578=CARTESIAN_POINT('',(0.04745,-0.052,0.0032));
#7579=CARTESIAN_POINT('',(0.049,-0.052,0.0032));
#7580=CARTESIAN_POINT('',(0.04575,-0.052,0.0032));
#7581=CARTESIAN_POINT('',(0.049,-0.052,0.0032));
#7582=CARTESIAN_POINT('',(0.04575,-0.052,0.));
#7583=CARTESIAN_POINT('',(0.,0.,0.));
#7584=CARTESIAN_POINT('',(6.93889390390723E-18,0.05375,0.0374));
#7585=CARTESIAN_POINT('',(-0.0359062922767797,0.05375,0.026));
#7586=CARTESIAN_POINT('',(-0.0378141706796136,0.05375,0.0254));
#7587=CARTESIAN_POINT('',(-0.0379062922767797,0.05375,0.026));
#7588=CARTESIAN_POINT('',(6.93889390390723E-18,0.05375,0.0254));
#7589=CARTESIAN_POINT('',(-0.0485,0.05375,0.0254));
#7590=CARTESIAN_POINT('',(-0.0485,0.05375,0.0349));
#7591=CARTESIAN_POINT('',(-0.0485,0.05375,0.0349));
#7592=CARTESIAN_POINT('',(6.93889390390723E-18,0.05375,0.0349));
#7593=CARTESIAN_POINT('',(0.0485,0.05375,0.0349));
#7594=CARTESIAN_POINT('',(0.0485,0.05375,0.0374));
#7595=CARTESIAN_POINT('',(0.0485,0.05375,0.0254));
#7596=CARTESIAN_POINT('',(6.93889390390723E-18,0.05375,0.0254));
#7597=CARTESIAN_POINT('',(-0.0220760987604419,0.05375,0.0254));
#7598=CARTESIAN_POINT('',(-0.0239839771632758,0.05375,0.026));
#7599=CARTESIAN_POINT('',(-0.0219839771632758,0.05375,0.026));
#7600=CARTESIAN_POINT('',(-0.0219839771632758,0.05375,0.0266897921785132));
#7601=CARTESIAN_POINT('',(-0.0219839771632758,0.05375,0.0273795843570263));
#7602=CARTESIAN_POINT('',(-0.0239839771632758,0.05375,0.0273795843570263));
#7603=CARTESIAN_POINT('',(-0.0239839771632758,0.05375,0.0293795843570263));
#7604=CARTESIAN_POINT('',(-0.0299451347200278,0.05375,0.0293795843570263));
#7605=CARTESIAN_POINT('',(-0.0359062922767797,0.05375,0.0293795843570263));
#7606=CARTESIAN_POINT('',(-0.0359062922767797,0.05375,0.0273795843570263));
#7607=CARTESIAN_POINT('',(-0.0379062922767797,0.05375,0.0273795843570263));
#7608=CARTESIAN_POINT('',(-0.0379062922767797,0.05375,0.0266897921785132));
#7609=CARTESIAN_POINT('',(-0.05,-0.01775,0.0374));
#7610=CARTESIAN_POINT('',(-0.05,0.05375,0.0349));
#7611=CARTESIAN_POINT('',(-0.05,-0.08775,0.0349));
#7612=CARTESIAN_POINT('',(-0.05,0.05225,0.0349));
#7613=CARTESIAN_POINT('',(-0.05,0.05225,0.0254));
#7614=CARTESIAN_POINT('',(-0.05,0.05225,0.0254));
#7615=CARTESIAN_POINT('',(-0.05,-0.01775,0.0254));
#7616=CARTESIAN_POINT('',(-0.05,-0.08775,0.0254));
#7617=CARTESIAN_POINT('',(-0.05,-0.08775,0.0374));
#7618=CARTESIAN_POINT('',(-1.38777878078145E-17,-0.08925,0.0374));
#7619=CARTESIAN_POINT('',(-1.38777878078145E-17,-0.08925,0.0254));
#7620=CARTESIAN_POINT('',(-0.0485,-0.08925,0.0254));
#7621=CARTESIAN_POINT('',(0.0485,-0.08925,0.0254));
#7622=CARTESIAN_POINT('',(0.0485,-0.08925,0.0349));
#7623=CARTESIAN_POINT('',(0.0485,-0.08925,0.0349));
#7624=CARTESIAN_POINT('',(-0.05,-0.08925,0.0349));
#7625=CARTESIAN_POINT('',(-0.0485,-0.08925,0.0349));
#7626=CARTESIAN_POINT('',(-0.0485,-0.08925,0.0374));
#7627=CARTESIAN_POINT('',(-0.04,5.00000000000014E-5,0.0374));
#7628=CARTESIAN_POINT('',(-0.04,0.05055,0.0374));
#7629=CARTESIAN_POINT('',(-0.04,0.05055,0.0349));
#7630=CARTESIAN_POINT('',(-0.04,0.05055,0.0254));
#7631=CARTESIAN_POINT('',(-0.04,5.00000000000014E-5,0.0349));
#7632=CARTESIAN_POINT('',(-0.04,-0.05045,0.0349));
#7633=CARTESIAN_POINT('',(-0.04,-0.05045,0.0374));
#7634=CARTESIAN_POINT('',(-0.04,-0.05045,0.0254));
#7635=CARTESIAN_POINT('',(-0.04,5.00000000000014E-5,0.0254));
#7636=CARTESIAN_POINT('',(-7.63278329429795E-17,0.05055,0.0374));
#7637=CARTESIAN_POINT('',(-7.63278329429795E-17,0.05055,0.0254));
#7638=CARTESIAN_POINT('',(-0.0378141706796136,0.05055,0.0254));
#7639=CARTESIAN_POINT('',(-0.0359062922767797,0.05055,0.026));
#7640=CARTESIAN_POINT('',(-0.0379062922767797,0.05055,0.026));
#7641=CARTESIAN_POINT('',(-0.0379062922767797,0.05055,0.0374));
#7642=CARTESIAN_POINT('',(-0.0379062922767797,0.05055,0.0273795843570263));
#7643=CARTESIAN_POINT('',(-0.0359062922767797,0.05055,0.0273795843570263));
#7644=CARTESIAN_POINT('',(-0.0359062922767797,0.05055,0.0293795843570263));
#7645=CARTESIAN_POINT('',(-7.63278329429795E-17,0.05055,0.0293795843570263));
#7646=CARTESIAN_POINT('',(-0.0239839771632758,0.05055,0.0293795843570263));
#7647=CARTESIAN_POINT('',(-0.0239839771632758,0.05055,0.0273795843570263));
#7648=CARTESIAN_POINT('',(-0.0219839771632758,0.05055,0.0273795843570263));
#7649=CARTESIAN_POINT('',(-0.0219839771632758,0.05055,0.0374));
#7650=CARTESIAN_POINT('',(-0.0219839771632758,0.05055,0.026));
#7651=CARTESIAN_POINT('',(-0.0239839771632758,0.05055,0.026));
#7652=CARTESIAN_POINT('',(-0.0220760987604419,0.05055,0.0254));
#7653=CARTESIAN_POINT('',(-7.63278329429795E-17,0.05055,0.0254));
#7654=CARTESIAN_POINT('',(0.04,0.05055,0.0254));
#7655=CARTESIAN_POINT('',(0.04,0.05055,0.0374));
#7656=CARTESIAN_POINT('',(0.04,0.05055,0.0349));
#7657=CARTESIAN_POINT('',(-0.04,0.05055,0.0349));
#7658=CARTESIAN_POINT('',(0.04,5.00000000000292E-5,0.0374));
#7659=CARTESIAN_POINT('',(0.04,-0.05045,0.0374));
#7660=CARTESIAN_POINT('',(0.04,-0.05045,0.0349));
#7661=CARTESIAN_POINT('',(0.04,-0.05045,0.0254));
#7662=CARTESIAN_POINT('',(0.04,0.05055,0.0349));
#7663=CARTESIAN_POINT('',(0.04,5.00000000000292E-5,0.0254));
#7664=CARTESIAN_POINT('',(-6.24500451351651E-17,-0.05045,0.0374));
#7665=CARTESIAN_POINT('',(-6.24500451351651E-17,-0.05045,0.0349));
#7666=CARTESIAN_POINT('',(-6.24500451351651E-17,-0.05045,0.0254));
#7667=CARTESIAN_POINT('',(0.05,-0.01775,0.0374));
#7668=CARTESIAN_POINT('',(0.05,-0.01775,0.0254));
#7669=CARTESIAN_POINT('',(0.05,0.05225,0.0254));
#7670=CARTESIAN_POINT('',(0.05,-0.08775,0.0254));
#7671=CARTESIAN_POINT('',(0.05,0.05225,0.0374));
#7672=CARTESIAN_POINT('',(0.05,0.05225,0.0349));
#7673=CARTESIAN_POINT('',(0.05,-0.01775,0.0349));
#7674=CARTESIAN_POINT('',(0.05,-0.08775,0.0349));
#7675=CARTESIAN_POINT('',(0.05,-0.08775,0.0254));
#7676=CARTESIAN_POINT('',(0.,-0.01775,0.0374));
#7677=CARTESIAN_POINT('',(-0.0425,-0.01775,0.0374));
#7678=CARTESIAN_POINT('',(-0.0425,-0.05295,0.0374));
#7679=CARTESIAN_POINT('',(-0.0425,0.05125,0.0374));
#7680=CARTESIAN_POINT('',(0.,0.05125,0.0374));
#7681=CARTESIAN_POINT('',(-0.0475,0.05125,0.0374));
#7682=CARTESIAN_POINT('',(-0.0475,-0.08925,0.0374));
#7683=CARTESIAN_POINT('',(-0.0475,-0.08675,0.0374));
#7684=CARTESIAN_POINT('',(0.05,-0.08675,0.0374));
#7685=CARTESIAN_POINT('',(0.0475,-0.08675,0.0374));
#7686=CARTESIAN_POINT('',(0.0475,-0.01775,0.0374));
#7687=CARTESIAN_POINT('',(0.0475,0.05125,0.0374));
#7688=CARTESIAN_POINT('',(0.,0.05125,0.0374));
#7689=CARTESIAN_POINT('',(0.0425,0.05125,0.0374));
#7690=CARTESIAN_POINT('',(0.0425,-0.05045,0.0374));
#7691=CARTESIAN_POINT('',(0.0425,-0.05295,0.0374));
#7692=CARTESIAN_POINT('',(6.10622663543837E-18,-0.05295,0.0374));
#7693=CARTESIAN_POINT('',(0.,-0.01775,0.0254));
#7694=CARTESIAN_POINT('',(0.04575,0.05025,0.0254));
#7695=CARTESIAN_POINT('',(0.04785,0.05025,0.0254));
#7696=CARTESIAN_POINT('',(0.04575,-0.052,0.0254));
#7697=CARTESIAN_POINT('',(0.04785,-0.052,0.0254));
#7698=CARTESIAN_POINT('',(0.04575,-0.0833841518109544,0.0254));
#7699=CARTESIAN_POINT('',(0.04785,-0.0833841518109544,0.0254));
#7700=CARTESIAN_POINT('',(-0.04575,-0.052,0.0254));
#7701=CARTESIAN_POINT('',(-0.04365,-0.052,0.0254));
#7702=CARTESIAN_POINT('',(-0.04575,-0.0833841518109544,0.0254));
#7703=CARTESIAN_POINT('',(-0.04365,-0.0833841518109544,0.0254));
#7704=CARTESIAN_POINT('',(-0.04575,0.05025,0.0254));
#7705=CARTESIAN_POINT('',(-0.04365,0.05025,0.0254));
#7706=CARTESIAN_POINT('',(-0.0378141706796136,0.05045,0.0254));
#7707=CARTESIAN_POINT('',(-0.0220760987604419,0.05045,0.0254));
#7708=CARTESIAN_POINT('',(0.0485,0.05225,0.0254));
#7709=CARTESIAN_POINT('',(0.0485,-0.08775,0.0254));
#7710=CARTESIAN_POINT('',(-0.0485,-0.08775,0.0254));
#7711=CARTESIAN_POINT('',(-0.0485,0.05225,0.0254));
#7712=CARTESIAN_POINT('',(0.,-0.08675,0.0349));
#7713=CARTESIAN_POINT('',(0.0475,-0.08675,0.0349));
#7714=CARTESIAN_POINT('',(-0.0475,-0.08675,0.0349));
#7715=CARTESIAN_POINT('',(-0.0475,-0.01775,0.0349));
#7716=CARTESIAN_POINT('',(-0.0475,0.05125,0.0349));
#7717=CARTESIAN_POINT('',(-0.0475,-0.08675,0.0349));
#7718=CARTESIAN_POINT('',(0.0475,-0.01775,0.0349));
#7719=CARTESIAN_POINT('',(0.0475,0.05125,0.0349));
#7720=CARTESIAN_POINT('',(0.0475,-0.08675,0.0349));
#7721=CARTESIAN_POINT('',(-6.20163642661709E-17,-0.05295,0.0349));
#7722=CARTESIAN_POINT('',(0.0425,-0.05295,0.0349));
#7723=CARTESIAN_POINT('',(-0.0425,-0.05295,0.0349));
#7724=CARTESIAN_POINT('',(-0.0425,5.00000000000014E-5,0.0349));
#7725=CARTESIAN_POINT('',(-0.0425,0.05125,0.0349));
#7726=CARTESIAN_POINT('',(-0.0416,0.05215,0.0372323807579381));
#7727=CARTESIAN_POINT('',(-0.0425,0.05305,0.0349));
#7728=CARTESIAN_POINT('',(6.93889390390723E-18,0.05125,0.0349));
#7729=CARTESIAN_POINT('',(-0.0475,0.05125,0.0349));
#7730=CARTESIAN_POINT('',(1.04083408558608E-17,0.05215,0.0372323807579381));
#7731=CARTESIAN_POINT('',(0.0416,0.05215,0.0372323807579381));
#7732=CARTESIAN_POINT('',(0.0425,0.05125,0.0349));
#7733=CARTESIAN_POINT('',(0.0475,0.05125,0.0349));
#7734=CARTESIAN_POINT('',(0.0425,-0.01775,0.0349));
#7735=CARTESIAN_POINT('',(0.0425,0.05305,0.0349));
#7736=CARTESIAN_POINT('',(-1.22818422099158E-17,0.05305,0.0349));
#7737=CARTESIAN_POINT('',(-0.0485,0.05225,0.0374));
#7738=CARTESIAN_POINT('',(-0.0485,0.05225,0.0349));
#7739=CARTESIAN_POINT('',(-0.05,0.05225,0.0349));
#7740=CARTESIAN_POINT('',(-0.05,0.05375,0.0349));
#7741=CARTESIAN_POINT('',(-0.0485,0.05375,0.0349));
#7742=CARTESIAN_POINT('',(-0.05,0.0522499999999673,0.0352272493438328));
#7743=CARTESIAN_POINT('',(-0.0499999999988367,0.0537499999988332,0.0354235992118091));
#7744=CARTESIAN_POINT('',(-0.0484999999999673,0.05375,0.0352272493438328));
#7745=CARTESIAN_POINT('',(-0.0498698281042607,0.0521979312417195,0.0358815950971864));
#7746=CARTESIAN_POINT('',(-0.0497135977191266,0.0534635977191281,0.0363721774044806));
#7747=CARTESIAN_POINT('',(-0.0484479312417195,0.0536198281042607,0.0358815950971864));
#7748=CARTESIAN_POINT('',(-0.0493137946227567,0.0519755178490986,0.0367137946295748));
#7749=CARTESIAN_POINT('',(-0.0489410308552339,0.0526910308552336,0.037069426996265));
#7750=CARTESIAN_POINT('',(-0.0482255178490986,0.0530637946227567,0.0367137946295748));
#7751=CARTESIAN_POINT('',(-0.0484815951225105,0.0516426380490054,0.0372698281023127));
#7752=CARTESIAN_POINT('',(-0.048205386691398,0.0519553866913979,0.0373473800661511));
#7753=CARTESIAN_POINT('',(-0.0478926380490054,0.0522315951225105,0.0372698281023127));
#7754=CARTESIAN_POINT('',(-0.0478272492892886,0.0513808997157154,0.0374));
#7755=CARTESIAN_POINT('',(-0.0477290744615975,0.0514790744615978,0.0373998611566617));
#7756=CARTESIAN_POINT('',(-0.0476308997157154,0.0515772492892886,0.0374));
#7757=CARTESIAN_POINT('',(-0.0475,0.05125,0.0374));
#7758=CARTESIAN_POINT('',(-0.0475,0.05125,0.0374));
#7759=CARTESIAN_POINT('',(-0.0475,0.05125,0.0374));
#7760=CARTESIAN_POINT('',(0.0485,0.05225,0.0374));
#7761=CARTESIAN_POINT('',(0.0485,0.05225,0.0349));
#7762=CARTESIAN_POINT('',(0.0485,0.05375,0.0349));
#7763=CARTESIAN_POINT('',(0.05,0.05375,0.0349));
#7764=CARTESIAN_POINT('',(0.05,0.05225,0.0349));
#7765=CARTESIAN_POINT('',(0.0484999999999673,0.05375,0.0352272493438327));
#7766=CARTESIAN_POINT('',(0.0499999999988367,0.0537499999988332,0.0354235992118115));
#7767=CARTESIAN_POINT('',(0.05,0.0522499999999673,0.0352272493438345));
#7768=CARTESIAN_POINT('',(0.0484479312417195,0.0536198281042608,0.0358815950971865));
#7769=CARTESIAN_POINT('',(0.0497135977191266,0.0534635977191281,0.0363721774044796));
#7770=CARTESIAN_POINT('',(0.0498698281042608,0.0521979312417195,0.0358815950971856));
#7771=CARTESIAN_POINT('',(0.0482255178490986,0.0530637946227567,0.0367137946295747));
#7772=CARTESIAN_POINT('',(0.0489410308552339,0.0526910308552336,0.0370694269962652));
#7773=CARTESIAN_POINT('',(0.0493137946227567,0.0519755178490986,0.036713794629575));
#7774=CARTESIAN_POINT('',(0.0478926380490054,0.0522315951225105,0.0372698281023128));
#7775=CARTESIAN_POINT('',(0.048205386691398,0.0519553866913979,0.0373473800661511));
#7776=CARTESIAN_POINT('',(0.0484815951225105,0.0516426380490054,0.0372698281023127));
#7777=CARTESIAN_POINT('',(0.0476308997157154,0.0515772492892886,0.0374));
#7778=CARTESIAN_POINT('',(0.0477290744615975,0.0514790744615978,0.0373998611566617));
#7779=CARTESIAN_POINT('',(0.0478272492892886,0.0513808997157154,0.0374));
#7780=CARTESIAN_POINT('',(0.0475,0.05125,0.0374));
#7781=CARTESIAN_POINT('',(0.0475,0.05125,0.0374));
#7782=CARTESIAN_POINT('',(0.0475,0.05125,0.0374));
#7783=CARTESIAN_POINT('',(0.0485,-0.08775,0.0374));
#7784=CARTESIAN_POINT('',(0.0485,-0.08775,0.0349));
#7785=CARTESIAN_POINT('',(0.05,-0.08775,0.0349));
#7786=CARTESIAN_POINT('',(0.05,-0.08925,0.0349));
#7787=CARTESIAN_POINT('',(0.0485,-0.08925,0.0349));
#7788=CARTESIAN_POINT('',(0.05,-0.0877499999999673,0.0352272493438327));
#7789=CARTESIAN_POINT('',(0.0499999999988337,-0.0892499999988377,0.0354235992118091));
#7790=CARTESIAN_POINT('',(0.0484999999999673,-0.08925,0.0352272493438327));
#7791=CARTESIAN_POINT('',(0.0498698281042608,-0.0876979312417195,0.0358815950971865));
#7792=CARTESIAN_POINT('',(0.0497135977191278,-0.0889635977191261,0.0363721774044812));
#7793=CARTESIAN_POINT('',(0.0484479312417195,-0.0891198281042608,0.0358815950971865));
#7794=CARTESIAN_POINT('',(0.0493137946227568,-0.0874755178490986,0.0367137946295747));
#7795=CARTESIAN_POINT('',(0.0489410308552337,-0.0881910308552339,0.0370694269962648));
#7796=CARTESIAN_POINT('',(0.0482255178490986,-0.0885637946227567,0.0367137946295747));
#7797=CARTESIAN_POINT('',(0.0484815951225105,-0.0871426380490054,0.0372698281023127));
#7798=CARTESIAN_POINT('',(0.048205386691398,-0.0874553866913988,0.0373473800661512));
#7799=CARTESIAN_POINT('',(0.0478926380490054,-0.0877315951225106,0.0372698281023127));
#7800=CARTESIAN_POINT('',(0.0478272492892886,-0.0868808997157154,0.0374));
#7801=CARTESIAN_POINT('',(0.0477290744615975,-0.0869790744615954,0.0373998611566617));
#7802=CARTESIAN_POINT('',(0.0476308997157154,-0.0870772492892886,0.0374));
#7803=CARTESIAN_POINT('',(0.0475,-0.08675,0.0374));
#7804=CARTESIAN_POINT('',(0.0475,-0.08675,0.0374));
#7805=CARTESIAN_POINT('',(0.0475,-0.08675,0.0374));
#7806=CARTESIAN_POINT('',(-0.0485,-0.08775,0.0374));
#7807=CARTESIAN_POINT('',(-0.0485,-0.08775,0.0349));
#7808=CARTESIAN_POINT('',(-0.0485,-0.08925,0.0349));
#7809=CARTESIAN_POINT('',(-0.05,-0.08925,0.0349));
#7810=CARTESIAN_POINT('',(-0.05,-0.08775,0.0349));
#7811=CARTESIAN_POINT('',(-0.0484999999999673,-0.08925,0.0352272493438328));
#7812=CARTESIAN_POINT('',(-0.0499999999988337,-0.0892499999988377,0.0354235992118106));
#7813=CARTESIAN_POINT('',(-0.05,-0.0877499999999673,0.0352272493438347));
#7814=CARTESIAN_POINT('',(-0.0484479312417195,-0.0891198281042607,0.0358815950971864));
#7815=CARTESIAN_POINT('',(-0.0497135977191278,-0.0889635977191261,0.0363721774044805));
#7816=CARTESIAN_POINT('',(-0.0498698281042608,-0.0876979312417195,0.0358815950971855));
#7817=CARTESIAN_POINT('',(-0.0482255178490986,-0.0885637946227568,0.0367137946295748));
#7818=CARTESIAN_POINT('',(-0.0489410308552337,-0.0881910308552338,0.0370694269962649));
#7819=CARTESIAN_POINT('',(-0.0493137946227567,-0.0874755178490986,0.036713794629575));
#7820=CARTESIAN_POINT('',(-0.0478926380490054,-0.0877315951225105,0.0372698281023127));
#7821=CARTESIAN_POINT('',(-0.048205386691398,-0.0874553866913988,0.0373473800661512));
#7822=CARTESIAN_POINT('',(-0.0484815951225105,-0.0871426380490054,0.0372698281023127));
#7823=CARTESIAN_POINT('',(-0.0476308997157154,-0.0870772492892886,0.0374));
#7824=CARTESIAN_POINT('',(-0.0477290744615975,-0.0869790744615954,0.0373998611566617));
#7825=CARTESIAN_POINT('',(-0.0478272492892886,-0.0868808997157154,0.0374));
#7826=CARTESIAN_POINT('',(-0.0475,-0.08675,0.0374));
#7827=CARTESIAN_POINT('',(-0.0475,-0.08675,0.0374));
#7828=CARTESIAN_POINT('',(-0.0475,-0.08675,0.0374));
#7829=CARTESIAN_POINT('',(-0.0379062922767797,0.05045,0.0266897921785132));
#7830=CARTESIAN_POINT('',(-0.0379062922767797,0.05045,0.026));
#7831=CARTESIAN_POINT('',(-0.0379062922767797,0.05045,0.0273795843570263));
#7832=CARTESIAN_POINT('',(-0.0359062922767797,0.05045,0.0273795843570263));
#7833=CARTESIAN_POINT('',(-0.0359062922767797,0.05045,0.0293795843570263));
#7834=CARTESIAN_POINT('',(-0.0299451347200278,0.05045,0.0293795843570263));
#7835=CARTESIAN_POINT('',(-0.0239839771632758,0.05045,0.0293795843570263));
#7836=CARTESIAN_POINT('',(-0.0239839771632758,0.05045,0.0273795843570263));
#7837=CARTESIAN_POINT('',(-0.0219839771632758,0.05045,0.0273795843570263));
#7838=CARTESIAN_POINT('',(-0.0219839771632758,0.05045,0.0266897921785132));
#7839=CARTESIAN_POINT('',(-0.0219839771632758,0.05045,0.026));
#7840=CARTESIAN_POINT('',(-0.0359062922767797,0.05045,0.026));
#7841=CARTESIAN_POINT('',(-0.0239839771632758,0.05045,0.026));
#7842=CARTESIAN_POINT('',(-0.04575,0.05025,0.0314));
#7843=CARTESIAN_POINT('',(-0.04575,0.05025,0.0326618072999579));
#7844=CARTESIAN_POINT('',(-0.04575,0.05025,0.0314));
#7845=CARTESIAN_POINT('',(-0.04365,0.05025,0.0314));
#7846=CARTESIAN_POINT('',(-0.04575,0.05025,0.0254));
#7847=CARTESIAN_POINT('',(-0.04575,-0.0833841518109544,0.0314));
#7848=CARTESIAN_POINT('',(-0.04575,-0.0833841518109544,0.0326618072999579));
#7849=CARTESIAN_POINT('',(-0.04575,-0.0833841518109544,0.0314));
#7850=CARTESIAN_POINT('',(-0.04365,-0.0833841518109544,0.0314));
#7851=CARTESIAN_POINT('',(-0.04575,-0.0833841518109544,0.0254));
#7852=CARTESIAN_POINT('',(-0.04575,-0.052,0.0314));
#7853=CARTESIAN_POINT('',(-0.04575,-0.052,0.0326618072999579));
#7854=CARTESIAN_POINT('',(-0.04575,-0.052,0.0314));
#7855=CARTESIAN_POINT('',(-0.04365,-0.052,0.0314));
#7856=CARTESIAN_POINT('',(-0.04575,-0.052,0.0254));
#7857=CARTESIAN_POINT('',(0.04575,-0.0833841518109544,0.0314));
#7858=CARTESIAN_POINT('',(0.04575,-0.0833841518109544,0.0326618072999579));
#7859=CARTESIAN_POINT('',(0.04575,-0.0833841518109544,0.0314));
#7860=CARTESIAN_POINT('',(0.04785,-0.0833841518109544,0.0314));
#7861=CARTESIAN_POINT('',(0.04575,-0.0833841518109544,0.0254));
#7862=CARTESIAN_POINT('',(0.04575,-0.052,0.0314));
#7863=CARTESIAN_POINT('',(0.04575,-0.052,0.0326618072999579));
#7864=CARTESIAN_POINT('',(0.04575,-0.052,0.0314));
#7865=CARTESIAN_POINT('',(0.04785,-0.052,0.0314));
#7866=CARTESIAN_POINT('',(0.04575,-0.052,0.0254));
#7867=CARTESIAN_POINT('',(0.04575,0.05025,0.0314));
#7868=CARTESIAN_POINT('',(0.04575,0.05025,0.0326618072999579));
#7869=CARTESIAN_POINT('',(0.04575,0.05025,0.0314));
#7870=CARTESIAN_POINT('',(0.04785,0.05025,0.0314));
#7871=CARTESIAN_POINT('',(0.04575,0.05025,0.0254));
#7872=MECHANICAL_DESIGN_GEOMETRIC_PRESENTATION_REPRESENTATION('',(#4581),
#7875);
#7873=MECHANICAL_DESIGN_GEOMETRIC_PRESENTATION_REPRESENTATION('',(#4582),
#7876);
#7874=MECHANICAL_DESIGN_GEOMETRIC_PRESENTATION_REPRESENTATION('',(#4583),
#7877);
#7875=(
GEOMETRIC_REPRESENTATION_CONTEXT(3)
GLOBAL_UNCERTAINTY_ASSIGNED_CONTEXT((#7878))
GLOBAL_UNIT_ASSIGNED_CONTEXT((#7887,#7884,#7881))
REPRESENTATION_CONTEXT('Part 2','TOP_LEVEL_ASSEMBLY_PART')
);
#7876=(
GEOMETRIC_REPRESENTATION_CONTEXT(3)
GLOBAL_UNCERTAINTY_ASSIGNED_CONTEXT((#7879))
GLOBAL_UNIT_ASSIGNED_CONTEXT((#7888,#7885,#7882))
REPRESENTATION_CONTEXT('Part 1','TOP_LEVEL_ASSEMBLY_PART')
);
#7877=(
GEOMETRIC_REPRESENTATION_CONTEXT(3)
GLOBAL_UNCERTAINTY_ASSIGNED_CONTEXT((#7880))
GLOBAL_UNIT_ASSIGNED_CONTEXT((#7889,#7886,#7883))
REPRESENTATION_CONTEXT('Part 3','TOP_LEVEL_ASSEMBLY_PART')
);
#7878=UNCERTAINTY_MEASURE_WITH_UNIT(LENGTH_MEASURE(2.E-5),#7887,
'DISTANCE_ACCURACY_VALUE','Maximum Tolerance applied to model');
#7879=UNCERTAINTY_MEASURE_WITH_UNIT(LENGTH_MEASURE(1.E-8),#7888,
'DISTANCE_ACCURACY_VALUE','Maximum Tolerance applied to model');
#7880=UNCERTAINTY_MEASURE_WITH_UNIT(LENGTH_MEASURE(2.E-5),#7889,
'DISTANCE_ACCURACY_VALUE','Maximum Tolerance applied to model');
#7881=(
NAMED_UNIT(*)
SI_UNIT($,.STERADIAN.)
SOLID_ANGLE_UNIT()
);
#7882=(
NAMED_UNIT(*)
SI_UNIT($,.STERADIAN.)
SOLID_ANGLE_UNIT()
);
#7883=(
NAMED_UNIT(*)
SI_UNIT($,.STERADIAN.)
SOLID_ANGLE_UNIT()
);
#7884=(
NAMED_UNIT(*)
PLANE_ANGLE_UNIT()
SI_UNIT($,.RADIAN.)
);
#7885=(
NAMED_UNIT(*)
PLANE_ANGLE_UNIT()
SI_UNIT($,.RADIAN.)
);
#7886=(
NAMED_UNIT(*)
PLANE_ANGLE_UNIT()
SI_UNIT($,.RADIAN.)
);
#7887=(
LENGTH_UNIT()
NAMED_UNIT(*)
SI_UNIT($,.METRE.)
);
#7888=(
LENGTH_UNIT()
NAMED_UNIT(*)
SI_UNIT($,.METRE.)
);
#7889=(
LENGTH_UNIT()
NAMED_UNIT(*)
SI_UNIT($,.METRE.)
);
#7890=PRODUCT_DEFINITION_SHAPE('','',#7893);
#7891=PRODUCT_DEFINITION_SHAPE('','',#7894);
#7892=PRODUCT_DEFINITION_SHAPE('','',#7895);
#7893=PRODUCT_DEFINITION('','',#7899,#7896);
#7894=PRODUCT_DEFINITION('','',#7900,#7897);
#7895=PRODUCT_DEFINITION('','',#7901,#7898);
#7896=PRODUCT_DEFINITION_CONTEXT('',#7917,'design');
#7897=PRODUCT_DEFINITION_CONTEXT('',#7918,'design');
#7898=PRODUCT_DEFINITION_CONTEXT('',#7919,'design');
#7899=PRODUCT_DEFINITION_FORMATION_WITH_SPECIFIED_SOURCE('','',#7905,
 .NOT_KNOWN.);
#7900=PRODUCT_DEFINITION_FORMATION_WITH_SPECIFIED_SOURCE('','',#7906,
 .NOT_KNOWN.);
#7901=PRODUCT_DEFINITION_FORMATION_WITH_SPECIFIED_SOURCE('','',#7907,
 .NOT_KNOWN.);
#7902=PRODUCT_RELATED_PRODUCT_CATEGORY('','',(#7905));
#7903=PRODUCT_RELATED_PRODUCT_CATEGORY('','',(#7906));
#7904=PRODUCT_RELATED_PRODUCT_CATEGORY('','',(#7907));
#7905=PRODUCT('Part 2','Part 2','Part 2',(#7911));
#7906=PRODUCT('Part 1','Part 1','Part 1',(#7912));
#7907=PRODUCT('Part 3','Part 3','Part 3',(#7913));
#7908=PRODUCT_CATEGORY('','');
#7909=PRODUCT_CATEGORY('','');
#7910=PRODUCT_CATEGORY('','');
#7911=PRODUCT_CONTEXT('',#7917,'mechanical');
#7912=PRODUCT_CONTEXT('',#7918,'mechanical');
#7913=PRODUCT_CONTEXT('',#7919,'mechanical');
#7914=APPLICATION_PROTOCOL_DEFINITION('international standard',
'ap242_managed_model_based_3d_engineering',2020,#7917);
#7915=APPLICATION_PROTOCOL_DEFINITION('international standard',
'ap242_managed_model_based_3d_engineering',2020,#7918);
#7916=APPLICATION_PROTOCOL_DEFINITION('international standard',
'ap242_managed_model_based_3d_engineering',2020,#7919);
#7917=APPLICATION_CONTEXT('managed model based 3d engineering');
#7918=APPLICATION_CONTEXT('managed model based 3d engineering');
#7919=APPLICATION_CONTEXT('managed model based 3d engineering');
ENDSEC;
END-ISO-10303-21;
