ISO-10303-21;
HEADER;
/* Generated by software containing ST-Developer
 * from STEP Tools, Inc. (www.steptools.com) 
 */
/* OPTION: using custom renumber hook */

FILE_DESCRIPTION(
/* description */ ('STEP AP242 Edition 2',
'CAx-IF Rec.Pracs.---Representation and Presentation of Product Manufa
cturing Information (PMI)---4.0---2014-10-13',
'CAx-IF Rec.Pracs.---3D Tessellated Geometry---0.4---2014-09-14','2;1',
'CAx-IF Rec.Pracs.---User Defined Attributes---1.5---2016-08-15'),
/* implementation_level */ '2;1');

FILE_NAME(
/* name */ 'Part Studio 1 - Part 2',
/* time_stamp */ '2026-10-04T17:52:56Z',
/* author */ (''),
/* organization */ (''),
/* preprocessor_version */ 'ST-DEVELOPER v20',
/* originating_system */ 'ONSHAPE BY PTC INC, 1.221',
/* authorisation */ '  ');

FILE_SCHEMA (('AP242_MANAGED_MODEL_BASED_3D_ENGINEERING_MIM_LF { 1 0 10303 442 3 1 4 }'));
ENDSEC;

DATA;
#10=SHAPE_REPRESENTATION_RELATIONSHIP('','',#3358,#11);
#11=ADVANCED_BREP_SHAPE_REPRESENTATION('',(#3356),#5656);
#12=B_SPLINE_CURVE_WITH_KNOTS('',3,(#5351,#5352,#5353,#5354),
 .UNSPECIFIED.,.F.,.F.,(4,4),(0.,0.000392832481117743),.UNSPECIFIED.);
#13=CYLINDRICAL_SURFACE('',#3537,0.0015);
#14=CYLINDRICAL_SURFACE('',#3539,0.0015);
#15=CYLINDRICAL_SURFACE('',#3541,0.0015);
#16=CYLINDRICAL_SURFACE('',#3543,0.0015);
#17=CYLINDRICAL_SURFACE('',#3545,0.0005);
#18=CYLINDRICAL_SURFACE('',#3547,0.0005);
#19=CYLINDRICAL_SURFACE('',#3549,0.0005);
#20=CYLINDRICAL_SURFACE('',#3551,0.0005);
#21=CYLINDRICAL_SURFACE('',#3553,0.0005);
#22=CYLINDRICAL_SURFACE('',#3555,0.0005);
#23=CYLINDRICAL_SURFACE('',#3557,0.0005);
#24=CYLINDRICAL_SURFACE('',#3559,0.0005);
#25=CYLINDRICAL_SURFACE('',#3561,0.0005);
#26=CYLINDRICAL_SURFACE('',#3563,0.0005);
#27=CYLINDRICAL_SURFACE('',#3565,0.0005);
#28=CYLINDRICAL_SURFACE('',#3567,0.0005);
#29=CYLINDRICAL_SURFACE('',#3569,0.0005);
#30=CYLINDRICAL_SURFACE('',#3571,0.0005);
#31=CYLINDRICAL_SURFACE('',#3573,0.0005);
#32=CYLINDRICAL_SURFACE('',#3575,0.0005);
#33=CYLINDRICAL_SURFACE('',#3577,0.0005);
#34=CYLINDRICAL_SURFACE('',#3579,0.0005);
#35=CYLINDRICAL_SURFACE('',#3581,0.0005);
#36=CYLINDRICAL_SURFACE('',#3583,0.0005);
#37=CYLINDRICAL_SURFACE('',#3585,0.0015);
#38=CYLINDRICAL_SURFACE('',#3587,0.0015);
#39=CYLINDRICAL_SURFACE('',#3589,0.0015);
#40=CYLINDRICAL_SURFACE('',#3591,0.0015);
#41=CYLINDRICAL_SURFACE('',#3593,0.0005);
#42=CYLINDRICAL_SURFACE('',#3595,0.0005);
#43=CYLINDRICAL_SURFACE('',#3597,0.0005);
#44=CYLINDRICAL_SURFACE('',#3599,0.0005);
#45=CYLINDRICAL_SURFACE('',#3601,0.0005);
#46=CYLINDRICAL_SURFACE('',#3603,0.0005);
#47=CYLINDRICAL_SURFACE('',#3605,0.0005);
#48=CYLINDRICAL_SURFACE('',#3607,0.0005);
#49=CYLINDRICAL_SURFACE('',#3609,0.0005);
#50=CYLINDRICAL_SURFACE('',#3611,0.0005);
#51=CYLINDRICAL_SURFACE('',#3613,0.0005);
#52=CYLINDRICAL_SURFACE('',#3615,0.0005);
#53=CYLINDRICAL_SURFACE('',#3617,0.0005);
#54=CYLINDRICAL_SURFACE('',#3619,0.0005);
#55=CYLINDRICAL_SURFACE('',#3621,0.0005);
#56=CYLINDRICAL_SURFACE('',#3623,0.0005);
#57=CYLINDRICAL_SURFACE('',#3625,0.0005);
#58=CYLINDRICAL_SURFACE('',#3627,0.0005);
#59=CYLINDRICAL_SURFACE('',#3629,0.0005);
#60=CYLINDRICAL_SURFACE('',#3631,0.0005);
#61=CYLINDRICAL_SURFACE('',#3633,0.0005);
#62=CYLINDRICAL_SURFACE('',#3635,0.0005);
#63=CYLINDRICAL_SURFACE('',#3637,0.0005);
#64=CYLINDRICAL_SURFACE('',#3639,0.0005);
#65=CYLINDRICAL_SURFACE('',#3641,0.0005);
#66=CYLINDRICAL_SURFACE('',#3643,0.0005);
#67=CYLINDRICAL_SURFACE('',#3645,0.0005);
#68=CYLINDRICAL_SURFACE('',#3647,0.0005);
#69=CYLINDRICAL_SURFACE('',#3649,0.0005);
#70=CYLINDRICAL_SURFACE('',#3651,0.0005);
#71=CYLINDRICAL_SURFACE('',#3653,0.0005);
#72=CYLINDRICAL_SURFACE('',#3655,0.0005);
#73=CYLINDRICAL_SURFACE('',#3657,0.0005);
#74=CYLINDRICAL_SURFACE('',#3659,0.0005);
#75=CYLINDRICAL_SURFACE('',#3661,0.0005);
#76=CYLINDRICAL_SURFACE('',#3663,0.0005);
#77=CYLINDRICAL_SURFACE('',#3665,0.0005);
#78=CYLINDRICAL_SURFACE('',#3667,0.0005);
#79=CYLINDRICAL_SURFACE('',#3669,0.0005);
#80=CYLINDRICAL_SURFACE('',#3671,0.0005);
#81=CYLINDRICAL_SURFACE('',#3673,0.0005);
#82=CYLINDRICAL_SURFACE('',#3675,0.0005);
#83=CYLINDRICAL_SURFACE('',#3677,0.0005);
#84=CYLINDRICAL_SURFACE('',#3679,0.0005);
#85=CYLINDRICAL_SURFACE('',#3680,0.0015);
#86=CYLINDRICAL_SURFACE('',#3681,0.0015);
#87=CYLINDRICAL_SURFACE('',#3682,0.0015);
#88=CYLINDRICAL_SURFACE('',#3683,0.0015);
#89=CYLINDRICAL_SURFACE('',#3686,0.002);
#90=CYLINDRICAL_SURFACE('',#3687,0.002);
#91=CYLINDRICAL_SURFACE('',#3688,0.0017);
#92=CYLINDRICAL_SURFACE('',#3689,0.0017);
#93=CYLINDRICAL_SURFACE('',#3690,0.0017);
#94=CYLINDRICAL_SURFACE('',#3691,0.0017);
#95=CYLINDRICAL_SURFACE('',#3692,0.0017);
#96=CYLINDRICAL_SURFACE('',#3693,0.0017);
#97=LINE('',#4682,#410);
#98=LINE('',#4684,#411);
#99=LINE('',#4686,#412);
#100=LINE('',#4691,#413);
#101=LINE('',#4693,#414);
#102=LINE('',#4707,#415);
#103=LINE('',#4710,#416);
#104=LINE('',#4714,#417);
#105=LINE('',#4718,#418);
#106=LINE('',#4722,#419);
#107=LINE('',#4726,#420);
#108=LINE('',#4728,#421);
#109=LINE('',#4731,#422);
#110=LINE('',#4735,#423);
#111=LINE('',#4739,#424);
#112=LINE('',#4743,#425);
#113=LINE('',#4747,#426);
#114=LINE('',#4751,#427);
#115=LINE('',#4755,#428);
#116=LINE('',#4759,#429);
#117=LINE('',#4763,#430);
#118=LINE('',#4767,#431);
#119=LINE('',#4771,#432);
#120=LINE('',#4775,#433);
#121=LINE('',#4779,#434);
#122=LINE('',#4783,#435);
#123=LINE('',#4787,#436);
#124=LINE('',#4791,#437);
#125=LINE('',#4795,#438);
#126=LINE('',#4799,#439);
#127=LINE('',#4803,#440);
#128=LINE('',#4807,#441);
#129=LINE('',#4811,#442);
#130=LINE('',#4815,#443);
#131=LINE('',#4819,#444);
#132=LINE('',#4823,#445);
#133=LINE('',#4827,#446);
#134=LINE('',#4831,#447);
#135=LINE('',#4835,#448);
#136=LINE('',#4839,#449);
#137=LINE('',#4843,#450);
#138=LINE('',#4847,#451);
#139=LINE('',#4851,#452);
#140=LINE('',#4855,#453);
#141=LINE('',#4859,#454);
#142=LINE('',#4863,#455);
#143=LINE('',#4867,#456);
#144=LINE('',#4871,#457);
#145=LINE('',#4875,#458);
#146=LINE('',#4879,#459);
#147=LINE('',#4883,#460);
#148=LINE('',#4887,#461);
#149=LINE('',#4891,#462);
#150=LINE('',#4895,#463);
#151=LINE('',#4899,#464);
#152=LINE('',#4903,#465);
#153=LINE('',#4907,#466);
#154=LINE('',#4911,#467);
#155=LINE('',#4915,#468);
#156=LINE('',#4919,#469);
#157=LINE('',#4923,#470);
#158=LINE('',#4927,#471);
#159=LINE('',#4931,#472);
#160=LINE('',#4935,#473);
#161=LINE('',#4939,#474);
#162=LINE('',#4943,#475);
#163=LINE('',#4947,#476);
#164=LINE('',#4951,#477);
#165=LINE('',#4955,#478);
#166=LINE('',#4959,#479);
#167=LINE('',#4963,#480);
#168=LINE('',#4967,#481);
#169=LINE('',#4971,#482);
#170=LINE('',#4975,#483);
#171=LINE('',#4979,#484);
#172=LINE('',#4983,#485);
#173=LINE('',#4987,#486);
#174=LINE('',#4991,#487);
#175=LINE('',#4995,#488);
#176=LINE('',#4999,#489);
#177=LINE('',#5003,#490);
#178=LINE('',#5007,#491);
#179=LINE('',#5011,#492);
#180=LINE('',#5015,#493);
#181=LINE('',#5029,#494);
#182=LINE('',#5034,#495);
#183=LINE('',#5038,#496);
#184=LINE('',#5042,#497);
#185=LINE('',#5045,#498);
#186=LINE('',#5050,#499);
#187=LINE('',#5054,#500);
#188=LINE('',#5058,#501);
#189=LINE('',#5061,#502);
#190=LINE('',#5066,#503);
#191=LINE('',#5070,#504);
#192=LINE('',#5074,#505);
#193=LINE('',#5077,#506);
#194=LINE('',#5082,#507);
#195=LINE('',#5086,#508);
#196=LINE('',#5090,#509);
#197=LINE('',#5093,#510);
#198=LINE('',#5098,#511);
#199=LINE('',#5102,#512);
#200=LINE('',#5106,#513);
#201=LINE('',#5109,#514);
#202=LINE('',#5114,#515);
#203=LINE('',#5118,#516);
#204=LINE('',#5122,#517);
#205=LINE('',#5125,#518);
#206=LINE('',#5130,#519);
#207=LINE('',#5134,#520);
#208=LINE('',#5138,#521);
#209=LINE('',#5141,#522);
#210=LINE('',#5146,#523);
#211=LINE('',#5150,#524);
#212=LINE('',#5154,#525);
#213=LINE('',#5157,#526);
#214=LINE('',#5160,#527);
#215=LINE('',#5162,#528);
#216=LINE('',#5166,#529);
#217=LINE('',#5170,#530);
#218=LINE('',#5174,#531);
#219=LINE('',#5177,#532);
#220=LINE('',#5180,#533);
#221=LINE('',#5184,#534);
#222=LINE('',#5188,#535);
#223=LINE('',#5191,#536);
#224=LINE('',#5196,#537);
#225=LINE('',#5200,#538);
#226=LINE('',#5204,#539);
#227=LINE('',#5207,#540);
#228=LINE('',#5212,#541);
#229=LINE('',#5216,#542);
#230=LINE('',#5220,#543);
#231=LINE('',#5223,#544);
#232=LINE('',#5228,#545);
#233=LINE('',#5232,#546);
#234=LINE('',#5236,#547);
#235=LINE('',#5239,#548);
#236=LINE('',#5244,#549);
#237=LINE('',#5248,#550);
#238=LINE('',#5252,#551);
#239=LINE('',#5255,#552);
#240=LINE('',#5260,#553);
#241=LINE('',#5264,#554);
#242=LINE('',#5268,#555);
#243=LINE('',#5271,#556);
#244=LINE('',#5276,#557);
#245=LINE('',#5280,#558);
#246=LINE('',#5284,#559);
#247=LINE('',#5287,#560);
#248=LINE('',#5292,#561);
#249=LINE('',#5296,#562);
#250=LINE('',#5300,#563);
#251=LINE('',#5303,#564);
#252=LINE('',#5308,#565);
#253=LINE('',#5312,#566);
#254=LINE('',#5316,#567);
#255=LINE('',#5319,#568);
#256=LINE('',#5324,#569);
#257=LINE('',#5328,#570);
#258=LINE('',#5332,#571);
#259=LINE('',#5337,#572);
#260=LINE('',#5339,#573);
#261=LINE('',#5340,#574);
#262=LINE('',#5342,#575);
#263=LINE('',#5343,#576);
#264=LINE('',#5345,#577);
#265=LINE('',#5346,#578);
#266=LINE('',#5349,#579);
#267=LINE('',#5356,#580);
#268=LINE('',#5357,#581);
#269=LINE('',#5359,#582);
#270=LINE('',#5361,#583);
#271=LINE('',#5363,#584);
#272=LINE('',#5365,#585);
#273=LINE('',#5367,#586);
#274=LINE('',#5370,#587);
#275=LINE('',#5371,#588);
#276=LINE('',#5373,#589);
#277=LINE('',#5375,#590);
#278=LINE('',#5377,#591);
#279=LINE('',#5379,#592);
#280=LINE('',#5381,#593);
#281=LINE('',#5383,#594);
#282=LINE('',#5386,#595);
#283=LINE('',#5387,#596);
#284=LINE('',#5389,#597);
#285=LINE('',#5391,#598);
#286=LINE('',#5393,#599);
#287=LINE('',#5395,#600);
#288=LINE('',#5397,#601);
#289=LINE('',#5399,#602);
#290=LINE('',#5402,#603);
#291=LINE('',#5403,#604);
#292=LINE('',#5405,#605);
#293=LINE('',#5407,#606);
#294=LINE('',#5409,#607);
#295=LINE('',#5411,#608);
#296=LINE('',#5413,#609);
#297=LINE('',#5415,#610);
#298=LINE('',#5418,#611);
#299=LINE('',#5419,#612);
#300=LINE('',#5421,#613);
#301=LINE('',#5423,#614);
#302=LINE('',#5425,#615);
#303=LINE('',#5427,#616);
#304=LINE('',#5429,#617);
#305=LINE('',#5431,#618);
#306=LINE('',#5434,#619);
#307=LINE('',#5435,#620);
#308=LINE('',#5437,#621);
#309=LINE('',#5439,#622);
#310=LINE('',#5441,#623);
#311=LINE('',#5443,#624);
#312=LINE('',#5445,#625);
#313=LINE('',#5447,#626);
#314=LINE('',#5450,#627);
#315=LINE('',#5451,#628);
#316=LINE('',#5453,#629);
#317=LINE('',#5455,#630);
#318=LINE('',#5457,#631);
#319=LINE('',#5459,#632);
#320=LINE('',#5461,#633);
#321=LINE('',#5463,#634);
#322=LINE('',#5466,#635);
#323=LINE('',#5467,#636);
#324=LINE('',#5469,#637);
#325=LINE('',#5471,#638);
#326=LINE('',#5473,#639);
#327=LINE('',#5475,#640);
#328=LINE('',#5477,#641);
#329=LINE('',#5479,#642);
#330=LINE('',#5482,#643);
#331=LINE('',#5483,#644);
#332=LINE('',#5485,#645);
#333=LINE('',#5487,#646);
#334=LINE('',#5489,#647);
#335=LINE('',#5491,#648);
#336=LINE('',#5493,#649);
#337=LINE('',#5495,#650);
#338=LINE('',#5498,#651);
#339=LINE('',#5499,#652);
#340=LINE('',#5501,#653);
#341=LINE('',#5503,#654);
#342=LINE('',#5505,#655);
#343=LINE('',#5507,#656);
#344=LINE('',#5509,#657);
#345=LINE('',#5511,#658);
#346=LINE('',#5514,#659);
#347=LINE('',#5515,#660);
#348=LINE('',#5517,#661);
#349=LINE('',#5519,#662);
#350=LINE('',#5521,#663);
#351=LINE('',#5523,#664);
#352=LINE('',#5525,#665);
#353=LINE('',#5527,#666);
#354=LINE('',#5530,#667);
#355=LINE('',#5531,#668);
#356=LINE('',#5533,#669);
#357=LINE('',#5535,#670);
#358=LINE('',#5537,#671);
#359=LINE('',#5539,#672);
#360=LINE('',#5541,#673);
#361=LINE('',#5543,#674);
#362=LINE('',#5546,#675);
#363=LINE('',#5547,#676);
#364=LINE('',#5549,#677);
#365=LINE('',#5551,#678);
#366=LINE('',#5553,#679);
#367=LINE('',#5555,#680);
#368=LINE('',#5557,#681);
#369=LINE('',#5559,#682);
#370=LINE('',#5562,#683);
#371=LINE('',#5563,#684);
#372=LINE('',#5565,#685);
#373=LINE('',#5567,#686);
#374=LINE('',#5569,#687);
#375=LINE('',#5571,#688);
#376=LINE('',#5573,#689);
#377=LINE('',#5575,#690);
#378=LINE('',#5578,#691);
#379=LINE('',#5579,#692);
#380=LINE('',#5581,#693);
#381=LINE('',#5583,#694);
#382=LINE('',#5585,#695);
#383=LINE('',#5587,#696);
#384=LINE('',#5589,#697);
#385=LINE('',#5591,#698);
#386=LINE('',#5594,#699);
#387=LINE('',#5595,#700);
#388=LINE('',#5597,#701);
#389=LINE('',#5599,#702);
#390=LINE('',#5601,#703);
#391=LINE('',#5603,#704);
#392=LINE('',#5605,#705);
#393=LINE('',#5607,#706);
#394=LINE('',#5610,#707);
#395=LINE('',#5611,#708);
#396=LINE('',#5613,#709);
#397=LINE('',#5615,#710);
#398=LINE('',#5617,#711);
#399=LINE('',#5619,#712);
#400=LINE('',#5621,#713);
#401=LINE('',#5623,#714);
#402=LINE('',#5626,#715);
#403=LINE('',#5627,#716);
#404=LINE('',#5629,#717);
#405=LINE('',#5631,#718);
#406=LINE('',#5633,#719);
#407=LINE('',#5635,#720);
#408=LINE('',#5637,#721);
#409=LINE('',#5639,#722);
#410=VECTOR('',#3700,1.);
#411=VECTOR('',#3701,1.);
#412=VECTOR('',#3702,1.);
#413=VECTOR('',#3707,1.);
#414=VECTOR('',#3708,1.);
#415=VECTOR('',#3723,1.);
#416=VECTOR('',#3724,1.);
#417=VECTOR('',#3727,1.);
#418=VECTOR('',#3730,1.);
#419=VECTOR('',#3733,1.);
#420=VECTOR('',#3736,1.);
#421=VECTOR('',#3737,1.);
#422=VECTOR('',#3740,1.);
#423=VECTOR('',#3743,1.);
#424=VECTOR('',#3746,1.);
#425=VECTOR('',#3749,1.);
#426=VECTOR('',#3752,1.);
#427=VECTOR('',#3755,1.);
#428=VECTOR('',#3758,1.);
#429=VECTOR('',#3761,1.);
#430=VECTOR('',#3764,1.);
#431=VECTOR('',#3767,1.);
#432=VECTOR('',#3770,1.);
#433=VECTOR('',#3773,1.);
#434=VECTOR('',#3776,1.);
#435=VECTOR('',#3779,1.);
#436=VECTOR('',#3782,1.);
#437=VECTOR('',#3785,1.);
#438=VECTOR('',#3788,1.);
#439=VECTOR('',#3791,1.);
#440=VECTOR('',#3794,1.);
#441=VECTOR('',#3797,1.);
#442=VECTOR('',#3800,1.);
#443=VECTOR('',#3803,1.);
#444=VECTOR('',#3806,1.);
#445=VECTOR('',#3809,1.);
#446=VECTOR('',#3812,1.);
#447=VECTOR('',#3815,1.);
#448=VECTOR('',#3818,1.);
#449=VECTOR('',#3821,1.);
#450=VECTOR('',#3824,1.);
#451=VECTOR('',#3827,1.);
#452=VECTOR('',#3830,1.);
#453=VECTOR('',#3833,1.);
#454=VECTOR('',#3836,1.);
#455=VECTOR('',#3839,1.);
#456=VECTOR('',#3842,1.);
#457=VECTOR('',#3845,1.);
#458=VECTOR('',#3848,1.);
#459=VECTOR('',#3851,1.);
#460=VECTOR('',#3854,1.);
#461=VECTOR('',#3857,1.);
#462=VECTOR('',#3860,1.);
#463=VECTOR('',#3863,1.);
#464=VECTOR('',#3866,1.);
#465=VECTOR('',#3869,1.);
#466=VECTOR('',#3872,1.);
#467=VECTOR('',#3875,1.);
#468=VECTOR('',#3878,1.);
#469=VECTOR('',#3881,1.);
#470=VECTOR('',#3884,1.);
#471=VECTOR('',#3887,1.);
#472=VECTOR('',#3890,1.);
#473=VECTOR('',#3893,1.);
#474=VECTOR('',#3896,1.);
#475=VECTOR('',#3899,1.);
#476=VECTOR('',#3902,1.);
#477=VECTOR('',#3905,1.);
#478=VECTOR('',#3908,1.);
#479=VECTOR('',#3911,1.);
#480=VECTOR('',#3914,1.);
#481=VECTOR('',#3917,1.);
#482=VECTOR('',#3920,1.);
#483=VECTOR('',#3923,1.);
#484=VECTOR('',#3926,1.);
#485=VECTOR('',#3929,1.);
#486=VECTOR('',#3932,1.);
#487=VECTOR('',#3935,1.);
#488=VECTOR('',#3938,1.);
#489=VECTOR('',#3941,1.);
#490=VECTOR('',#3944,1.);
#491=VECTOR('',#3947,1.);
#492=VECTOR('',#3950,1.);
#493=VECTOR('',#3953,1.);
#494=VECTOR('',#3968,1.);
#495=VECTOR('',#3971,1.);
#496=VECTOR('',#3974,1.);
#497=VECTOR('',#3977,1.);
#498=VECTOR('',#3980,1.);
#499=VECTOR('',#3983,1.);
#500=VECTOR('',#3986,1.);
#501=VECTOR('',#3989,1.);
#502=VECTOR('',#3992,1.);
#503=VECTOR('',#3995,1.);
#504=VECTOR('',#3998,1.);
#505=VECTOR('',#4001,1.);
#506=VECTOR('',#4004,1.);
#507=VECTOR('',#4007,1.);
#508=VECTOR('',#4010,1.);
#509=VECTOR('',#4013,1.);
#510=VECTOR('',#4016,1.);
#511=VECTOR('',#4019,1.);
#512=VECTOR('',#4022,1.);
#513=VECTOR('',#4025,1.);
#514=VECTOR('',#4028,1.);
#515=VECTOR('',#4031,1.);
#516=VECTOR('',#4034,1.);
#517=VECTOR('',#4037,1.);
#518=VECTOR('',#4040,1.);
#519=VECTOR('',#4043,1.);
#520=VECTOR('',#4046,1.);
#521=VECTOR('',#4049,1.);
#522=VECTOR('',#4052,1.);
#523=VECTOR('',#4055,1.);
#524=VECTOR('',#4058,1.);
#525=VECTOR('',#4061,1.);
#526=VECTOR('',#4064,1.);
#527=VECTOR('',#4065,1.);
#528=VECTOR('',#4066,1.);
#529=VECTOR('',#4069,1.);
#530=VECTOR('',#4072,1.);
#531=VECTOR('',#4075,1.);
#532=VECTOR('',#4078,1.);
#533=VECTOR('',#4081,1.);
#534=VECTOR('',#4084,1.);
#535=VECTOR('',#4087,1.);
#536=VECTOR('',#4090,1.);
#537=VECTOR('',#4093,1.);
#538=VECTOR('',#4096,1.);
#539=VECTOR('',#4099,1.);
#540=VECTOR('',#4102,1.);
#541=VECTOR('',#4105,1.);
#542=VECTOR('',#4108,1.);
#543=VECTOR('',#4111,1.);
#544=VECTOR('',#4114,1.);
#545=VECTOR('',#4117,1.);
#546=VECTOR('',#4120,1.);
#547=VECTOR('',#4123,1.);
#548=VECTOR('',#4126,1.);
#549=VECTOR('',#4129,1.);
#550=VECTOR('',#4132,1.);
#551=VECTOR('',#4135,1.);
#552=VECTOR('',#4138,1.);
#553=VECTOR('',#4141,1.);
#554=VECTOR('',#4144,1.);
#555=VECTOR('',#4147,1.);
#556=VECTOR('',#4150,1.);
#557=VECTOR('',#4153,1.);
#558=VECTOR('',#4156,1.);
#559=VECTOR('',#4159,1.);
#560=VECTOR('',#4162,1.);
#561=VECTOR('',#4165,1.);
#562=VECTOR('',#4168,1.);
#563=VECTOR('',#4171,1.);
#564=VECTOR('',#4174,1.);
#565=VECTOR('',#4177,1.);
#566=VECTOR('',#4180,1.);
#567=VECTOR('',#4183,1.);
#568=VECTOR('',#4186,1.);
#569=VECTOR('',#4189,1.);
#570=VECTOR('',#4192,1.);
#571=VECTOR('',#4195,1.);
#572=VECTOR('',#4202,1.);
#573=VECTOR('',#4205,1.);
#574=VECTOR('',#4206,1.);
#575=VECTOR('',#4209,1.);
#576=VECTOR('',#4210,1.);
#577=VECTOR('',#4213,1.);
#578=VECTOR('',#4214,1.);
#579=VECTOR('',#4219,1.);
#580=VECTOR('',#4222,1.);
#581=VECTOR('',#4223,1.);
#582=VECTOR('',#4226,1.);
#583=VECTOR('',#4229,1.);
#584=VECTOR('',#4232,1.);
#585=VECTOR('',#4235,1.);
#586=VECTOR('',#4238,1.);
#587=VECTOR('',#4243,1.);
#588=VECTOR('',#4244,1.);
#589=VECTOR('',#4247,1.);
#590=VECTOR('',#4250,1.);
#591=VECTOR('',#4253,1.);
#592=VECTOR('',#4256,1.);
#593=VECTOR('',#4259,1.);
#594=VECTOR('',#4262,1.);
#595=VECTOR('',#4267,1.);
#596=VECTOR('',#4268,1.);
#597=VECTOR('',#4271,1.);
#598=VECTOR('',#4274,1.);
#599=VECTOR('',#4277,1.);
#600=VECTOR('',#4280,1.);
#601=VECTOR('',#4283,1.);
#602=VECTOR('',#4286,1.);
#603=VECTOR('',#4291,1.);
#604=VECTOR('',#4292,1.);
#605=VECTOR('',#4295,1.);
#606=VECTOR('',#4298,1.);
#607=VECTOR('',#4301,1.);
#608=VECTOR('',#4304,1.);
#609=VECTOR('',#4307,1.);
#610=VECTOR('',#4310,1.);
#611=VECTOR('',#4315,1.);
#612=VECTOR('',#4316,1.);
#613=VECTOR('',#4319,1.);
#614=VECTOR('',#4322,1.);
#615=VECTOR('',#4325,1.);
#616=VECTOR('',#4328,1.);
#617=VECTOR('',#4331,1.);
#618=VECTOR('',#4334,1.);
#619=VECTOR('',#4339,1.);
#620=VECTOR('',#4340,1.);
#621=VECTOR('',#4343,1.);
#622=VECTOR('',#4346,1.);
#623=VECTOR('',#4349,1.);
#624=VECTOR('',#4352,1.);
#625=VECTOR('',#4355,1.);
#626=VECTOR('',#4358,1.);
#627=VECTOR('',#4363,1.);
#628=VECTOR('',#4364,1.);
#629=VECTOR('',#4367,1.);
#630=VECTOR('',#4370,1.);
#631=VECTOR('',#4373,1.);
#632=VECTOR('',#4376,1.);
#633=VECTOR('',#4379,1.);
#634=VECTOR('',#4382,1.);
#635=VECTOR('',#4387,1.);
#636=VECTOR('',#4388,1.);
#637=VECTOR('',#4391,1.);
#638=VECTOR('',#4394,1.);
#639=VECTOR('',#4397,1.);
#640=VECTOR('',#4400,1.);
#641=VECTOR('',#4403,1.);
#642=VECTOR('',#4406,1.);
#643=VECTOR('',#4411,1.);
#644=VECTOR('',#4412,1.);
#645=VECTOR('',#4415,1.);
#646=VECTOR('',#4418,1.);
#647=VECTOR('',#4421,1.);
#648=VECTOR('',#4424,1.);
#649=VECTOR('',#4427,1.);
#650=VECTOR('',#4430,1.);
#651=VECTOR('',#4435,1.);
#652=VECTOR('',#4436,1.);
#653=VECTOR('',#4439,1.);
#654=VECTOR('',#4442,1.);
#655=VECTOR('',#4445,1.);
#656=VECTOR('',#4448,1.);
#657=VECTOR('',#4451,1.);
#658=VECTOR('',#4454,1.);
#659=VECTOR('',#4459,1.);
#660=VECTOR('',#4460,1.);
#661=VECTOR('',#4463,1.);
#662=VECTOR('',#4466,1.);
#663=VECTOR('',#4469,1.);
#664=VECTOR('',#4472,1.);
#665=VECTOR('',#4475,1.);
#666=VECTOR('',#4478,1.);
#667=VECTOR('',#4483,1.);
#668=VECTOR('',#4484,1.);
#669=VECTOR('',#4487,1.);
#670=VECTOR('',#4490,1.);
#671=VECTOR('',#4493,1.);
#672=VECTOR('',#4496,1.);
#673=VECTOR('',#4499,1.);
#674=VECTOR('',#4502,1.);
#675=VECTOR('',#4507,1.);
#676=VECTOR('',#4508,1.);
#677=VECTOR('',#4511,1.);
#678=VECTOR('',#4514,1.);
#679=VECTOR('',#4517,1.);
#680=VECTOR('',#4520,1.);
#681=VECTOR('',#4523,1.);
#682=VECTOR('',#4526,1.);
#683=VECTOR('',#4531,1.);
#684=VECTOR('',#4532,1.);
#685=VECTOR('',#4535,1.);
#686=VECTOR('',#4538,1.);
#687=VECTOR('',#4541,1.);
#688=VECTOR('',#4544,1.);
#689=VECTOR('',#4547,1.);
#690=VECTOR('',#4550,1.);
#691=VECTOR('',#4555,1.);
#692=VECTOR('',#4556,1.);
#693=VECTOR('',#4559,1.);
#694=VECTOR('',#4562,1.);
#695=VECTOR('',#4565,1.);
#696=VECTOR('',#4568,1.);
#697=VECTOR('',#4571,1.);
#698=VECTOR('',#4574,1.);
#699=VECTOR('',#4579,1.);
#700=VECTOR('',#4580,1.);
#701=VECTOR('',#4583,1.);
#702=VECTOR('',#4586,1.);
#703=VECTOR('',#4589,1.);
#704=VECTOR('',#4592,1.);
#705=VECTOR('',#4595,1.);
#706=VECTOR('',#4598,1.);
#707=VECTOR('',#4603,1.);
#708=VECTOR('',#4604,1.);
#709=VECTOR('',#4607,1.);
#710=VECTOR('',#4610,1.);
#711=VECTOR('',#4613,1.);
#712=VECTOR('',#4616,1.);
#713=VECTOR('',#4619,1.);
#714=VECTOR('',#4622,1.);
#715=VECTOR('',#4627,1.);
#716=VECTOR('',#4628,1.);
#717=VECTOR('',#4631,1.);
#718=VECTOR('',#4634,1.);
#719=VECTOR('',#4637,1.);
#720=VECTOR('',#4640,1.);
#721=VECTOR('',#4643,1.);
#722=VECTOR('',#4646,1.);
#723=ORIENTED_EDGE('',*,*,#1689,.F.);
#724=ORIENTED_EDGE('',*,*,#1690,.F.);
#725=ORIENTED_EDGE('',*,*,#1691,.T.);
#726=ORIENTED_EDGE('',*,*,#1692,.T.);
#727=ORIENTED_EDGE('',*,*,#1693,.F.);
#728=ORIENTED_EDGE('',*,*,#1694,.F.);
#729=ORIENTED_EDGE('',*,*,#1695,.T.);
#730=ORIENTED_EDGE('',*,*,#1696,.T.);
#731=ORIENTED_EDGE('',*,*,#1697,.T.);
#732=ORIENTED_EDGE('',*,*,#1698,.T.);
#733=ORIENTED_EDGE('',*,*,#1699,.T.);
#734=ORIENTED_EDGE('',*,*,#1700,.T.);
#735=ORIENTED_EDGE('',*,*,#1701,.T.);
#736=ORIENTED_EDGE('',*,*,#1702,.F.);
#737=ORIENTED_EDGE('',*,*,#1703,.T.);
#738=ORIENTED_EDGE('',*,*,#1704,.F.);
#739=ORIENTED_EDGE('',*,*,#1705,.T.);
#740=ORIENTED_EDGE('',*,*,#1706,.F.);
#741=ORIENTED_EDGE('',*,*,#1707,.F.);
#742=ORIENTED_EDGE('',*,*,#1708,.F.);
#743=ORIENTED_EDGE('',*,*,#1709,.F.);
#744=ORIENTED_EDGE('',*,*,#1710,.F.);
#745=ORIENTED_EDGE('',*,*,#1711,.T.);
#746=ORIENTED_EDGE('',*,*,#1712,.F.);
#747=ORIENTED_EDGE('',*,*,#1692,.F.);
#748=ORIENTED_EDGE('',*,*,#1713,.T.);
#749=ORIENTED_EDGE('',*,*,#1714,.T.);
#750=ORIENTED_EDGE('',*,*,#1715,.T.);
#751=ORIENTED_EDGE('',*,*,#1716,.T.);
#752=ORIENTED_EDGE('',*,*,#1717,.T.);
#753=ORIENTED_EDGE('',*,*,#1718,.F.);
#754=ORIENTED_EDGE('',*,*,#1719,.T.);
#755=ORIENTED_EDGE('',*,*,#1720,.F.);
#756=ORIENTED_EDGE('',*,*,#1721,.F.);
#757=ORIENTED_EDGE('',*,*,#1722,.T.);
#758=ORIENTED_EDGE('',*,*,#1723,.F.);
#759=ORIENTED_EDGE('',*,*,#1724,.T.);
#760=ORIENTED_EDGE('',*,*,#1725,.F.);
#761=ORIENTED_EDGE('',*,*,#1726,.F.);
#762=ORIENTED_EDGE('',*,*,#1727,.F.);
#763=ORIENTED_EDGE('',*,*,#1728,.F.);
#764=ORIENTED_EDGE('',*,*,#1729,.F.);
#765=ORIENTED_EDGE('',*,*,#1730,.T.);
#766=ORIENTED_EDGE('',*,*,#1731,.F.);
#767=ORIENTED_EDGE('',*,*,#1732,.T.);
#768=ORIENTED_EDGE('',*,*,#1733,.F.);
#769=ORIENTED_EDGE('',*,*,#1734,.F.);
#770=ORIENTED_EDGE('',*,*,#1735,.F.);
#771=ORIENTED_EDGE('',*,*,#1736,.F.);
#772=ORIENTED_EDGE('',*,*,#1737,.F.);
#773=ORIENTED_EDGE('',*,*,#1738,.T.);
#774=ORIENTED_EDGE('',*,*,#1739,.F.);
#775=ORIENTED_EDGE('',*,*,#1740,.T.);
#776=ORIENTED_EDGE('',*,*,#1741,.F.);
#777=ORIENTED_EDGE('',*,*,#1742,.F.);
#778=ORIENTED_EDGE('',*,*,#1743,.F.);
#779=ORIENTED_EDGE('',*,*,#1744,.F.);
#780=ORIENTED_EDGE('',*,*,#1745,.F.);
#781=ORIENTED_EDGE('',*,*,#1746,.T.);
#782=ORIENTED_EDGE('',*,*,#1747,.F.);
#783=ORIENTED_EDGE('',*,*,#1748,.T.);
#784=ORIENTED_EDGE('',*,*,#1749,.F.);
#785=ORIENTED_EDGE('',*,*,#1750,.F.);
#786=ORIENTED_EDGE('',*,*,#1751,.F.);
#787=ORIENTED_EDGE('',*,*,#1752,.F.);
#788=ORIENTED_EDGE('',*,*,#1753,.F.);
#789=ORIENTED_EDGE('',*,*,#1754,.T.);
#790=ORIENTED_EDGE('',*,*,#1755,.F.);
#791=ORIENTED_EDGE('',*,*,#1756,.T.);
#792=ORIENTED_EDGE('',*,*,#1757,.F.);
#793=ORIENTED_EDGE('',*,*,#1758,.F.);
#794=ORIENTED_EDGE('',*,*,#1759,.F.);
#795=ORIENTED_EDGE('',*,*,#1760,.F.);
#796=ORIENTED_EDGE('',*,*,#1761,.F.);
#797=ORIENTED_EDGE('',*,*,#1762,.T.);
#798=ORIENTED_EDGE('',*,*,#1763,.F.);
#799=ORIENTED_EDGE('',*,*,#1764,.T.);
#800=ORIENTED_EDGE('',*,*,#1765,.F.);
#801=ORIENTED_EDGE('',*,*,#1766,.F.);
#802=ORIENTED_EDGE('',*,*,#1767,.F.);
#803=ORIENTED_EDGE('',*,*,#1768,.F.);
#804=ORIENTED_EDGE('',*,*,#1769,.F.);
#805=ORIENTED_EDGE('',*,*,#1770,.T.);
#806=ORIENTED_EDGE('',*,*,#1771,.F.);
#807=ORIENTED_EDGE('',*,*,#1772,.T.);
#808=ORIENTED_EDGE('',*,*,#1773,.F.);
#809=ORIENTED_EDGE('',*,*,#1774,.F.);
#810=ORIENTED_EDGE('',*,*,#1775,.F.);
#811=ORIENTED_EDGE('',*,*,#1776,.F.);
#812=ORIENTED_EDGE('',*,*,#1777,.F.);
#813=ORIENTED_EDGE('',*,*,#1778,.T.);
#814=ORIENTED_EDGE('',*,*,#1779,.F.);
#815=ORIENTED_EDGE('',*,*,#1780,.T.);
#816=ORIENTED_EDGE('',*,*,#1781,.F.);
#817=ORIENTED_EDGE('',*,*,#1782,.F.);
#818=ORIENTED_EDGE('',*,*,#1783,.F.);
#819=ORIENTED_EDGE('',*,*,#1784,.F.);
#820=ORIENTED_EDGE('',*,*,#1785,.F.);
#821=ORIENTED_EDGE('',*,*,#1786,.T.);
#822=ORIENTED_EDGE('',*,*,#1787,.F.);
#823=ORIENTED_EDGE('',*,*,#1788,.T.);
#824=ORIENTED_EDGE('',*,*,#1789,.F.);
#825=ORIENTED_EDGE('',*,*,#1790,.F.);
#826=ORIENTED_EDGE('',*,*,#1791,.F.);
#827=ORIENTED_EDGE('',*,*,#1792,.F.);
#828=ORIENTED_EDGE('',*,*,#1793,.F.);
#829=ORIENTED_EDGE('',*,*,#1794,.T.);
#830=ORIENTED_EDGE('',*,*,#1795,.F.);
#831=ORIENTED_EDGE('',*,*,#1796,.T.);
#832=ORIENTED_EDGE('',*,*,#1797,.F.);
#833=ORIENTED_EDGE('',*,*,#1798,.F.);
#834=ORIENTED_EDGE('',*,*,#1799,.F.);
#835=ORIENTED_EDGE('',*,*,#1800,.F.);
#836=ORIENTED_EDGE('',*,*,#1801,.F.);
#837=ORIENTED_EDGE('',*,*,#1802,.T.);
#838=ORIENTED_EDGE('',*,*,#1803,.F.);
#839=ORIENTED_EDGE('',*,*,#1804,.T.);
#840=ORIENTED_EDGE('',*,*,#1805,.F.);
#841=ORIENTED_EDGE('',*,*,#1806,.F.);
#842=ORIENTED_EDGE('',*,*,#1807,.F.);
#843=ORIENTED_EDGE('',*,*,#1808,.F.);
#844=ORIENTED_EDGE('',*,*,#1809,.F.);
#845=ORIENTED_EDGE('',*,*,#1810,.T.);
#846=ORIENTED_EDGE('',*,*,#1811,.F.);
#847=ORIENTED_EDGE('',*,*,#1812,.T.);
#848=ORIENTED_EDGE('',*,*,#1813,.F.);
#849=ORIENTED_EDGE('',*,*,#1814,.F.);
#850=ORIENTED_EDGE('',*,*,#1815,.F.);
#851=ORIENTED_EDGE('',*,*,#1816,.F.);
#852=ORIENTED_EDGE('',*,*,#1817,.F.);
#853=ORIENTED_EDGE('',*,*,#1818,.T.);
#854=ORIENTED_EDGE('',*,*,#1819,.F.);
#855=ORIENTED_EDGE('',*,*,#1820,.T.);
#856=ORIENTED_EDGE('',*,*,#1821,.F.);
#857=ORIENTED_EDGE('',*,*,#1822,.F.);
#858=ORIENTED_EDGE('',*,*,#1823,.F.);
#859=ORIENTED_EDGE('',*,*,#1824,.F.);
#860=ORIENTED_EDGE('',*,*,#1825,.F.);
#861=ORIENTED_EDGE('',*,*,#1826,.T.);
#862=ORIENTED_EDGE('',*,*,#1827,.F.);
#863=ORIENTED_EDGE('',*,*,#1828,.T.);
#864=ORIENTED_EDGE('',*,*,#1829,.F.);
#865=ORIENTED_EDGE('',*,*,#1830,.F.);
#866=ORIENTED_EDGE('',*,*,#1831,.F.);
#867=ORIENTED_EDGE('',*,*,#1832,.F.);
#868=ORIENTED_EDGE('',*,*,#1833,.F.);
#869=ORIENTED_EDGE('',*,*,#1834,.T.);
#870=ORIENTED_EDGE('',*,*,#1835,.F.);
#871=ORIENTED_EDGE('',*,*,#1836,.T.);
#872=ORIENTED_EDGE('',*,*,#1837,.F.);
#873=ORIENTED_EDGE('',*,*,#1838,.F.);
#874=ORIENTED_EDGE('',*,*,#1839,.F.);
#875=ORIENTED_EDGE('',*,*,#1840,.F.);
#876=ORIENTED_EDGE('',*,*,#1841,.F.);
#877=ORIENTED_EDGE('',*,*,#1842,.T.);
#878=ORIENTED_EDGE('',*,*,#1843,.F.);
#879=ORIENTED_EDGE('',*,*,#1844,.T.);
#880=ORIENTED_EDGE('',*,*,#1845,.F.);
#881=ORIENTED_EDGE('',*,*,#1846,.F.);
#882=ORIENTED_EDGE('',*,*,#1847,.F.);
#883=ORIENTED_EDGE('',*,*,#1848,.F.);
#884=ORIENTED_EDGE('',*,*,#1849,.F.);
#885=ORIENTED_EDGE('',*,*,#1850,.T.);
#886=ORIENTED_EDGE('',*,*,#1851,.F.);
#887=ORIENTED_EDGE('',*,*,#1852,.T.);
#888=ORIENTED_EDGE('',*,*,#1853,.F.);
#889=ORIENTED_EDGE('',*,*,#1854,.F.);
#890=ORIENTED_EDGE('',*,*,#1855,.F.);
#891=ORIENTED_EDGE('',*,*,#1856,.F.);
#892=ORIENTED_EDGE('',*,*,#1857,.F.);
#893=ORIENTED_EDGE('',*,*,#1858,.F.);
#894=ORIENTED_EDGE('',*,*,#1859,.F.);
#895=ORIENTED_EDGE('',*,*,#1860,.F.);
#896=ORIENTED_EDGE('',*,*,#1861,.F.);
#897=ORIENTED_EDGE('',*,*,#1862,.F.);
#898=ORIENTED_EDGE('',*,*,#1863,.F.);
#899=ORIENTED_EDGE('',*,*,#1864,.T.);
#900=ORIENTED_EDGE('',*,*,#1865,.T.);
#901=ORIENTED_EDGE('',*,*,#1866,.T.);
#902=ORIENTED_EDGE('',*,*,#1867,.T.);
#903=ORIENTED_EDGE('',*,*,#1868,.T.);
#904=ORIENTED_EDGE('',*,*,#1869,.F.);
#905=ORIENTED_EDGE('',*,*,#1870,.T.);
#906=ORIENTED_EDGE('',*,*,#1871,.F.);
#907=ORIENTED_EDGE('',*,*,#1872,.T.);
#908=ORIENTED_EDGE('',*,*,#1873,.T.);
#909=ORIENTED_EDGE('',*,*,#1874,.T.);
#910=ORIENTED_EDGE('',*,*,#1875,.T.);
#911=ORIENTED_EDGE('',*,*,#1876,.T.);
#912=ORIENTED_EDGE('',*,*,#1877,.F.);
#913=ORIENTED_EDGE('',*,*,#1878,.T.);
#914=ORIENTED_EDGE('',*,*,#1879,.F.);
#915=ORIENTED_EDGE('',*,*,#1880,.T.);
#916=ORIENTED_EDGE('',*,*,#1881,.T.);
#917=ORIENTED_EDGE('',*,*,#1882,.T.);
#918=ORIENTED_EDGE('',*,*,#1883,.T.);
#919=ORIENTED_EDGE('',*,*,#1884,.T.);
#920=ORIENTED_EDGE('',*,*,#1885,.F.);
#921=ORIENTED_EDGE('',*,*,#1886,.T.);
#922=ORIENTED_EDGE('',*,*,#1887,.F.);
#923=ORIENTED_EDGE('',*,*,#1888,.T.);
#924=ORIENTED_EDGE('',*,*,#1889,.T.);
#925=ORIENTED_EDGE('',*,*,#1890,.T.);
#926=ORIENTED_EDGE('',*,*,#1891,.T.);
#927=ORIENTED_EDGE('',*,*,#1892,.T.);
#928=ORIENTED_EDGE('',*,*,#1893,.F.);
#929=ORIENTED_EDGE('',*,*,#1894,.T.);
#930=ORIENTED_EDGE('',*,*,#1895,.F.);
#931=ORIENTED_EDGE('',*,*,#1896,.T.);
#932=ORIENTED_EDGE('',*,*,#1897,.T.);
#933=ORIENTED_EDGE('',*,*,#1898,.T.);
#934=ORIENTED_EDGE('',*,*,#1899,.T.);
#935=ORIENTED_EDGE('',*,*,#1900,.T.);
#936=ORIENTED_EDGE('',*,*,#1901,.F.);
#937=ORIENTED_EDGE('',*,*,#1902,.T.);
#938=ORIENTED_EDGE('',*,*,#1903,.F.);
#939=ORIENTED_EDGE('',*,*,#1904,.T.);
#940=ORIENTED_EDGE('',*,*,#1905,.T.);
#941=ORIENTED_EDGE('',*,*,#1906,.T.);
#942=ORIENTED_EDGE('',*,*,#1907,.T.);
#943=ORIENTED_EDGE('',*,*,#1908,.T.);
#944=ORIENTED_EDGE('',*,*,#1909,.F.);
#945=ORIENTED_EDGE('',*,*,#1910,.T.);
#946=ORIENTED_EDGE('',*,*,#1911,.F.);
#947=ORIENTED_EDGE('',*,*,#1912,.T.);
#948=ORIENTED_EDGE('',*,*,#1913,.T.);
#949=ORIENTED_EDGE('',*,*,#1914,.T.);
#950=ORIENTED_EDGE('',*,*,#1915,.T.);
#951=ORIENTED_EDGE('',*,*,#1916,.T.);
#952=ORIENTED_EDGE('',*,*,#1917,.F.);
#953=ORIENTED_EDGE('',*,*,#1918,.T.);
#954=ORIENTED_EDGE('',*,*,#1919,.F.);
#955=ORIENTED_EDGE('',*,*,#1920,.T.);
#956=ORIENTED_EDGE('',*,*,#1921,.T.);
#957=ORIENTED_EDGE('',*,*,#1922,.T.);
#958=ORIENTED_EDGE('',*,*,#1923,.T.);
#959=ORIENTED_EDGE('',*,*,#1924,.T.);
#960=ORIENTED_EDGE('',*,*,#1925,.F.);
#961=ORIENTED_EDGE('',*,*,#1926,.T.);
#962=ORIENTED_EDGE('',*,*,#1927,.F.);
#963=ORIENTED_EDGE('',*,*,#1928,.T.);
#964=ORIENTED_EDGE('',*,*,#1929,.T.);
#965=ORIENTED_EDGE('',*,*,#1930,.T.);
#966=ORIENTED_EDGE('',*,*,#1931,.T.);
#967=ORIENTED_EDGE('',*,*,#1932,.T.);
#968=ORIENTED_EDGE('',*,*,#1933,.F.);
#969=ORIENTED_EDGE('',*,*,#1934,.T.);
#970=ORIENTED_EDGE('',*,*,#1935,.F.);
#971=ORIENTED_EDGE('',*,*,#1936,.T.);
#972=ORIENTED_EDGE('',*,*,#1690,.T.);
#973=ORIENTED_EDGE('',*,*,#1937,.F.);
#974=ORIENTED_EDGE('',*,*,#1695,.F.);
#975=ORIENTED_EDGE('',*,*,#1938,.T.);
#976=ORIENTED_EDGE('',*,*,#1939,.T.);
#977=ORIENTED_EDGE('',*,*,#1940,.T.);
#978=ORIENTED_EDGE('',*,*,#1941,.T.);
#979=ORIENTED_EDGE('',*,*,#1942,.T.);
#980=ORIENTED_EDGE('',*,*,#1943,.F.);
#981=ORIENTED_EDGE('',*,*,#1944,.T.);
#982=ORIENTED_EDGE('',*,*,#1945,.F.);
#983=ORIENTED_EDGE('',*,*,#1946,.T.);
#984=ORIENTED_EDGE('',*,*,#1947,.T.);
#985=ORIENTED_EDGE('',*,*,#1948,.T.);
#986=ORIENTED_EDGE('',*,*,#1949,.T.);
#987=ORIENTED_EDGE('',*,*,#1950,.T.);
#988=ORIENTED_EDGE('',*,*,#1951,.F.);
#989=ORIENTED_EDGE('',*,*,#1952,.T.);
#990=ORIENTED_EDGE('',*,*,#1953,.F.);
#991=ORIENTED_EDGE('',*,*,#1954,.T.);
#992=ORIENTED_EDGE('',*,*,#1955,.T.);
#993=ORIENTED_EDGE('',*,*,#1956,.T.);
#994=ORIENTED_EDGE('',*,*,#1957,.T.);
#995=ORIENTED_EDGE('',*,*,#1958,.T.);
#996=ORIENTED_EDGE('',*,*,#1959,.F.);
#997=ORIENTED_EDGE('',*,*,#1960,.T.);
#998=ORIENTED_EDGE('',*,*,#1961,.F.);
#999=ORIENTED_EDGE('',*,*,#1962,.T.);
#1000=ORIENTED_EDGE('',*,*,#1963,.T.);
#1001=ORIENTED_EDGE('',*,*,#1964,.T.);
#1002=ORIENTED_EDGE('',*,*,#1965,.T.);
#1003=ORIENTED_EDGE('',*,*,#1966,.T.);
#1004=ORIENTED_EDGE('',*,*,#1967,.F.);
#1005=ORIENTED_EDGE('',*,*,#1968,.T.);
#1006=ORIENTED_EDGE('',*,*,#1969,.F.);
#1007=ORIENTED_EDGE('',*,*,#1970,.T.);
#1008=ORIENTED_EDGE('',*,*,#1971,.T.);
#1009=ORIENTED_EDGE('',*,*,#1972,.T.);
#1010=ORIENTED_EDGE('',*,*,#1973,.T.);
#1011=ORIENTED_EDGE('',*,*,#1974,.T.);
#1012=ORIENTED_EDGE('',*,*,#1975,.F.);
#1013=ORIENTED_EDGE('',*,*,#1976,.T.);
#1014=ORIENTED_EDGE('',*,*,#1977,.F.);
#1015=ORIENTED_EDGE('',*,*,#1978,.T.);
#1016=ORIENTED_EDGE('',*,*,#1979,.T.);
#1017=ORIENTED_EDGE('',*,*,#1980,.T.);
#1018=ORIENTED_EDGE('',*,*,#1981,.T.);
#1019=ORIENTED_EDGE('',*,*,#1982,.T.);
#1020=ORIENTED_EDGE('',*,*,#1983,.F.);
#1021=ORIENTED_EDGE('',*,*,#1984,.T.);
#1022=ORIENTED_EDGE('',*,*,#1985,.F.);
#1023=ORIENTED_EDGE('',*,*,#1986,.T.);
#1024=ORIENTED_EDGE('',*,*,#1987,.T.);
#1025=ORIENTED_EDGE('',*,*,#1988,.T.);
#1026=ORIENTED_EDGE('',*,*,#1989,.T.);
#1027=ORIENTED_EDGE('',*,*,#1990,.T.);
#1028=ORIENTED_EDGE('',*,*,#1991,.F.);
#1029=ORIENTED_EDGE('',*,*,#1992,.T.);
#1030=ORIENTED_EDGE('',*,*,#1993,.F.);
#1031=ORIENTED_EDGE('',*,*,#1994,.T.);
#1032=ORIENTED_EDGE('',*,*,#1995,.T.);
#1033=ORIENTED_EDGE('',*,*,#1996,.T.);
#1034=ORIENTED_EDGE('',*,*,#1997,.T.);
#1035=ORIENTED_EDGE('',*,*,#1998,.T.);
#1036=ORIENTED_EDGE('',*,*,#1999,.F.);
#1037=ORIENTED_EDGE('',*,*,#2000,.T.);
#1038=ORIENTED_EDGE('',*,*,#2001,.F.);
#1039=ORIENTED_EDGE('',*,*,#2002,.T.);
#1040=ORIENTED_EDGE('',*,*,#2003,.T.);
#1041=ORIENTED_EDGE('',*,*,#2004,.T.);
#1042=ORIENTED_EDGE('',*,*,#2005,.T.);
#1043=ORIENTED_EDGE('',*,*,#2006,.T.);
#1044=ORIENTED_EDGE('',*,*,#2007,.F.);
#1045=ORIENTED_EDGE('',*,*,#2008,.T.);
#1046=ORIENTED_EDGE('',*,*,#2009,.F.);
#1047=ORIENTED_EDGE('',*,*,#2010,.T.);
#1048=ORIENTED_EDGE('',*,*,#2011,.T.);
#1049=ORIENTED_EDGE('',*,*,#2012,.T.);
#1050=ORIENTED_EDGE('',*,*,#2013,.T.);
#1051=ORIENTED_EDGE('',*,*,#2014,.T.);
#1052=ORIENTED_EDGE('',*,*,#2015,.F.);
#1053=ORIENTED_EDGE('',*,*,#2016,.T.);
#1054=ORIENTED_EDGE('',*,*,#2017,.F.);
#1055=ORIENTED_EDGE('',*,*,#1720,.T.);
#1056=ORIENTED_EDGE('',*,*,#2018,.T.);
#1057=ORIENTED_EDGE('',*,*,#1929,.F.);
#1058=ORIENTED_EDGE('',*,*,#1935,.T.);
#1059=ORIENTED_EDGE('',*,*,#2019,.T.);
#1060=ORIENTED_EDGE('',*,*,#1714,.F.);
#1061=ORIENTED_EDGE('',*,*,#2020,.T.);
#1062=ORIENTED_EDGE('',*,*,#1933,.T.);
#1063=ORIENTED_EDGE('',*,*,#2021,.T.);
#1064=ORIENTED_EDGE('',*,*,#1716,.F.);
#1065=ORIENTED_EDGE('',*,*,#2022,.T.);
#1066=ORIENTED_EDGE('',*,*,#1931,.F.);
#1067=ORIENTED_EDGE('',*,*,#2023,.T.);
#1068=ORIENTED_EDGE('',*,*,#1718,.T.);
#1069=ORIENTED_EDGE('',*,*,#2024,.T.);
#1070=ORIENTED_EDGE('',*,*,#2025,.F.);
#1071=ORIENTED_EDGE('',*,*,#1927,.T.);
#1072=ORIENTED_EDGE('',*,*,#2026,.T.);
#1073=ORIENTED_EDGE('',*,*,#1703,.F.);
#1074=ORIENTED_EDGE('',*,*,#1694,.T.);
#1075=ORIENTED_EDGE('',*,*,#2027,.T.);
#1076=ORIENTED_EDGE('',*,*,#2028,.F.);
#1077=ORIENTED_EDGE('',*,*,#1710,.T.);
#1078=ORIENTED_EDGE('',*,*,#2029,.F.);
#1079=ORIENTED_EDGE('',*,*,#1938,.F.);
#1080=ORIENTED_EDGE('',*,*,#2029,.T.);
#1081=ORIENTED_EDGE('',*,*,#1709,.T.);
#1082=ORIENTED_EDGE('',*,*,#2030,.F.);
#1083=ORIENTED_EDGE('',*,*,#1939,.F.);
#1084=ORIENTED_EDGE('',*,*,#2030,.T.);
#1085=ORIENTED_EDGE('',*,*,#1708,.T.);
#1086=ORIENTED_EDGE('',*,*,#2031,.F.);
#1087=ORIENTED_EDGE('',*,*,#1940,.F.);
#1088=ORIENTED_EDGE('',*,*,#2031,.T.);
#1089=ORIENTED_EDGE('',*,*,#1707,.T.);
#1090=ORIENTED_EDGE('',*,*,#2032,.F.);
#1091=ORIENTED_EDGE('',*,*,#1941,.F.);
#1092=ORIENTED_EDGE('',*,*,#2032,.T.);
#1093=ORIENTED_EDGE('',*,*,#1706,.T.);
#1094=ORIENTED_EDGE('',*,*,#2033,.F.);
#1095=ORIENTED_EDGE('',*,*,#1942,.F.);
#1096=ORIENTED_EDGE('',*,*,#1943,.T.);
#1097=ORIENTED_EDGE('',*,*,#2033,.T.);
#1098=ORIENTED_EDGE('',*,*,#1705,.F.);
#1099=ORIENTED_EDGE('',*,*,#2034,.F.);
#1100=ORIENTED_EDGE('',*,*,#2034,.T.);
#1101=ORIENTED_EDGE('',*,*,#1704,.T.);
#1102=ORIENTED_EDGE('',*,*,#2026,.F.);
#1103=ORIENTED_EDGE('',*,*,#1944,.F.);
#1104=ORIENTED_EDGE('',*,*,#1945,.T.);
#1105=ORIENTED_EDGE('',*,*,#2035,.T.);
#1106=ORIENTED_EDGE('',*,*,#1722,.F.);
#1107=ORIENTED_EDGE('',*,*,#2036,.F.);
#1108=ORIENTED_EDGE('',*,*,#2036,.T.);
#1109=ORIENTED_EDGE('',*,*,#1721,.T.);
#1110=ORIENTED_EDGE('',*,*,#2037,.F.);
#1111=ORIENTED_EDGE('',*,*,#1946,.F.);
#1112=ORIENTED_EDGE('',*,*,#2037,.T.);
#1113=ORIENTED_EDGE('',*,*,#1728,.T.);
#1114=ORIENTED_EDGE('',*,*,#2038,.F.);
#1115=ORIENTED_EDGE('',*,*,#1947,.F.);
#1116=ORIENTED_EDGE('',*,*,#2038,.T.);
#1117=ORIENTED_EDGE('',*,*,#1727,.T.);
#1118=ORIENTED_EDGE('',*,*,#2039,.F.);
#1119=ORIENTED_EDGE('',*,*,#1948,.F.);
#1120=ORIENTED_EDGE('',*,*,#2039,.T.);
#1121=ORIENTED_EDGE('',*,*,#1726,.T.);
#1122=ORIENTED_EDGE('',*,*,#2040,.F.);
#1123=ORIENTED_EDGE('',*,*,#1949,.F.);
#1124=ORIENTED_EDGE('',*,*,#2040,.T.);
#1125=ORIENTED_EDGE('',*,*,#1725,.T.);
#1126=ORIENTED_EDGE('',*,*,#2041,.F.);
#1127=ORIENTED_EDGE('',*,*,#1950,.F.);
#1128=ORIENTED_EDGE('',*,*,#1951,.T.);
#1129=ORIENTED_EDGE('',*,*,#2041,.T.);
#1130=ORIENTED_EDGE('',*,*,#1724,.F.);
#1131=ORIENTED_EDGE('',*,*,#2042,.F.);
#1132=ORIENTED_EDGE('',*,*,#2042,.T.);
#1133=ORIENTED_EDGE('',*,*,#1723,.T.);
#1134=ORIENTED_EDGE('',*,*,#2035,.F.);
#1135=ORIENTED_EDGE('',*,*,#1952,.F.);
#1136=ORIENTED_EDGE('',*,*,#1919,.T.);
#1137=ORIENTED_EDGE('',*,*,#2043,.T.);
#1138=ORIENTED_EDGE('',*,*,#1730,.F.);
#1139=ORIENTED_EDGE('',*,*,#2044,.F.);
#1140=ORIENTED_EDGE('',*,*,#2044,.T.);
#1141=ORIENTED_EDGE('',*,*,#1729,.T.);
#1142=ORIENTED_EDGE('',*,*,#2045,.F.);
#1143=ORIENTED_EDGE('',*,*,#1920,.F.);
#1144=ORIENTED_EDGE('',*,*,#2045,.T.);
#1145=ORIENTED_EDGE('',*,*,#1736,.T.);
#1146=ORIENTED_EDGE('',*,*,#2046,.F.);
#1147=ORIENTED_EDGE('',*,*,#1921,.F.);
#1148=ORIENTED_EDGE('',*,*,#2046,.T.);
#1149=ORIENTED_EDGE('',*,*,#1735,.T.);
#1150=ORIENTED_EDGE('',*,*,#2047,.F.);
#1151=ORIENTED_EDGE('',*,*,#1922,.F.);
#1152=ORIENTED_EDGE('',*,*,#2047,.T.);
#1153=ORIENTED_EDGE('',*,*,#1734,.T.);
#1154=ORIENTED_EDGE('',*,*,#2048,.F.);
#1155=ORIENTED_EDGE('',*,*,#1923,.F.);
#1156=ORIENTED_EDGE('',*,*,#2048,.T.);
#1157=ORIENTED_EDGE('',*,*,#1733,.T.);
#1158=ORIENTED_EDGE('',*,*,#2049,.F.);
#1159=ORIENTED_EDGE('',*,*,#1924,.F.);
#1160=ORIENTED_EDGE('',*,*,#1925,.T.);
#1161=ORIENTED_EDGE('',*,*,#2049,.T.);
#1162=ORIENTED_EDGE('',*,*,#1732,.F.);
#1163=ORIENTED_EDGE('',*,*,#2050,.F.);
#1164=ORIENTED_EDGE('',*,*,#2050,.T.);
#1165=ORIENTED_EDGE('',*,*,#1731,.T.);
#1166=ORIENTED_EDGE('',*,*,#2043,.F.);
#1167=ORIENTED_EDGE('',*,*,#1926,.F.);
#1168=ORIENTED_EDGE('',*,*,#1953,.T.);
#1169=ORIENTED_EDGE('',*,*,#2051,.T.);
#1170=ORIENTED_EDGE('',*,*,#1738,.F.);
#1171=ORIENTED_EDGE('',*,*,#2052,.F.);
#1172=ORIENTED_EDGE('',*,*,#2052,.T.);
#1173=ORIENTED_EDGE('',*,*,#1737,.T.);
#1174=ORIENTED_EDGE('',*,*,#2053,.F.);
#1175=ORIENTED_EDGE('',*,*,#1954,.F.);
#1176=ORIENTED_EDGE('',*,*,#2053,.T.);
#1177=ORIENTED_EDGE('',*,*,#1744,.T.);
#1178=ORIENTED_EDGE('',*,*,#2054,.F.);
#1179=ORIENTED_EDGE('',*,*,#1955,.F.);
#1180=ORIENTED_EDGE('',*,*,#2054,.T.);
#1181=ORIENTED_EDGE('',*,*,#1743,.T.);
#1182=ORIENTED_EDGE('',*,*,#2055,.F.);
#1183=ORIENTED_EDGE('',*,*,#1956,.F.);
#1184=ORIENTED_EDGE('',*,*,#2055,.T.);
#1185=ORIENTED_EDGE('',*,*,#1742,.T.);
#1186=ORIENTED_EDGE('',*,*,#2056,.F.);
#1187=ORIENTED_EDGE('',*,*,#1957,.F.);
#1188=ORIENTED_EDGE('',*,*,#2056,.T.);
#1189=ORIENTED_EDGE('',*,*,#1741,.T.);
#1190=ORIENTED_EDGE('',*,*,#2057,.F.);
#1191=ORIENTED_EDGE('',*,*,#1958,.F.);
#1192=ORIENTED_EDGE('',*,*,#1959,.T.);
#1193=ORIENTED_EDGE('',*,*,#2057,.T.);
#1194=ORIENTED_EDGE('',*,*,#1740,.F.);
#1195=ORIENTED_EDGE('',*,*,#2058,.F.);
#1196=ORIENTED_EDGE('',*,*,#2058,.T.);
#1197=ORIENTED_EDGE('',*,*,#1739,.T.);
#1198=ORIENTED_EDGE('',*,*,#2051,.F.);
#1199=ORIENTED_EDGE('',*,*,#1960,.F.);
#1200=ORIENTED_EDGE('',*,*,#1911,.T.);
#1201=ORIENTED_EDGE('',*,*,#2059,.T.);
#1202=ORIENTED_EDGE('',*,*,#1746,.F.);
#1203=ORIENTED_EDGE('',*,*,#2060,.F.);
#1204=ORIENTED_EDGE('',*,*,#2060,.T.);
#1205=ORIENTED_EDGE('',*,*,#1745,.T.);
#1206=ORIENTED_EDGE('',*,*,#2061,.F.);
#1207=ORIENTED_EDGE('',*,*,#1912,.F.);
#1208=ORIENTED_EDGE('',*,*,#2061,.T.);
#1209=ORIENTED_EDGE('',*,*,#1752,.T.);
#1210=ORIENTED_EDGE('',*,*,#2062,.F.);
#1211=ORIENTED_EDGE('',*,*,#1913,.F.);
#1212=ORIENTED_EDGE('',*,*,#2062,.T.);
#1213=ORIENTED_EDGE('',*,*,#1751,.T.);
#1214=ORIENTED_EDGE('',*,*,#2063,.F.);
#1215=ORIENTED_EDGE('',*,*,#1914,.F.);
#1216=ORIENTED_EDGE('',*,*,#2063,.T.);
#1217=ORIENTED_EDGE('',*,*,#1750,.T.);
#1218=ORIENTED_EDGE('',*,*,#2064,.F.);
#1219=ORIENTED_EDGE('',*,*,#1915,.F.);
#1220=ORIENTED_EDGE('',*,*,#2064,.T.);
#1221=ORIENTED_EDGE('',*,*,#1749,.T.);
#1222=ORIENTED_EDGE('',*,*,#2065,.F.);
#1223=ORIENTED_EDGE('',*,*,#1916,.F.);
#1224=ORIENTED_EDGE('',*,*,#1917,.T.);
#1225=ORIENTED_EDGE('',*,*,#2065,.T.);
#1226=ORIENTED_EDGE('',*,*,#1748,.F.);
#1227=ORIENTED_EDGE('',*,*,#2066,.F.);
#1228=ORIENTED_EDGE('',*,*,#2066,.T.);
#1229=ORIENTED_EDGE('',*,*,#1747,.T.);
#1230=ORIENTED_EDGE('',*,*,#2059,.F.);
#1231=ORIENTED_EDGE('',*,*,#1918,.F.);
#1232=ORIENTED_EDGE('',*,*,#1961,.T.);
#1233=ORIENTED_EDGE('',*,*,#2067,.T.);
#1234=ORIENTED_EDGE('',*,*,#1754,.F.);
#1235=ORIENTED_EDGE('',*,*,#2068,.F.);
#1236=ORIENTED_EDGE('',*,*,#2068,.T.);
#1237=ORIENTED_EDGE('',*,*,#1753,.T.);
#1238=ORIENTED_EDGE('',*,*,#2069,.F.);
#1239=ORIENTED_EDGE('',*,*,#1962,.F.);
#1240=ORIENTED_EDGE('',*,*,#2069,.T.);
#1241=ORIENTED_EDGE('',*,*,#1760,.T.);
#1242=ORIENTED_EDGE('',*,*,#2070,.F.);
#1243=ORIENTED_EDGE('',*,*,#1963,.F.);
#1244=ORIENTED_EDGE('',*,*,#2070,.T.);
#1245=ORIENTED_EDGE('',*,*,#1759,.T.);
#1246=ORIENTED_EDGE('',*,*,#2071,.F.);
#1247=ORIENTED_EDGE('',*,*,#1964,.F.);
#1248=ORIENTED_EDGE('',*,*,#2071,.T.);
#1249=ORIENTED_EDGE('',*,*,#1758,.T.);
#1250=ORIENTED_EDGE('',*,*,#2072,.F.);
#1251=ORIENTED_EDGE('',*,*,#1965,.F.);
#1252=ORIENTED_EDGE('',*,*,#2072,.T.);
#1253=ORIENTED_EDGE('',*,*,#1757,.T.);
#1254=ORIENTED_EDGE('',*,*,#2073,.F.);
#1255=ORIENTED_EDGE('',*,*,#1966,.F.);
#1256=ORIENTED_EDGE('',*,*,#1967,.T.);
#1257=ORIENTED_EDGE('',*,*,#2073,.T.);
#1258=ORIENTED_EDGE('',*,*,#1756,.F.);
#1259=ORIENTED_EDGE('',*,*,#2074,.F.);
#1260=ORIENTED_EDGE('',*,*,#2074,.T.);
#1261=ORIENTED_EDGE('',*,*,#1755,.T.);
#1262=ORIENTED_EDGE('',*,*,#2067,.F.);
#1263=ORIENTED_EDGE('',*,*,#1968,.F.);
#1264=ORIENTED_EDGE('',*,*,#1903,.T.);
#1265=ORIENTED_EDGE('',*,*,#2075,.T.);
#1266=ORIENTED_EDGE('',*,*,#1762,.F.);
#1267=ORIENTED_EDGE('',*,*,#2076,.F.);
#1268=ORIENTED_EDGE('',*,*,#2076,.T.);
#1269=ORIENTED_EDGE('',*,*,#1761,.T.);
#1270=ORIENTED_EDGE('',*,*,#2077,.F.);
#1271=ORIENTED_EDGE('',*,*,#1904,.F.);
#1272=ORIENTED_EDGE('',*,*,#2077,.T.);
#1273=ORIENTED_EDGE('',*,*,#1768,.T.);
#1274=ORIENTED_EDGE('',*,*,#2078,.F.);
#1275=ORIENTED_EDGE('',*,*,#1905,.F.);
#1276=ORIENTED_EDGE('',*,*,#2078,.T.);
#1277=ORIENTED_EDGE('',*,*,#1767,.T.);
#1278=ORIENTED_EDGE('',*,*,#2079,.F.);
#1279=ORIENTED_EDGE('',*,*,#1906,.F.);
#1280=ORIENTED_EDGE('',*,*,#2079,.T.);
#1281=ORIENTED_EDGE('',*,*,#1766,.T.);
#1282=ORIENTED_EDGE('',*,*,#2080,.F.);
#1283=ORIENTED_EDGE('',*,*,#1907,.F.);
#1284=ORIENTED_EDGE('',*,*,#2080,.T.);
#1285=ORIENTED_EDGE('',*,*,#1765,.T.);
#1286=ORIENTED_EDGE('',*,*,#2081,.F.);
#1287=ORIENTED_EDGE('',*,*,#1908,.F.);
#1288=ORIENTED_EDGE('',*,*,#1909,.T.);
#1289=ORIENTED_EDGE('',*,*,#2081,.T.);
#1290=ORIENTED_EDGE('',*,*,#1764,.F.);
#1291=ORIENTED_EDGE('',*,*,#2082,.F.);
#1292=ORIENTED_EDGE('',*,*,#2082,.T.);
#1293=ORIENTED_EDGE('',*,*,#1763,.T.);
#1294=ORIENTED_EDGE('',*,*,#2075,.F.);
#1295=ORIENTED_EDGE('',*,*,#1910,.F.);
#1296=ORIENTED_EDGE('',*,*,#1969,.T.);
#1297=ORIENTED_EDGE('',*,*,#2083,.T.);
#1298=ORIENTED_EDGE('',*,*,#1770,.F.);
#1299=ORIENTED_EDGE('',*,*,#2084,.F.);
#1300=ORIENTED_EDGE('',*,*,#2084,.T.);
#1301=ORIENTED_EDGE('',*,*,#1769,.T.);
#1302=ORIENTED_EDGE('',*,*,#2085,.F.);
#1303=ORIENTED_EDGE('',*,*,#1970,.F.);
#1304=ORIENTED_EDGE('',*,*,#2085,.T.);
#1305=ORIENTED_EDGE('',*,*,#1776,.T.);
#1306=ORIENTED_EDGE('',*,*,#2086,.F.);
#1307=ORIENTED_EDGE('',*,*,#1971,.F.);
#1308=ORIENTED_EDGE('',*,*,#2086,.T.);
#1309=ORIENTED_EDGE('',*,*,#1775,.T.);
#1310=ORIENTED_EDGE('',*,*,#2087,.F.);
#1311=ORIENTED_EDGE('',*,*,#1972,.F.);
#1312=ORIENTED_EDGE('',*,*,#2087,.T.);
#1313=ORIENTED_EDGE('',*,*,#1774,.T.);
#1314=ORIENTED_EDGE('',*,*,#2088,.F.);
#1315=ORIENTED_EDGE('',*,*,#1973,.F.);
#1316=ORIENTED_EDGE('',*,*,#2088,.T.);
#1317=ORIENTED_EDGE('',*,*,#1773,.T.);
#1318=ORIENTED_EDGE('',*,*,#2089,.F.);
#1319=ORIENTED_EDGE('',*,*,#1974,.F.);
#1320=ORIENTED_EDGE('',*,*,#1975,.T.);
#1321=ORIENTED_EDGE('',*,*,#2089,.T.);
#1322=ORIENTED_EDGE('',*,*,#1772,.F.);
#1323=ORIENTED_EDGE('',*,*,#2090,.F.);
#1324=ORIENTED_EDGE('',*,*,#2090,.T.);
#1325=ORIENTED_EDGE('',*,*,#1771,.T.);
#1326=ORIENTED_EDGE('',*,*,#2083,.F.);
#1327=ORIENTED_EDGE('',*,*,#1976,.F.);
#1328=ORIENTED_EDGE('',*,*,#1895,.T.);
#1329=ORIENTED_EDGE('',*,*,#2091,.T.);
#1330=ORIENTED_EDGE('',*,*,#1778,.F.);
#1331=ORIENTED_EDGE('',*,*,#2092,.F.);
#1332=ORIENTED_EDGE('',*,*,#2092,.T.);
#1333=ORIENTED_EDGE('',*,*,#1777,.T.);
#1334=ORIENTED_EDGE('',*,*,#2093,.F.);
#1335=ORIENTED_EDGE('',*,*,#1896,.F.);
#1336=ORIENTED_EDGE('',*,*,#2093,.T.);
#1337=ORIENTED_EDGE('',*,*,#1784,.T.);
#1338=ORIENTED_EDGE('',*,*,#2094,.F.);
#1339=ORIENTED_EDGE('',*,*,#1897,.F.);
#1340=ORIENTED_EDGE('',*,*,#2094,.T.);
#1341=ORIENTED_EDGE('',*,*,#1783,.T.);
#1342=ORIENTED_EDGE('',*,*,#2095,.F.);
#1343=ORIENTED_EDGE('',*,*,#1898,.F.);
#1344=ORIENTED_EDGE('',*,*,#2095,.T.);
#1345=ORIENTED_EDGE('',*,*,#1782,.T.);
#1346=ORIENTED_EDGE('',*,*,#2096,.F.);
#1347=ORIENTED_EDGE('',*,*,#1899,.F.);
#1348=ORIENTED_EDGE('',*,*,#2096,.T.);
#1349=ORIENTED_EDGE('',*,*,#1781,.T.);
#1350=ORIENTED_EDGE('',*,*,#2097,.F.);
#1351=ORIENTED_EDGE('',*,*,#1900,.F.);
#1352=ORIENTED_EDGE('',*,*,#1901,.T.);
#1353=ORIENTED_EDGE('',*,*,#2097,.T.);
#1354=ORIENTED_EDGE('',*,*,#1780,.F.);
#1355=ORIENTED_EDGE('',*,*,#2098,.F.);
#1356=ORIENTED_EDGE('',*,*,#2098,.T.);
#1357=ORIENTED_EDGE('',*,*,#1779,.T.);
#1358=ORIENTED_EDGE('',*,*,#2091,.F.);
#1359=ORIENTED_EDGE('',*,*,#1902,.F.);
#1360=ORIENTED_EDGE('',*,*,#1977,.T.);
#1361=ORIENTED_EDGE('',*,*,#2099,.T.);
#1362=ORIENTED_EDGE('',*,*,#1786,.F.);
#1363=ORIENTED_EDGE('',*,*,#2100,.F.);
#1364=ORIENTED_EDGE('',*,*,#2100,.T.);
#1365=ORIENTED_EDGE('',*,*,#1785,.T.);
#1366=ORIENTED_EDGE('',*,*,#2101,.F.);
#1367=ORIENTED_EDGE('',*,*,#1978,.F.);
#1368=ORIENTED_EDGE('',*,*,#2101,.T.);
#1369=ORIENTED_EDGE('',*,*,#1792,.T.);
#1370=ORIENTED_EDGE('',*,*,#2102,.F.);
#1371=ORIENTED_EDGE('',*,*,#1979,.F.);
#1372=ORIENTED_EDGE('',*,*,#2102,.T.);
#1373=ORIENTED_EDGE('',*,*,#1791,.T.);
#1374=ORIENTED_EDGE('',*,*,#2103,.F.);
#1375=ORIENTED_EDGE('',*,*,#1980,.F.);
#1376=ORIENTED_EDGE('',*,*,#2103,.T.);
#1377=ORIENTED_EDGE('',*,*,#1790,.T.);
#1378=ORIENTED_EDGE('',*,*,#2104,.F.);
#1379=ORIENTED_EDGE('',*,*,#1981,.F.);
#1380=ORIENTED_EDGE('',*,*,#2104,.T.);
#1381=ORIENTED_EDGE('',*,*,#1789,.T.);
#1382=ORIENTED_EDGE('',*,*,#2105,.F.);
#1383=ORIENTED_EDGE('',*,*,#1982,.F.);
#1384=ORIENTED_EDGE('',*,*,#1983,.T.);
#1385=ORIENTED_EDGE('',*,*,#2105,.T.);
#1386=ORIENTED_EDGE('',*,*,#1788,.F.);
#1387=ORIENTED_EDGE('',*,*,#2106,.F.);
#1388=ORIENTED_EDGE('',*,*,#2106,.T.);
#1389=ORIENTED_EDGE('',*,*,#1787,.T.);
#1390=ORIENTED_EDGE('',*,*,#2099,.F.);
#1391=ORIENTED_EDGE('',*,*,#1984,.F.);
#1392=ORIENTED_EDGE('',*,*,#1887,.T.);
#1393=ORIENTED_EDGE('',*,*,#2107,.T.);
#1394=ORIENTED_EDGE('',*,*,#1794,.F.);
#1395=ORIENTED_EDGE('',*,*,#2108,.F.);
#1396=ORIENTED_EDGE('',*,*,#2108,.T.);
#1397=ORIENTED_EDGE('',*,*,#1793,.T.);
#1398=ORIENTED_EDGE('',*,*,#2109,.F.);
#1399=ORIENTED_EDGE('',*,*,#1888,.F.);
#1400=ORIENTED_EDGE('',*,*,#2109,.T.);
#1401=ORIENTED_EDGE('',*,*,#1800,.T.);
#1402=ORIENTED_EDGE('',*,*,#2110,.F.);
#1403=ORIENTED_EDGE('',*,*,#1889,.F.);
#1404=ORIENTED_EDGE('',*,*,#2110,.T.);
#1405=ORIENTED_EDGE('',*,*,#1799,.T.);
#1406=ORIENTED_EDGE('',*,*,#2111,.F.);
#1407=ORIENTED_EDGE('',*,*,#1890,.F.);
#1408=ORIENTED_EDGE('',*,*,#2111,.T.);
#1409=ORIENTED_EDGE('',*,*,#1798,.T.);
#1410=ORIENTED_EDGE('',*,*,#2112,.F.);
#1411=ORIENTED_EDGE('',*,*,#1891,.F.);
#1412=ORIENTED_EDGE('',*,*,#2112,.T.);
#1413=ORIENTED_EDGE('',*,*,#1797,.T.);
#1414=ORIENTED_EDGE('',*,*,#2113,.F.);
#1415=ORIENTED_EDGE('',*,*,#1892,.F.);
#1416=ORIENTED_EDGE('',*,*,#1893,.T.);
#1417=ORIENTED_EDGE('',*,*,#2113,.T.);
#1418=ORIENTED_EDGE('',*,*,#1796,.F.);
#1419=ORIENTED_EDGE('',*,*,#2114,.F.);
#1420=ORIENTED_EDGE('',*,*,#2114,.T.);
#1421=ORIENTED_EDGE('',*,*,#1795,.T.);
#1422=ORIENTED_EDGE('',*,*,#2107,.F.);
#1423=ORIENTED_EDGE('',*,*,#1894,.F.);
#1424=ORIENTED_EDGE('',*,*,#1985,.T.);
#1425=ORIENTED_EDGE('',*,*,#2115,.T.);
#1426=ORIENTED_EDGE('',*,*,#1802,.F.);
#1427=ORIENTED_EDGE('',*,*,#2116,.F.);
#1428=ORIENTED_EDGE('',*,*,#2116,.T.);
#1429=ORIENTED_EDGE('',*,*,#1801,.T.);
#1430=ORIENTED_EDGE('',*,*,#2117,.F.);
#1431=ORIENTED_EDGE('',*,*,#1986,.F.);
#1432=ORIENTED_EDGE('',*,*,#2117,.T.);
#1433=ORIENTED_EDGE('',*,*,#1808,.T.);
#1434=ORIENTED_EDGE('',*,*,#2118,.F.);
#1435=ORIENTED_EDGE('',*,*,#1987,.F.);
#1436=ORIENTED_EDGE('',*,*,#2118,.T.);
#1437=ORIENTED_EDGE('',*,*,#1807,.T.);
#1438=ORIENTED_EDGE('',*,*,#2119,.F.);
#1439=ORIENTED_EDGE('',*,*,#1988,.F.);
#1440=ORIENTED_EDGE('',*,*,#2119,.T.);
#1441=ORIENTED_EDGE('',*,*,#1806,.T.);
#1442=ORIENTED_EDGE('',*,*,#2120,.F.);
#1443=ORIENTED_EDGE('',*,*,#1989,.F.);
#1444=ORIENTED_EDGE('',*,*,#2120,.T.);
#1445=ORIENTED_EDGE('',*,*,#1805,.T.);
#1446=ORIENTED_EDGE('',*,*,#2121,.F.);
#1447=ORIENTED_EDGE('',*,*,#1990,.F.);
#1448=ORIENTED_EDGE('',*,*,#1991,.T.);
#1449=ORIENTED_EDGE('',*,*,#2121,.T.);
#1450=ORIENTED_EDGE('',*,*,#1804,.F.);
#1451=ORIENTED_EDGE('',*,*,#2122,.F.);
#1452=ORIENTED_EDGE('',*,*,#2122,.T.);
#1453=ORIENTED_EDGE('',*,*,#1803,.T.);
#1454=ORIENTED_EDGE('',*,*,#2115,.F.);
#1455=ORIENTED_EDGE('',*,*,#1992,.F.);
#1456=ORIENTED_EDGE('',*,*,#1879,.T.);
#1457=ORIENTED_EDGE('',*,*,#2123,.T.);
#1458=ORIENTED_EDGE('',*,*,#1810,.F.);
#1459=ORIENTED_EDGE('',*,*,#2124,.F.);
#1460=ORIENTED_EDGE('',*,*,#2124,.T.);
#1461=ORIENTED_EDGE('',*,*,#1809,.T.);
#1462=ORIENTED_EDGE('',*,*,#2125,.F.);
#1463=ORIENTED_EDGE('',*,*,#1880,.F.);
#1464=ORIENTED_EDGE('',*,*,#2125,.T.);
#1465=ORIENTED_EDGE('',*,*,#1816,.T.);
#1466=ORIENTED_EDGE('',*,*,#2126,.F.);
#1467=ORIENTED_EDGE('',*,*,#1881,.F.);
#1468=ORIENTED_EDGE('',*,*,#2126,.T.);
#1469=ORIENTED_EDGE('',*,*,#1815,.T.);
#1470=ORIENTED_EDGE('',*,*,#2127,.F.);
#1471=ORIENTED_EDGE('',*,*,#1882,.F.);
#1472=ORIENTED_EDGE('',*,*,#2127,.T.);
#1473=ORIENTED_EDGE('',*,*,#1814,.T.);
#1474=ORIENTED_EDGE('',*,*,#2128,.F.);
#1475=ORIENTED_EDGE('',*,*,#1883,.F.);
#1476=ORIENTED_EDGE('',*,*,#2128,.T.);
#1477=ORIENTED_EDGE('',*,*,#1813,.T.);
#1478=ORIENTED_EDGE('',*,*,#2129,.F.);
#1479=ORIENTED_EDGE('',*,*,#1884,.F.);
#1480=ORIENTED_EDGE('',*,*,#1885,.T.);
#1481=ORIENTED_EDGE('',*,*,#2129,.T.);
#1482=ORIENTED_EDGE('',*,*,#1812,.F.);
#1483=ORIENTED_EDGE('',*,*,#2130,.F.);
#1484=ORIENTED_EDGE('',*,*,#2130,.T.);
#1485=ORIENTED_EDGE('',*,*,#1811,.T.);
#1486=ORIENTED_EDGE('',*,*,#2123,.F.);
#1487=ORIENTED_EDGE('',*,*,#1886,.F.);
#1488=ORIENTED_EDGE('',*,*,#1993,.T.);
#1489=ORIENTED_EDGE('',*,*,#2131,.T.);
#1490=ORIENTED_EDGE('',*,*,#1818,.F.);
#1491=ORIENTED_EDGE('',*,*,#2132,.F.);
#1492=ORIENTED_EDGE('',*,*,#2132,.T.);
#1493=ORIENTED_EDGE('',*,*,#1817,.T.);
#1494=ORIENTED_EDGE('',*,*,#2133,.F.);
#1495=ORIENTED_EDGE('',*,*,#1994,.F.);
#1496=ORIENTED_EDGE('',*,*,#2133,.T.);
#1497=ORIENTED_EDGE('',*,*,#1824,.T.);
#1498=ORIENTED_EDGE('',*,*,#2134,.F.);
#1499=ORIENTED_EDGE('',*,*,#1995,.F.);
#1500=ORIENTED_EDGE('',*,*,#2134,.T.);
#1501=ORIENTED_EDGE('',*,*,#1823,.T.);
#1502=ORIENTED_EDGE('',*,*,#2135,.F.);
#1503=ORIENTED_EDGE('',*,*,#1996,.F.);
#1504=ORIENTED_EDGE('',*,*,#2135,.T.);
#1505=ORIENTED_EDGE('',*,*,#1822,.T.);
#1506=ORIENTED_EDGE('',*,*,#2136,.F.);
#1507=ORIENTED_EDGE('',*,*,#1997,.F.);
#1508=ORIENTED_EDGE('',*,*,#2136,.T.);
#1509=ORIENTED_EDGE('',*,*,#1821,.T.);
#1510=ORIENTED_EDGE('',*,*,#2137,.F.);
#1511=ORIENTED_EDGE('',*,*,#1998,.F.);
#1512=ORIENTED_EDGE('',*,*,#1999,.T.);
#1513=ORIENTED_EDGE('',*,*,#2137,.T.);
#1514=ORIENTED_EDGE('',*,*,#1820,.F.);
#1515=ORIENTED_EDGE('',*,*,#2138,.F.);
#1516=ORIENTED_EDGE('',*,*,#2138,.T.);
#1517=ORIENTED_EDGE('',*,*,#1819,.T.);
#1518=ORIENTED_EDGE('',*,*,#2131,.F.);
#1519=ORIENTED_EDGE('',*,*,#2000,.F.);
#1520=ORIENTED_EDGE('',*,*,#1871,.T.);
#1521=ORIENTED_EDGE('',*,*,#2139,.T.);
#1522=ORIENTED_EDGE('',*,*,#1826,.F.);
#1523=ORIENTED_EDGE('',*,*,#2140,.F.);
#1524=ORIENTED_EDGE('',*,*,#2140,.T.);
#1525=ORIENTED_EDGE('',*,*,#1825,.T.);
#1526=ORIENTED_EDGE('',*,*,#2141,.F.);
#1527=ORIENTED_EDGE('',*,*,#1872,.F.);
#1528=ORIENTED_EDGE('',*,*,#2141,.T.);
#1529=ORIENTED_EDGE('',*,*,#1832,.T.);
#1530=ORIENTED_EDGE('',*,*,#2142,.F.);
#1531=ORIENTED_EDGE('',*,*,#1873,.F.);
#1532=ORIENTED_EDGE('',*,*,#2142,.T.);
#1533=ORIENTED_EDGE('',*,*,#1831,.T.);
#1534=ORIENTED_EDGE('',*,*,#2143,.F.);
#1535=ORIENTED_EDGE('',*,*,#1874,.F.);
#1536=ORIENTED_EDGE('',*,*,#2143,.T.);
#1537=ORIENTED_EDGE('',*,*,#1830,.T.);
#1538=ORIENTED_EDGE('',*,*,#2144,.F.);
#1539=ORIENTED_EDGE('',*,*,#1875,.F.);
#1540=ORIENTED_EDGE('',*,*,#2144,.T.);
#1541=ORIENTED_EDGE('',*,*,#1829,.T.);
#1542=ORIENTED_EDGE('',*,*,#2145,.F.);
#1543=ORIENTED_EDGE('',*,*,#1876,.F.);
#1544=ORIENTED_EDGE('',*,*,#1877,.T.);
#1545=ORIENTED_EDGE('',*,*,#2145,.T.);
#1546=ORIENTED_EDGE('',*,*,#1828,.F.);
#1547=ORIENTED_EDGE('',*,*,#2146,.F.);
#1548=ORIENTED_EDGE('',*,*,#2146,.T.);
#1549=ORIENTED_EDGE('',*,*,#1827,.T.);
#1550=ORIENTED_EDGE('',*,*,#2139,.F.);
#1551=ORIENTED_EDGE('',*,*,#1878,.F.);
#1552=ORIENTED_EDGE('',*,*,#2001,.T.);
#1553=ORIENTED_EDGE('',*,*,#2147,.T.);
#1554=ORIENTED_EDGE('',*,*,#1834,.F.);
#1555=ORIENTED_EDGE('',*,*,#2148,.F.);
#1556=ORIENTED_EDGE('',*,*,#2148,.T.);
#1557=ORIENTED_EDGE('',*,*,#1833,.T.);
#1558=ORIENTED_EDGE('',*,*,#2149,.F.);
#1559=ORIENTED_EDGE('',*,*,#2002,.F.);
#1560=ORIENTED_EDGE('',*,*,#2149,.T.);
#1561=ORIENTED_EDGE('',*,*,#1840,.T.);
#1562=ORIENTED_EDGE('',*,*,#2150,.F.);
#1563=ORIENTED_EDGE('',*,*,#2003,.F.);
#1564=ORIENTED_EDGE('',*,*,#2150,.T.);
#1565=ORIENTED_EDGE('',*,*,#1839,.T.);
#1566=ORIENTED_EDGE('',*,*,#2151,.F.);
#1567=ORIENTED_EDGE('',*,*,#2004,.F.);
#1568=ORIENTED_EDGE('',*,*,#2151,.T.);
#1569=ORIENTED_EDGE('',*,*,#1838,.T.);
#1570=ORIENTED_EDGE('',*,*,#2152,.F.);
#1571=ORIENTED_EDGE('',*,*,#2005,.F.);
#1572=ORIENTED_EDGE('',*,*,#2152,.T.);
#1573=ORIENTED_EDGE('',*,*,#1837,.T.);
#1574=ORIENTED_EDGE('',*,*,#2153,.F.);
#1575=ORIENTED_EDGE('',*,*,#2006,.F.);
#1576=ORIENTED_EDGE('',*,*,#2007,.T.);
#1577=ORIENTED_EDGE('',*,*,#2153,.T.);
#1578=ORIENTED_EDGE('',*,*,#1836,.F.);
#1579=ORIENTED_EDGE('',*,*,#2154,.F.);
#1580=ORIENTED_EDGE('',*,*,#2154,.T.);
#1581=ORIENTED_EDGE('',*,*,#1835,.T.);
#1582=ORIENTED_EDGE('',*,*,#2147,.F.);
#1583=ORIENTED_EDGE('',*,*,#2008,.F.);
#1584=ORIENTED_EDGE('',*,*,#1863,.T.);
#1585=ORIENTED_EDGE('',*,*,#2155,.T.);
#1586=ORIENTED_EDGE('',*,*,#1842,.F.);
#1587=ORIENTED_EDGE('',*,*,#2156,.F.);
#1588=ORIENTED_EDGE('',*,*,#2156,.T.);
#1589=ORIENTED_EDGE('',*,*,#1841,.T.);
#1590=ORIENTED_EDGE('',*,*,#2157,.F.);
#1591=ORIENTED_EDGE('',*,*,#1864,.F.);
#1592=ORIENTED_EDGE('',*,*,#2157,.T.);
#1593=ORIENTED_EDGE('',*,*,#1848,.T.);
#1594=ORIENTED_EDGE('',*,*,#2158,.F.);
#1595=ORIENTED_EDGE('',*,*,#1865,.F.);
#1596=ORIENTED_EDGE('',*,*,#2158,.T.);
#1597=ORIENTED_EDGE('',*,*,#1847,.T.);
#1598=ORIENTED_EDGE('',*,*,#2159,.F.);
#1599=ORIENTED_EDGE('',*,*,#1866,.F.);
#1600=ORIENTED_EDGE('',*,*,#2159,.T.);
#1601=ORIENTED_EDGE('',*,*,#1846,.T.);
#1602=ORIENTED_EDGE('',*,*,#2160,.F.);
#1603=ORIENTED_EDGE('',*,*,#1867,.F.);
#1604=ORIENTED_EDGE('',*,*,#2160,.T.);
#1605=ORIENTED_EDGE('',*,*,#1845,.T.);
#1606=ORIENTED_EDGE('',*,*,#2161,.F.);
#1607=ORIENTED_EDGE('',*,*,#1868,.F.);
#1608=ORIENTED_EDGE('',*,*,#1869,.T.);
#1609=ORIENTED_EDGE('',*,*,#2161,.T.);
#1610=ORIENTED_EDGE('',*,*,#1844,.F.);
#1611=ORIENTED_EDGE('',*,*,#2162,.F.);
#1612=ORIENTED_EDGE('',*,*,#2162,.T.);
#1613=ORIENTED_EDGE('',*,*,#1843,.T.);
#1614=ORIENTED_EDGE('',*,*,#2155,.F.);
#1615=ORIENTED_EDGE('',*,*,#1870,.F.);
#1616=ORIENTED_EDGE('',*,*,#2009,.T.);
#1617=ORIENTED_EDGE('',*,*,#2163,.T.);
#1618=ORIENTED_EDGE('',*,*,#1850,.F.);
#1619=ORIENTED_EDGE('',*,*,#2164,.F.);
#1620=ORIENTED_EDGE('',*,*,#2164,.T.);
#1621=ORIENTED_EDGE('',*,*,#1849,.T.);
#1622=ORIENTED_EDGE('',*,*,#2165,.F.);
#1623=ORIENTED_EDGE('',*,*,#2010,.F.);
#1624=ORIENTED_EDGE('',*,*,#2165,.T.);
#1625=ORIENTED_EDGE('',*,*,#1856,.T.);
#1626=ORIENTED_EDGE('',*,*,#2166,.F.);
#1627=ORIENTED_EDGE('',*,*,#2011,.F.);
#1628=ORIENTED_EDGE('',*,*,#2166,.T.);
#1629=ORIENTED_EDGE('',*,*,#1855,.T.);
#1630=ORIENTED_EDGE('',*,*,#2167,.F.);
#1631=ORIENTED_EDGE('',*,*,#2012,.F.);
#1632=ORIENTED_EDGE('',*,*,#2167,.T.);
#1633=ORIENTED_EDGE('',*,*,#1854,.T.);
#1634=ORIENTED_EDGE('',*,*,#2168,.F.);
#1635=ORIENTED_EDGE('',*,*,#2013,.F.);
#1636=ORIENTED_EDGE('',*,*,#2168,.T.);
#1637=ORIENTED_EDGE('',*,*,#1853,.T.);
#1638=ORIENTED_EDGE('',*,*,#2169,.F.);
#1639=ORIENTED_EDGE('',*,*,#2014,.F.);
#1640=ORIENTED_EDGE('',*,*,#2015,.T.);
#1641=ORIENTED_EDGE('',*,*,#2169,.T.);
#1642=ORIENTED_EDGE('',*,*,#1852,.F.);
#1643=ORIENTED_EDGE('',*,*,#2170,.F.);
#1644=ORIENTED_EDGE('',*,*,#2170,.T.);
#1645=ORIENTED_EDGE('',*,*,#1851,.T.);
#1646=ORIENTED_EDGE('',*,*,#2163,.F.);
#1647=ORIENTED_EDGE('',*,*,#2016,.F.);
#1648=ORIENTED_EDGE('',*,*,#1719,.F.);
#1649=ORIENTED_EDGE('',*,*,#2023,.F.);
#1650=ORIENTED_EDGE('',*,*,#1930,.F.);
#1651=ORIENTED_EDGE('',*,*,#2018,.F.);
#1652=ORIENTED_EDGE('',*,*,#1717,.F.);
#1653=ORIENTED_EDGE('',*,*,#2021,.F.);
#1654=ORIENTED_EDGE('',*,*,#1932,.F.);
#1655=ORIENTED_EDGE('',*,*,#2024,.F.);
#1656=ORIENTED_EDGE('',*,*,#1715,.F.);
#1657=ORIENTED_EDGE('',*,*,#2019,.F.);
#1658=ORIENTED_EDGE('',*,*,#1934,.F.);
#1659=ORIENTED_EDGE('',*,*,#2022,.F.);
#1660=ORIENTED_EDGE('',*,*,#1713,.F.);
#1661=ORIENTED_EDGE('',*,*,#1691,.F.);
#1662=ORIENTED_EDGE('',*,*,#1936,.F.);
#1663=ORIENTED_EDGE('',*,*,#2020,.F.);
#1664=ORIENTED_EDGE('',*,*,#2028,.T.);
#1665=ORIENTED_EDGE('',*,*,#2171,.T.);
#1666=ORIENTED_EDGE('',*,*,#1711,.F.);
#1667=ORIENTED_EDGE('',*,*,#1712,.T.);
#1668=ORIENTED_EDGE('',*,*,#2171,.F.);
#1669=ORIENTED_EDGE('',*,*,#2027,.F.);
#1670=ORIENTED_EDGE('',*,*,#1693,.T.);
#1671=ORIENTED_EDGE('',*,*,#1937,.T.);
#1672=ORIENTED_EDGE('',*,*,#1689,.T.);
#1673=ORIENTED_EDGE('',*,*,#1702,.T.);
#1674=ORIENTED_EDGE('',*,*,#2017,.T.);
#1675=ORIENTED_EDGE('',*,*,#1928,.F.);
#1676=ORIENTED_EDGE('',*,*,#2025,.T.);
#1677=ORIENTED_EDGE('',*,*,#1701,.F.);
#1678=ORIENTED_EDGE('',*,*,#1862,.T.);
#1679=ORIENTED_EDGE('',*,*,#1700,.F.);
#1680=ORIENTED_EDGE('',*,*,#1861,.T.);
#1681=ORIENTED_EDGE('',*,*,#1699,.F.);
#1682=ORIENTED_EDGE('',*,*,#1860,.T.);
#1683=ORIENTED_EDGE('',*,*,#1698,.F.);
#1684=ORIENTED_EDGE('',*,*,#1859,.T.);
#1685=ORIENTED_EDGE('',*,*,#1697,.F.);
#1686=ORIENTED_EDGE('',*,*,#1858,.T.);
#1687=ORIENTED_EDGE('',*,*,#1696,.F.);
#1688=ORIENTED_EDGE('',*,*,#1857,.T.);
#1689=EDGE_CURVE('',#2172,#2173,#2498,.T.);
#1690=EDGE_CURVE('',#2174,#2172,#97,.T.);
#1691=EDGE_CURVE('',#2174,#2175,#98,.F.);
#1692=EDGE_CURVE('',#2175,#2173,#99,.T.);
#1693=EDGE_CURVE('',#2176,#2177,#2499,.T.);
#1694=EDGE_CURVE('',#2178,#2176,#100,.T.);
#1695=EDGE_CURVE('',#2178,#2177,#101,.T.);
#1696=EDGE_CURVE('',#2179,#2179,#2500,.F.);
#1697=EDGE_CURVE('',#2180,#2180,#2501,.F.);
#1698=EDGE_CURVE('',#2181,#2181,#2502,.F.);
#1699=EDGE_CURVE('',#2182,#2182,#2503,.F.);
#1700=EDGE_CURVE('',#2183,#2183,#2504,.F.);
#1701=EDGE_CURVE('',#2184,#2184,#2505,.F.);
#1702=EDGE_CURVE('',#2185,#2186,#102,.T.);
#1703=EDGE_CURVE('',#2185,#2187,#103,.T.);
#1704=EDGE_CURVE('',#2188,#2187,#2506,.T.);
#1705=EDGE_CURVE('',#2188,#2189,#104,.T.);
#1706=EDGE_CURVE('',#2190,#2189,#2507,.T.);
#1707=EDGE_CURVE('',#2191,#2190,#105,.T.);
#1708=EDGE_CURVE('',#2192,#2191,#2508,.T.);
#1709=EDGE_CURVE('',#2193,#2192,#106,.T.);
#1710=EDGE_CURVE('',#2194,#2193,#2509,.T.);
#1711=EDGE_CURVE('',#2194,#2195,#107,.T.);
#1712=EDGE_CURVE('',#2173,#2195,#108,.F.);
#1713=EDGE_CURVE('',#2175,#2196,#2510,.T.);
#1714=EDGE_CURVE('',#2196,#2197,#109,.T.);
#1715=EDGE_CURVE('',#2197,#2198,#2511,.T.);
#1716=EDGE_CURVE('',#2198,#2199,#110,.T.);
#1717=EDGE_CURVE('',#2199,#2200,#2512,.T.);
#1718=EDGE_CURVE('',#2201,#2200,#111,.T.);
#1719=EDGE_CURVE('',#2201,#2202,#2513,.T.);
#1720=EDGE_CURVE('',#2186,#2202,#112,.T.);
#1721=EDGE_CURVE('',#2203,#2204,#2514,.T.);
#1722=EDGE_CURVE('',#2203,#2205,#113,.T.);
#1723=EDGE_CURVE('',#2206,#2205,#2515,.T.);
#1724=EDGE_CURVE('',#2206,#2207,#114,.T.);
#1725=EDGE_CURVE('',#2208,#2207,#2516,.T.);
#1726=EDGE_CURVE('',#2209,#2208,#115,.T.);
#1727=EDGE_CURVE('',#2210,#2209,#2517,.T.);
#1728=EDGE_CURVE('',#2204,#2210,#116,.T.);
#1729=EDGE_CURVE('',#2211,#2212,#2518,.T.);
#1730=EDGE_CURVE('',#2211,#2213,#117,.T.);
#1731=EDGE_CURVE('',#2214,#2213,#2519,.T.);
#1732=EDGE_CURVE('',#2214,#2215,#118,.T.);
#1733=EDGE_CURVE('',#2216,#2215,#2520,.T.);
#1734=EDGE_CURVE('',#2217,#2216,#119,.T.);
#1735=EDGE_CURVE('',#2218,#2217,#2521,.T.);
#1736=EDGE_CURVE('',#2212,#2218,#120,.T.);
#1737=EDGE_CURVE('',#2219,#2220,#2522,.T.);
#1738=EDGE_CURVE('',#2219,#2221,#121,.T.);
#1739=EDGE_CURVE('',#2222,#2221,#2523,.T.);
#1740=EDGE_CURVE('',#2222,#2223,#122,.T.);
#1741=EDGE_CURVE('',#2224,#2223,#2524,.T.);
#1742=EDGE_CURVE('',#2225,#2224,#123,.T.);
#1743=EDGE_CURVE('',#2226,#2225,#2525,.T.);
#1744=EDGE_CURVE('',#2220,#2226,#124,.T.);
#1745=EDGE_CURVE('',#2227,#2228,#2526,.T.);
#1746=EDGE_CURVE('',#2227,#2229,#125,.T.);
#1747=EDGE_CURVE('',#2230,#2229,#2527,.T.);
#1748=EDGE_CURVE('',#2230,#2231,#126,.T.);
#1749=EDGE_CURVE('',#2232,#2231,#2528,.T.);
#1750=EDGE_CURVE('',#2233,#2232,#127,.T.);
#1751=EDGE_CURVE('',#2234,#2233,#2529,.T.);
#1752=EDGE_CURVE('',#2228,#2234,#128,.T.);
#1753=EDGE_CURVE('',#2235,#2236,#2530,.T.);
#1754=EDGE_CURVE('',#2235,#2237,#129,.T.);
#1755=EDGE_CURVE('',#2238,#2237,#2531,.T.);
#1756=EDGE_CURVE('',#2238,#2239,#130,.T.);
#1757=EDGE_CURVE('',#2240,#2239,#2532,.T.);
#1758=EDGE_CURVE('',#2241,#2240,#131,.T.);
#1759=EDGE_CURVE('',#2242,#2241,#2533,.T.);
#1760=EDGE_CURVE('',#2236,#2242,#132,.T.);
#1761=EDGE_CURVE('',#2243,#2244,#2534,.T.);
#1762=EDGE_CURVE('',#2243,#2245,#133,.T.);
#1763=EDGE_CURVE('',#2246,#2245,#2535,.T.);
#1764=EDGE_CURVE('',#2246,#2247,#134,.T.);
#1765=EDGE_CURVE('',#2248,#2247,#2536,.T.);
#1766=EDGE_CURVE('',#2249,#2248,#135,.T.);
#1767=EDGE_CURVE('',#2250,#2249,#2537,.T.);
#1768=EDGE_CURVE('',#2244,#2250,#136,.T.);
#1769=EDGE_CURVE('',#2251,#2252,#2538,.T.);
#1770=EDGE_CURVE('',#2251,#2253,#137,.T.);
#1771=EDGE_CURVE('',#2254,#2253,#2539,.T.);
#1772=EDGE_CURVE('',#2254,#2255,#138,.T.);
#1773=EDGE_CURVE('',#2256,#2255,#2540,.T.);
#1774=EDGE_CURVE('',#2257,#2256,#139,.T.);
#1775=EDGE_CURVE('',#2258,#2257,#2541,.T.);
#1776=EDGE_CURVE('',#2252,#2258,#140,.T.);
#1777=EDGE_CURVE('',#2259,#2260,#2542,.T.);
#1778=EDGE_CURVE('',#2259,#2261,#141,.T.);
#1779=EDGE_CURVE('',#2262,#2261,#2543,.T.);
#1780=EDGE_CURVE('',#2262,#2263,#142,.T.);
#1781=EDGE_CURVE('',#2264,#2263,#2544,.T.);
#1782=EDGE_CURVE('',#2265,#2264,#143,.T.);
#1783=EDGE_CURVE('',#2266,#2265,#2545,.T.);
#1784=EDGE_CURVE('',#2260,#2266,#144,.T.);
#1785=EDGE_CURVE('',#2267,#2268,#2546,.T.);
#1786=EDGE_CURVE('',#2267,#2269,#145,.T.);
#1787=EDGE_CURVE('',#2270,#2269,#2547,.T.);
#1788=EDGE_CURVE('',#2270,#2271,#146,.T.);
#1789=EDGE_CURVE('',#2272,#2271,#2548,.T.);
#1790=EDGE_CURVE('',#2273,#2272,#147,.T.);
#1791=EDGE_CURVE('',#2274,#2273,#2549,.T.);
#1792=EDGE_CURVE('',#2268,#2274,#148,.T.);
#1793=EDGE_CURVE('',#2275,#2276,#2550,.T.);
#1794=EDGE_CURVE('',#2275,#2277,#149,.T.);
#1795=EDGE_CURVE('',#2278,#2277,#2551,.T.);
#1796=EDGE_CURVE('',#2278,#2279,#150,.T.);
#1797=EDGE_CURVE('',#2280,#2279,#2552,.T.);
#1798=EDGE_CURVE('',#2281,#2280,#151,.T.);
#1799=EDGE_CURVE('',#2282,#2281,#2553,.T.);
#1800=EDGE_CURVE('',#2276,#2282,#152,.T.);
#1801=EDGE_CURVE('',#2283,#2284,#2554,.T.);
#1802=EDGE_CURVE('',#2283,#2285,#153,.T.);
#1803=EDGE_CURVE('',#2286,#2285,#2555,.T.);
#1804=EDGE_CURVE('',#2286,#2287,#154,.T.);
#1805=EDGE_CURVE('',#2288,#2287,#2556,.T.);
#1806=EDGE_CURVE('',#2289,#2288,#155,.T.);
#1807=EDGE_CURVE('',#2290,#2289,#2557,.T.);
#1808=EDGE_CURVE('',#2284,#2290,#156,.T.);
#1809=EDGE_CURVE('',#2291,#2292,#2558,.T.);
#1810=EDGE_CURVE('',#2291,#2293,#157,.T.);
#1811=EDGE_CURVE('',#2294,#2293,#2559,.T.);
#1812=EDGE_CURVE('',#2294,#2295,#158,.T.);
#1813=EDGE_CURVE('',#2296,#2295,#2560,.T.);
#1814=EDGE_CURVE('',#2297,#2296,#159,.T.);
#1815=EDGE_CURVE('',#2298,#2297,#2561,.T.);
#1816=EDGE_CURVE('',#2292,#2298,#160,.T.);
#1817=EDGE_CURVE('',#2299,#2300,#2562,.T.);
#1818=EDGE_CURVE('',#2299,#2301,#161,.T.);
#1819=EDGE_CURVE('',#2302,#2301,#2563,.T.);
#1820=EDGE_CURVE('',#2302,#2303,#162,.T.);
#1821=EDGE_CURVE('',#2304,#2303,#2564,.T.);
#1822=EDGE_CURVE('',#2305,#2304,#163,.T.);
#1823=EDGE_CURVE('',#2306,#2305,#2565,.T.);
#1824=EDGE_CURVE('',#2300,#2306,#164,.T.);
#1825=EDGE_CURVE('',#2307,#2308,#2566,.T.);
#1826=EDGE_CURVE('',#2307,#2309,#165,.T.);
#1827=EDGE_CURVE('',#2310,#2309,#2567,.T.);
#1828=EDGE_CURVE('',#2310,#2311,#166,.T.);
#1829=EDGE_CURVE('',#2312,#2311,#2568,.T.);
#1830=EDGE_CURVE('',#2313,#2312,#167,.T.);
#1831=EDGE_CURVE('',#2314,#2313,#2569,.T.);
#1832=EDGE_CURVE('',#2308,#2314,#168,.T.);
#1833=EDGE_CURVE('',#2315,#2316,#2570,.T.);
#1834=EDGE_CURVE('',#2315,#2317,#169,.T.);
#1835=EDGE_CURVE('',#2318,#2317,#2571,.T.);
#1836=EDGE_CURVE('',#2318,#2319,#170,.T.);
#1837=EDGE_CURVE('',#2320,#2319,#2572,.T.);
#1838=EDGE_CURVE('',#2321,#2320,#171,.T.);
#1839=EDGE_CURVE('',#2322,#2321,#2573,.T.);
#1840=EDGE_CURVE('',#2316,#2322,#172,.T.);
#1841=EDGE_CURVE('',#2323,#2324,#2574,.T.);
#1842=EDGE_CURVE('',#2323,#2325,#173,.T.);
#1843=EDGE_CURVE('',#2326,#2325,#2575,.T.);
#1844=EDGE_CURVE('',#2326,#2327,#174,.T.);
#1845=EDGE_CURVE('',#2328,#2327,#2576,.T.);
#1846=EDGE_CURVE('',#2329,#2328,#175,.T.);
#1847=EDGE_CURVE('',#2330,#2329,#2577,.T.);
#1848=EDGE_CURVE('',#2324,#2330,#176,.T.);
#1849=EDGE_CURVE('',#2331,#2332,#2578,.T.);
#1850=EDGE_CURVE('',#2331,#2333,#177,.T.);
#1851=EDGE_CURVE('',#2334,#2333,#2579,.T.);
#1852=EDGE_CURVE('',#2334,#2335,#178,.T.);
#1853=EDGE_CURVE('',#2336,#2335,#2580,.T.);
#1854=EDGE_CURVE('',#2337,#2336,#179,.T.);
#1855=EDGE_CURVE('',#2338,#2337,#2581,.T.);
#1856=EDGE_CURVE('',#2332,#2338,#180,.T.);
#1857=EDGE_CURVE('',#2339,#2339,#2582,.F.);
#1858=EDGE_CURVE('',#2340,#2340,#2583,.F.);
#1859=EDGE_CURVE('',#2341,#2341,#2584,.F.);
#1860=EDGE_CURVE('',#2342,#2342,#2585,.F.);
#1861=EDGE_CURVE('',#2343,#2343,#2586,.F.);
#1862=EDGE_CURVE('',#2344,#2344,#2587,.F.);
#1863=EDGE_CURVE('',#2345,#2346,#181,.T.);
#1864=EDGE_CURVE('',#2345,#2347,#2588,.T.);
#1865=EDGE_CURVE('',#2347,#2348,#182,.T.);
#1866=EDGE_CURVE('',#2348,#2349,#2589,.T.);
#1867=EDGE_CURVE('',#2349,#2350,#183,.T.);
#1868=EDGE_CURVE('',#2350,#2351,#2590,.T.);
#1869=EDGE_CURVE('',#2352,#2351,#184,.T.);
#1870=EDGE_CURVE('',#2352,#2346,#2591,.T.);
#1871=EDGE_CURVE('',#2353,#2354,#185,.T.);
#1872=EDGE_CURVE('',#2353,#2355,#2592,.T.);
#1873=EDGE_CURVE('',#2355,#2356,#186,.T.);
#1874=EDGE_CURVE('',#2356,#2357,#2593,.T.);
#1875=EDGE_CURVE('',#2357,#2358,#187,.T.);
#1876=EDGE_CURVE('',#2358,#2359,#2594,.T.);
#1877=EDGE_CURVE('',#2360,#2359,#188,.T.);
#1878=EDGE_CURVE('',#2360,#2354,#2595,.T.);
#1879=EDGE_CURVE('',#2361,#2362,#189,.T.);
#1880=EDGE_CURVE('',#2361,#2363,#2596,.T.);
#1881=EDGE_CURVE('',#2363,#2364,#190,.T.);
#1882=EDGE_CURVE('',#2364,#2365,#2597,.T.);
#1883=EDGE_CURVE('',#2365,#2366,#191,.T.);
#1884=EDGE_CURVE('',#2366,#2367,#2598,.T.);
#1885=EDGE_CURVE('',#2368,#2367,#192,.T.);
#1886=EDGE_CURVE('',#2368,#2362,#2599,.T.);
#1887=EDGE_CURVE('',#2369,#2370,#193,.T.);
#1888=EDGE_CURVE('',#2369,#2371,#2600,.T.);
#1889=EDGE_CURVE('',#2371,#2372,#194,.T.);
#1890=EDGE_CURVE('',#2372,#2373,#2601,.T.);
#1891=EDGE_CURVE('',#2373,#2374,#195,.T.);
#1892=EDGE_CURVE('',#2374,#2375,#2602,.T.);
#1893=EDGE_CURVE('',#2376,#2375,#196,.T.);
#1894=EDGE_CURVE('',#2376,#2370,#2603,.T.);
#1895=EDGE_CURVE('',#2377,#2378,#197,.T.);
#1896=EDGE_CURVE('',#2377,#2379,#2604,.T.);
#1897=EDGE_CURVE('',#2379,#2380,#198,.T.);
#1898=EDGE_CURVE('',#2380,#2381,#2605,.T.);
#1899=EDGE_CURVE('',#2381,#2382,#199,.T.);
#1900=EDGE_CURVE('',#2382,#2383,#2606,.T.);
#1901=EDGE_CURVE('',#2384,#2383,#200,.T.);
#1902=EDGE_CURVE('',#2384,#2378,#2607,.T.);
#1903=EDGE_CURVE('',#2385,#2386,#201,.T.);
#1904=EDGE_CURVE('',#2385,#2387,#2608,.T.);
#1905=EDGE_CURVE('',#2387,#2388,#202,.T.);
#1906=EDGE_CURVE('',#2388,#2389,#2609,.T.);
#1907=EDGE_CURVE('',#2389,#2390,#203,.T.);
#1908=EDGE_CURVE('',#2390,#2391,#2610,.T.);
#1909=EDGE_CURVE('',#2392,#2391,#204,.T.);
#1910=EDGE_CURVE('',#2392,#2386,#2611,.T.);
#1911=EDGE_CURVE('',#2393,#2394,#205,.T.);
#1912=EDGE_CURVE('',#2393,#2395,#2612,.T.);
#1913=EDGE_CURVE('',#2395,#2396,#206,.T.);
#1914=EDGE_CURVE('',#2396,#2397,#2613,.T.);
#1915=EDGE_CURVE('',#2397,#2398,#207,.T.);
#1916=EDGE_CURVE('',#2398,#2399,#2614,.T.);
#1917=EDGE_CURVE('',#2400,#2399,#208,.T.);
#1918=EDGE_CURVE('',#2400,#2394,#2615,.T.);
#1919=EDGE_CURVE('',#2401,#2402,#209,.T.);
#1920=EDGE_CURVE('',#2401,#2403,#2616,.T.);
#1921=EDGE_CURVE('',#2403,#2404,#210,.T.);
#1922=EDGE_CURVE('',#2404,#2405,#2617,.T.);
#1923=EDGE_CURVE('',#2405,#2406,#211,.T.);
#1924=EDGE_CURVE('',#2406,#2407,#2618,.T.);
#1925=EDGE_CURVE('',#2408,#2407,#212,.T.);
#1926=EDGE_CURVE('',#2408,#2402,#2619,.T.);
#1927=EDGE_CURVE('',#2409,#2410,#213,.T.);
#1928=EDGE_CURVE('',#2409,#2411,#214,.T.);
#1929=EDGE_CURVE('',#2411,#2412,#215,.T.);
#1930=EDGE_CURVE('',#2412,#2413,#2620,.F.);
#1931=EDGE_CURVE('',#2413,#2414,#216,.T.);
#1932=EDGE_CURVE('',#2414,#2415,#2621,.F.);
#1933=EDGE_CURVE('',#2416,#2415,#217,.T.);
#1934=EDGE_CURVE('',#2416,#2417,#2622,.F.);
#1935=EDGE_CURVE('',#2418,#2417,#218,.T.);
#1936=EDGE_CURVE('',#2418,#2174,#2623,.F.);
#1937=EDGE_CURVE('',#2177,#2172,#219,.T.);
#1938=EDGE_CURVE('',#2178,#2419,#2624,.T.);
#1939=EDGE_CURVE('',#2419,#2420,#220,.T.);
#1940=EDGE_CURVE('',#2420,#2421,#2625,.T.);
#1941=EDGE_CURVE('',#2421,#2422,#221,.T.);
#1942=EDGE_CURVE('',#2422,#2423,#2626,.T.);
#1943=EDGE_CURVE('',#2424,#2423,#222,.T.);
#1944=EDGE_CURVE('',#2424,#2410,#2627,.T.);
#1945=EDGE_CURVE('',#2425,#2426,#223,.T.);
#1946=EDGE_CURVE('',#2425,#2427,#2628,.T.);
#1947=EDGE_CURVE('',#2427,#2428,#224,.T.);
#1948=EDGE_CURVE('',#2428,#2429,#2629,.T.);
#1949=EDGE_CURVE('',#2429,#2430,#225,.T.);
#1950=EDGE_CURVE('',#2430,#2431,#2630,.T.);
#1951=EDGE_CURVE('',#2432,#2431,#226,.T.);
#1952=EDGE_CURVE('',#2432,#2426,#2631,.T.);
#1953=EDGE_CURVE('',#2433,#2434,#227,.T.);
#1954=EDGE_CURVE('',#2433,#2435,#2632,.T.);
#1955=EDGE_CURVE('',#2435,#2436,#228,.T.);
#1956=EDGE_CURVE('',#2436,#2437,#2633,.T.);
#1957=EDGE_CURVE('',#2437,#2438,#229,.T.);
#1958=EDGE_CURVE('',#2438,#2439,#2634,.T.);
#1959=EDGE_CURVE('',#2440,#2439,#230,.T.);
#1960=EDGE_CURVE('',#2440,#2434,#2635,.T.);
#1961=EDGE_CURVE('',#2441,#2442,#231,.T.);
#1962=EDGE_CURVE('',#2441,#2443,#2636,.T.);
#1963=EDGE_CURVE('',#2443,#2444,#232,.T.);
#1964=EDGE_CURVE('',#2444,#2445,#2637,.T.);
#1965=EDGE_CURVE('',#2445,#2446,#233,.T.);
#1966=EDGE_CURVE('',#2446,#2447,#2638,.T.);
#1967=EDGE_CURVE('',#2448,#2447,#234,.T.);
#1968=EDGE_CURVE('',#2448,#2442,#2639,.T.);
#1969=EDGE_CURVE('',#2449,#2450,#235,.T.);
#1970=EDGE_CURVE('',#2449,#2451,#2640,.T.);
#1971=EDGE_CURVE('',#2451,#2452,#236,.T.);
#1972=EDGE_CURVE('',#2452,#2453,#2641,.T.);
#1973=EDGE_CURVE('',#2453,#2454,#237,.T.);
#1974=EDGE_CURVE('',#2454,#2455,#2642,.T.);
#1975=EDGE_CURVE('',#2456,#2455,#238,.T.);
#1976=EDGE_CURVE('',#2456,#2450,#2643,.T.);
#1977=EDGE_CURVE('',#2457,#2458,#239,.T.);
#1978=EDGE_CURVE('',#2457,#2459,#2644,.T.);
#1979=EDGE_CURVE('',#2459,#2460,#240,.T.);
#1980=EDGE_CURVE('',#2460,#2461,#2645,.T.);
#1981=EDGE_CURVE('',#2461,#2462,#241,.T.);
#1982=EDGE_CURVE('',#2462,#2463,#2646,.T.);
#1983=EDGE_CURVE('',#2464,#2463,#242,.T.);
#1984=EDGE_CURVE('',#2464,#2458,#2647,.T.);
#1985=EDGE_CURVE('',#2465,#2466,#243,.T.);
#1986=EDGE_CURVE('',#2465,#2467,#2648,.T.);
#1987=EDGE_CURVE('',#2467,#2468,#244,.T.);
#1988=EDGE_CURVE('',#2468,#2469,#2649,.T.);
#1989=EDGE_CURVE('',#2469,#2470,#245,.T.);
#1990=EDGE_CURVE('',#2470,#2471,#2650,.T.);
#1991=EDGE_CURVE('',#2472,#2471,#246,.T.);
#1992=EDGE_CURVE('',#2472,#2466,#2651,.T.);
#1993=EDGE_CURVE('',#2473,#2474,#247,.T.);
#1994=EDGE_CURVE('',#2473,#2475,#2652,.T.);
#1995=EDGE_CURVE('',#2475,#2476,#248,.T.);
#1996=EDGE_CURVE('',#2476,#2477,#2653,.T.);
#1997=EDGE_CURVE('',#2477,#2478,#249,.T.);
#1998=EDGE_CURVE('',#2478,#2479,#2654,.T.);
#1999=EDGE_CURVE('',#2480,#2479,#250,.T.);
#2000=EDGE_CURVE('',#2480,#2474,#2655,.T.);
#2001=EDGE_CURVE('',#2481,#2482,#251,.T.);
#2002=EDGE_CURVE('',#2481,#2483,#2656,.T.);
#2003=EDGE_CURVE('',#2483,#2484,#252,.T.);
#2004=EDGE_CURVE('',#2484,#2485,#2657,.T.);
#2005=EDGE_CURVE('',#2485,#2486,#253,.T.);
#2006=EDGE_CURVE('',#2486,#2487,#2658,.T.);
#2007=EDGE_CURVE('',#2488,#2487,#254,.T.);
#2008=EDGE_CURVE('',#2488,#2482,#2659,.T.);
#2009=EDGE_CURVE('',#2489,#2490,#255,.T.);
#2010=EDGE_CURVE('',#2489,#2491,#2660,.T.);
#2011=EDGE_CURVE('',#2491,#2492,#256,.T.);
#2012=EDGE_CURVE('',#2492,#2493,#2661,.T.);
#2013=EDGE_CURVE('',#2493,#2494,#257,.T.);
#2014=EDGE_CURVE('',#2494,#2495,#2662,.T.);
#2015=EDGE_CURVE('',#2496,#2495,#258,.T.);
#2016=EDGE_CURVE('',#2496,#2490,#2663,.T.);
#2017=EDGE_CURVE('',#2186,#2411,#2664,.T.);
#2018=EDGE_CURVE('',#2202,#2412,#259,.T.);
#2019=EDGE_CURVE('',#2417,#2197,#260,.F.);
#2020=EDGE_CURVE('',#2196,#2418,#261,.T.);
#2021=EDGE_CURVE('',#2415,#2199,#262,.F.);
#2022=EDGE_CURVE('',#2198,#2416,#263,.T.);
#2023=EDGE_CURVE('',#2413,#2201,#264,.F.);
#2024=EDGE_CURVE('',#2200,#2414,#265,.T.);
#2025=EDGE_CURVE('',#2409,#2185,#2665,.T.);
#2026=EDGE_CURVE('',#2410,#2187,#266,.T.);
#2027=EDGE_CURVE('',#2176,#2497,#12,.T.);
#2028=EDGE_CURVE('',#2194,#2497,#267,.F.);
#2029=EDGE_CURVE('',#2419,#2193,#268,.T.);
#2030=EDGE_CURVE('',#2420,#2192,#269,.T.);
#2031=EDGE_CURVE('',#2421,#2191,#270,.T.);
#2032=EDGE_CURVE('',#2422,#2190,#271,.T.);
#2033=EDGE_CURVE('',#2423,#2189,#272,.T.);
#2034=EDGE_CURVE('',#2424,#2188,#273,.T.);
#2035=EDGE_CURVE('',#2426,#2205,#274,.T.);
#2036=EDGE_CURVE('',#2425,#2203,#275,.T.);
#2037=EDGE_CURVE('',#2427,#2204,#276,.T.);
#2038=EDGE_CURVE('',#2428,#2210,#277,.T.);
#2039=EDGE_CURVE('',#2429,#2209,#278,.T.);
#2040=EDGE_CURVE('',#2430,#2208,#279,.T.);
#2041=EDGE_CURVE('',#2431,#2207,#280,.T.);
#2042=EDGE_CURVE('',#2432,#2206,#281,.T.);
#2043=EDGE_CURVE('',#2402,#2213,#282,.T.);
#2044=EDGE_CURVE('',#2401,#2211,#283,.T.);
#2045=EDGE_CURVE('',#2403,#2212,#284,.T.);
#2046=EDGE_CURVE('',#2404,#2218,#285,.T.);
#2047=EDGE_CURVE('',#2405,#2217,#286,.T.);
#2048=EDGE_CURVE('',#2406,#2216,#287,.T.);
#2049=EDGE_CURVE('',#2407,#2215,#288,.T.);
#2050=EDGE_CURVE('',#2408,#2214,#289,.T.);
#2051=EDGE_CURVE('',#2434,#2221,#290,.T.);
#2052=EDGE_CURVE('',#2433,#2219,#291,.T.);
#2053=EDGE_CURVE('',#2435,#2220,#292,.T.);
#2054=EDGE_CURVE('',#2436,#2226,#293,.T.);
#2055=EDGE_CURVE('',#2437,#2225,#294,.T.);
#2056=EDGE_CURVE('',#2438,#2224,#295,.T.);
#2057=EDGE_CURVE('',#2439,#2223,#296,.T.);
#2058=EDGE_CURVE('',#2440,#2222,#297,.T.);
#2059=EDGE_CURVE('',#2394,#2229,#298,.T.);
#2060=EDGE_CURVE('',#2393,#2227,#299,.T.);
#2061=EDGE_CURVE('',#2395,#2228,#300,.T.);
#2062=EDGE_CURVE('',#2396,#2234,#301,.T.);
#2063=EDGE_CURVE('',#2397,#2233,#302,.T.);
#2064=EDGE_CURVE('',#2398,#2232,#303,.T.);
#2065=EDGE_CURVE('',#2399,#2231,#304,.T.);
#2066=EDGE_CURVE('',#2400,#2230,#305,.T.);
#2067=EDGE_CURVE('',#2442,#2237,#306,.T.);
#2068=EDGE_CURVE('',#2441,#2235,#307,.T.);
#2069=EDGE_CURVE('',#2443,#2236,#308,.T.);
#2070=EDGE_CURVE('',#2444,#2242,#309,.T.);
#2071=EDGE_CURVE('',#2445,#2241,#310,.T.);
#2072=EDGE_CURVE('',#2446,#2240,#311,.T.);
#2073=EDGE_CURVE('',#2447,#2239,#312,.T.);
#2074=EDGE_CURVE('',#2448,#2238,#313,.T.);
#2075=EDGE_CURVE('',#2386,#2245,#314,.T.);
#2076=EDGE_CURVE('',#2385,#2243,#315,.T.);
#2077=EDGE_CURVE('',#2387,#2244,#316,.T.);
#2078=EDGE_CURVE('',#2388,#2250,#317,.T.);
#2079=EDGE_CURVE('',#2389,#2249,#318,.T.);
#2080=EDGE_CURVE('',#2390,#2248,#319,.T.);
#2081=EDGE_CURVE('',#2391,#2247,#320,.T.);
#2082=EDGE_CURVE('',#2392,#2246,#321,.T.);
#2083=EDGE_CURVE('',#2450,#2253,#322,.T.);
#2084=EDGE_CURVE('',#2449,#2251,#323,.T.);
#2085=EDGE_CURVE('',#2451,#2252,#324,.T.);
#2086=EDGE_CURVE('',#2452,#2258,#325,.T.);
#2087=EDGE_CURVE('',#2453,#2257,#326,.T.);
#2088=EDGE_CURVE('',#2454,#2256,#327,.T.);
#2089=EDGE_CURVE('',#2455,#2255,#328,.T.);
#2090=EDGE_CURVE('',#2456,#2254,#329,.T.);
#2091=EDGE_CURVE('',#2378,#2261,#330,.T.);
#2092=EDGE_CURVE('',#2377,#2259,#331,.T.);
#2093=EDGE_CURVE('',#2379,#2260,#332,.T.);
#2094=EDGE_CURVE('',#2380,#2266,#333,.T.);
#2095=EDGE_CURVE('',#2381,#2265,#334,.T.);
#2096=EDGE_CURVE('',#2382,#2264,#335,.T.);
#2097=EDGE_CURVE('',#2383,#2263,#336,.T.);
#2098=EDGE_CURVE('',#2384,#2262,#337,.T.);
#2099=EDGE_CURVE('',#2458,#2269,#338,.T.);
#2100=EDGE_CURVE('',#2457,#2267,#339,.T.);
#2101=EDGE_CURVE('',#2459,#2268,#340,.T.);
#2102=EDGE_CURVE('',#2460,#2274,#341,.T.);
#2103=EDGE_CURVE('',#2461,#2273,#342,.T.);
#2104=EDGE_CURVE('',#2462,#2272,#343,.T.);
#2105=EDGE_CURVE('',#2463,#2271,#344,.T.);
#2106=EDGE_CURVE('',#2464,#2270,#345,.T.);
#2107=EDGE_CURVE('',#2370,#2277,#346,.T.);
#2108=EDGE_CURVE('',#2369,#2275,#347,.T.);
#2109=EDGE_CURVE('',#2371,#2276,#348,.T.);
#2110=EDGE_CURVE('',#2372,#2282,#349,.T.);
#2111=EDGE_CURVE('',#2373,#2281,#350,.T.);
#2112=EDGE_CURVE('',#2374,#2280,#351,.T.);
#2113=EDGE_CURVE('',#2375,#2279,#352,.T.);
#2114=EDGE_CURVE('',#2376,#2278,#353,.T.);
#2115=EDGE_CURVE('',#2466,#2285,#354,.T.);
#2116=EDGE_CURVE('',#2465,#2283,#355,.T.);
#2117=EDGE_CURVE('',#2467,#2284,#356,.T.);
#2118=EDGE_CURVE('',#2468,#2290,#357,.T.);
#2119=EDGE_CURVE('',#2469,#2289,#358,.T.);
#2120=EDGE_CURVE('',#2470,#2288,#359,.T.);
#2121=EDGE_CURVE('',#2471,#2287,#360,.T.);
#2122=EDGE_CURVE('',#2472,#2286,#361,.T.);
#2123=EDGE_CURVE('',#2362,#2293,#362,.T.);
#2124=EDGE_CURVE('',#2361,#2291,#363,.T.);
#2125=EDGE_CURVE('',#2363,#2292,#364,.T.);
#2126=EDGE_CURVE('',#2364,#2298,#365,.T.);
#2127=EDGE_CURVE('',#2365,#2297,#366,.T.);
#2128=EDGE_CURVE('',#2366,#2296,#367,.T.);
#2129=EDGE_CURVE('',#2367,#2295,#368,.T.);
#2130=EDGE_CURVE('',#2368,#2294,#369,.T.);
#2131=EDGE_CURVE('',#2474,#2301,#370,.T.);
#2132=EDGE_CURVE('',#2473,#2299,#371,.T.);
#2133=EDGE_CURVE('',#2475,#2300,#372,.T.);
#2134=EDGE_CURVE('',#2476,#2306,#373,.T.);
#2135=EDGE_CURVE('',#2477,#2305,#374,.T.);
#2136=EDGE_CURVE('',#2478,#2304,#375,.T.);
#2137=EDGE_CURVE('',#2479,#2303,#376,.T.);
#2138=EDGE_CURVE('',#2480,#2302,#377,.T.);
#2139=EDGE_CURVE('',#2354,#2309,#378,.T.);
#2140=EDGE_CURVE('',#2353,#2307,#379,.T.);
#2141=EDGE_CURVE('',#2355,#2308,#380,.T.);
#2142=EDGE_CURVE('',#2356,#2314,#381,.T.);
#2143=EDGE_CURVE('',#2357,#2313,#382,.T.);
#2144=EDGE_CURVE('',#2358,#2312,#383,.T.);
#2145=EDGE_CURVE('',#2359,#2311,#384,.T.);
#2146=EDGE_CURVE('',#2360,#2310,#385,.T.);
#2147=EDGE_CURVE('',#2482,#2317,#386,.T.);
#2148=EDGE_CURVE('',#2481,#2315,#387,.T.);
#2149=EDGE_CURVE('',#2483,#2316,#388,.T.);
#2150=EDGE_CURVE('',#2484,#2322,#389,.T.);
#2151=EDGE_CURVE('',#2485,#2321,#390,.T.);
#2152=EDGE_CURVE('',#2486,#2320,#391,.T.);
#2153=EDGE_CURVE('',#2487,#2319,#392,.T.);
#2154=EDGE_CURVE('',#2488,#2318,#393,.T.);
#2155=EDGE_CURVE('',#2346,#2325,#394,.T.);
#2156=EDGE_CURVE('',#2345,#2323,#395,.T.);
#2157=EDGE_CURVE('',#2347,#2324,#396,.T.);
#2158=EDGE_CURVE('',#2348,#2330,#397,.T.);
#2159=EDGE_CURVE('',#2349,#2329,#398,.T.);
#2160=EDGE_CURVE('',#2350,#2328,#399,.T.);
#2161=EDGE_CURVE('',#2351,#2327,#400,.T.);
#2162=EDGE_CURVE('',#2352,#2326,#401,.T.);
#2163=EDGE_CURVE('',#2490,#2333,#402,.T.);
#2164=EDGE_CURVE('',#2489,#2331,#403,.T.);
#2165=EDGE_CURVE('',#2491,#2332,#404,.T.);
#2166=EDGE_CURVE('',#2492,#2338,#405,.T.);
#2167=EDGE_CURVE('',#2493,#2337,#406,.T.);
#2168=EDGE_CURVE('',#2494,#2336,#407,.T.);
#2169=EDGE_CURVE('',#2495,#2335,#408,.T.);
#2170=EDGE_CURVE('',#2496,#2334,#409,.T.);
#2171=EDGE_CURVE('',#2497,#2195,#2666,.T.);
#2172=VERTEX_POINT('',#4680);
#2173=VERTEX_POINT('',#4681);
#2174=VERTEX_POINT('',#4683);
#2175=VERTEX_POINT('',#4685);
#2176=VERTEX_POINT('',#4689);
#2177=VERTEX_POINT('',#4690);
#2178=VERTEX_POINT('',#4692);
#2179=VERTEX_POINT('',#4696);
#2180=VERTEX_POINT('',#4698);
#2181=VERTEX_POINT('',#4700);
#2182=VERTEX_POINT('',#4702);
#2183=VERTEX_POINT('',#4704);
#2184=VERTEX_POINT('',#4706);
#2185=VERTEX_POINT('',#4708);
#2186=VERTEX_POINT('',#4709);
#2187=VERTEX_POINT('',#4711);
#2188=VERTEX_POINT('',#4713);
#2189=VERTEX_POINT('',#4715);
#2190=VERTEX_POINT('',#4717);
#2191=VERTEX_POINT('',#4719);
#2192=VERTEX_POINT('',#4721);
#2193=VERTEX_POINT('',#4723);
#2194=VERTEX_POINT('',#4725);
#2195=VERTEX_POINT('',#4727);
#2196=VERTEX_POINT('',#4730);
#2197=VERTEX_POINT('',#4732);
#2198=VERTEX_POINT('',#4734);
#2199=VERTEX_POINT('',#4736);
#2200=VERTEX_POINT('',#4738);
#2201=VERTEX_POINT('',#4740);
#2202=VERTEX_POINT('',#4742);
#2203=VERTEX_POINT('',#4745);
#2204=VERTEX_POINT('',#4746);
#2205=VERTEX_POINT('',#4748);
#2206=VERTEX_POINT('',#4750);
#2207=VERTEX_POINT('',#4752);
#2208=VERTEX_POINT('',#4754);
#2209=VERTEX_POINT('',#4756);
#2210=VERTEX_POINT('',#4758);
#2211=VERTEX_POINT('',#4761);
#2212=VERTEX_POINT('',#4762);
#2213=VERTEX_POINT('',#4764);
#2214=VERTEX_POINT('',#4766);
#2215=VERTEX_POINT('',#4768);
#2216=VERTEX_POINT('',#4770);
#2217=VERTEX_POINT('',#4772);
#2218=VERTEX_POINT('',#4774);
#2219=VERTEX_POINT('',#4777);
#2220=VERTEX_POINT('',#4778);
#2221=VERTEX_POINT('',#4780);
#2222=VERTEX_POINT('',#4782);
#2223=VERTEX_POINT('',#4784);
#2224=VERTEX_POINT('',#4786);
#2225=VERTEX_POINT('',#4788);
#2226=VERTEX_POINT('',#4790);
#2227=VERTEX_POINT('',#4793);
#2228=VERTEX_POINT('',#4794);
#2229=VERTEX_POINT('',#4796);
#2230=VERTEX_POINT('',#4798);
#2231=VERTEX_POINT('',#4800);
#2232=VERTEX_POINT('',#4802);
#2233=VERTEX_POINT('',#4804);
#2234=VERTEX_POINT('',#4806);
#2235=VERTEX_POINT('',#4809);
#2236=VERTEX_POINT('',#4810);
#2237=VERTEX_POINT('',#4812);
#2238=VERTEX_POINT('',#4814);
#2239=VERTEX_POINT('',#4816);
#2240=VERTEX_POINT('',#4818);
#2241=VERTEX_POINT('',#4820);
#2242=VERTEX_POINT('',#4822);
#2243=VERTEX_POINT('',#4825);
#2244=VERTEX_POINT('',#4826);
#2245=VERTEX_POINT('',#4828);
#2246=VERTEX_POINT('',#4830);
#2247=VERTEX_POINT('',#4832);
#2248=VERTEX_POINT('',#4834);
#2249=VERTEX_POINT('',#4836);
#2250=VERTEX_POINT('',#4838);
#2251=VERTEX_POINT('',#4841);
#2252=VERTEX_POINT('',#4842);
#2253=VERTEX_POINT('',#4844);
#2254=VERTEX_POINT('',#4846);
#2255=VERTEX_POINT('',#4848);
#2256=VERTEX_POINT('',#4850);
#2257=VERTEX_POINT('',#4852);
#2258=VERTEX_POINT('',#4854);
#2259=VERTEX_POINT('',#4857);
#2260=VERTEX_POINT('',#4858);
#2261=VERTEX_POINT('',#4860);
#2262=VERTEX_POINT('',#4862);
#2263=VERTEX_POINT('',#4864);
#2264=VERTEX_POINT('',#4866);
#2265=VERTEX_POINT('',#4868);
#2266=VERTEX_POINT('',#4870);
#2267=VERTEX_POINT('',#4873);
#2268=VERTEX_POINT('',#4874);
#2269=VERTEX_POINT('',#4876);
#2270=VERTEX_POINT('',#4878);
#2271=VERTEX_POINT('',#4880);
#2272=VERTEX_POINT('',#4882);
#2273=VERTEX_POINT('',#4884);
#2274=VERTEX_POINT('',#4886);
#2275=VERTEX_POINT('',#4889);
#2276=VERTEX_POINT('',#4890);
#2277=VERTEX_POINT('',#4892);
#2278=VERTEX_POINT('',#4894);
#2279=VERTEX_POINT('',#4896);
#2280=VERTEX_POINT('',#4898);
#2281=VERTEX_POINT('',#4900);
#2282=VERTEX_POINT('',#4902);
#2283=VERTEX_POINT('',#4905);
#2284=VERTEX_POINT('',#4906);
#2285=VERTEX_POINT('',#4908);
#2286=VERTEX_POINT('',#4910);
#2287=VERTEX_POINT('',#4912);
#2288=VERTEX_POINT('',#4914);
#2289=VERTEX_POINT('',#4916);
#2290=VERTEX_POINT('',#4918);
#2291=VERTEX_POINT('',#4921);
#2292=VERTEX_POINT('',#4922);
#2293=VERTEX_POINT('',#4924);
#2294=VERTEX_POINT('',#4926);
#2295=VERTEX_POINT('',#4928);
#2296=VERTEX_POINT('',#4930);
#2297=VERTEX_POINT('',#4932);
#2298=VERTEX_POINT('',#4934);
#2299=VERTEX_POINT('',#4937);
#2300=VERTEX_POINT('',#4938);
#2301=VERTEX_POINT('',#4940);
#2302=VERTEX_POINT('',#4942);
#2303=VERTEX_POINT('',#4944);
#2304=VERTEX_POINT('',#4946);
#2305=VERTEX_POINT('',#4948);
#2306=VERTEX_POINT('',#4950);
#2307=VERTEX_POINT('',#4953);
#2308=VERTEX_POINT('',#4954);
#2309=VERTEX_POINT('',#4956);
#2310=VERTEX_POINT('',#4958);
#2311=VERTEX_POINT('',#4960);
#2312=VERTEX_POINT('',#4962);
#2313=VERTEX_POINT('',#4964);
#2314=VERTEX_POINT('',#4966);
#2315=VERTEX_POINT('',#4969);
#2316=VERTEX_POINT('',#4970);
#2317=VERTEX_POINT('',#4972);
#2318=VERTEX_POINT('',#4974);
#2319=VERTEX_POINT('',#4976);
#2320=VERTEX_POINT('',#4978);
#2321=VERTEX_POINT('',#4980);
#2322=VERTEX_POINT('',#4982);
#2323=VERTEX_POINT('',#4985);
#2324=VERTEX_POINT('',#4986);
#2325=VERTEX_POINT('',#4988);
#2326=VERTEX_POINT('',#4990);
#2327=VERTEX_POINT('',#4992);
#2328=VERTEX_POINT('',#4994);
#2329=VERTEX_POINT('',#4996);
#2330=VERTEX_POINT('',#4998);
#2331=VERTEX_POINT('',#5001);
#2332=VERTEX_POINT('',#5002);
#2333=VERTEX_POINT('',#5004);
#2334=VERTEX_POINT('',#5006);
#2335=VERTEX_POINT('',#5008);
#2336=VERTEX_POINT('',#5010);
#2337=VERTEX_POINT('',#5012);
#2338=VERTEX_POINT('',#5014);
#2339=VERTEX_POINT('',#5018);
#2340=VERTEX_POINT('',#5020);
#2341=VERTEX_POINT('',#5022);
#2342=VERTEX_POINT('',#5024);
#2343=VERTEX_POINT('',#5026);
#2344=VERTEX_POINT('',#5028);
#2345=VERTEX_POINT('',#5030);
#2346=VERTEX_POINT('',#5031);
#2347=VERTEX_POINT('',#5033);
#2348=VERTEX_POINT('',#5035);
#2349=VERTEX_POINT('',#5037);
#2350=VERTEX_POINT('',#5039);
#2351=VERTEX_POINT('',#5041);
#2352=VERTEX_POINT('',#5043);
#2353=VERTEX_POINT('',#5046);
#2354=VERTEX_POINT('',#5047);
#2355=VERTEX_POINT('',#5049);
#2356=VERTEX_POINT('',#5051);
#2357=VERTEX_POINT('',#5053);
#2358=VERTEX_POINT('',#5055);
#2359=VERTEX_POINT('',#5057);
#2360=VERTEX_POINT('',#5059);
#2361=VERTEX_POINT('',#5062);
#2362=VERTEX_POINT('',#5063);
#2363=VERTEX_POINT('',#5065);
#2364=VERTEX_POINT('',#5067);
#2365=VERTEX_POINT('',#5069);
#2366=VERTEX_POINT('',#5071);
#2367=VERTEX_POINT('',#5073);
#2368=VERTEX_POINT('',#5075);
#2369=VERTEX_POINT('',#5078);
#2370=VERTEX_POINT('',#5079);
#2371=VERTEX_POINT('',#5081);
#2372=VERTEX_POINT('',#5083);
#2373=VERTEX_POINT('',#5085);
#2374=VERTEX_POINT('',#5087);
#2375=VERTEX_POINT('',#5089);
#2376=VERTEX_POINT('',#5091);
#2377=VERTEX_POINT('',#5094);
#2378=VERTEX_POINT('',#5095);
#2379=VERTEX_POINT('',#5097);
#2380=VERTEX_POINT('',#5099);
#2381=VERTEX_POINT('',#5101);
#2382=VERTEX_POINT('',#5103);
#2383=VERTEX_POINT('',#5105);
#2384=VERTEX_POINT('',#5107);
#2385=VERTEX_POINT('',#5110);
#2386=VERTEX_POINT('',#5111);
#2387=VERTEX_POINT('',#5113);
#2388=VERTEX_POINT('',#5115);
#2389=VERTEX_POINT('',#5117);
#2390=VERTEX_POINT('',#5119);
#2391=VERTEX_POINT('',#5121);
#2392=VERTEX_POINT('',#5123);
#2393=VERTEX_POINT('',#5126);
#2394=VERTEX_POINT('',#5127);
#2395=VERTEX_POINT('',#5129);
#2396=VERTEX_POINT('',#5131);
#2397=VERTEX_POINT('',#5133);
#2398=VERTEX_POINT('',#5135);
#2399=VERTEX_POINT('',#5137);
#2400=VERTEX_POINT('',#5139);
#2401=VERTEX_POINT('',#5142);
#2402=VERTEX_POINT('',#5143);
#2403=VERTEX_POINT('',#5145);
#2404=VERTEX_POINT('',#5147);
#2405=VERTEX_POINT('',#5149);
#2406=VERTEX_POINT('',#5151);
#2407=VERTEX_POINT('',#5153);
#2408=VERTEX_POINT('',#5155);
#2409=VERTEX_POINT('',#5158);
#2410=VERTEX_POINT('',#5159);
#2411=VERTEX_POINT('',#5161);
#2412=VERTEX_POINT('',#5163);
#2413=VERTEX_POINT('',#5165);
#2414=VERTEX_POINT('',#5167);
#2415=VERTEX_POINT('',#5169);
#2416=VERTEX_POINT('',#5171);
#2417=VERTEX_POINT('',#5173);
#2418=VERTEX_POINT('',#5175);
#2419=VERTEX_POINT('',#5179);
#2420=VERTEX_POINT('',#5181);
#2421=VERTEX_POINT('',#5183);
#2422=VERTEX_POINT('',#5185);
#2423=VERTEX_POINT('',#5187);
#2424=VERTEX_POINT('',#5189);
#2425=VERTEX_POINT('',#5192);
#2426=VERTEX_POINT('',#5193);
#2427=VERTEX_POINT('',#5195);
#2428=VERTEX_POINT('',#5197);
#2429=VERTEX_POINT('',#5199);
#2430=VERTEX_POINT('',#5201);
#2431=VERTEX_POINT('',#5203);
#2432=VERTEX_POINT('',#5205);
#2433=VERTEX_POINT('',#5208);
#2434=VERTEX_POINT('',#5209);
#2435=VERTEX_POINT('',#5211);
#2436=VERTEX_POINT('',#5213);
#2437=VERTEX_POINT('',#5215);
#2438=VERTEX_POINT('',#5217);
#2439=VERTEX_POINT('',#5219);
#2440=VERTEX_POINT('',#5221);
#2441=VERTEX_POINT('',#5224);
#2442=VERTEX_POINT('',#5225);
#2443=VERTEX_POINT('',#5227);
#2444=VERTEX_POINT('',#5229);
#2445=VERTEX_POINT('',#5231);
#2446=VERTEX_POINT('',#5233);
#2447=VERTEX_POINT('',#5235);
#2448=VERTEX_POINT('',#5237);
#2449=VERTEX_POINT('',#5240);
#2450=VERTEX_POINT('',#5241);
#2451=VERTEX_POINT('',#5243);
#2452=VERTEX_POINT('',#5245);
#2453=VERTEX_POINT('',#5247);
#2454=VERTEX_POINT('',#5249);
#2455=VERTEX_POINT('',#5251);
#2456=VERTEX_POINT('',#5253);
#2457=VERTEX_POINT('',#5256);
#2458=VERTEX_POINT('',#5257);
#2459=VERTEX_POINT('',#5259);
#2460=VERTEX_POINT('',#5261);
#2461=VERTEX_POINT('',#5263);
#2462=VERTEX_POINT('',#5265);
#2463=VERTEX_POINT('',#5267);
#2464=VERTEX_POINT('',#5269);
#2465=VERTEX_POINT('',#5272);
#2466=VERTEX_POINT('',#5273);
#2467=VERTEX_POINT('',#5275);
#2468=VERTEX_POINT('',#5277);
#2469=VERTEX_POINT('',#5279);
#2470=VERTEX_POINT('',#5281);
#2471=VERTEX_POINT('',#5283);
#2472=VERTEX_POINT('',#5285);
#2473=VERTEX_POINT('',#5288);
#2474=VERTEX_POINT('',#5289);
#2475=VERTEX_POINT('',#5291);
#2476=VERTEX_POINT('',#5293);
#2477=VERTEX_POINT('',#5295);
#2478=VERTEX_POINT('',#5297);
#2479=VERTEX_POINT('',#5299);
#2480=VERTEX_POINT('',#5301);
#2481=VERTEX_POINT('',#5304);
#2482=VERTEX_POINT('',#5305);
#2483=VERTEX_POINT('',#5307);
#2484=VERTEX_POINT('',#5309);
#2485=VERTEX_POINT('',#5311);
#2486=VERTEX_POINT('',#5313);
#2487=VERTEX_POINT('',#5315);
#2488=VERTEX_POINT('',#5317);
#2489=VERTEX_POINT('',#5320);
#2490=VERTEX_POINT('',#5321);
#2491=VERTEX_POINT('',#5323);
#2492=VERTEX_POINT('',#5325);
#2493=VERTEX_POINT('',#5327);
#2494=VERTEX_POINT('',#5329);
#2495=VERTEX_POINT('',#5331);
#2496=VERTEX_POINT('',#5333);
#2497=VERTEX_POINT('',#5355);
#2498=CIRCLE('',#3361,0.002);
#2499=CIRCLE('',#3363,0.002);
#2500=CIRCLE('',#3365,0.0017);
#2501=CIRCLE('',#3366,0.0017);
#2502=CIRCLE('',#3367,0.0017);
#2503=CIRCLE('',#3368,0.0017);
#2504=CIRCLE('',#3369,0.0017);
#2505=CIRCLE('',#3370,0.0017);
#2506=CIRCLE('',#3371,0.0015);
#2507=CIRCLE('',#3372,0.0015);
#2508=CIRCLE('',#3373,0.0015);
#2509=CIRCLE('',#3374,0.0015);
#2510=CIRCLE('',#3375,0.0015);
#2511=CIRCLE('',#3376,0.0015);
#2512=CIRCLE('',#3377,0.0015);
#2513=CIRCLE('',#3378,0.0015);
#2514=CIRCLE('',#3379,0.0005);
#2515=CIRCLE('',#3380,0.0005);
#2516=CIRCLE('',#3381,0.0005);
#2517=CIRCLE('',#3382,0.0005);
#2518=CIRCLE('',#3383,0.0005);
#2519=CIRCLE('',#3384,0.0005);
#2520=CIRCLE('',#3385,0.0005);
#2521=CIRCLE('',#3386,0.0005);
#2522=CIRCLE('',#3387,0.0005);
#2523=CIRCLE('',#3388,0.0005);
#2524=CIRCLE('',#3389,0.0005);
#2525=CIRCLE('',#3390,0.0005);
#2526=CIRCLE('',#3391,0.0005);
#2527=CIRCLE('',#3392,0.0005);
#2528=CIRCLE('',#3393,0.0005);
#2529=CIRCLE('',#3394,0.0005);
#2530=CIRCLE('',#3395,0.0005);
#2531=CIRCLE('',#3396,0.0005);
#2532=CIRCLE('',#3397,0.0005);
#2533=CIRCLE('',#3398,0.0005);
#2534=CIRCLE('',#3399,0.0015);
#2535=CIRCLE('',#3400,0.0015);
#2536=CIRCLE('',#3401,0.0015);
#2537=CIRCLE('',#3402,0.0015);
#2538=CIRCLE('',#3403,0.0005);
#2539=CIRCLE('',#3404,0.0005);
#2540=CIRCLE('',#3405,0.0005);
#2541=CIRCLE('',#3406,0.0005);
#2542=CIRCLE('',#3407,0.0005);
#2543=CIRCLE('',#3408,0.0005);
#2544=CIRCLE('',#3409,0.0005);
#2545=CIRCLE('',#3410,0.0005);
#2546=CIRCLE('',#3411,0.0005);
#2547=CIRCLE('',#3412,0.0005);
#2548=CIRCLE('',#3413,0.0005);
#2549=CIRCLE('',#3414,0.0005);
#2550=CIRCLE('',#3415,0.0005);
#2551=CIRCLE('',#3416,0.0005);
#2552=CIRCLE('',#3417,0.0005);
#2553=CIRCLE('',#3418,0.0005);
#2554=CIRCLE('',#3419,0.0005);
#2555=CIRCLE('',#3420,0.0005);
#2556=CIRCLE('',#3421,0.0005);
#2557=CIRCLE('',#3422,0.0005);
#2558=CIRCLE('',#3423,0.0005);
#2559=CIRCLE('',#3424,0.0005);
#2560=CIRCLE('',#3425,0.0005);
#2561=CIRCLE('',#3426,0.0005);
#2562=CIRCLE('',#3427,0.0005);
#2563=CIRCLE('',#3428,0.0005);
#2564=CIRCLE('',#3429,0.0005);
#2565=CIRCLE('',#3430,0.0005);
#2566=CIRCLE('',#3431,0.0005);
#2567=CIRCLE('',#3432,0.0005);
#2568=CIRCLE('',#3433,0.0005);
#2569=CIRCLE('',#3434,0.0005);
#2570=CIRCLE('',#3435,0.0005);
#2571=CIRCLE('',#3436,0.0005);
#2572=CIRCLE('',#3437,0.0005);
#2573=CIRCLE('',#3438,0.0005);
#2574=CIRCLE('',#3439,0.0005);
#2575=CIRCLE('',#3440,0.0005);
#2576=CIRCLE('',#3441,0.0005);
#2577=CIRCLE('',#3442,0.0005);
#2578=CIRCLE('',#3443,0.0005);
#2579=CIRCLE('',#3444,0.0005);
#2580=CIRCLE('',#3445,0.0005);
#2581=CIRCLE('',#3446,0.0005);
#2582=CIRCLE('',#3448,0.0017);
#2583=CIRCLE('',#3449,0.0017);
#2584=CIRCLE('',#3450,0.0017);
#2585=CIRCLE('',#3451,0.0017);
#2586=CIRCLE('',#3452,0.0017);
#2587=CIRCLE('',#3453,0.0017);
#2588=CIRCLE('',#3454,0.0005);
#2589=CIRCLE('',#3455,0.0005);
#2590=CIRCLE('',#3456,0.0005);
#2591=CIRCLE('',#3457,0.0005);
#2592=CIRCLE('',#3458,0.0005);
#2593=CIRCLE('',#3459,0.0005);
#2594=CIRCLE('',#3460,0.0005);
#2595=CIRCLE('',#3461,0.0005);
#2596=CIRCLE('',#3462,0.0005);
#2597=CIRCLE('',#3463,0.0005);
#2598=CIRCLE('',#3464,0.0005);
#2599=CIRCLE('',#3465,0.0005);
#2600=CIRCLE('',#3466,0.0005);
#2601=CIRCLE('',#3467,0.0005);
#2602=CIRCLE('',#3468,0.0005);
#2603=CIRCLE('',#3469,0.0005);
#2604=CIRCLE('',#3470,0.0005);
#2605=CIRCLE('',#3471,0.0005);
#2606=CIRCLE('',#3472,0.0005);
#2607=CIRCLE('',#3473,0.0005);
#2608=CIRCLE('',#3474,0.0015);
#2609=CIRCLE('',#3475,0.0015);
#2610=CIRCLE('',#3476,0.0015);
#2611=CIRCLE('',#3477,0.0015);
#2612=CIRCLE('',#3478,0.0005);
#2613=CIRCLE('',#3479,0.0005);
#2614=CIRCLE('',#3480,0.0005);
#2615=CIRCLE('',#3481,0.0005);
#2616=CIRCLE('',#3482,0.0005);
#2617=CIRCLE('',#3483,0.0005);
#2618=CIRCLE('',#3484,0.0005);
#2619=CIRCLE('',#3485,0.0005);
#2620=CIRCLE('',#3486,0.0015);
#2621=CIRCLE('',#3487,0.0015);
#2622=CIRCLE('',#3488,0.0015);
#2623=CIRCLE('',#3489,0.0015);
#2624=CIRCLE('',#3490,0.0015);
#2625=CIRCLE('',#3491,0.0015);
#2626=CIRCLE('',#3492,0.0015);
#2627=CIRCLE('',#3493,0.0015);
#2628=CIRCLE('',#3494,0.0005);
#2629=CIRCLE('',#3495,0.0005);
#2630=CIRCLE('',#3496,0.0005);
#2631=CIRCLE('',#3497,0.0005);
#2632=CIRCLE('',#3498,0.0005);
#2633=CIRCLE('',#3499,0.0005);
#2634=CIRCLE('',#3500,0.0005);
#2635=CIRCLE('',#3501,0.0005);
#2636=CIRCLE('',#3502,0.0005);
#2637=CIRCLE('',#3503,0.0005);
#2638=CIRCLE('',#3504,0.0005);
#2639=CIRCLE('',#3505,0.0005);
#2640=CIRCLE('',#3506,0.0005);
#2641=CIRCLE('',#3507,0.0005);
#2642=CIRCLE('',#3508,0.0005);
#2643=CIRCLE('',#3509,0.0005);
#2644=CIRCLE('',#3510,0.0005);
#2645=CIRCLE('',#3511,0.0005);
#2646=CIRCLE('',#3512,0.0005);
#2647=CIRCLE('',#3513,0.0005);
#2648=CIRCLE('',#3514,0.0005);
#2649=CIRCLE('',#3515,0.0005);
#2650=CIRCLE('',#3516,0.0005);
#2651=CIRCLE('',#3517,0.0005);
#2652=CIRCLE('',#3518,0.0005);
#2653=CIRCLE('',#3519,0.0005);
#2654=CIRCLE('',#3520,0.0005);
#2655=CIRCLE('',#3521,0.0005);
#2656=CIRCLE('',#3522,0.0005);
#2657=CIRCLE('',#3523,0.0005);
#2658=CIRCLE('',#3524,0.0005);
#2659=CIRCLE('',#3525,0.0005);
#2660=CIRCLE('',#3526,0.0005);
#2661=CIRCLE('',#3527,0.0005);
#2662=CIRCLE('',#3528,0.0005);
#2663=CIRCLE('',#3529,0.0005);
#2664=CIRCLE('',#3531,0.002);
#2665=CIRCLE('',#3536,0.002);
#2666=CIRCLE('',#3685,0.002);
#2667=EDGE_LOOP('',(#723,#724,#725,#726));
#2668=EDGE_LOOP('',(#727,#728,#729));
#2669=EDGE_LOOP('',(#730));
#2670=EDGE_LOOP('',(#731));
#2671=EDGE_LOOP('',(#732));
#2672=EDGE_LOOP('',(#733));
#2673=EDGE_LOOP('',(#734));
#2674=EDGE_LOOP('',(#735));
#2675=EDGE_LOOP('',(#736,#737,#738,#739,#740,#741,#742,#743,#744,#745,#746,
#747,#748,#749,#750,#751,#752,#753,#754,#755));
#2676=EDGE_LOOP('',(#756,#757,#758,#759,#760,#761,#762,#763));
#2677=EDGE_LOOP('',(#764,#765,#766,#767,#768,#769,#770,#771));
#2678=EDGE_LOOP('',(#772,#773,#774,#775,#776,#777,#778,#779));
#2679=EDGE_LOOP('',(#780,#781,#782,#783,#784,#785,#786,#787));
#2680=EDGE_LOOP('',(#788,#789,#790,#791,#792,#793,#794,#795));
#2681=EDGE_LOOP('',(#796,#797,#798,#799,#800,#801,#802,#803));
#2682=EDGE_LOOP('',(#804,#805,#806,#807,#808,#809,#810,#811));
#2683=EDGE_LOOP('',(#812,#813,#814,#815,#816,#817,#818,#819));
#2684=EDGE_LOOP('',(#820,#821,#822,#823,#824,#825,#826,#827));
#2685=EDGE_LOOP('',(#828,#829,#830,#831,#832,#833,#834,#835));
#2686=EDGE_LOOP('',(#836,#837,#838,#839,#840,#841,#842,#843));
#2687=EDGE_LOOP('',(#844,#845,#846,#847,#848,#849,#850,#851));
#2688=EDGE_LOOP('',(#852,#853,#854,#855,#856,#857,#858,#859));
#2689=EDGE_LOOP('',(#860,#861,#862,#863,#864,#865,#866,#867));
#2690=EDGE_LOOP('',(#868,#869,#870,#871,#872,#873,#874,#875));
#2691=EDGE_LOOP('',(#876,#877,#878,#879,#880,#881,#882,#883));
#2692=EDGE_LOOP('',(#884,#885,#886,#887,#888,#889,#890,#891));
#2693=EDGE_LOOP('',(#892));
#2694=EDGE_LOOP('',(#893));
#2695=EDGE_LOOP('',(#894));
#2696=EDGE_LOOP('',(#895));
#2697=EDGE_LOOP('',(#896));
#2698=EDGE_LOOP('',(#897));
#2699=EDGE_LOOP('',(#898,#899,#900,#901,#902,#903,#904,#905));
#2700=EDGE_LOOP('',(#906,#907,#908,#909,#910,#911,#912,#913));
#2701=EDGE_LOOP('',(#914,#915,#916,#917,#918,#919,#920,#921));
#2702=EDGE_LOOP('',(#922,#923,#924,#925,#926,#927,#928,#929));
#2703=EDGE_LOOP('',(#930,#931,#932,#933,#934,#935,#936,#937));
#2704=EDGE_LOOP('',(#938,#939,#940,#941,#942,#943,#944,#945));
#2705=EDGE_LOOP('',(#946,#947,#948,#949,#950,#951,#952,#953));
#2706=EDGE_LOOP('',(#954,#955,#956,#957,#958,#959,#960,#961));
#2707=EDGE_LOOP('',(#962,#963,#964,#965,#966,#967,#968,#969,#970,#971,#972,
#973,#974,#975,#976,#977,#978,#979,#980,#981));
#2708=EDGE_LOOP('',(#982,#983,#984,#985,#986,#987,#988,#989));
#2709=EDGE_LOOP('',(#990,#991,#992,#993,#994,#995,#996,#997));
#2710=EDGE_LOOP('',(#998,#999,#1000,#1001,#1002,#1003,#1004,#1005));
#2711=EDGE_LOOP('',(#1006,#1007,#1008,#1009,#1010,#1011,#1012,#1013));
#2712=EDGE_LOOP('',(#1014,#1015,#1016,#1017,#1018,#1019,#1020,#1021));
#2713=EDGE_LOOP('',(#1022,#1023,#1024,#1025,#1026,#1027,#1028,#1029));
#2714=EDGE_LOOP('',(#1030,#1031,#1032,#1033,#1034,#1035,#1036,#1037));
#2715=EDGE_LOOP('',(#1038,#1039,#1040,#1041,#1042,#1043,#1044,#1045));
#2716=EDGE_LOOP('',(#1046,#1047,#1048,#1049,#1050,#1051,#1052,#1053));
#2717=EDGE_LOOP('',(#1054,#1055,#1056,#1057));
#2718=EDGE_LOOP('',(#1058,#1059,#1060,#1061));
#2719=EDGE_LOOP('',(#1062,#1063,#1064,#1065));
#2720=EDGE_LOOP('',(#1066,#1067,#1068,#1069));
#2721=EDGE_LOOP('',(#1070,#1071,#1072,#1073));
#2722=EDGE_LOOP('',(#1074,#1075,#1076,#1077,#1078,#1079));
#2723=EDGE_LOOP('',(#1080,#1081,#1082,#1083));
#2724=EDGE_LOOP('',(#1084,#1085,#1086,#1087));
#2725=EDGE_LOOP('',(#1088,#1089,#1090,#1091));
#2726=EDGE_LOOP('',(#1092,#1093,#1094,#1095));
#2727=EDGE_LOOP('',(#1096,#1097,#1098,#1099));
#2728=EDGE_LOOP('',(#1100,#1101,#1102,#1103));
#2729=EDGE_LOOP('',(#1104,#1105,#1106,#1107));
#2730=EDGE_LOOP('',(#1108,#1109,#1110,#1111));
#2731=EDGE_LOOP('',(#1112,#1113,#1114,#1115));
#2732=EDGE_LOOP('',(#1116,#1117,#1118,#1119));
#2733=EDGE_LOOP('',(#1120,#1121,#1122,#1123));
#2734=EDGE_LOOP('',(#1124,#1125,#1126,#1127));
#2735=EDGE_LOOP('',(#1128,#1129,#1130,#1131));
#2736=EDGE_LOOP('',(#1132,#1133,#1134,#1135));
#2737=EDGE_LOOP('',(#1136,#1137,#1138,#1139));
#2738=EDGE_LOOP('',(#1140,#1141,#1142,#1143));
#2739=EDGE_LOOP('',(#1144,#1145,#1146,#1147));
#2740=EDGE_LOOP('',(#1148,#1149,#1150,#1151));
#2741=EDGE_LOOP('',(#1152,#1153,#1154,#1155));
#2742=EDGE_LOOP('',(#1156,#1157,#1158,#1159));
#2743=EDGE_LOOP('',(#1160,#1161,#1162,#1163));
#2744=EDGE_LOOP('',(#1164,#1165,#1166,#1167));
#2745=EDGE_LOOP('',(#1168,#1169,#1170,#1171));
#2746=EDGE_LOOP('',(#1172,#1173,#1174,#1175));
#2747=EDGE_LOOP('',(#1176,#1177,#1178,#1179));
#2748=EDGE_LOOP('',(#1180,#1181,#1182,#1183));
#2749=EDGE_LOOP('',(#1184,#1185,#1186,#1187));
#2750=EDGE_LOOP('',(#1188,#1189,#1190,#1191));
#2751=EDGE_LOOP('',(#1192,#1193,#1194,#1195));
#2752=EDGE_LOOP('',(#1196,#1197,#1198,#1199));
#2753=EDGE_LOOP('',(#1200,#1201,#1202,#1203));
#2754=EDGE_LOOP('',(#1204,#1205,#1206,#1207));
#2755=EDGE_LOOP('',(#1208,#1209,#1210,#1211));
#2756=EDGE_LOOP('',(#1212,#1213,#1214,#1215));
#2757=EDGE_LOOP('',(#1216,#1217,#1218,#1219));
#2758=EDGE_LOOP('',(#1220,#1221,#1222,#1223));
#2759=EDGE_LOOP('',(#1224,#1225,#1226,#1227));
#2760=EDGE_LOOP('',(#1228,#1229,#1230,#1231));
#2761=EDGE_LOOP('',(#1232,#1233,#1234,#1235));
#2762=EDGE_LOOP('',(#1236,#1237,#1238,#1239));
#2763=EDGE_LOOP('',(#1240,#1241,#1242,#1243));
#2764=EDGE_LOOP('',(#1244,#1245,#1246,#1247));
#2765=EDGE_LOOP('',(#1248,#1249,#1250,#1251));
#2766=EDGE_LOOP('',(#1252,#1253,#1254,#1255));
#2767=EDGE_LOOP('',(#1256,#1257,#1258,#1259));
#2768=EDGE_LOOP('',(#1260,#1261,#1262,#1263));
#2769=EDGE_LOOP('',(#1264,#1265,#1266,#1267));
#2770=EDGE_LOOP('',(#1268,#1269,#1270,#1271));
#2771=EDGE_LOOP('',(#1272,#1273,#1274,#1275));
#2772=EDGE_LOOP('',(#1276,#1277,#1278,#1279));
#2773=EDGE_LOOP('',(#1280,#1281,#1282,#1283));
#2774=EDGE_LOOP('',(#1284,#1285,#1286,#1287));
#2775=EDGE_LOOP('',(#1288,#1289,#1290,#1291));
#2776=EDGE_LOOP('',(#1292,#1293,#1294,#1295));
#2777=EDGE_LOOP('',(#1296,#1297,#1298,#1299));
#2778=EDGE_LOOP('',(#1300,#1301,#1302,#1303));
#2779=EDGE_LOOP('',(#1304,#1305,#1306,#1307));
#2780=EDGE_LOOP('',(#1308,#1309,#1310,#1311));
#2781=EDGE_LOOP('',(#1312,#1313,#1314,#1315));
#2782=EDGE_LOOP('',(#1316,#1317,#1318,#1319));
#2783=EDGE_LOOP('',(#1320,#1321,#1322,#1323));
#2784=EDGE_LOOP('',(#1324,#1325,#1326,#1327));
#2785=EDGE_LOOP('',(#1328,#1329,#1330,#1331));
#2786=EDGE_LOOP('',(#1332,#1333,#1334,#1335));
#2787=EDGE_LOOP('',(#1336,#1337,#1338,#1339));
#2788=EDGE_LOOP('',(#1340,#1341,#1342,#1343));
#2789=EDGE_LOOP('',(#1344,#1345,#1346,#1347));
#2790=EDGE_LOOP('',(#1348,#1349,#1350,#1351));
#2791=EDGE_LOOP('',(#1352,#1353,#1354,#1355));
#2792=EDGE_LOOP('',(#1356,#1357,#1358,#1359));
#2793=EDGE_LOOP('',(#1360,#1361,#1362,#1363));
#2794=EDGE_LOOP('',(#1364,#1365,#1366,#1367));
#2795=EDGE_LOOP('',(#1368,#1369,#1370,#1371));
#2796=EDGE_LOOP('',(#1372,#1373,#1374,#1375));
#2797=EDGE_LOOP('',(#1376,#1377,#1378,#1379));
#2798=EDGE_LOOP('',(#1380,#1381,#1382,#1383));
#2799=EDGE_LOOP('',(#1384,#1385,#1386,#1387));
#2800=EDGE_LOOP('',(#1388,#1389,#1390,#1391));
#2801=EDGE_LOOP('',(#1392,#1393,#1394,#1395));
#2802=EDGE_LOOP('',(#1396,#1397,#1398,#1399));
#2803=EDGE_LOOP('',(#1400,#1401,#1402,#1403));
#2804=EDGE_LOOP('',(#1404,#1405,#1406,#1407));
#2805=EDGE_LOOP('',(#1408,#1409,#1410,#1411));
#2806=EDGE_LOOP('',(#1412,#1413,#1414,#1415));
#2807=EDGE_LOOP('',(#1416,#1417,#1418,#1419));
#2808=EDGE_LOOP('',(#1420,#1421,#1422,#1423));
#2809=EDGE_LOOP('',(#1424,#1425,#1426,#1427));
#2810=EDGE_LOOP('',(#1428,#1429,#1430,#1431));
#2811=EDGE_LOOP('',(#1432,#1433,#1434,#1435));
#2812=EDGE_LOOP('',(#1436,#1437,#1438,#1439));
#2813=EDGE_LOOP('',(#1440,#1441,#1442,#1443));
#2814=EDGE_LOOP('',(#1444,#1445,#1446,#1447));
#2815=EDGE_LOOP('',(#1448,#1449,#1450,#1451));
#2816=EDGE_LOOP('',(#1452,#1453,#1454,#1455));
#2817=EDGE_LOOP('',(#1456,#1457,#1458,#1459));
#2818=EDGE_LOOP('',(#1460,#1461,#1462,#1463));
#2819=EDGE_LOOP('',(#1464,#1465,#1466,#1467));
#2820=EDGE_LOOP('',(#1468,#1469,#1470,#1471));
#2821=EDGE_LOOP('',(#1472,#1473,#1474,#1475));
#2822=EDGE_LOOP('',(#1476,#1477,#1478,#1479));
#2823=EDGE_LOOP('',(#1480,#1481,#1482,#1483));
#2824=EDGE_LOOP('',(#1484,#1485,#1486,#1487));
#2825=EDGE_LOOP('',(#1488,#1489,#1490,#1491));
#2826=EDGE_LOOP('',(#1492,#1493,#1494,#1495));
#2827=EDGE_LOOP('',(#1496,#1497,#1498,#1499));
#2828=EDGE_LOOP('',(#1500,#1501,#1502,#1503));
#2829=EDGE_LOOP('',(#1504,#1505,#1506,#1507));
#2830=EDGE_LOOP('',(#1508,#1509,#1510,#1511));
#2831=EDGE_LOOP('',(#1512,#1513,#1514,#1515));
#2832=EDGE_LOOP('',(#1516,#1517,#1518,#1519));
#2833=EDGE_LOOP('',(#1520,#1521,#1522,#1523));
#2834=EDGE_LOOP('',(#1524,#1525,#1526,#1527));
#2835=EDGE_LOOP('',(#1528,#1529,#1530,#1531));
#2836=EDGE_LOOP('',(#1532,#1533,#1534,#1535));
#2837=EDGE_LOOP('',(#1536,#1537,#1538,#1539));
#2838=EDGE_LOOP('',(#1540,#1541,#1542,#1543));
#2839=EDGE_LOOP('',(#1544,#1545,#1546,#1547));
#2840=EDGE_LOOP('',(#1548,#1549,#1550,#1551));
#2841=EDGE_LOOP('',(#1552,#1553,#1554,#1555));
#2842=EDGE_LOOP('',(#1556,#1557,#1558,#1559));
#2843=EDGE_LOOP('',(#1560,#1561,#1562,#1563));
#2844=EDGE_LOOP('',(#1564,#1565,#1566,#1567));
#2845=EDGE_LOOP('',(#1568,#1569,#1570,#1571));
#2846=EDGE_LOOP('',(#1572,#1573,#1574,#1575));
#2847=EDGE_LOOP('',(#1576,#1577,#1578,#1579));
#2848=EDGE_LOOP('',(#1580,#1581,#1582,#1583));
#2849=EDGE_LOOP('',(#1584,#1585,#1586,#1587));
#2850=EDGE_LOOP('',(#1588,#1589,#1590,#1591));
#2851=EDGE_LOOP('',(#1592,#1593,#1594,#1595));
#2852=EDGE_LOOP('',(#1596,#1597,#1598,#1599));
#2853=EDGE_LOOP('',(#1600,#1601,#1602,#1603));
#2854=EDGE_LOOP('',(#1604,#1605,#1606,#1607));
#2855=EDGE_LOOP('',(#1608,#1609,#1610,#1611));
#2856=EDGE_LOOP('',(#1612,#1613,#1614,#1615));
#2857=EDGE_LOOP('',(#1616,#1617,#1618,#1619));
#2858=EDGE_LOOP('',(#1620,#1621,#1622,#1623));
#2859=EDGE_LOOP('',(#1624,#1625,#1626,#1627));
#2860=EDGE_LOOP('',(#1628,#1629,#1630,#1631));
#2861=EDGE_LOOP('',(#1632,#1633,#1634,#1635));
#2862=EDGE_LOOP('',(#1636,#1637,#1638,#1639));
#2863=EDGE_LOOP('',(#1640,#1641,#1642,#1643));
#2864=EDGE_LOOP('',(#1644,#1645,#1646,#1647));
#2865=EDGE_LOOP('',(#1648,#1649,#1650,#1651));
#2866=EDGE_LOOP('',(#1652,#1653,#1654,#1655));
#2867=EDGE_LOOP('',(#1656,#1657,#1658,#1659));
#2868=EDGE_LOOP('',(#1660,#1661,#1662,#1663));
#2869=EDGE_LOOP('',(#1664,#1665,#1666));
#2870=EDGE_LOOP('',(#1667,#1668,#1669,#1670,#1671,#1672));
#2871=EDGE_LOOP('',(#1673,#1674,#1675,#1676));
#2872=EDGE_LOOP('',(#1677));
#2873=EDGE_LOOP('',(#1678));
#2874=EDGE_LOOP('',(#1679));
#2875=EDGE_LOOP('',(#1680));
#2876=EDGE_LOOP('',(#1681));
#2877=EDGE_LOOP('',(#1682));
#2878=EDGE_LOOP('',(#1683));
#2879=EDGE_LOOP('',(#1684));
#2880=EDGE_LOOP('',(#1685));
#2881=EDGE_LOOP('',(#1686));
#2882=EDGE_LOOP('',(#1687));
#2883=EDGE_LOOP('',(#1688));
#2884=FACE_BOUND('',#2667,.T.);
#2885=FACE_BOUND('',#2668,.T.);
#2886=FACE_BOUND('',#2669,.T.);
#2887=FACE_BOUND('',#2670,.T.);
#2888=FACE_BOUND('',#2671,.T.);
#2889=FACE_BOUND('',#2672,.T.);
#2890=FACE_BOUND('',#2673,.T.);
#2891=FACE_BOUND('',#2674,.T.);
#2892=FACE_BOUND('',#2675,.T.);
#2893=FACE_BOUND('',#2676,.T.);
#2894=FACE_BOUND('',#2677,.T.);
#2895=FACE_BOUND('',#2678,.T.);
#2896=FACE_BOUND('',#2679,.T.);
#2897=FACE_BOUND('',#2680,.T.);
#2898=FACE_BOUND('',#2681,.T.);
#2899=FACE_BOUND('',#2682,.T.);
#2900=FACE_BOUND('',#2683,.T.);
#2901=FACE_BOUND('',#2684,.T.);
#2902=FACE_BOUND('',#2685,.T.);
#2903=FACE_BOUND('',#2686,.T.);
#2904=FACE_BOUND('',#2687,.T.);
#2905=FACE_BOUND('',#2688,.T.);
#2906=FACE_BOUND('',#2689,.T.);
#2907=FACE_BOUND('',#2690,.T.);
#2908=FACE_BOUND('',#2691,.T.);
#2909=FACE_BOUND('',#2692,.T.);
#2910=FACE_BOUND('',#2693,.T.);
#2911=FACE_BOUND('',#2694,.T.);
#2912=FACE_BOUND('',#2695,.T.);
#2913=FACE_BOUND('',#2696,.T.);
#2914=FACE_BOUND('',#2697,.T.);
#2915=FACE_BOUND('',#2698,.T.);
#2916=FACE_BOUND('',#2699,.T.);
#2917=FACE_BOUND('',#2700,.T.);
#2918=FACE_BOUND('',#2701,.T.);
#2919=FACE_BOUND('',#2702,.T.);
#2920=FACE_BOUND('',#2703,.T.);
#2921=FACE_BOUND('',#2704,.T.);
#2922=FACE_BOUND('',#2705,.T.);
#2923=FACE_BOUND('',#2706,.T.);
#2924=FACE_BOUND('',#2707,.T.);
#2925=FACE_BOUND('',#2708,.T.);
#2926=FACE_BOUND('',#2709,.T.);
#2927=FACE_BOUND('',#2710,.T.);
#2928=FACE_BOUND('',#2711,.T.);
#2929=FACE_BOUND('',#2712,.T.);
#2930=FACE_BOUND('',#2713,.T.);
#2931=FACE_BOUND('',#2714,.T.);
#2932=FACE_BOUND('',#2715,.T.);
#2933=FACE_BOUND('',#2716,.T.);
#2934=FACE_BOUND('',#2717,.T.);
#2935=FACE_BOUND('',#2718,.T.);
#2936=FACE_BOUND('',#2719,.T.);
#2937=FACE_BOUND('',#2720,.T.);
#2938=FACE_BOUND('',#2721,.T.);
#2939=FACE_BOUND('',#2722,.T.);
#2940=FACE_BOUND('',#2723,.T.);
#2941=FACE_BOUND('',#2724,.T.);
#2942=FACE_BOUND('',#2725,.T.);
#2943=FACE_BOUND('',#2726,.T.);
#2944=FACE_BOUND('',#2727,.T.);
#2945=FACE_BOUND('',#2728,.T.);
#2946=FACE_BOUND('',#2729,.T.);
#2947=FACE_BOUND('',#2730,.T.);
#2948=FACE_BOUND('',#2731,.T.);
#2949=FACE_BOUND('',#2732,.T.);
#2950=FACE_BOUND('',#2733,.T.);
#2951=FACE_BOUND('',#2734,.T.);
#2952=FACE_BOUND('',#2735,.T.);
#2953=FACE_BOUND('',#2736,.T.);
#2954=FACE_BOUND('',#2737,.T.);
#2955=FACE_BOUND('',#2738,.T.);
#2956=FACE_BOUND('',#2739,.T.);
#2957=FACE_BOUND('',#2740,.T.);
#2958=FACE_BOUND('',#2741,.T.);
#2959=FACE_BOUND('',#2742,.T.);
#2960=FACE_BOUND('',#2743,.T.);
#2961=FACE_BOUND('',#2744,.T.);
#2962=FACE_BOUND('',#2745,.T.);
#2963=FACE_BOUND('',#2746,.T.);
#2964=FACE_BOUND('',#2747,.T.);
#2965=FACE_BOUND('',#2748,.T.);
#2966=FACE_BOUND('',#2749,.T.);
#2967=FACE_BOUND('',#2750,.T.);
#2968=FACE_BOUND('',#2751,.T.);
#2969=FACE_BOUND('',#2752,.T.);
#2970=FACE_BOUND('',#2753,.T.);
#2971=FACE_BOUND('',#2754,.T.);
#2972=FACE_BOUND('',#2755,.T.);
#2973=FACE_BOUND('',#2756,.T.);
#2974=FACE_BOUND('',#2757,.T.);
#2975=FACE_BOUND('',#2758,.T.);
#2976=FACE_BOUND('',#2759,.T.);
#2977=FACE_BOUND('',#2760,.T.);
#2978=FACE_BOUND('',#2761,.T.);
#2979=FACE_BOUND('',#2762,.T.);
#2980=FACE_BOUND('',#2763,.T.);
#2981=FACE_BOUND('',#2764,.T.);
#2982=FACE_BOUND('',#2765,.T.);
#2983=FACE_BOUND('',#2766,.T.);
#2984=FACE_BOUND('',#2767,.T.);
#2985=FACE_BOUND('',#2768,.T.);
#2986=FACE_BOUND('',#2769,.T.);
#2987=FACE_BOUND('',#2770,.T.);
#2988=FACE_BOUND('',#2771,.T.);
#2989=FACE_BOUND('',#2772,.T.);
#2990=FACE_BOUND('',#2773,.T.);
#2991=FACE_BOUND('',#2774,.T.);
#2992=FACE_BOUND('',#2775,.T.);
#2993=FACE_BOUND('',#2776,.T.);
#2994=FACE_BOUND('',#2777,.T.);
#2995=FACE_BOUND('',#2778,.T.);
#2996=FACE_BOUND('',#2779,.T.);
#2997=FACE_BOUND('',#2780,.T.);
#2998=FACE_BOUND('',#2781,.T.);
#2999=FACE_BOUND('',#2782,.T.);
#3000=FACE_BOUND('',#2783,.T.);
#3001=FACE_BOUND('',#2784,.T.);
#3002=FACE_BOUND('',#2785,.T.);
#3003=FACE_BOUND('',#2786,.T.);
#3004=FACE_BOUND('',#2787,.T.);
#3005=FACE_BOUND('',#2788,.T.);
#3006=FACE_BOUND('',#2789,.T.);
#3007=FACE_BOUND('',#2790,.T.);
#3008=FACE_BOUND('',#2791,.T.);
#3009=FACE_BOUND('',#2792,.T.);
#3010=FACE_BOUND('',#2793,.T.);
#3011=FACE_BOUND('',#2794,.T.);
#3012=FACE_BOUND('',#2795,.T.);
#3013=FACE_BOUND('',#2796,.T.);
#3014=FACE_BOUND('',#2797,.T.);
#3015=FACE_BOUND('',#2798,.T.);
#3016=FACE_BOUND('',#2799,.T.);
#3017=FACE_BOUND('',#2800,.T.);
#3018=FACE_BOUND('',#2801,.T.);
#3019=FACE_BOUND('',#2802,.T.);
#3020=FACE_BOUND('',#2803,.T.);
#3021=FACE_BOUND('',#2804,.T.);
#3022=FACE_BOUND('',#2805,.T.);
#3023=FACE_BOUND('',#2806,.T.);
#3024=FACE_BOUND('',#2807,.T.);
#3025=FACE_BOUND('',#2808,.T.);
#3026=FACE_BOUND('',#2809,.T.);
#3027=FACE_BOUND('',#2810,.T.);
#3028=FACE_BOUND('',#2811,.T.);
#3029=FACE_BOUND('',#2812,.T.);
#3030=FACE_BOUND('',#2813,.T.);
#3031=FACE_BOUND('',#2814,.T.);
#3032=FACE_BOUND('',#2815,.T.);
#3033=FACE_BOUND('',#2816,.T.);
#3034=FACE_BOUND('',#2817,.T.);
#3035=FACE_BOUND('',#2818,.T.);
#3036=FACE_BOUND('',#2819,.T.);
#3037=FACE_BOUND('',#2820,.T.);
#3038=FACE_BOUND('',#2821,.T.);
#3039=FACE_BOUND('',#2822,.T.);
#3040=FACE_BOUND('',#2823,.T.);
#3041=FACE_BOUND('',#2824,.T.);
#3042=FACE_BOUND('',#2825,.T.);
#3043=FACE_BOUND('',#2826,.T.);
#3044=FACE_BOUND('',#2827,.T.);
#3045=FACE_BOUND('',#2828,.T.);
#3046=FACE_BOUND('',#2829,.T.);
#3047=FACE_BOUND('',#2830,.T.);
#3048=FACE_BOUND('',#2831,.T.);
#3049=FACE_BOUND('',#2832,.T.);
#3050=FACE_BOUND('',#2833,.T.);
#3051=FACE_BOUND('',#2834,.T.);
#3052=FACE_BOUND('',#2835,.T.);
#3053=FACE_BOUND('',#2836,.T.);
#3054=FACE_BOUND('',#2837,.T.);
#3055=FACE_BOUND('',#2838,.T.);
#3056=FACE_BOUND('',#2839,.T.);
#3057=FACE_BOUND('',#2840,.T.);
#3058=FACE_BOUND('',#2841,.T.);
#3059=FACE_BOUND('',#2842,.T.);
#3060=FACE_BOUND('',#2843,.T.);
#3061=FACE_BOUND('',#2844,.T.);
#3062=FACE_BOUND('',#2845,.T.);
#3063=FACE_BOUND('',#2846,.T.);
#3064=FACE_BOUND('',#2847,.T.);
#3065=FACE_BOUND('',#2848,.T.);
#3066=FACE_BOUND('',#2849,.T.);
#3067=FACE_BOUND('',#2850,.T.);
#3068=FACE_BOUND('',#2851,.T.);
#3069=FACE_BOUND('',#2852,.T.);
#3070=FACE_BOUND('',#2853,.T.);
#3071=FACE_BOUND('',#2854,.T.);
#3072=FACE_BOUND('',#2855,.T.);
#3073=FACE_BOUND('',#2856,.T.);
#3074=FACE_BOUND('',#2857,.T.);
#3075=FACE_BOUND('',#2858,.T.);
#3076=FACE_BOUND('',#2859,.T.);
#3077=FACE_BOUND('',#2860,.T.);
#3078=FACE_BOUND('',#2861,.T.);
#3079=FACE_BOUND('',#2862,.T.);
#3080=FACE_BOUND('',#2863,.T.);
#3081=FACE_BOUND('',#2864,.T.);
#3082=FACE_BOUND('',#2865,.T.);
#3083=FACE_BOUND('',#2866,.T.);
#3084=FACE_BOUND('',#2867,.T.);
#3085=FACE_BOUND('',#2868,.T.);
#3086=FACE_BOUND('',#2869,.T.);
#3087=FACE_BOUND('',#2870,.T.);
#3088=FACE_BOUND('',#2871,.T.);
#3089=FACE_BOUND('',#2872,.T.);
#3090=FACE_BOUND('',#2873,.T.);
#3091=FACE_BOUND('',#2874,.T.);
#3092=FACE_BOUND('',#2875,.T.);
#3093=FACE_BOUND('',#2876,.T.);
#3094=FACE_BOUND('',#2877,.T.);
#3095=FACE_BOUND('',#2878,.T.);
#3096=FACE_BOUND('',#2879,.T.);
#3097=FACE_BOUND('',#2880,.T.);
#3098=FACE_BOUND('',#2881,.T.);
#3099=FACE_BOUND('',#2882,.T.);
#3100=FACE_BOUND('',#2883,.T.);
#3101=PLANE('',#3360);
#3102=PLANE('',#3362);
#3103=PLANE('',#3364);
#3104=PLANE('',#3447);
#3105=PLANE('',#3530);
#3106=PLANE('',#3532);
#3107=PLANE('',#3533);
#3108=PLANE('',#3534);
#3109=PLANE('',#3535);
#3110=PLANE('',#3538);
#3111=PLANE('',#3540);
#3112=PLANE('',#3542);
#3113=PLANE('',#3544);
#3114=PLANE('',#3546);
#3115=PLANE('',#3548);
#3116=PLANE('',#3550);
#3117=PLANE('',#3552);
#3118=PLANE('',#3554);
#3119=PLANE('',#3556);
#3120=PLANE('',#3558);
#3121=PLANE('',#3560);
#3122=PLANE('',#3562);
#3123=PLANE('',#3564);
#3124=PLANE('',#3566);
#3125=PLANE('',#3568);
#3126=PLANE('',#3570);
#3127=PLANE('',#3572);
#3128=PLANE('',#3574);
#3129=PLANE('',#3576);
#3130=PLANE('',#3578);
#3131=PLANE('',#3580);
#3132=PLANE('',#3582);
#3133=PLANE('',#3584);
#3134=PLANE('',#3586);
#3135=PLANE('',#3588);
#3136=PLANE('',#3590);
#3137=PLANE('',#3592);
#3138=PLANE('',#3594);
#3139=PLANE('',#3596);
#3140=PLANE('',#3598);
#3141=PLANE('',#3600);
#3142=PLANE('',#3602);
#3143=PLANE('',#3604);
#3144=PLANE('',#3606);
#3145=PLANE('',#3608);
#3146=PLANE('',#3610);
#3147=PLANE('',#3612);
#3148=PLANE('',#3614);
#3149=PLANE('',#3616);
#3150=PLANE('',#3618);
#3151=PLANE('',#3620);
#3152=PLANE('',#3622);
#3153=PLANE('',#3624);
#3154=PLANE('',#3626);
#3155=PLANE('',#3628);
#3156=PLANE('',#3630);
#3157=PLANE('',#3632);
#3158=PLANE('',#3634);
#3159=PLANE('',#3636);
#3160=PLANE('',#3638);
#3161=PLANE('',#3640);
#3162=PLANE('',#3642);
#3163=PLANE('',#3644);
#3164=PLANE('',#3646);
#3165=PLANE('',#3648);
#3166=PLANE('',#3650);
#3167=PLANE('',#3652);
#3168=PLANE('',#3654);
#3169=PLANE('',#3656);
#3170=PLANE('',#3658);
#3171=PLANE('',#3660);
#3172=PLANE('',#3662);
#3173=PLANE('',#3664);
#3174=PLANE('',#3666);
#3175=PLANE('',#3668);
#3176=PLANE('',#3670);
#3177=PLANE('',#3672);
#3178=PLANE('',#3674);
#3179=PLANE('',#3676);
#3180=PLANE('',#3678);
#3181=PLANE('',#3684);
#3182=ADVANCED_FACE('',(#2884),#3101,.T.);
#3183=ADVANCED_FACE('',(#2885),#3102,.T.);
#3184=ADVANCED_FACE('',(#2886,#2887,#2888,#2889,#2890,#2891,#2892,#2893,
#2894,#2895,#2896,#2897,#2898,#2899,#2900,#2901,#2902,#2903,#2904,#2905,
#2906,#2907,#2908,#2909),#3103,.T.);
#3185=ADVANCED_FACE('',(#2910,#2911,#2912,#2913,#2914,#2915,#2916,#2917,
#2918,#2919,#2920,#2921,#2922,#2923,#2924,#2925,#2926,#2927,#2928,#2929,
#2930,#2931,#2932,#2933),#3104,.F.);
#3186=ADVANCED_FACE('',(#2934),#3105,.T.);
#3187=ADVANCED_FACE('',(#2935),#3106,.F.);
#3188=ADVANCED_FACE('',(#2936),#3107,.F.);
#3189=ADVANCED_FACE('',(#2937),#3108,.T.);
#3190=ADVANCED_FACE('',(#2938),#3109,.T.);
#3191=ADVANCED_FACE('',(#2939),#13,.F.);
#3192=ADVANCED_FACE('',(#2940),#3110,.F.);
#3193=ADVANCED_FACE('',(#2941),#14,.F.);
#3194=ADVANCED_FACE('',(#2942),#3111,.F.);
#3195=ADVANCED_FACE('',(#2943),#15,.F.);
#3196=ADVANCED_FACE('',(#2944),#3112,.T.);
#3197=ADVANCED_FACE('',(#2945),#16,.F.);
#3198=ADVANCED_FACE('',(#2946),#3113,.T.);
#3199=ADVANCED_FACE('',(#2947),#17,.F.);
#3200=ADVANCED_FACE('',(#2948),#3114,.F.);
#3201=ADVANCED_FACE('',(#2949),#18,.F.);
#3202=ADVANCED_FACE('',(#2950),#3115,.F.);
#3203=ADVANCED_FACE('',(#2951),#19,.F.);
#3204=ADVANCED_FACE('',(#2952),#3116,.T.);
#3205=ADVANCED_FACE('',(#2953),#20,.F.);
#3206=ADVANCED_FACE('',(#2954),#3117,.T.);
#3207=ADVANCED_FACE('',(#2955),#21,.F.);
#3208=ADVANCED_FACE('',(#2956),#3118,.F.);
#3209=ADVANCED_FACE('',(#2957),#22,.F.);
#3210=ADVANCED_FACE('',(#2958),#3119,.F.);
#3211=ADVANCED_FACE('',(#2959),#23,.F.);
#3212=ADVANCED_FACE('',(#2960),#3120,.T.);
#3213=ADVANCED_FACE('',(#2961),#24,.F.);
#3214=ADVANCED_FACE('',(#2962),#3121,.T.);
#3215=ADVANCED_FACE('',(#2963),#25,.F.);
#3216=ADVANCED_FACE('',(#2964),#3122,.F.);
#3217=ADVANCED_FACE('',(#2965),#26,.F.);
#3218=ADVANCED_FACE('',(#2966),#3123,.F.);
#3219=ADVANCED_FACE('',(#2967),#27,.F.);
#3220=ADVANCED_FACE('',(#2968),#3124,.T.);
#3221=ADVANCED_FACE('',(#2969),#28,.F.);
#3222=ADVANCED_FACE('',(#2970),#3125,.T.);
#3223=ADVANCED_FACE('',(#2971),#29,.F.);
#3224=ADVANCED_FACE('',(#2972),#3126,.F.);
#3225=ADVANCED_FACE('',(#2973),#30,.F.);
#3226=ADVANCED_FACE('',(#2974),#3127,.F.);
#3227=ADVANCED_FACE('',(#2975),#31,.F.);
#3228=ADVANCED_FACE('',(#2976),#3128,.T.);
#3229=ADVANCED_FACE('',(#2977),#32,.F.);
#3230=ADVANCED_FACE('',(#2978),#3129,.T.);
#3231=ADVANCED_FACE('',(#2979),#33,.F.);
#3232=ADVANCED_FACE('',(#2980),#3130,.F.);
#3233=ADVANCED_FACE('',(#2981),#34,.F.);
#3234=ADVANCED_FACE('',(#2982),#3131,.F.);
#3235=ADVANCED_FACE('',(#2983),#35,.F.);
#3236=ADVANCED_FACE('',(#2984),#3132,.T.);
#3237=ADVANCED_FACE('',(#2985),#36,.F.);
#3238=ADVANCED_FACE('',(#2986),#3133,.T.);
#3239=ADVANCED_FACE('',(#2987),#37,.F.);
#3240=ADVANCED_FACE('',(#2988),#3134,.F.);
#3241=ADVANCED_FACE('',(#2989),#38,.F.);
#3242=ADVANCED_FACE('',(#2990),#3135,.F.);
#3243=ADVANCED_FACE('',(#2991),#39,.F.);
#3244=ADVANCED_FACE('',(#2992),#3136,.T.);
#3245=ADVANCED_FACE('',(#2993),#40,.F.);
#3246=ADVANCED_FACE('',(#2994),#3137,.T.);
#3247=ADVANCED_FACE('',(#2995),#41,.F.);
#3248=ADVANCED_FACE('',(#2996),#3138,.F.);
#3249=ADVANCED_FACE('',(#2997),#42,.F.);
#3250=ADVANCED_FACE('',(#2998),#3139,.F.);
#3251=ADVANCED_FACE('',(#2999),#43,.F.);
#3252=ADVANCED_FACE('',(#3000),#3140,.T.);
#3253=ADVANCED_FACE('',(#3001),#44,.F.);
#3254=ADVANCED_FACE('',(#3002),#3141,.T.);
#3255=ADVANCED_FACE('',(#3003),#45,.F.);
#3256=ADVANCED_FACE('',(#3004),#3142,.F.);
#3257=ADVANCED_FACE('',(#3005),#46,.F.);
#3258=ADVANCED_FACE('',(#3006),#3143,.F.);
#3259=ADVANCED_FACE('',(#3007),#47,.F.);
#3260=ADVANCED_FACE('',(#3008),#3144,.T.);
#3261=ADVANCED_FACE('',(#3009),#48,.F.);
#3262=ADVANCED_FACE('',(#3010),#3145,.T.);
#3263=ADVANCED_FACE('',(#3011),#49,.F.);
#3264=ADVANCED_FACE('',(#3012),#3146,.F.);
#3265=ADVANCED_FACE('',(#3013),#50,.F.);
#3266=ADVANCED_FACE('',(#3014),#3147,.F.);
#3267=ADVANCED_FACE('',(#3015),#51,.F.);
#3268=ADVANCED_FACE('',(#3016),#3148,.T.);
#3269=ADVANCED_FACE('',(#3017),#52,.F.);
#3270=ADVANCED_FACE('',(#3018),#3149,.T.);
#3271=ADVANCED_FACE('',(#3019),#53,.F.);
#3272=ADVANCED_FACE('',(#3020),#3150,.F.);
#3273=ADVANCED_FACE('',(#3021),#54,.F.);
#3274=ADVANCED_FACE('',(#3022),#3151,.F.);
#3275=ADVANCED_FACE('',(#3023),#55,.F.);
#3276=ADVANCED_FACE('',(#3024),#3152,.T.);
#3277=ADVANCED_FACE('',(#3025),#56,.F.);
#3278=ADVANCED_FACE('',(#3026),#3153,.T.);
#3279=ADVANCED_FACE('',(#3027),#57,.F.);
#3280=ADVANCED_FACE('',(#3028),#3154,.F.);
#3281=ADVANCED_FACE('',(#3029),#58,.F.);
#3282=ADVANCED_FACE('',(#3030),#3155,.F.);
#3283=ADVANCED_FACE('',(#3031),#59,.F.);
#3284=ADVANCED_FACE('',(#3032),#3156,.T.);
#3285=ADVANCED_FACE('',(#3033),#60,.F.);
#3286=ADVANCED_FACE('',(#3034),#3157,.T.);
#3287=ADVANCED_FACE('',(#3035),#61,.F.);
#3288=ADVANCED_FACE('',(#3036),#3158,.F.);
#3289=ADVANCED_FACE('',(#3037),#62,.F.);
#3290=ADVANCED_FACE('',(#3038),#3159,.F.);
#3291=ADVANCED_FACE('',(#3039),#63,.F.);
#3292=ADVANCED_FACE('',(#3040),#3160,.T.);
#3293=ADVANCED_FACE('',(#3041),#64,.F.);
#3294=ADVANCED_FACE('',(#3042),#3161,.T.);
#3295=ADVANCED_FACE('',(#3043),#65,.F.);
#3296=ADVANCED_FACE('',(#3044),#3162,.F.);
#3297=ADVANCED_FACE('',(#3045),#66,.F.);
#3298=ADVANCED_FACE('',(#3046),#3163,.F.);
#3299=ADVANCED_FACE('',(#3047),#67,.F.);
#3300=ADVANCED_FACE('',(#3048),#3164,.T.);
#3301=ADVANCED_FACE('',(#3049),#68,.F.);
#3302=ADVANCED_FACE('',(#3050),#3165,.T.);
#3303=ADVANCED_FACE('',(#3051),#69,.F.);
#3304=ADVANCED_FACE('',(#3052),#3166,.F.);
#3305=ADVANCED_FACE('',(#3053),#70,.F.);
#3306=ADVANCED_FACE('',(#3054),#3167,.F.);
#3307=ADVANCED_FACE('',(#3055),#71,.F.);
#3308=ADVANCED_FACE('',(#3056),#3168,.T.);
#3309=ADVANCED_FACE('',(#3057),#72,.F.);
#3310=ADVANCED_FACE('',(#3058),#3169,.T.);
#3311=ADVANCED_FACE('',(#3059),#73,.F.);
#3312=ADVANCED_FACE('',(#3060),#3170,.F.);
#3313=ADVANCED_FACE('',(#3061),#74,.F.);
#3314=ADVANCED_FACE('',(#3062),#3171,.F.);
#3315=ADVANCED_FACE('',(#3063),#75,.F.);
#3316=ADVANCED_FACE('',(#3064),#3172,.T.);
#3317=ADVANCED_FACE('',(#3065),#76,.F.);
#3318=ADVANCED_FACE('',(#3066),#3173,.T.);
#3319=ADVANCED_FACE('',(#3067),#77,.F.);
#3320=ADVANCED_FACE('',(#3068),#3174,.F.);
#3321=ADVANCED_FACE('',(#3069),#78,.F.);
#3322=ADVANCED_FACE('',(#3070),#3175,.F.);
#3323=ADVANCED_FACE('',(#3071),#79,.F.);
#3324=ADVANCED_FACE('',(#3072),#3176,.T.);
#3325=ADVANCED_FACE('',(#3073),#80,.F.);
#3326=ADVANCED_FACE('',(#3074),#3177,.T.);
#3327=ADVANCED_FACE('',(#3075),#81,.F.);
#3328=ADVANCED_FACE('',(#3076),#3178,.F.);
#3329=ADVANCED_FACE('',(#3077),#82,.F.);
#3330=ADVANCED_FACE('',(#3078),#3179,.F.);
#3331=ADVANCED_FACE('',(#3079),#83,.F.);
#3332=ADVANCED_FACE('',(#3080),#3180,.T.);
#3333=ADVANCED_FACE('',(#3081),#84,.F.);
#3334=ADVANCED_FACE('',(#3082),#85,.T.);
#3335=ADVANCED_FACE('',(#3083),#86,.T.);
#3336=ADVANCED_FACE('',(#3084),#87,.T.);
#3337=ADVANCED_FACE('',(#3085),#88,.T.);
#3338=ADVANCED_FACE('',(#3086),#3181,.T.);
#3339=ADVANCED_FACE('',(#3087),#89,.F.);
#3340=ADVANCED_FACE('',(#3088),#90,.F.);
#3341=ADVANCED_FACE('',(#3089,#3090),#91,.F.);
#3342=ADVANCED_FACE('',(#3091,#3092),#92,.F.);
#3343=ADVANCED_FACE('',(#3093,#3094),#93,.F.);
#3344=ADVANCED_FACE('',(#3095,#3096),#94,.F.);
#3345=ADVANCED_FACE('',(#3097,#3098),#95,.F.);
#3346=ADVANCED_FACE('',(#3099,#3100),#96,.F.);
#3347=CLOSED_SHELL('',(#3182,#3183,#3184,#3185,#3186,#3187,#3188,#3189,
#3190,#3191,#3192,#3193,#3194,#3195,#3196,#3197,#3198,#3199,#3200,#3201,
#3202,#3203,#3204,#3205,#3206,#3207,#3208,#3209,#3210,#3211,#3212,#3213,
#3214,#3215,#3216,#3217,#3218,#3219,#3220,#3221,#3222,#3223,#3224,#3225,
#3226,#3227,#3228,#3229,#3230,#3231,#3232,#3233,#3234,#3235,#3236,#3237,
#3238,#3239,#3240,#3241,#3242,#3243,#3244,#3245,#3246,#3247,#3248,#3249,
#3250,#3251,#3252,#3253,#3254,#3255,#3256,#3257,#3258,#3259,#3260,#3261,
#3262,#3263,#3264,#3265,#3266,#3267,#3268,#3269,#3270,#3271,#3272,#3273,
#3274,#3275,#3276,#3277,#3278,#3279,#3280,#3281,#3282,#3283,#3284,#3285,
#3286,#3287,#3288,#3289,#3290,#3291,#3292,#3293,#3294,#3295,#3296,#3297,
#3298,#3299,#3300,#3301,#3302,#3303,#3304,#3305,#3306,#3307,#3308,#3309,
#3310,#3311,#3312,#3313,#3314,#3315,#3316,#3317,#3318,#3319,#3320,#3321,
#3322,#3323,#3324,#3325,#3326,#3327,#3328,#3329,#3330,#3331,#3332,#3333,
#3334,#3335,#3336,#3337,#3338,#3339,#3340,#3341,#3342,#3343,#3344,#3345,
#3346));
#3348=STYLED_ITEM('',(#3349),#3356);
#3349=PRESENTATION_STYLE_ASSIGNMENT((#3350));
#3350=SURFACE_STYLE_USAGE(.BOTH.,#3351);
#3351=SURFACE_SIDE_STYLE('',(#3352));
#3352=SURFACE_STYLE_FILL_AREA(#3353);
#3353=FILL_AREA_STYLE('',(#3354));
#3354=FILL_AREA_STYLE_COLOUR('',#3355);
#3355=COLOUR_RGB('',0.647058823529412,0.647058823529412,0.647058823529412);
#3356=MANIFOLD_SOLID_BREP('Part 2',#3347);
#3357=SHAPE_DEFINITION_REPRESENTATION(#5661,#3358);
#3358=SHAPE_REPRESENTATION('Part 2',(#3359),#5656);
#3359=AXIS2_PLACEMENT_3D('',#4677,#3694,#3695);
#3360=AXIS2_PLACEMENT_3D('',#4678,#3696,#3697);
#3361=AXIS2_PLACEMENT_3D('',#4679,#3698,#3699);
#3362=AXIS2_PLACEMENT_3D('',#4687,#3703,#3704);
#3363=AXIS2_PLACEMENT_3D('',#4688,#3705,#3706);
#3364=AXIS2_PLACEMENT_3D('',#4694,#3709,#3710);
#3365=AXIS2_PLACEMENT_3D('',#4695,#3711,#3712);
#3366=AXIS2_PLACEMENT_3D('',#4697,#3713,#3714);
#3367=AXIS2_PLACEMENT_3D('',#4699,#3715,#3716);
#3368=AXIS2_PLACEMENT_3D('',#4701,#3717,#3718);
#3369=AXIS2_PLACEMENT_3D('',#4703,#3719,#3720);
#3370=AXIS2_PLACEMENT_3D('',#4705,#3721,#3722);
#3371=AXIS2_PLACEMENT_3D('',#4712,#3725,#3726);
#3372=AXIS2_PLACEMENT_3D('',#4716,#3728,#3729);
#3373=AXIS2_PLACEMENT_3D('',#4720,#3731,#3732);
#3374=AXIS2_PLACEMENT_3D('',#4724,#3734,#3735);
#3375=AXIS2_PLACEMENT_3D('',#4729,#3738,#3739);
#3376=AXIS2_PLACEMENT_3D('',#4733,#3741,#3742);
#3377=AXIS2_PLACEMENT_3D('',#4737,#3744,#3745);
#3378=AXIS2_PLACEMENT_3D('',#4741,#3747,#3748);
#3379=AXIS2_PLACEMENT_3D('',#4744,#3750,#3751);
#3380=AXIS2_PLACEMENT_3D('',#4749,#3753,#3754);
#3381=AXIS2_PLACEMENT_3D('',#4753,#3756,#3757);
#3382=AXIS2_PLACEMENT_3D('',#4757,#3759,#3760);
#3383=AXIS2_PLACEMENT_3D('',#4760,#3762,#3763);
#3384=AXIS2_PLACEMENT_3D('',#4765,#3765,#3766);
#3385=AXIS2_PLACEMENT_3D('',#4769,#3768,#3769);
#3386=AXIS2_PLACEMENT_3D('',#4773,#3771,#3772);
#3387=AXIS2_PLACEMENT_3D('',#4776,#3774,#3775);
#3388=AXIS2_PLACEMENT_3D('',#4781,#3777,#3778);
#3389=AXIS2_PLACEMENT_3D('',#4785,#3780,#3781);
#3390=AXIS2_PLACEMENT_3D('',#4789,#3783,#3784);
#3391=AXIS2_PLACEMENT_3D('',#4792,#3786,#3787);
#3392=AXIS2_PLACEMENT_3D('',#4797,#3789,#3790);
#3393=AXIS2_PLACEMENT_3D('',#4801,#3792,#3793);
#3394=AXIS2_PLACEMENT_3D('',#4805,#3795,#3796);
#3395=AXIS2_PLACEMENT_3D('',#4808,#3798,#3799);
#3396=AXIS2_PLACEMENT_3D('',#4813,#3801,#3802);
#3397=AXIS2_PLACEMENT_3D('',#4817,#3804,#3805);
#3398=AXIS2_PLACEMENT_3D('',#4821,#3807,#3808);
#3399=AXIS2_PLACEMENT_3D('',#4824,#3810,#3811);
#3400=AXIS2_PLACEMENT_3D('',#4829,#3813,#3814);
#3401=AXIS2_PLACEMENT_3D('',#4833,#3816,#3817);
#3402=AXIS2_PLACEMENT_3D('',#4837,#3819,#3820);
#3403=AXIS2_PLACEMENT_3D('',#4840,#3822,#3823);
#3404=AXIS2_PLACEMENT_3D('',#4845,#3825,#3826);
#3405=AXIS2_PLACEMENT_3D('',#4849,#3828,#3829);
#3406=AXIS2_PLACEMENT_3D('',#4853,#3831,#3832);
#3407=AXIS2_PLACEMENT_3D('',#4856,#3834,#3835);
#3408=AXIS2_PLACEMENT_3D('',#4861,#3837,#3838);
#3409=AXIS2_PLACEMENT_3D('',#4865,#3840,#3841);
#3410=AXIS2_PLACEMENT_3D('',#4869,#3843,#3844);
#3411=AXIS2_PLACEMENT_3D('',#4872,#3846,#3847);
#3412=AXIS2_PLACEMENT_3D('',#4877,#3849,#3850);
#3413=AXIS2_PLACEMENT_3D('',#4881,#3852,#3853);
#3414=AXIS2_PLACEMENT_3D('',#4885,#3855,#3856);
#3415=AXIS2_PLACEMENT_3D('',#4888,#3858,#3859);
#3416=AXIS2_PLACEMENT_3D('',#4893,#3861,#3862);
#3417=AXIS2_PLACEMENT_3D('',#4897,#3864,#3865);
#3418=AXIS2_PLACEMENT_3D('',#4901,#3867,#3868);
#3419=AXIS2_PLACEMENT_3D('',#4904,#3870,#3871);
#3420=AXIS2_PLACEMENT_3D('',#4909,#3873,#3874);
#3421=AXIS2_PLACEMENT_3D('',#4913,#3876,#3877);
#3422=AXIS2_PLACEMENT_3D('',#4917,#3879,#3880);
#3423=AXIS2_PLACEMENT_3D('',#4920,#3882,#3883);
#3424=AXIS2_PLACEMENT_3D('',#4925,#3885,#3886);
#3425=AXIS2_PLACEMENT_3D('',#4929,#3888,#3889);
#3426=AXIS2_PLACEMENT_3D('',#4933,#3891,#3892);
#3427=AXIS2_PLACEMENT_3D('',#4936,#3894,#3895);
#3428=AXIS2_PLACEMENT_3D('',#4941,#3897,#3898);
#3429=AXIS2_PLACEMENT_3D('',#4945,#3900,#3901);
#3430=AXIS2_PLACEMENT_3D('',#4949,#3903,#3904);
#3431=AXIS2_PLACEMENT_3D('',#4952,#3906,#3907);
#3432=AXIS2_PLACEMENT_3D('',#4957,#3909,#3910);
#3433=AXIS2_PLACEMENT_3D('',#4961,#3912,#3913);
#3434=AXIS2_PLACEMENT_3D('',#4965,#3915,#3916);
#3435=AXIS2_PLACEMENT_3D('',#4968,#3918,#3919);
#3436=AXIS2_PLACEMENT_3D('',#4973,#3921,#3922);
#3437=AXIS2_PLACEMENT_3D('',#4977,#3924,#3925);
#3438=AXIS2_PLACEMENT_3D('',#4981,#3927,#3928);
#3439=AXIS2_PLACEMENT_3D('',#4984,#3930,#3931);
#3440=AXIS2_PLACEMENT_3D('',#4989,#3933,#3934);
#3441=AXIS2_PLACEMENT_3D('',#4993,#3936,#3937);
#3442=AXIS2_PLACEMENT_3D('',#4997,#3939,#3940);
#3443=AXIS2_PLACEMENT_3D('',#5000,#3942,#3943);
#3444=AXIS2_PLACEMENT_3D('',#5005,#3945,#3946);
#3445=AXIS2_PLACEMENT_3D('',#5009,#3948,#3949);
#3446=AXIS2_PLACEMENT_3D('',#5013,#3951,#3952);
#3447=AXIS2_PLACEMENT_3D('',#5016,#3954,#3955);
#3448=AXIS2_PLACEMENT_3D('',#5017,#3956,#3957);
#3449=AXIS2_PLACEMENT_3D('',#5019,#3958,#3959);
#3450=AXIS2_PLACEMENT_3D('',#5021,#3960,#3961);
#3451=AXIS2_PLACEMENT_3D('',#5023,#3962,#3963);
#3452=AXIS2_PLACEMENT_3D('',#5025,#3964,#3965);
#3453=AXIS2_PLACEMENT_3D('',#5027,#3966,#3967);
#3454=AXIS2_PLACEMENT_3D('',#5032,#3969,#3970);
#3455=AXIS2_PLACEMENT_3D('',#5036,#3972,#3973);
#3456=AXIS2_PLACEMENT_3D('',#5040,#3975,#3976);
#3457=AXIS2_PLACEMENT_3D('',#5044,#3978,#3979);
#3458=AXIS2_PLACEMENT_3D('',#5048,#3981,#3982);
#3459=AXIS2_PLACEMENT_3D('',#5052,#3984,#3985);
#3460=AXIS2_PLACEMENT_3D('',#5056,#3987,#3988);
#3461=AXIS2_PLACEMENT_3D('',#5060,#3990,#3991);
#3462=AXIS2_PLACEMENT_3D('',#5064,#3993,#3994);
#3463=AXIS2_PLACEMENT_3D('',#5068,#3996,#3997);
#3464=AXIS2_PLACEMENT_3D('',#5072,#3999,#4000);
#3465=AXIS2_PLACEMENT_3D('',#5076,#4002,#4003);
#3466=AXIS2_PLACEMENT_3D('',#5080,#4005,#4006);
#3467=AXIS2_PLACEMENT_3D('',#5084,#4008,#4009);
#3468=AXIS2_PLACEMENT_3D('',#5088,#4011,#4012);
#3469=AXIS2_PLACEMENT_3D('',#5092,#4014,#4015);
#3470=AXIS2_PLACEMENT_3D('',#5096,#4017,#4018);
#3471=AXIS2_PLACEMENT_3D('',#5100,#4020,#4021);
#3472=AXIS2_PLACEMENT_3D('',#5104,#4023,#4024);
#3473=AXIS2_PLACEMENT_3D('',#5108,#4026,#4027);
#3474=AXIS2_PLACEMENT_3D('',#5112,#4029,#4030);
#3475=AXIS2_PLACEMENT_3D('',#5116,#4032,#4033);
#3476=AXIS2_PLACEMENT_3D('',#5120,#4035,#4036);
#3477=AXIS2_PLACEMENT_3D('',#5124,#4038,#4039);
#3478=AXIS2_PLACEMENT_3D('',#5128,#4041,#4042);
#3479=AXIS2_PLACEMENT_3D('',#5132,#4044,#4045);
#3480=AXIS2_PLACEMENT_3D('',#5136,#4047,#4048);
#3481=AXIS2_PLACEMENT_3D('',#5140,#4050,#4051);
#3482=AXIS2_PLACEMENT_3D('',#5144,#4053,#4054);
#3483=AXIS2_PLACEMENT_3D('',#5148,#4056,#4057);
#3484=AXIS2_PLACEMENT_3D('',#5152,#4059,#4060);
#3485=AXIS2_PLACEMENT_3D('',#5156,#4062,#4063);
#3486=AXIS2_PLACEMENT_3D('',#5164,#4067,#4068);
#3487=AXIS2_PLACEMENT_3D('',#5168,#4070,#4071);
#3488=AXIS2_PLACEMENT_3D('',#5172,#4073,#4074);
#3489=AXIS2_PLACEMENT_3D('',#5176,#4076,#4077);
#3490=AXIS2_PLACEMENT_3D('',#5178,#4079,#4080);
#3491=AXIS2_PLACEMENT_3D('',#5182,#4082,#4083);
#3492=AXIS2_PLACEMENT_3D('',#5186,#4085,#4086);
#3493=AXIS2_PLACEMENT_3D('',#5190,#4088,#4089);
#3494=AXIS2_PLACEMENT_3D('',#5194,#4091,#4092);
#3495=AXIS2_PLACEMENT_3D('',#5198,#4094,#4095);
#3496=AXIS2_PLACEMENT_3D('',#5202,#4097,#4098);
#3497=AXIS2_PLACEMENT_3D('',#5206,#4100,#4101);
#3498=AXIS2_PLACEMENT_3D('',#5210,#4103,#4104);
#3499=AXIS2_PLACEMENT_3D('',#5214,#4106,#4107);
#3500=AXIS2_PLACEMENT_3D('',#5218,#4109,#4110);
#3501=AXIS2_PLACEMENT_3D('',#5222,#4112,#4113);
#3502=AXIS2_PLACEMENT_3D('',#5226,#4115,#4116);
#3503=AXIS2_PLACEMENT_3D('',#5230,#4118,#4119);
#3504=AXIS2_PLACEMENT_3D('',#5234,#4121,#4122);
#3505=AXIS2_PLACEMENT_3D('',#5238,#4124,#4125);
#3506=AXIS2_PLACEMENT_3D('',#5242,#4127,#4128);
#3507=AXIS2_PLACEMENT_3D('',#5246,#4130,#4131);
#3508=AXIS2_PLACEMENT_3D('',#5250,#4133,#4134);
#3509=AXIS2_PLACEMENT_3D('',#5254,#4136,#4137);
#3510=AXIS2_PLACEMENT_3D('',#5258,#4139,#4140);
#3511=AXIS2_PLACEMENT_3D('',#5262,#4142,#4143);
#3512=AXIS2_PLACEMENT_3D('',#5266,#4145,#4146);
#3513=AXIS2_PLACEMENT_3D('',#5270,#4148,#4149);
#3514=AXIS2_PLACEMENT_3D('',#5274,#4151,#4152);
#3515=AXIS2_PLACEMENT_3D('',#5278,#4154,#4155);
#3516=AXIS2_PLACEMENT_3D('',#5282,#4157,#4158);
#3517=AXIS2_PLACEMENT_3D('',#5286,#4160,#4161);
#3518=AXIS2_PLACEMENT_3D('',#5290,#4163,#4164);
#3519=AXIS2_PLACEMENT_3D('',#5294,#4166,#4167);
#3520=AXIS2_PLACEMENT_3D('',#5298,#4169,#4170);
#3521=AXIS2_PLACEMENT_3D('',#5302,#4172,#4173);
#3522=AXIS2_PLACEMENT_3D('',#5306,#4175,#4176);
#3523=AXIS2_PLACEMENT_3D('',#5310,#4178,#4179);
#3524=AXIS2_PLACEMENT_3D('',#5314,#4181,#4182);
#3525=AXIS2_PLACEMENT_3D('',#5318,#4184,#4185);
#3526=AXIS2_PLACEMENT_3D('',#5322,#4187,#4188);
#3527=AXIS2_PLACEMENT_3D('',#5326,#4190,#4191);
#3528=AXIS2_PLACEMENT_3D('',#5330,#4193,#4194);
#3529=AXIS2_PLACEMENT_3D('',#5334,#4196,#4197);
#3530=AXIS2_PLACEMENT_3D('',#5335,#4198,#4199);
#3531=AXIS2_PLACEMENT_3D('',#5336,#4200,#4201);
#3532=AXIS2_PLACEMENT_3D('',#5338,#4203,#4204);
#3533=AXIS2_PLACEMENT_3D('',#5341,#4207,#4208);
#3534=AXIS2_PLACEMENT_3D('',#5344,#4211,#4212);
#3535=AXIS2_PLACEMENT_3D('',#5347,#4215,#4216);
#3536=AXIS2_PLACEMENT_3D('',#5348,#4217,#4218);
#3537=AXIS2_PLACEMENT_3D('',#5350,#4220,#4221);
#3538=AXIS2_PLACEMENT_3D('',#5358,#4224,#4225);
#3539=AXIS2_PLACEMENT_3D('',#5360,#4227,#4228);
#3540=AXIS2_PLACEMENT_3D('',#5362,#4230,#4231);
#3541=AXIS2_PLACEMENT_3D('',#5364,#4233,#4234);
#3542=AXIS2_PLACEMENT_3D('',#5366,#4236,#4237);
#3543=AXIS2_PLACEMENT_3D('',#5368,#4239,#4240);
#3544=AXIS2_PLACEMENT_3D('',#5369,#4241,#4242);
#3545=AXIS2_PLACEMENT_3D('',#5372,#4245,#4246);
#3546=AXIS2_PLACEMENT_3D('',#5374,#4248,#4249);
#3547=AXIS2_PLACEMENT_3D('',#5376,#4251,#4252);
#3548=AXIS2_PLACEMENT_3D('',#5378,#4254,#4255);
#3549=AXIS2_PLACEMENT_3D('',#5380,#4257,#4258);
#3550=AXIS2_PLACEMENT_3D('',#5382,#4260,#4261);
#3551=AXIS2_PLACEMENT_3D('',#5384,#4263,#4264);
#3552=AXIS2_PLACEMENT_3D('',#5385,#4265,#4266);
#3553=AXIS2_PLACEMENT_3D('',#5388,#4269,#4270);
#3554=AXIS2_PLACEMENT_3D('',#5390,#4272,#4273);
#3555=AXIS2_PLACEMENT_3D('',#5392,#4275,#4276);
#3556=AXIS2_PLACEMENT_3D('',#5394,#4278,#4279);
#3557=AXIS2_PLACEMENT_3D('',#5396,#4281,#4282);
#3558=AXIS2_PLACEMENT_3D('',#5398,#4284,#4285);
#3559=AXIS2_PLACEMENT_3D('',#5400,#4287,#4288);
#3560=AXIS2_PLACEMENT_3D('',#5401,#4289,#4290);
#3561=AXIS2_PLACEMENT_3D('',#5404,#4293,#4294);
#3562=AXIS2_PLACEMENT_3D('',#5406,#4296,#4297);
#3563=AXIS2_PLACEMENT_3D('',#5408,#4299,#4300);
#3564=AXIS2_PLACEMENT_3D('',#5410,#4302,#4303);
#3565=AXIS2_PLACEMENT_3D('',#5412,#4305,#4306);
#3566=AXIS2_PLACEMENT_3D('',#5414,#4308,#4309);
#3567=AXIS2_PLACEMENT_3D('',#5416,#4311,#4312);
#3568=AXIS2_PLACEMENT_3D('',#5417,#4313,#4314);
#3569=AXIS2_PLACEMENT_3D('',#5420,#4317,#4318);
#3570=AXIS2_PLACEMENT_3D('',#5422,#4320,#4321);
#3571=AXIS2_PLACEMENT_3D('',#5424,#4323,#4324);
#3572=AXIS2_PLACEMENT_3D('',#5426,#4326,#4327);
#3573=AXIS2_PLACEMENT_3D('',#5428,#4329,#4330);
#3574=AXIS2_PLACEMENT_3D('',#5430,#4332,#4333);
#3575=AXIS2_PLACEMENT_3D('',#5432,#4335,#4336);
#3576=AXIS2_PLACEMENT_3D('',#5433,#4337,#4338);
#3577=AXIS2_PLACEMENT_3D('',#5436,#4341,#4342);
#3578=AXIS2_PLACEMENT_3D('',#5438,#4344,#4345);
#3579=AXIS2_PLACEMENT_3D('',#5440,#4347,#4348);
#3580=AXIS2_PLACEMENT_3D('',#5442,#4350,#4351);
#3581=AXIS2_PLACEMENT_3D('',#5444,#4353,#4354);
#3582=AXIS2_PLACEMENT_3D('',#5446,#4356,#4357);
#3583=AXIS2_PLACEMENT_3D('',#5448,#4359,#4360);
#3584=AXIS2_PLACEMENT_3D('',#5449,#4361,#4362);
#3585=AXIS2_PLACEMENT_3D('',#5452,#4365,#4366);
#3586=AXIS2_PLACEMENT_3D('',#5454,#4368,#4369);
#3587=AXIS2_PLACEMENT_3D('',#5456,#4371,#4372);
#3588=AXIS2_PLACEMENT_3D('',#5458,#4374,#4375);
#3589=AXIS2_PLACEMENT_3D('',#5460,#4377,#4378);
#3590=AXIS2_PLACEMENT_3D('',#5462,#4380,#4381);
#3591=AXIS2_PLACEMENT_3D('',#5464,#4383,#4384);
#3592=AXIS2_PLACEMENT_3D('',#5465,#4385,#4386);
#3593=AXIS2_PLACEMENT_3D('',#5468,#4389,#4390);
#3594=AXIS2_PLACEMENT_3D('',#5470,#4392,#4393);
#3595=AXIS2_PLACEMENT_3D('',#5472,#4395,#4396);
#3596=AXIS2_PLACEMENT_3D('',#5474,#4398,#4399);
#3597=AXIS2_PLACEMENT_3D('',#5476,#4401,#4402);
#3598=AXIS2_PLACEMENT_3D('',#5478,#4404,#4405);
#3599=AXIS2_PLACEMENT_3D('',#5480,#4407,#4408);
#3600=AXIS2_PLACEMENT_3D('',#5481,#4409,#4410);
#3601=AXIS2_PLACEMENT_3D('',#5484,#4413,#4414);
#3602=AXIS2_PLACEMENT_3D('',#5486,#4416,#4417);
#3603=AXIS2_PLACEMENT_3D('',#5488,#4419,#4420);
#3604=AXIS2_PLACEMENT_3D('',#5490,#4422,#4423);
#3605=AXIS2_PLACEMENT_3D('',#5492,#4425,#4426);
#3606=AXIS2_PLACEMENT_3D('',#5494,#4428,#4429);
#3607=AXIS2_PLACEMENT_3D('',#5496,#4431,#4432);
#3608=AXIS2_PLACEMENT_3D('',#5497,#4433,#4434);
#3609=AXIS2_PLACEMENT_3D('',#5500,#4437,#4438);
#3610=AXIS2_PLACEMENT_3D('',#5502,#4440,#4441);
#3611=AXIS2_PLACEMENT_3D('',#5504,#4443,#4444);
#3612=AXIS2_PLACEMENT_3D('',#5506,#4446,#4447);
#3613=AXIS2_PLACEMENT_3D('',#5508,#4449,#4450);
#3614=AXIS2_PLACEMENT_3D('',#5510,#4452,#4453);
#3615=AXIS2_PLACEMENT_3D('',#5512,#4455,#4456);
#3616=AXIS2_PLACEMENT_3D('',#5513,#4457,#4458);
#3617=AXIS2_PLACEMENT_3D('',#5516,#4461,#4462);
#3618=AXIS2_PLACEMENT_3D('',#5518,#4464,#4465);
#3619=AXIS2_PLACEMENT_3D('',#5520,#4467,#4468);
#3620=AXIS2_PLACEMENT_3D('',#5522,#4470,#4471);
#3621=AXIS2_PLACEMENT_3D('',#5524,#4473,#4474);
#3622=AXIS2_PLACEMENT_3D('',#5526,#4476,#4477);
#3623=AXIS2_PLACEMENT_3D('',#5528,#4479,#4480);
#3624=AXIS2_PLACEMENT_3D('',#5529,#4481,#4482);
#3625=AXIS2_PLACEMENT_3D('',#5532,#4485,#4486);
#3626=AXIS2_PLACEMENT_3D('',#5534,#4488,#4489);
#3627=AXIS2_PLACEMENT_3D('',#5536,#4491,#4492);
#3628=AXIS2_PLACEMENT_3D('',#5538,#4494,#4495);
#3629=AXIS2_PLACEMENT_3D('',#5540,#4497,#4498);
#3630=AXIS2_PLACEMENT_3D('',#5542,#4500,#4501);
#3631=AXIS2_PLACEMENT_3D('',#5544,#4503,#4504);
#3632=AXIS2_PLACEMENT_3D('',#5545,#4505,#4506);
#3633=AXIS2_PLACEMENT_3D('',#5548,#4509,#4510);
#3634=AXIS2_PLACEMENT_3D('',#5550,#4512,#4513);
#3635=AXIS2_PLACEMENT_3D('',#5552,#4515,#4516);
#3636=AXIS2_PLACEMENT_3D('',#5554,#4518,#4519);
#3637=AXIS2_PLACEMENT_3D('',#5556,#4521,#4522);
#3638=AXIS2_PLACEMENT_3D('',#5558,#4524,#4525);
#3639=AXIS2_PLACEMENT_3D('',#5560,#4527,#4528);
#3640=AXIS2_PLACEMENT_3D('',#5561,#4529,#4530);
#3641=AXIS2_PLACEMENT_3D('',#5564,#4533,#4534);
#3642=AXIS2_PLACEMENT_3D('',#5566,#4536,#4537);
#3643=AXIS2_PLACEMENT_3D('',#5568,#4539,#4540);
#3644=AXIS2_PLACEMENT_3D('',#5570,#4542,#4543);
#3645=AXIS2_PLACEMENT_3D('',#5572,#4545,#4546);
#3646=AXIS2_PLACEMENT_3D('',#5574,#4548,#4549);
#3647=AXIS2_PLACEMENT_3D('',#5576,#4551,#4552);
#3648=AXIS2_PLACEMENT_3D('',#5577,#4553,#4554);
#3649=AXIS2_PLACEMENT_3D('',#5580,#4557,#4558);
#3650=AXIS2_PLACEMENT_3D('',#5582,#4560,#4561);
#3651=AXIS2_PLACEMENT_3D('',#5584,#4563,#4564);
#3652=AXIS2_PLACEMENT_3D('',#5586,#4566,#4567);
#3653=AXIS2_PLACEMENT_3D('',#5588,#4569,#4570);
#3654=AXIS2_PLACEMENT_3D('',#5590,#4572,#4573);
#3655=AXIS2_PLACEMENT_3D('',#5592,#4575,#4576);
#3656=AXIS2_PLACEMENT_3D('',#5593,#4577,#4578);
#3657=AXIS2_PLACEMENT_3D('',#5596,#4581,#4582);
#3658=AXIS2_PLACEMENT_3D('',#5598,#4584,#4585);
#3659=AXIS2_PLACEMENT_3D('',#5600,#4587,#4588);
#3660=AXIS2_PLACEMENT_3D('',#5602,#4590,#4591);
#3661=AXIS2_PLACEMENT_3D('',#5604,#4593,#4594);
#3662=AXIS2_PLACEMENT_3D('',#5606,#4596,#4597);
#3663=AXIS2_PLACEMENT_3D('',#5608,#4599,#4600);
#3664=AXIS2_PLACEMENT_3D('',#5609,#4601,#4602);
#3665=AXIS2_PLACEMENT_3D('',#5612,#4605,#4606);
#3666=AXIS2_PLACEMENT_3D('',#5614,#4608,#4609);
#3667=AXIS2_PLACEMENT_3D('',#5616,#4611,#4612);
#3668=AXIS2_PLACEMENT_3D('',#5618,#4614,#4615);
#3669=AXIS2_PLACEMENT_3D('',#5620,#4617,#4618);
#3670=AXIS2_PLACEMENT_3D('',#5622,#4620,#4621);
#3671=AXIS2_PLACEMENT_3D('',#5624,#4623,#4624);
#3672=AXIS2_PLACEMENT_3D('',#5625,#4625,#4626);
#3673=AXIS2_PLACEMENT_3D('',#5628,#4629,#4630);
#3674=AXIS2_PLACEMENT_3D('',#5630,#4632,#4633);
#3675=AXIS2_PLACEMENT_3D('',#5632,#4635,#4636);
#3676=AXIS2_PLACEMENT_3D('',#5634,#4638,#4639);
#3677=AXIS2_PLACEMENT_3D('',#5636,#4641,#4642);
#3678=AXIS2_PLACEMENT_3D('',#5638,#4644,#4645);
#3679=AXIS2_PLACEMENT_3D('',#5640,#4647,#4648);
#3680=AXIS2_PLACEMENT_3D('',#5641,#4649,#4650);
#3681=AXIS2_PLACEMENT_3D('',#5642,#4651,#4652);
#3682=AXIS2_PLACEMENT_3D('',#5643,#4653,#4654);
#3683=AXIS2_PLACEMENT_3D('',#5644,#4655,#4656);
#3684=AXIS2_PLACEMENT_3D('',#5645,#4657,#4658);
#3685=AXIS2_PLACEMENT_3D('',#5646,#4659,#4660);
#3686=AXIS2_PLACEMENT_3D('',#5647,#4661,#4662);
#3687=AXIS2_PLACEMENT_3D('',#5648,#4663,#4664);
#3688=AXIS2_PLACEMENT_3D('',#5649,#4665,#4666);
#3689=AXIS2_PLACEMENT_3D('',#5650,#4667,#4668);
#3690=AXIS2_PLACEMENT_3D('',#5651,#4669,#4670);
#3691=AXIS2_PLACEMENT_3D('',#5652,#4671,#4672);
#3692=AXIS2_PLACEMENT_3D('',#5653,#4673,#4674);
#3693=AXIS2_PLACEMENT_3D('',#5654,#4675,#4676);
#3694=DIRECTION('',(0.,0.,1.));
#3695=DIRECTION('',(1.,0.,0.));
#3696=DIRECTION('',(0.,1.,0.));
#3697=DIRECTION('',(0.,0.,1.));
#3698=DIRECTION('',(0.,1.,0.));
#3699=DIRECTION('',(0.,0.,1.));
#3700=DIRECTION('',(1.,0.,0.));
#3701=DIRECTION('',(0.,0.,-1.));
#3702=DIRECTION('',(1.,0.,0.));
#3703=DIRECTION('',(0.,-1.,0.));
#3704=DIRECTION('',(0.,0.,-1.));
#3705=DIRECTION('',(0.,-1.,0.));
#3706=DIRECTION('',(0.,0.,-1.));
#3707=DIRECTION('',(0.,0.,1.));
#3708=DIRECTION('',(1.,0.,0.));
#3709=DIRECTION('',(0.,0.,1.));
#3710=DIRECTION('',(1.,0.,0.));
#3711=DIRECTION('',(0.,0.,1.));
#3712=DIRECTION('',(1.,0.,0.));
#3713=DIRECTION('',(0.,0.,1.));
#3714=DIRECTION('',(1.,0.,0.));
#3715=DIRECTION('',(0.,0.,1.));
#3716=DIRECTION('',(1.,0.,0.));
#3717=DIRECTION('',(0.,0.,1.));
#3718=DIRECTION('',(1.,0.,0.));
#3719=DIRECTION('',(0.,0.,1.));
#3720=DIRECTION('',(1.,0.,0.));
#3721=DIRECTION('',(0.,0.,1.));
#3722=DIRECTION('',(1.,0.,0.));
#3723=DIRECTION('',(0.,1.,0.));
#3724=DIRECTION('',(1.,0.,0.));
#3725=DIRECTION('',(0.,0.,1.));
#3726=DIRECTION('',(1.,0.,0.));
#3727=DIRECTION('',(0.,-1.,0.));
#3728=DIRECTION('',(0.,0.,1.));
#3729=DIRECTION('',(1.,0.,0.));
#3730=DIRECTION('',(1.,0.,0.));
#3731=DIRECTION('',(0.,0.,1.));
#3732=DIRECTION('',(1.,0.,0.));
#3733=DIRECTION('',(0.,-1.,0.));
#3734=DIRECTION('',(0.,0.,1.));
#3735=DIRECTION('',(1.,0.,0.));
#3736=DIRECTION('',(-1.,0.,0.));
#3737=DIRECTION('',(0.,1.,0.));
#3738=DIRECTION('',(0.,0.,1.));
#3739=DIRECTION('',(1.,0.,0.));
#3740=DIRECTION('',(-1.4557120078127E-16,-1.,0.));
#3741=DIRECTION('',(0.,0.,1.));
#3742=DIRECTION('',(1.,0.,0.));
#3743=DIRECTION('',(1.,0.,0.));
#3744=DIRECTION('',(0.,0.,1.));
#3745=DIRECTION('',(1.,0.,0.));
#3746=DIRECTION('',(-1.4557120078127E-16,-1.,0.));
#3747=DIRECTION('',(0.,0.,1.));
#3748=DIRECTION('',(1.,0.,0.));
#3749=DIRECTION('',(1.,0.,0.));
#3750=DIRECTION('',(0.,0.,1.));
#3751=DIRECTION('',(1.,0.,0.));
#3752=DIRECTION('',(1.,0.,0.));
#3753=DIRECTION('',(0.,0.,1.));
#3754=DIRECTION('',(1.,0.,0.));
#3755=DIRECTION('',(0.,-1.,0.));
#3756=DIRECTION('',(0.,0.,1.));
#3757=DIRECTION('',(1.,0.,0.));
#3758=DIRECTION('',(1.,0.,0.));
#3759=DIRECTION('',(0.,0.,1.));
#3760=DIRECTION('',(1.,0.,0.));
#3761=DIRECTION('',(0.,-1.,0.));
#3762=DIRECTION('',(0.,0.,1.));
#3763=DIRECTION('',(1.,0.,0.));
#3764=DIRECTION('',(1.,0.,0.));
#3765=DIRECTION('',(0.,0.,1.));
#3766=DIRECTION('',(1.,0.,0.));
#3767=DIRECTION('',(0.,-1.,0.));
#3768=DIRECTION('',(0.,0.,1.));
#3769=DIRECTION('',(1.,0.,0.));
#3770=DIRECTION('',(1.,0.,0.));
#3771=DIRECTION('',(0.,0.,1.));
#3772=DIRECTION('',(1.,0.,0.));
#3773=DIRECTION('',(0.,-1.,0.));
#3774=DIRECTION('',(0.,0.,1.));
#3775=DIRECTION('',(1.,0.,0.));
#3776=DIRECTION('',(1.,0.,0.));
#3777=DIRECTION('',(0.,0.,1.));
#3778=DIRECTION('',(1.,0.,0.));
#3779=DIRECTION('',(0.,-1.,0.));
#3780=DIRECTION('',(0.,0.,1.));
#3781=DIRECTION('',(1.,0.,0.));
#3782=DIRECTION('',(1.,0.,0.));
#3783=DIRECTION('',(0.,0.,1.));
#3784=DIRECTION('',(1.,0.,0.));
#3785=DIRECTION('',(0.,-1.,0.));
#3786=DIRECTION('',(0.,0.,1.));
#3787=DIRECTION('',(1.,0.,0.));
#3788=DIRECTION('',(1.,0.,0.));
#3789=DIRECTION('',(0.,0.,1.));
#3790=DIRECTION('',(1.,0.,0.));
#3791=DIRECTION('',(0.,-1.,0.));
#3792=DIRECTION('',(0.,0.,1.));
#3793=DIRECTION('',(1.,0.,0.));
#3794=DIRECTION('',(1.,0.,0.));
#3795=DIRECTION('',(0.,0.,1.));
#3796=DIRECTION('',(1.,0.,0.));
#3797=DIRECTION('',(0.,-1.,0.));
#3798=DIRECTION('',(0.,0.,1.));
#3799=DIRECTION('',(1.,0.,0.));
#3800=DIRECTION('',(1.,0.,0.));
#3801=DIRECTION('',(0.,0.,1.));
#3802=DIRECTION('',(1.,0.,0.));
#3803=DIRECTION('',(0.,-1.,0.));
#3804=DIRECTION('',(0.,0.,1.));
#3805=DIRECTION('',(1.,0.,0.));
#3806=DIRECTION('',(1.,0.,0.));
#3807=DIRECTION('',(0.,0.,1.));
#3808=DIRECTION('',(1.,0.,0.));
#3809=DIRECTION('',(0.,-1.,0.));
#3810=DIRECTION('',(0.,0.,1.));
#3811=DIRECTION('',(1.,0.,0.));
#3812=DIRECTION('',(1.,0.,0.));
#3813=DIRECTION('',(0.,0.,1.));
#3814=DIRECTION('',(1.,0.,0.));
#3815=DIRECTION('',(0.,-1.,0.));
#3816=DIRECTION('',(0.,0.,1.));
#3817=DIRECTION('',(1.,0.,0.));
#3818=DIRECTION('',(1.,0.,0.));
#3819=DIRECTION('',(0.,0.,1.));
#3820=DIRECTION('',(1.,0.,0.));
#3821=DIRECTION('',(0.,-1.,0.));
#3822=DIRECTION('',(0.,0.,1.));
#3823=DIRECTION('',(1.,0.,0.));
#3824=DIRECTION('',(1.,0.,0.));
#3825=DIRECTION('',(0.,0.,1.));
#3826=DIRECTION('',(1.,0.,0.));
#3827=DIRECTION('',(0.,-1.,0.));
#3828=DIRECTION('',(0.,0.,1.));
#3829=DIRECTION('',(1.,0.,0.));
#3830=DIRECTION('',(1.,0.,0.));
#3831=DIRECTION('',(0.,0.,1.));
#3832=DIRECTION('',(1.,0.,0.));
#3833=DIRECTION('',(0.,-1.,0.));
#3834=DIRECTION('',(0.,0.,1.));
#3835=DIRECTION('',(1.,0.,0.));
#3836=DIRECTION('',(1.,0.,0.));
#3837=DIRECTION('',(0.,0.,1.));
#3838=DIRECTION('',(1.,0.,0.));
#3839=DIRECTION('',(0.,-1.,0.));
#3840=DIRECTION('',(0.,0.,1.));
#3841=DIRECTION('',(1.,0.,0.));
#3842=DIRECTION('',(1.,0.,0.));
#3843=DIRECTION('',(0.,0.,1.));
#3844=DIRECTION('',(1.,0.,0.));
#3845=DIRECTION('',(0.,-1.,0.));
#3846=DIRECTION('',(0.,0.,1.));
#3847=DIRECTION('',(1.,0.,0.));
#3848=DIRECTION('',(1.,0.,0.));
#3849=DIRECTION('',(0.,0.,1.));
#3850=DIRECTION('',(1.,0.,0.));
#3851=DIRECTION('',(0.,-1.,0.));
#3852=DIRECTION('',(0.,0.,1.));
#3853=DIRECTION('',(1.,0.,0.));
#3854=DIRECTION('',(1.,0.,0.));
#3855=DIRECTION('',(0.,0.,1.));
#3856=DIRECTION('',(1.,0.,0.));
#3857=DIRECTION('',(0.,-1.,0.));
#3858=DIRECTION('',(0.,0.,1.));
#3859=DIRECTION('',(1.,0.,0.));
#3860=DIRECTION('',(1.,0.,0.));
#3861=DIRECTION('',(0.,0.,1.));
#3862=DIRECTION('',(1.,0.,0.));
#3863=DIRECTION('',(0.,-1.,0.));
#3864=DIRECTION('',(0.,0.,1.));
#3865=DIRECTION('',(1.,0.,0.));
#3866=DIRECTION('',(1.,0.,0.));
#3867=DIRECTION('',(0.,0.,1.));
#3868=DIRECTION('',(1.,0.,0.));
#3869=DIRECTION('',(0.,-1.,0.));
#3870=DIRECTION('',(0.,0.,1.));
#3871=DIRECTION('',(1.,0.,0.));
#3872=DIRECTION('',(1.,0.,0.));
#3873=DIRECTION('',(0.,0.,1.));
#3874=DIRECTION('',(1.,0.,0.));
#3875=DIRECTION('',(0.,-1.,0.));
#3876=DIRECTION('',(0.,0.,1.));
#3877=DIRECTION('',(1.,0.,0.));
#3878=DIRECTION('',(1.,0.,0.));
#3879=DIRECTION('',(0.,0.,1.));
#3880=DIRECTION('',(1.,0.,0.));
#3881=DIRECTION('',(0.,-1.,0.));
#3882=DIRECTION('',(0.,0.,1.));
#3883=DIRECTION('',(1.,0.,0.));
#3884=DIRECTION('',(1.,0.,0.));
#3885=DIRECTION('',(0.,0.,1.));
#3886=DIRECTION('',(1.,0.,0.));
#3887=DIRECTION('',(0.,-1.,0.));
#3888=DIRECTION('',(0.,0.,1.));
#3889=DIRECTION('',(1.,0.,0.));
#3890=DIRECTION('',(1.,0.,0.));
#3891=DIRECTION('',(0.,0.,1.));
#3892=DIRECTION('',(1.,0.,0.));
#3893=DIRECTION('',(0.,-1.,0.));
#3894=DIRECTION('',(0.,0.,1.));
#3895=DIRECTION('',(1.,0.,0.));
#3896=DIRECTION('',(1.,0.,0.));
#3897=DIRECTION('',(0.,0.,1.));
#3898=DIRECTION('',(1.,0.,0.));
#3899=DIRECTION('',(0.,-1.,0.));
#3900=DIRECTION('',(0.,0.,1.));
#3901=DIRECTION('',(1.,0.,0.));
#3902=DIRECTION('',(1.,0.,0.));
#3903=DIRECTION('',(0.,0.,1.));
#3904=DIRECTION('',(1.,0.,0.));
#3905=DIRECTION('',(0.,-1.,0.));
#3906=DIRECTION('',(0.,0.,1.));
#3907=DIRECTION('',(1.,0.,0.));
#3908=DIRECTION('',(1.,0.,0.));
#3909=DIRECTION('',(0.,0.,1.));
#3910=DIRECTION('',(1.,0.,0.));
#3911=DIRECTION('',(0.,-1.,0.));
#3912=DIRECTION('',(0.,0.,1.));
#3913=DIRECTION('',(1.,0.,0.));
#3914=DIRECTION('',(1.,0.,0.));
#3915=DIRECTION('',(0.,0.,1.));
#3916=DIRECTION('',(1.,0.,0.));
#3917=DIRECTION('',(0.,-1.,0.));
#3918=DIRECTION('',(0.,0.,1.));
#3919=DIRECTION('',(1.,0.,0.));
#3920=DIRECTION('',(1.,0.,0.));
#3921=DIRECTION('',(0.,0.,1.));
#3922=DIRECTION('',(1.,0.,0.));
#3923=DIRECTION('',(0.,-1.,0.));
#3924=DIRECTION('',(0.,0.,1.));
#3925=DIRECTION('',(1.,0.,0.));
#3926=DIRECTION('',(1.,0.,0.));
#3927=DIRECTION('',(0.,0.,1.));
#3928=DIRECTION('',(1.,0.,0.));
#3929=DIRECTION('',(0.,-1.,0.));
#3930=DIRECTION('',(0.,0.,1.));
#3931=DIRECTION('',(1.,0.,0.));
#3932=DIRECTION('',(1.,0.,0.));
#3933=DIRECTION('',(0.,0.,1.));
#3934=DIRECTION('',(1.,0.,0.));
#3935=DIRECTION('',(0.,-1.,0.));
#3936=DIRECTION('',(0.,0.,1.));
#3937=DIRECTION('',(1.,0.,0.));
#3938=DIRECTION('',(1.,0.,0.));
#3939=DIRECTION('',(0.,0.,1.));
#3940=DIRECTION('',(1.,0.,0.));
#3941=DIRECTION('',(0.,-1.,0.));
#3942=DIRECTION('',(0.,0.,1.));
#3943=DIRECTION('',(1.,0.,0.));
#3944=DIRECTION('',(1.,0.,0.));
#3945=DIRECTION('',(0.,0.,1.));
#3946=DIRECTION('',(1.,0.,0.));
#3947=DIRECTION('',(0.,-1.,0.));
#3948=DIRECTION('',(0.,0.,1.));
#3949=DIRECTION('',(1.,0.,0.));
#3950=DIRECTION('',(1.,0.,0.));
#3951=DIRECTION('',(0.,0.,1.));
#3952=DIRECTION('',(1.,0.,0.));
#3953=DIRECTION('',(0.,-1.,0.));
#3954=DIRECTION('',(0.,0.,1.));
#3955=DIRECTION('',(1.,0.,0.));
#3956=DIRECTION('',(0.,0.,1.));
#3957=DIRECTION('',(1.,0.,0.));
#3958=DIRECTION('',(0.,0.,1.));
#3959=DIRECTION('',(1.,0.,0.));
#3960=DIRECTION('',(0.,0.,1.));
#3961=DIRECTION('',(1.,0.,0.));
#3962=DIRECTION('',(0.,0.,1.));
#3963=DIRECTION('',(1.,0.,0.));
#3964=DIRECTION('',(0.,0.,1.));
#3965=DIRECTION('',(1.,0.,0.));
#3966=DIRECTION('',(0.,0.,1.));
#3967=DIRECTION('',(1.,0.,0.));
#3968=DIRECTION('',(1.,0.,0.));
#3969=DIRECTION('',(0.,0.,1.));
#3970=DIRECTION('',(1.,0.,0.));
#3971=DIRECTION('',(0.,-1.,0.));
#3972=DIRECTION('',(0.,0.,1.));
#3973=DIRECTION('',(1.,0.,0.));
#3974=DIRECTION('',(1.,0.,0.));
#3975=DIRECTION('',(0.,0.,1.));
#3976=DIRECTION('',(1.,0.,0.));
#3977=DIRECTION('',(0.,-1.,0.));
#3978=DIRECTION('',(0.,0.,1.));
#3979=DIRECTION('',(1.,0.,0.));
#3980=DIRECTION('',(1.,0.,0.));
#3981=DIRECTION('',(0.,0.,1.));
#3982=DIRECTION('',(1.,0.,0.));
#3983=DIRECTION('',(0.,-1.,0.));
#3984=DIRECTION('',(0.,0.,1.));
#3985=DIRECTION('',(1.,0.,0.));
#3986=DIRECTION('',(1.,0.,0.));
#3987=DIRECTION('',(0.,0.,1.));
#3988=DIRECTION('',(1.,0.,0.));
#3989=DIRECTION('',(0.,-1.,0.));
#3990=DIRECTION('',(0.,0.,1.));
#3991=DIRECTION('',(1.,0.,0.));
#3992=DIRECTION('',(1.,0.,0.));
#3993=DIRECTION('',(0.,0.,1.));
#3994=DIRECTION('',(1.,0.,0.));
#3995=DIRECTION('',(0.,-1.,0.));
#3996=DIRECTION('',(0.,0.,1.));
#3997=DIRECTION('',(1.,0.,0.));
#3998=DIRECTION('',(1.,0.,0.));
#3999=DIRECTION('',(0.,0.,1.));
#4000=DIRECTION('',(1.,0.,0.));
#4001=DIRECTION('',(0.,-1.,0.));
#4002=DIRECTION('',(0.,0.,1.));
#4003=DIRECTION('',(1.,0.,0.));
#4004=DIRECTION('',(1.,0.,0.));
#4005=DIRECTION('',(0.,0.,1.));
#4006=DIRECTION('',(1.,0.,0.));
#4007=DIRECTION('',(0.,-1.,0.));
#4008=DIRECTION('',(0.,0.,1.));
#4009=DIRECTION('',(1.,0.,0.));
#4010=DIRECTION('',(1.,0.,0.));
#4011=DIRECTION('',(0.,0.,1.));
#4012=DIRECTION('',(1.,0.,0.));
#4013=DIRECTION('',(0.,-1.,0.));
#4014=DIRECTION('',(0.,0.,1.));
#4015=DIRECTION('',(1.,0.,0.));
#4016=DIRECTION('',(1.,0.,0.));
#4017=DIRECTION('',(0.,0.,1.));
#4018=DIRECTION('',(1.,0.,0.));
#4019=DIRECTION('',(0.,-1.,0.));
#4020=DIRECTION('',(0.,0.,1.));
#4021=DIRECTION('',(1.,0.,0.));
#4022=DIRECTION('',(1.,0.,0.));
#4023=DIRECTION('',(0.,0.,1.));
#4024=DIRECTION('',(1.,0.,0.));
#4025=DIRECTION('',(0.,-1.,0.));
#4026=DIRECTION('',(0.,0.,1.));
#4027=DIRECTION('',(1.,0.,0.));
#4028=DIRECTION('',(1.,0.,0.));
#4029=DIRECTION('',(0.,0.,1.));
#4030=DIRECTION('',(1.,0.,0.));
#4031=DIRECTION('',(0.,-1.,0.));
#4032=DIRECTION('',(0.,0.,1.));
#4033=DIRECTION('',(1.,0.,0.));
#4034=DIRECTION('',(1.,0.,0.));
#4035=DIRECTION('',(0.,0.,1.));
#4036=DIRECTION('',(1.,0.,0.));
#4037=DIRECTION('',(0.,-1.,0.));
#4038=DIRECTION('',(0.,0.,1.));
#4039=DIRECTION('',(1.,0.,0.));
#4040=DIRECTION('',(1.,0.,0.));
#4041=DIRECTION('',(0.,0.,1.));
#4042=DIRECTION('',(1.,0.,0.));
#4043=DIRECTION('',(0.,-1.,0.));
#4044=DIRECTION('',(0.,0.,1.));
#4045=DIRECTION('',(1.,0.,0.));
#4046=DIRECTION('',(1.,0.,0.));
#4047=DIRECTION('',(0.,0.,1.));
#4048=DIRECTION('',(1.,0.,0.));
#4049=DIRECTION('',(0.,-1.,0.));
#4050=DIRECTION('',(0.,0.,1.));
#4051=DIRECTION('',(1.,0.,0.));
#4052=DIRECTION('',(1.,0.,0.));
#4053=DIRECTION('',(0.,0.,1.));
#4054=DIRECTION('',(1.,0.,0.));
#4055=DIRECTION('',(0.,-1.,0.));
#4056=DIRECTION('',(0.,0.,1.));
#4057=DIRECTION('',(1.,0.,0.));
#4058=DIRECTION('',(1.,0.,0.));
#4059=DIRECTION('',(0.,0.,1.));
#4060=DIRECTION('',(1.,0.,0.));
#4061=DIRECTION('',(0.,-1.,0.));
#4062=DIRECTION('',(0.,0.,1.));
#4063=DIRECTION('',(1.,0.,0.));
#4064=DIRECTION('',(1.,0.,0.));
#4065=DIRECTION('',(0.,1.,0.));
#4066=DIRECTION('',(1.,0.,0.));
#4067=DIRECTION('',(0.,0.,1.));
#4068=DIRECTION('',(1.,0.,0.));
#4069=DIRECTION('',(-1.4557120078127E-16,-1.,0.));
#4070=DIRECTION('',(0.,0.,1.));
#4071=DIRECTION('',(1.,0.,0.));
#4072=DIRECTION('',(1.,0.,0.));
#4073=DIRECTION('',(0.,0.,1.));
#4074=DIRECTION('',(1.,0.,0.));
#4075=DIRECTION('',(-1.4557120078127E-16,-1.,0.));
#4076=DIRECTION('',(0.,0.,1.));
#4077=DIRECTION('',(1.,0.,0.));
#4078=DIRECTION('',(0.,1.,0.));
#4079=DIRECTION('',(0.,0.,1.));
#4080=DIRECTION('',(1.,0.,0.));
#4081=DIRECTION('',(0.,-1.,0.));
#4082=DIRECTION('',(0.,0.,1.));
#4083=DIRECTION('',(1.,0.,0.));
#4084=DIRECTION('',(1.,0.,0.));
#4085=DIRECTION('',(0.,0.,1.));
#4086=DIRECTION('',(1.,0.,0.));
#4087=DIRECTION('',(0.,-1.,0.));
#4088=DIRECTION('',(0.,0.,1.));
#4089=DIRECTION('',(1.,0.,0.));
#4090=DIRECTION('',(1.,0.,0.));
#4091=DIRECTION('',(0.,0.,1.));
#4092=DIRECTION('',(1.,0.,0.));
#4093=DIRECTION('',(0.,-1.,0.));
#4094=DIRECTION('',(0.,0.,1.));
#4095=DIRECTION('',(1.,0.,0.));
#4096=DIRECTION('',(1.,0.,0.));
#4097=DIRECTION('',(0.,0.,1.));
#4098=DIRECTION('',(1.,0.,0.));
#4099=DIRECTION('',(0.,-1.,0.));
#4100=DIRECTION('',(0.,0.,1.));
#4101=DIRECTION('',(1.,0.,0.));
#4102=DIRECTION('',(1.,0.,0.));
#4103=DIRECTION('',(0.,0.,1.));
#4104=DIRECTION('',(1.,0.,0.));
#4105=DIRECTION('',(0.,-1.,0.));
#4106=DIRECTION('',(0.,0.,1.));
#4107=DIRECTION('',(1.,0.,0.));
#4108=DIRECTION('',(1.,0.,0.));
#4109=DIRECTION('',(0.,0.,1.));
#4110=DIRECTION('',(1.,0.,0.));
#4111=DIRECTION('',(0.,-1.,0.));
#4112=DIRECTION('',(0.,0.,1.));
#4113=DIRECTION('',(1.,0.,0.));
#4114=DIRECTION('',(1.,0.,0.));
#4115=DIRECTION('',(0.,0.,1.));
#4116=DIRECTION('',(1.,0.,0.));
#4117=DIRECTION('',(0.,-1.,0.));
#4118=DIRECTION('',(0.,0.,1.));
#4119=DIRECTION('',(1.,0.,0.));
#4120=DIRECTION('',(1.,0.,0.));
#4121=DIRECTION('',(0.,0.,1.));
#4122=DIRECTION('',(1.,0.,0.));
#4123=DIRECTION('',(0.,-1.,0.));
#4124=DIRECTION('',(0.,0.,1.));
#4125=DIRECTION('',(1.,0.,0.));
#4126=DIRECTION('',(1.,0.,0.));
#4127=DIRECTION('',(0.,0.,1.));
#4128=DIRECTION('',(1.,0.,0.));
#4129=DIRECTION('',(0.,-1.,0.));
#4130=DIRECTION('',(0.,0.,1.));
#4131=DIRECTION('',(1.,0.,0.));
#4132=DIRECTION('',(1.,0.,0.));
#4133=DIRECTION('',(0.,0.,1.));
#4134=DIRECTION('',(1.,0.,0.));
#4135=DIRECTION('',(0.,-1.,0.));
#4136=DIRECTION('',(0.,0.,1.));
#4137=DIRECTION('',(1.,0.,0.));
#4138=DIRECTION('',(1.,0.,0.));
#4139=DIRECTION('',(0.,0.,1.));
#4140=DIRECTION('',(1.,0.,0.));
#4141=DIRECTION('',(0.,-1.,0.));
#4142=DIRECTION('',(0.,0.,1.));
#4143=DIRECTION('',(1.,0.,0.));
#4144=DIRECTION('',(1.,0.,0.));
#4145=DIRECTION('',(0.,0.,1.));
#4146=DIRECTION('',(1.,0.,0.));
#4147=DIRECTION('',(0.,-1.,0.));
#4148=DIRECTION('',(0.,0.,1.));
#4149=DIRECTION('',(1.,0.,0.));
#4150=DIRECTION('',(1.,0.,0.));
#4151=DIRECTION('',(0.,0.,1.));
#4152=DIRECTION('',(1.,0.,0.));
#4153=DIRECTION('',(0.,-1.,0.));
#4154=DIRECTION('',(0.,0.,1.));
#4155=DIRECTION('',(1.,0.,0.));
#4156=DIRECTION('',(1.,0.,0.));
#4157=DIRECTION('',(0.,0.,1.));
#4158=DIRECTION('',(1.,0.,0.));
#4159=DIRECTION('',(0.,-1.,0.));
#4160=DIRECTION('',(0.,0.,1.));
#4161=DIRECTION('',(1.,0.,0.));
#4162=DIRECTION('',(1.,0.,0.));
#4163=DIRECTION('',(0.,0.,1.));
#4164=DIRECTION('',(1.,0.,0.));
#4165=DIRECTION('',(0.,-1.,0.));
#4166=DIRECTION('',(0.,0.,1.));
#4167=DIRECTION('',(1.,0.,0.));
#4168=DIRECTION('',(1.,0.,0.));
#4169=DIRECTION('',(0.,0.,1.));
#4170=DIRECTION('',(1.,0.,0.));
#4171=DIRECTION('',(0.,-1.,0.));
#4172=DIRECTION('',(0.,0.,1.));
#4173=DIRECTION('',(1.,0.,0.));
#4174=DIRECTION('',(1.,0.,0.));
#4175=DIRECTION('',(0.,0.,1.));
#4176=DIRECTION('',(1.,0.,0.));
#4177=DIRECTION('',(0.,-1.,0.));
#4178=DIRECTION('',(0.,0.,1.));
#4179=DIRECTION('',(1.,0.,0.));
#4180=DIRECTION('',(1.,0.,0.));
#4181=DIRECTION('',(0.,0.,1.));
#4182=DIRECTION('',(1.,0.,0.));
#4183=DIRECTION('',(0.,-1.,0.));
#4184=DIRECTION('',(0.,0.,1.));
#4185=DIRECTION('',(1.,0.,0.));
#4186=DIRECTION('',(1.,0.,0.));
#4187=DIRECTION('',(0.,0.,1.));
#4188=DIRECTION('',(1.,0.,0.));
#4189=DIRECTION('',(0.,-1.,0.));
#4190=DIRECTION('',(0.,0.,1.));
#4191=DIRECTION('',(1.,0.,0.));
#4192=DIRECTION('',(1.,0.,0.));
#4193=DIRECTION('',(0.,0.,1.));
#4194=DIRECTION('',(1.,0.,0.));
#4195=DIRECTION('',(0.,-1.,0.));
#4196=DIRECTION('',(0.,0.,1.));
#4197=DIRECTION('',(1.,0.,0.));
#4198=DIRECTION('',(0.,1.,0.));
#4199=DIRECTION('',(0.,0.,1.));
#4200=DIRECTION('',(0.,1.,0.));
#4201=DIRECTION('',(0.,0.,1.));
#4202=DIRECTION('',(0.,0.,-1.));
#4203=DIRECTION('',(1.,-1.4557120078127E-16,0.));
#4204=DIRECTION('',(1.4557120078127E-16,1.,0.));
#4205=DIRECTION('',(0.,0.,-1.));
#4206=DIRECTION('',(0.,0.,-1.));
#4207=DIRECTION('',(0.,1.,0.));
#4208=DIRECTION('',(0.,0.,1.));
#4209=DIRECTION('',(0.,0.,-1.));
#4210=DIRECTION('',(0.,0.,-1.));
#4211=DIRECTION('',(1.,-1.4557120078127E-16,0.));
#4212=DIRECTION('',(1.4557120078127E-16,1.,0.));
#4213=DIRECTION('',(0.,0.,-1.));
#4214=DIRECTION('',(0.,0.,-1.));
#4215=DIRECTION('',(0.,-1.,0.));
#4216=DIRECTION('',(0.,0.,-1.));
#4217=DIRECTION('',(0.,-1.,0.));
#4218=DIRECTION('',(0.,0.,-1.));
#4219=DIRECTION('',(0.,0.,1.));
#4220=DIRECTION('',(0.,0.,1.));
#4221=DIRECTION('',(1.,0.,0.));
#4222=DIRECTION('',(0.,0.,1.));
#4223=DIRECTION('',(0.,0.,1.));
#4224=DIRECTION('',(-1.,0.,0.));
#4225=DIRECTION('',(0.,0.,1.));
#4226=DIRECTION('',(0.,0.,1.));
#4227=DIRECTION('',(0.,0.,1.));
#4228=DIRECTION('',(1.,0.,0.));
#4229=DIRECTION('',(0.,0.,1.));
#4230=DIRECTION('',(0.,-1.,0.));
#4231=DIRECTION('',(0.,0.,-1.));
#4232=DIRECTION('',(0.,0.,1.));
#4233=DIRECTION('',(0.,0.,1.));
#4234=DIRECTION('',(1.,0.,0.));
#4235=DIRECTION('',(0.,0.,1.));
#4236=DIRECTION('',(-1.,0.,0.));
#4237=DIRECTION('',(0.,0.,1.));
#4238=DIRECTION('',(0.,0.,1.));
#4239=DIRECTION('',(0.,0.,1.));
#4240=DIRECTION('',(1.,0.,0.));
#4241=DIRECTION('',(0.,-1.,0.));
#4242=DIRECTION('',(0.,0.,-1.));
#4243=DIRECTION('',(0.,0.,1.));
#4244=DIRECTION('',(0.,0.,1.));
#4245=DIRECTION('',(0.,0.,1.));
#4246=DIRECTION('',(1.,0.,0.));
#4247=DIRECTION('',(0.,0.,1.));
#4248=DIRECTION('',(-1.,0.,0.));
#4249=DIRECTION('',(0.,0.,1.));
#4250=DIRECTION('',(0.,0.,1.));
#4251=DIRECTION('',(0.,0.,1.));
#4252=DIRECTION('',(1.,0.,0.));
#4253=DIRECTION('',(0.,0.,1.));
#4254=DIRECTION('',(0.,-1.,0.));
#4255=DIRECTION('',(0.,0.,-1.));
#4256=DIRECTION('',(0.,0.,1.));
#4257=DIRECTION('',(0.,0.,1.));
#4258=DIRECTION('',(1.,0.,0.));
#4259=DIRECTION('',(0.,0.,1.));
#4260=DIRECTION('',(-1.,0.,0.));
#4261=DIRECTION('',(0.,0.,1.));
#4262=DIRECTION('',(0.,0.,1.));
#4263=DIRECTION('',(0.,0.,1.));
#4264=DIRECTION('',(1.,0.,0.));
#4265=DIRECTION('',(0.,-1.,0.));
#4266=DIRECTION('',(0.,0.,-1.));
#4267=DIRECTION('',(0.,0.,1.));
#4268=DIRECTION('',(0.,0.,1.));
#4269=DIRECTION('',(0.,0.,1.));
#4270=DIRECTION('',(1.,0.,0.));
#4271=DIRECTION('',(0.,0.,1.));
#4272=DIRECTION('',(-1.,0.,0.));
#4273=DIRECTION('',(0.,0.,1.));
#4274=DIRECTION('',(0.,0.,1.));
#4275=DIRECTION('',(0.,0.,1.));
#4276=DIRECTION('',(1.,0.,0.));
#4277=DIRECTION('',(0.,0.,1.));
#4278=DIRECTION('',(0.,-1.,0.));
#4279=DIRECTION('',(0.,0.,-1.));
#4280=DIRECTION('',(0.,0.,1.));
#4281=DIRECTION('',(0.,0.,1.));
#4282=DIRECTION('',(1.,0.,0.));
#4283=DIRECTION('',(0.,0.,1.));
#4284=DIRECTION('',(-1.,0.,0.));
#4285=DIRECTION('',(0.,0.,1.));
#4286=DIRECTION('',(0.,0.,1.));
#4287=DIRECTION('',(0.,0.,1.));
#4288=DIRECTION('',(1.,0.,0.));
#4289=DIRECTION('',(0.,-1.,0.));
#4290=DIRECTION('',(0.,0.,-1.));
#4291=DIRECTION('',(0.,0.,1.));
#4292=DIRECTION('',(0.,0.,1.));
#4293=DIRECTION('',(0.,0.,1.));
#4294=DIRECTION('',(1.,0.,0.));
#4295=DIRECTION('',(0.,0.,1.));
#4296=DIRECTION('',(-1.,0.,0.));
#4297=DIRECTION('',(0.,0.,1.));
#4298=DIRECTION('',(0.,0.,1.));
#4299=DIRECTION('',(0.,0.,1.));
#4300=DIRECTION('',(1.,0.,0.));
#4301=DIRECTION('',(0.,0.,1.));
#4302=DIRECTION('',(0.,-1.,0.));
#4303=DIRECTION('',(0.,0.,-1.));
#4304=DIRECTION('',(0.,0.,1.));
#4305=DIRECTION('',(0.,0.,1.));
#4306=DIRECTION('',(1.,0.,0.));
#4307=DIRECTION('',(0.,0.,1.));
#4308=DIRECTION('',(-1.,0.,0.));
#4309=DIRECTION('',(0.,0.,1.));
#4310=DIRECTION('',(0.,0.,1.));
#4311=DIRECTION('',(0.,0.,1.));
#4312=DIRECTION('',(1.,0.,0.));
#4313=DIRECTION('',(0.,-1.,0.));
#4314=DIRECTION('',(0.,0.,-1.));
#4315=DIRECTION('',(0.,0.,1.));
#4316=DIRECTION('',(0.,0.,1.));
#4317=DIRECTION('',(0.,0.,1.));
#4318=DIRECTION('',(1.,0.,0.));
#4319=DIRECTION('',(0.,0.,1.));
#4320=DIRECTION('',(-1.,0.,0.));
#4321=DIRECTION('',(0.,0.,1.));
#4322=DIRECTION('',(0.,0.,1.));
#4323=DIRECTION('',(0.,0.,1.));
#4324=DIRECTION('',(1.,0.,0.));
#4325=DIRECTION('',(0.,0.,1.));
#4326=DIRECTION('',(0.,-1.,0.));
#4327=DIRECTION('',(0.,0.,-1.));
#4328=DIRECTION('',(0.,0.,1.));
#4329=DIRECTION('',(0.,0.,1.));
#4330=DIRECTION('',(1.,0.,0.));
#4331=DIRECTION('',(0.,0.,1.));
#4332=DIRECTION('',(-1.,0.,0.));
#4333=DIRECTION('',(0.,0.,1.));
#4334=DIRECTION('',(0.,0.,1.));
#4335=DIRECTION('',(0.,0.,1.));
#4336=DIRECTION('',(1.,0.,0.));
#4337=DIRECTION('',(0.,-1.,0.));
#4338=DIRECTION('',(0.,0.,-1.));
#4339=DIRECTION('',(0.,0.,1.));
#4340=DIRECTION('',(0.,0.,1.));
#4341=DIRECTION('',(0.,0.,1.));
#4342=DIRECTION('',(1.,0.,0.));
#4343=DIRECTION('',(0.,0.,1.));
#4344=DIRECTION('',(-1.,0.,0.));
#4345=DIRECTION('',(0.,0.,1.));
#4346=DIRECTION('',(0.,0.,1.));
#4347=DIRECTION('',(0.,0.,1.));
#4348=DIRECTION('',(1.,0.,0.));
#4349=DIRECTION('',(0.,0.,1.));
#4350=DIRECTION('',(0.,-1.,0.));
#4351=DIRECTION('',(0.,0.,-1.));
#4352=DIRECTION('',(0.,0.,1.));
#4353=DIRECTION('',(0.,0.,1.));
#4354=DIRECTION('',(1.,0.,0.));
#4355=DIRECTION('',(0.,0.,1.));
#4356=DIRECTION('',(-1.,0.,0.));
#4357=DIRECTION('',(0.,0.,1.));
#4358=DIRECTION('',(0.,0.,1.));
#4359=DIRECTION('',(0.,0.,1.));
#4360=DIRECTION('',(1.,0.,0.));
#4361=DIRECTION('',(0.,-1.,0.));
#4362=DIRECTION('',(0.,0.,-1.));
#4363=DIRECTION('',(0.,0.,1.));
#4364=DIRECTION('',(0.,0.,1.));
#4365=DIRECTION('',(0.,0.,1.));
#4366=DIRECTION('',(1.,0.,0.));
#4367=DIRECTION('',(0.,0.,1.));
#4368=DIRECTION('',(-1.,0.,0.));
#4369=DIRECTION('',(0.,0.,1.));
#4370=DIRECTION('',(0.,0.,1.));
#4371=DIRECTION('',(0.,0.,1.));
#4372=DIRECTION('',(1.,0.,0.));
#4373=DIRECTION('',(0.,0.,1.));
#4374=DIRECTION('',(0.,-1.,0.));
#4375=DIRECTION('',(0.,0.,-1.));
#4376=DIRECTION('',(0.,0.,1.));
#4377=DIRECTION('',(0.,0.,1.));
#4378=DIRECTION('',(1.,0.,0.));
#4379=DIRECTION('',(0.,0.,1.));
#4380=DIRECTION('',(-1.,0.,0.));
#4381=DIRECTION('',(0.,0.,1.));
#4382=DIRECTION('',(0.,0.,1.));
#4383=DIRECTION('',(0.,0.,1.));
#4384=DIRECTION('',(1.,0.,0.));
#4385=DIRECTION('',(0.,-1.,0.));
#4386=DIRECTION('',(0.,0.,-1.));
#4387=DIRECTION('',(0.,0.,1.));
#4388=DIRECTION('',(0.,0.,1.));
#4389=DIRECTION('',(0.,0.,1.));
#4390=DIRECTION('',(1.,0.,0.));
#4391=DIRECTION('',(0.,0.,1.));
#4392=DIRECTION('',(-1.,0.,0.));
#4393=DIRECTION('',(0.,0.,1.));
#4394=DIRECTION('',(0.,0.,1.));
#4395=DIRECTION('',(0.,0.,1.));
#4396=DIRECTION('',(1.,0.,0.));
#4397=DIRECTION('',(0.,0.,1.));
#4398=DIRECTION('',(0.,-1.,0.));
#4399=DIRECTION('',(0.,0.,-1.));
#4400=DIRECTION('',(0.,0.,1.));
#4401=DIRECTION('',(0.,0.,1.));
#4402=DIRECTION('',(1.,0.,0.));
#4403=DIRECTION('',(0.,0.,1.));
#4404=DIRECTION('',(-1.,0.,0.));
#4405=DIRECTION('',(0.,0.,1.));
#4406=DIRECTION('',(0.,0.,1.));
#4407=DIRECTION('',(0.,0.,1.));
#4408=DIRECTION('',(1.,0.,0.));
#4409=DIRECTION('',(0.,-1.,0.));
#4410=DIRECTION('',(0.,0.,-1.));
#4411=DIRECTION('',(0.,0.,1.));
#4412=DIRECTION('',(0.,0.,1.));
#4413=DIRECTION('',(0.,0.,1.));
#4414=DIRECTION('',(1.,0.,0.));
#4415=DIRECTION('',(0.,0.,1.));
#4416=DIRECTION('',(-1.,0.,0.));
#4417=DIRECTION('',(0.,0.,1.));
#4418=DIRECTION('',(0.,0.,1.));
#4419=DIRECTION('',(0.,0.,1.));
#4420=DIRECTION('',(1.,0.,0.));
#4421=DIRECTION('',(0.,0.,1.));
#4422=DIRECTION('',(0.,-1.,0.));
#4423=DIRECTION('',(0.,0.,-1.));
#4424=DIRECTION('',(0.,0.,1.));
#4425=DIRECTION('',(0.,0.,1.));
#4426=DIRECTION('',(1.,0.,0.));
#4427=DIRECTION('',(0.,0.,1.));
#4428=DIRECTION('',(-1.,0.,0.));
#4429=DIRECTION('',(0.,0.,1.));
#4430=DIRECTION('',(0.,0.,1.));
#4431=DIRECTION('',(0.,0.,1.));
#4432=DIRECTION('',(1.,0.,0.));
#4433=DIRECTION('',(0.,-1.,0.));
#4434=DIRECTION('',(0.,0.,-1.));
#4435=DIRECTION('',(0.,0.,1.));
#4436=DIRECTION('',(0.,0.,1.));
#4437=DIRECTION('',(0.,0.,1.));
#4438=DIRECTION('',(1.,0.,0.));
#4439=DIRECTION('',(0.,0.,1.));
#4440=DIRECTION('',(-1.,0.,0.));
#4441=DIRECTION('',(0.,0.,1.));
#4442=DIRECTION('',(0.,0.,1.));
#4443=DIRECTION('',(0.,0.,1.));
#4444=DIRECTION('',(1.,0.,0.));
#4445=DIRECTION('',(0.,0.,1.));
#4446=DIRECTION('',(0.,-1.,0.));
#4447=DIRECTION('',(0.,0.,-1.));
#4448=DIRECTION('',(0.,0.,1.));
#4449=DIRECTION('',(0.,0.,1.));
#4450=DIRECTION('',(1.,0.,0.));
#4451=DIRECTION('',(0.,0.,1.));
#4452=DIRECTION('',(-1.,0.,0.));
#4453=DIRECTION('',(0.,0.,1.));
#4454=DIRECTION('',(0.,0.,1.));
#4455=DIRECTION('',(0.,0.,1.));
#4456=DIRECTION('',(1.,0.,0.));
#4457=DIRECTION('',(0.,-1.,0.));
#4458=DIRECTION('',(0.,0.,-1.));
#4459=DIRECTION('',(0.,0.,1.));
#4460=DIRECTION('',(0.,0.,1.));
#4461=DIRECTION('',(0.,0.,1.));
#4462=DIRECTION('',(1.,0.,0.));
#4463=DIRECTION('',(0.,0.,1.));
#4464=DIRECTION('',(-1.,0.,0.));
#4465=DIRECTION('',(0.,0.,1.));
#4466=DIRECTION('',(0.,0.,1.));
#4467=DIRECTION('',(0.,0.,1.));
#4468=DIRECTION('',(1.,0.,0.));
#4469=DIRECTION('',(0.,0.,1.));
#4470=DIRECTION('',(0.,-1.,0.));
#4471=DIRECTION('',(0.,0.,-1.));
#4472=DIRECTION('',(0.,0.,1.));
#4473=DIRECTION('',(0.,0.,1.));
#4474=DIRECTION('',(1.,0.,0.));
#4475=DIRECTION('',(0.,0.,1.));
#4476=DIRECTION('',(-1.,0.,0.));
#4477=DIRECTION('',(0.,0.,1.));
#4478=DIRECTION('',(0.,0.,1.));
#4479=DIRECTION('',(0.,0.,1.));
#4480=DIRECTION('',(1.,0.,0.));
#4481=DIRECTION('',(0.,-1.,0.));
#4482=DIRECTION('',(0.,0.,-1.));
#4483=DIRECTION('',(0.,0.,1.));
#4484=DIRECTION('',(0.,0.,1.));
#4485=DIRECTION('',(0.,0.,1.));
#4486=DIRECTION('',(1.,0.,0.));
#4487=DIRECTION('',(0.,0.,1.));
#4488=DIRECTION('',(-1.,0.,0.));
#4489=DIRECTION('',(0.,0.,1.));
#4490=DIRECTION('',(0.,0.,1.));
#4491=DIRECTION('',(0.,0.,1.));
#4492=DIRECTION('',(1.,0.,0.));
#4493=DIRECTION('',(0.,0.,1.));
#4494=DIRECTION('',(0.,-1.,0.));
#4495=DIRECTION('',(0.,0.,-1.));
#4496=DIRECTION('',(0.,0.,1.));
#4497=DIRECTION('',(0.,0.,1.));
#4498=DIRECTION('',(1.,0.,0.));
#4499=DIRECTION('',(0.,0.,1.));
#4500=DIRECTION('',(-1.,0.,0.));
#4501=DIRECTION('',(0.,0.,1.));
#4502=DIRECTION('',(0.,0.,1.));
#4503=DIRECTION('',(0.,0.,1.));
#4504=DIRECTION('',(1.,0.,0.));
#4505=DIRECTION('',(0.,-1.,0.));
#4506=DIRECTION('',(0.,0.,-1.));
#4507=DIRECTION('',(0.,0.,1.));
#4508=DIRECTION('',(0.,0.,1.));
#4509=DIRECTION('',(0.,0.,1.));
#4510=DIRECTION('',(1.,0.,0.));
#4511=DIRECTION('',(0.,0.,1.));
#4512=DIRECTION('',(-1.,0.,0.));
#4513=DIRECTION('',(0.,0.,1.));
#4514=DIRECTION('',(0.,0.,1.));
#4515=DIRECTION('',(0.,0.,1.));
#4516=DIRECTION('',(1.,0.,0.));
#4517=DIRECTION('',(0.,0.,1.));
#4518=DIRECTION('',(0.,-1.,0.));
#4519=DIRECTION('',(0.,0.,-1.));
#4520=DIRECTION('',(0.,0.,1.));
#4521=DIRECTION('',(0.,0.,1.));
#4522=DIRECTION('',(1.,0.,0.));
#4523=DIRECTION('',(0.,0.,1.));
#4524=DIRECTION('',(-1.,0.,0.));
#4525=DIRECTION('',(0.,0.,1.));
#4526=DIRECTION('',(0.,0.,1.));
#4527=DIRECTION('',(0.,0.,1.));
#4528=DIRECTION('',(1.,0.,0.));
#4529=DIRECTION('',(0.,-1.,0.));
#4530=DIRECTION('',(0.,0.,-1.));
#4531=DIRECTION('',(0.,0.,1.));
#4532=DIRECTION('',(0.,0.,1.));
#4533=DIRECTION('',(0.,0.,1.));
#4534=DIRECTION('',(1.,0.,0.));
#4535=DIRECTION('',(0.,0.,1.));
#4536=DIRECTION('',(-1.,0.,0.));
#4537=DIRECTION('',(0.,0.,1.));
#4538=DIRECTION('',(0.,0.,1.));
#4539=DIRECTION('',(0.,0.,1.));
#4540=DIRECTION('',(1.,0.,0.));
#4541=DIRECTION('',(0.,0.,1.));
#4542=DIRECTION('',(0.,-1.,0.));
#4543=DIRECTION('',(0.,0.,-1.));
#4544=DIRECTION('',(0.,0.,1.));
#4545=DIRECTION('',(0.,0.,1.));
#4546=DIRECTION('',(1.,0.,0.));
#4547=DIRECTION('',(0.,0.,1.));
#4548=DIRECTION('',(-1.,0.,0.));
#4549=DIRECTION('',(0.,0.,1.));
#4550=DIRECTION('',(0.,0.,1.));
#4551=DIRECTION('',(0.,0.,1.));
#4552=DIRECTION('',(1.,0.,0.));
#4553=DIRECTION('',(0.,-1.,0.));
#4554=DIRECTION('',(0.,0.,-1.));
#4555=DIRECTION('',(0.,0.,1.));
#4556=DIRECTION('',(0.,0.,1.));
#4557=DIRECTION('',(0.,0.,1.));
#4558=DIRECTION('',(1.,0.,0.));
#4559=DIRECTION('',(0.,0.,1.));
#4560=DIRECTION('',(-1.,0.,0.));
#4561=DIRECTION('',(0.,0.,1.));
#4562=DIRECTION('',(0.,0.,1.));
#4563=DIRECTION('',(0.,0.,1.));
#4564=DIRECTION('',(1.,0.,0.));
#4565=DIRECTION('',(0.,0.,1.));
#4566=DIRECTION('',(0.,-1.,0.));
#4567=DIRECTION('',(0.,0.,-1.));
#4568=DIRECTION('',(0.,0.,1.));
#4569=DIRECTION('',(0.,0.,1.));
#4570=DIRECTION('',(1.,0.,0.));
#4571=DIRECTION('',(0.,0.,1.));
#4572=DIRECTION('',(-1.,0.,0.));
#4573=DIRECTION('',(0.,0.,1.));
#4574=DIRECTION('',(0.,0.,1.));
#4575=DIRECTION('',(0.,0.,1.));
#4576=DIRECTION('',(1.,0.,0.));
#4577=DIRECTION('',(0.,-1.,0.));
#4578=DIRECTION('',(0.,0.,-1.));
#4579=DIRECTION('',(0.,0.,1.));
#4580=DIRECTION('',(0.,0.,1.));
#4581=DIRECTION('',(0.,0.,1.));
#4582=DIRECTION('',(1.,0.,0.));
#4583=DIRECTION('',(0.,0.,1.));
#4584=DIRECTION('',(-1.,0.,0.));
#4585=DIRECTION('',(0.,0.,1.));
#4586=DIRECTION('',(0.,0.,1.));
#4587=DIRECTION('',(0.,0.,1.));
#4588=DIRECTION('',(1.,0.,0.));
#4589=DIRECTION('',(0.,0.,1.));
#4590=DIRECTION('',(0.,-1.,0.));
#4591=DIRECTION('',(0.,0.,-1.));
#4592=DIRECTION('',(0.,0.,1.));
#4593=DIRECTION('',(0.,0.,1.));
#4594=DIRECTION('',(1.,0.,0.));
#4595=DIRECTION('',(0.,0.,1.));
#4596=DIRECTION('',(-1.,0.,0.));
#4597=DIRECTION('',(0.,0.,1.));
#4598=DIRECTION('',(0.,0.,1.));
#4599=DIRECTION('',(0.,0.,1.));
#4600=DIRECTION('',(1.,0.,0.));
#4601=DIRECTION('',(0.,-1.,0.));
#4602=DIRECTION('',(0.,0.,-1.));
#4603=DIRECTION('',(0.,0.,1.));
#4604=DIRECTION('',(0.,0.,1.));
#4605=DIRECTION('',(0.,0.,1.));
#4606=DIRECTION('',(1.,0.,0.));
#4607=DIRECTION('',(0.,0.,1.));
#4608=DIRECTION('',(-1.,0.,0.));
#4609=DIRECTION('',(0.,0.,1.));
#4610=DIRECTION('',(0.,0.,1.));
#4611=DIRECTION('',(0.,0.,1.));
#4612=DIRECTION('',(1.,0.,0.));
#4613=DIRECTION('',(0.,0.,1.));
#4614=DIRECTION('',(0.,-1.,0.));
#4615=DIRECTION('',(0.,0.,-1.));
#4616=DIRECTION('',(0.,0.,1.));
#4617=DIRECTION('',(0.,0.,1.));
#4618=DIRECTION('',(1.,0.,0.));
#4619=DIRECTION('',(0.,0.,1.));
#4620=DIRECTION('',(-1.,0.,0.));
#4621=DIRECTION('',(0.,0.,1.));
#4622=DIRECTION('',(0.,0.,1.));
#4623=DIRECTION('',(0.,0.,1.));
#4624=DIRECTION('',(1.,0.,0.));
#4625=DIRECTION('',(0.,-1.,0.));
#4626=DIRECTION('',(0.,0.,-1.));
#4627=DIRECTION('',(0.,0.,1.));
#4628=DIRECTION('',(0.,0.,1.));
#4629=DIRECTION('',(0.,0.,1.));
#4630=DIRECTION('',(1.,0.,0.));
#4631=DIRECTION('',(0.,0.,1.));
#4632=DIRECTION('',(-1.,0.,0.));
#4633=DIRECTION('',(0.,0.,1.));
#4634=DIRECTION('',(0.,0.,1.));
#4635=DIRECTION('',(0.,0.,1.));
#4636=DIRECTION('',(1.,0.,0.));
#4637=DIRECTION('',(0.,0.,1.));
#4638=DIRECTION('',(0.,-1.,0.));
#4639=DIRECTION('',(0.,0.,-1.));
#4640=DIRECTION('',(0.,0.,1.));
#4641=DIRECTION('',(0.,0.,1.));
#4642=DIRECTION('',(1.,0.,0.));
#4643=DIRECTION('',(0.,0.,1.));
#4644=DIRECTION('',(-1.,0.,0.));
#4645=DIRECTION('',(0.,0.,1.));
#4646=DIRECTION('',(0.,0.,1.));
#4647=DIRECTION('',(0.,0.,1.));
#4648=DIRECTION('',(1.,0.,0.));
#4649=DIRECTION('',(0.,0.,-1.));
#4650=DIRECTION('',(-1.,0.,0.));
#4651=DIRECTION('',(0.,0.,1.));
#4652=DIRECTION('',(1.,0.,0.));
#4653=DIRECTION('',(0.,0.,-1.));
#4654=DIRECTION('',(-1.,0.,0.));
#4655=DIRECTION('',(0.,0.,1.));
#4656=DIRECTION('',(1.,0.,0.));
#4657=DIRECTION('',(0.,1.,0.));
#4658=DIRECTION('',(-1.,0.,0.));
#4659=DIRECTION('',(0.,1.,0.));
#4660=DIRECTION('',(0.,0.,1.));
#4661=DIRECTION('',(0.,1.,0.));
#4662=DIRECTION('',(0.,0.,1.));
#4663=DIRECTION('',(0.,1.,0.));
#4664=DIRECTION('',(0.,0.,1.));
#4665=DIRECTION('',(0.,0.,1.));
#4666=DIRECTION('',(1.,0.,0.));
#4667=DIRECTION('',(0.,0.,1.));
#4668=DIRECTION('',(1.,0.,0.));
#4669=DIRECTION('',(0.,0.,1.));
#4670=DIRECTION('',(1.,0.,0.));
#4671=DIRECTION('',(0.,0.,1.));
#4672=DIRECTION('',(1.,0.,0.));
#4673=DIRECTION('',(0.,0.,1.));
#4674=DIRECTION('',(1.,0.,0.));
#4675=DIRECTION('',(0.,0.,1.));
#4676=DIRECTION('',(1.,0.,0.));
#4677=CARTESIAN_POINT('',(0.,0.,0.));
#4678=CARTESIAN_POINT('',(6.93889390390723E-18,0.05375,0.0254));
#4679=CARTESIAN_POINT('',(-0.0359062922767797,0.05375,0.026));
#4680=CARTESIAN_POINT('',(-0.0359062922767797,0.05375,0.024));
#4681=CARTESIAN_POINT('',(-0.0378141706796136,0.05375,0.0254));
#4682=CARTESIAN_POINT('',(6.93889390390723E-18,0.05375,0.024));
#4683=CARTESIAN_POINT('',(-0.0485,0.05375,0.024));
#4684=CARTESIAN_POINT('',(-0.0485,0.05375,0.0254));
#4685=CARTESIAN_POINT('',(-0.0485,0.05375,0.0254));
#4686=CARTESIAN_POINT('',(6.93889390390723E-18,0.05375,0.0254));
#4687=CARTESIAN_POINT('',(-0.0223,0.050487,0.0138));
#4688=CARTESIAN_POINT('',(-0.0359062922767797,0.050487,0.026));
#4689=CARTESIAN_POINT('',(-0.0368,0.050487,0.0242107860649279));
#4690=CARTESIAN_POINT('',(-0.0359062922767797,0.050487,0.024));
#4691=CARTESIAN_POINT('',(-0.0368,0.050487,0.0138));
#4692=CARTESIAN_POINT('',(-0.0368,0.050487,0.024));
#4693=CARTESIAN_POINT('',(0.,0.050487,0.024));
#4694=CARTESIAN_POINT('',(0.,-0.01775,0.0254));
#4695=CARTESIAN_POINT('',(0.04575,-0.052,0.0254));
#4696=CARTESIAN_POINT('',(0.04745,-0.052,0.0254));
#4697=CARTESIAN_POINT('',(-0.04575,-0.052,0.0254));
#4698=CARTESIAN_POINT('',(-0.04405,-0.052,0.0254));
#4699=CARTESIAN_POINT('',(-0.04575,0.05025,0.0254));
#4700=CARTESIAN_POINT('',(-0.04405,0.05025,0.0254));
#4701=CARTESIAN_POINT('',(0.04575,-0.0833841518109544,0.0254));
#4702=CARTESIAN_POINT('',(0.04745,-0.0833841518109544,0.0254));
#4703=CARTESIAN_POINT('',(0.04575,0.05025,0.0254));
#4704=CARTESIAN_POINT('',(0.04745,0.05025,0.0254));
#4705=CARTESIAN_POINT('',(-0.04575,-0.0833841518109544,0.0254));
#4706=CARTESIAN_POINT('',(-0.04405,-0.0833841518109544,0.0254));
#4707=CARTESIAN_POINT('',(-0.0220760987604419,0.05045,0.0254));
#4708=CARTESIAN_POINT('',(-0.0220760987604419,0.050487,0.0254));
#4709=CARTESIAN_POINT('',(-0.0220760987604419,0.05375,0.0254));
#4710=CARTESIAN_POINT('',(-0.0223,0.050487,0.0254));
#4711=CARTESIAN_POINT('',(-0.0078,0.050487,0.0254));
#4712=CARTESIAN_POINT('',(-0.0078,0.048987,0.0254));
#4713=CARTESIAN_POINT('',(-0.0063,0.048987,0.0254));
#4714=CARTESIAN_POINT('',(-0.0063,0.039487,0.0254));
#4715=CARTESIAN_POINT('',(-0.0063,0.029987,0.0254));
#4716=CARTESIAN_POINT('',(-0.0078,0.029987,0.0254));
#4717=CARTESIAN_POINT('',(-0.0078,0.028487,0.0254));
#4718=CARTESIAN_POINT('',(-0.0223,0.028487,0.0254));
#4719=CARTESIAN_POINT('',(-0.0368,0.028487,0.0254));
#4720=CARTESIAN_POINT('',(-0.0368,0.029987,0.0254));
#4721=CARTESIAN_POINT('',(-0.0383,0.029987,0.0254));
#4722=CARTESIAN_POINT('',(-0.0383,0.039487,0.0254));
#4723=CARTESIAN_POINT('',(-0.0383,0.048987,0.0254));
#4724=CARTESIAN_POINT('',(-0.0368,0.048987,0.0254));
#4725=CARTESIAN_POINT('',(-0.0371311057232969,0.05045,0.0254));
#4726=CARTESIAN_POINT('',(0.,0.05045,0.0254));
#4727=CARTESIAN_POINT('',(-0.0378141706796136,0.05045,0.0254));
#4728=CARTESIAN_POINT('',(-0.0378141706796136,0.05045,0.0254));
#4729=CARTESIAN_POINT('',(-0.0485,0.05225,0.0254));
#4730=CARTESIAN_POINT('',(-0.05,0.05225,0.0254));
#4731=CARTESIAN_POINT('',(-0.05,-0.01775,0.0254));
#4732=CARTESIAN_POINT('',(-0.05,-0.08775,0.0254));
#4733=CARTESIAN_POINT('',(-0.0485,-0.08775,0.0254));
#4734=CARTESIAN_POINT('',(-0.0485,-0.08925,0.0254));
#4735=CARTESIAN_POINT('',(-1.38777878078145E-17,-0.08925,0.0254));
#4736=CARTESIAN_POINT('',(0.0485,-0.08925,0.0254));
#4737=CARTESIAN_POINT('',(0.0485,-0.08775,0.0254));
#4738=CARTESIAN_POINT('',(0.05,-0.08775,0.0254));
#4739=CARTESIAN_POINT('',(0.05,-0.01775,0.0254));
#4740=CARTESIAN_POINT('',(0.05,0.05225,0.0254));
#4741=CARTESIAN_POINT('',(0.0485,0.05225,0.0254));
#4742=CARTESIAN_POINT('',(0.0485,0.05375,0.0254));
#4743=CARTESIAN_POINT('',(6.93889390390723E-18,0.05375,0.0254));
#4744=CARTESIAN_POINT('',(0.021425,-0.033475,0.0254));
#4745=CARTESIAN_POINT('',(0.021425,-0.032975,0.0254));
#4746=CARTESIAN_POINT('',(0.020925,-0.033475,0.0254));
#4747=CARTESIAN_POINT('',(0.027925,-0.032975,0.0254));
#4748=CARTESIAN_POINT('',(0.034425,-0.032975,0.0254));
#4749=CARTESIAN_POINT('',(0.034425,-0.033475,0.0254));
#4750=CARTESIAN_POINT('',(0.034925,-0.033475,0.0254));
#4751=CARTESIAN_POINT('',(0.034925,-0.039975,0.0254));
#4752=CARTESIAN_POINT('',(0.034925,-0.046475,0.0254));
#4753=CARTESIAN_POINT('',(0.034425,-0.046475,0.0254));
#4754=CARTESIAN_POINT('',(0.034425,-0.046975,0.0254));
#4755=CARTESIAN_POINT('',(0.027925,-0.046975,0.0254));
#4756=CARTESIAN_POINT('',(0.021425,-0.046975,0.0254));
#4757=CARTESIAN_POINT('',(0.021425,-0.046475,0.0254));
#4758=CARTESIAN_POINT('',(0.020925,-0.046475,0.0254));
#4759=CARTESIAN_POINT('',(0.020925,-0.039975,0.0254));
#4760=CARTESIAN_POINT('',(0.021425,0.023675,0.0254));
#4761=CARTESIAN_POINT('',(0.021425,0.024175,0.0254));
#4762=CARTESIAN_POINT('',(0.020925,0.023675,0.0254));
#4763=CARTESIAN_POINT('',(0.027925,0.024175,0.0254));
#4764=CARTESIAN_POINT('',(0.034425,0.024175,0.0254));
#4765=CARTESIAN_POINT('',(0.034425,0.023675,0.0254));
#4766=CARTESIAN_POINT('',(0.034925,0.023675,0.0254));
#4767=CARTESIAN_POINT('',(0.034925,0.017175,0.0254));
#4768=CARTESIAN_POINT('',(0.034925,0.010675,0.0254));
#4769=CARTESIAN_POINT('',(0.034425,0.010675,0.0254));
#4770=CARTESIAN_POINT('',(0.034425,0.010175,0.0254));
#4771=CARTESIAN_POINT('',(0.027925,0.010175,0.0254));
#4772=CARTESIAN_POINT('',(0.021425,0.010175,0.0254));
#4773=CARTESIAN_POINT('',(0.021425,0.010675,0.0254));
#4774=CARTESIAN_POINT('',(0.020925,0.010675,0.0254));
#4775=CARTESIAN_POINT('',(0.020925,0.017175,0.0254));
#4776=CARTESIAN_POINT('',(-0.035725,0.004625,0.0254));
#4777=CARTESIAN_POINT('',(-0.035725,0.005125,0.0254));
#4778=CARTESIAN_POINT('',(-0.036225,0.004625,0.0254));
#4779=CARTESIAN_POINT('',(-0.029225,0.005125,0.0254));
#4780=CARTESIAN_POINT('',(-0.022725,0.005125,0.0254));
#4781=CARTESIAN_POINT('',(-0.022725,0.004625,0.0254));
#4782=CARTESIAN_POINT('',(-0.022225,0.004625,0.0254));
#4783=CARTESIAN_POINT('',(-0.022225,-0.001875,0.0254));
#4784=CARTESIAN_POINT('',(-0.022225,-0.008375,0.0254));
#4785=CARTESIAN_POINT('',(-0.022725,-0.008375,0.0254));
#4786=CARTESIAN_POINT('',(-0.022725,-0.008875,0.0254));
#4787=CARTESIAN_POINT('',(-0.029225,-0.008875,0.0254));
#4788=CARTESIAN_POINT('',(-0.035725,-0.008875,0.0254));
#4789=CARTESIAN_POINT('',(-0.035725,-0.008375,0.0254));
#4790=CARTESIAN_POINT('',(-0.036225,-0.008375,0.0254));
#4791=CARTESIAN_POINT('',(-0.036225,-0.001875,0.0254));
#4792=CARTESIAN_POINT('',(-0.016675,0.004625,0.0254));
#4793=CARTESIAN_POINT('',(-0.016675,0.005125,0.0254));
#4794=CARTESIAN_POINT('',(-0.017175,0.004625,0.0254));
#4795=CARTESIAN_POINT('',(-0.010175,0.005125,0.0254));
#4796=CARTESIAN_POINT('',(-0.003675,0.005125,0.0254));
#4797=CARTESIAN_POINT('',(-0.003675,0.004625,0.0254));
#4798=CARTESIAN_POINT('',(-0.003175,0.004625,0.0254));
#4799=CARTESIAN_POINT('',(-0.003175,-0.001875,0.0254));
#4800=CARTESIAN_POINT('',(-0.003175,-0.008375,0.0254));
#4801=CARTESIAN_POINT('',(-0.003675,-0.008375,0.0254));
#4802=CARTESIAN_POINT('',(-0.003675,-0.008875,0.0254));
#4803=CARTESIAN_POINT('',(-0.010175,-0.008875,0.0254));
#4804=CARTESIAN_POINT('',(-0.016675,-0.008875,0.0254));
#4805=CARTESIAN_POINT('',(-0.016675,-0.008375,0.0254));
#4806=CARTESIAN_POINT('',(-0.017175,-0.008375,0.0254));
#4807=CARTESIAN_POINT('',(-0.017175,-0.001875,0.0254));
#4808=CARTESIAN_POINT('',(0.002375,0.004625,0.0254));
#4809=CARTESIAN_POINT('',(0.002375,0.005125,0.0254));
#4810=CARTESIAN_POINT('',(0.001875,0.004625,0.0254));
#4811=CARTESIAN_POINT('',(0.008875,0.005125,0.0254));
#4812=CARTESIAN_POINT('',(0.015375,0.005125,0.0254));
#4813=CARTESIAN_POINT('',(0.015375,0.004625,0.0254));
#4814=CARTESIAN_POINT('',(0.015875,0.004625,0.0254));
#4815=CARTESIAN_POINT('',(0.015875,-0.001875,0.0254));
#4816=CARTESIAN_POINT('',(0.015875,-0.008375,0.0254));
#4817=CARTESIAN_POINT('',(0.015375,-0.008375,0.0254));
#4818=CARTESIAN_POINT('',(0.015375,-0.008875,0.0254));
#4819=CARTESIAN_POINT('',(0.008875,-0.008875,0.0254));
#4820=CARTESIAN_POINT('',(0.002375,-0.008875,0.0254));
#4821=CARTESIAN_POINT('',(0.002375,-0.008375,0.0254));
#4822=CARTESIAN_POINT('',(0.001875,-0.008375,0.0254));
#4823=CARTESIAN_POINT('',(0.001875,-0.001875,0.0254));
#4824=CARTESIAN_POINT('',(0.000865000000000013,0.040585,0.0254));
#4825=CARTESIAN_POINT('',(0.000865,0.042085,0.0254));
#4826=CARTESIAN_POINT('',(-0.000635,0.040585,0.0254));
#4827=CARTESIAN_POINT('',(0.015865,0.042085,0.0254));
#4828=CARTESIAN_POINT('',(0.030865,0.042085,0.0254));
#4829=CARTESIAN_POINT('',(0.030865,0.040585,0.0254));
#4830=CARTESIAN_POINT('',(0.032365,0.040585,0.0254));
#4831=CARTESIAN_POINT('',(0.032365,0.036085,0.0254));
#4832=CARTESIAN_POINT('',(0.032365,0.031585,0.0254));
#4833=CARTESIAN_POINT('',(0.030865,0.031585,0.0254));
#4834=CARTESIAN_POINT('',(0.030865,0.030085,0.0254));
#4835=CARTESIAN_POINT('',(0.015865,0.030085,0.0254));
#4836=CARTESIAN_POINT('',(0.000865,0.030085,0.0254));
#4837=CARTESIAN_POINT('',(0.000865,0.031585,0.0254));
#4838=CARTESIAN_POINT('',(-0.000635,0.031585,0.0254));
#4839=CARTESIAN_POINT('',(-0.000635,0.036085,0.0254));
#4840=CARTESIAN_POINT('',(-0.035725,0.023675,0.0254));
#4841=CARTESIAN_POINT('',(-0.035725,0.024175,0.0254));
#4842=CARTESIAN_POINT('',(-0.036225,0.023675,0.0254));
#4843=CARTESIAN_POINT('',(-0.029225,0.024175,0.0254));
#4844=CARTESIAN_POINT('',(-0.022725,0.024175,0.0254));
#4845=CARTESIAN_POINT('',(-0.022725,0.023675,0.0254));
#4846=CARTESIAN_POINT('',(-0.022225,0.023675,0.0254));
#4847=CARTESIAN_POINT('',(-0.022225,0.017175,0.0254));
#4848=CARTESIAN_POINT('',(-0.022225,0.010675,0.0254));
#4849=CARTESIAN_POINT('',(-0.022725,0.010675,0.0254));
#4850=CARTESIAN_POINT('',(-0.022725,0.010175,0.0254));
#4851=CARTESIAN_POINT('',(-0.029225,0.010175,0.0254));
#4852=CARTESIAN_POINT('',(-0.035725,0.010175,0.0254));
#4853=CARTESIAN_POINT('',(-0.035725,0.010675,0.0254));
#4854=CARTESIAN_POINT('',(-0.036225,0.010675,0.0254));
#4855=CARTESIAN_POINT('',(-0.036225,0.017175,0.0254));
#4856=CARTESIAN_POINT('',(-0.016675,0.023675,0.0254));
#4857=CARTESIAN_POINT('',(-0.016675,0.024175,0.0254));
#4858=CARTESIAN_POINT('',(-0.017175,0.023675,0.0254));
#4859=CARTESIAN_POINT('',(-0.010175,0.024175,0.0254));
#4860=CARTESIAN_POINT('',(-0.003675,0.024175,0.0254));
#4861=CARTESIAN_POINT('',(-0.003675,0.023675,0.0254));
#4862=CARTESIAN_POINT('',(-0.003175,0.023675,0.0254));
#4863=CARTESIAN_POINT('',(-0.003175,0.017175,0.0254));
#4864=CARTESIAN_POINT('',(-0.003175,0.010675,0.0254));
#4865=CARTESIAN_POINT('',(-0.003675,0.010675,0.0254));
#4866=CARTESIAN_POINT('',(-0.003675,0.010175,0.0254));
#4867=CARTESIAN_POINT('',(-0.010175,0.010175,0.0254));
#4868=CARTESIAN_POINT('',(-0.016675,0.010175,0.0254));
#4869=CARTESIAN_POINT('',(-0.016675,0.010675,0.0254));
#4870=CARTESIAN_POINT('',(-0.017175,0.010675,0.0254));
#4871=CARTESIAN_POINT('',(-0.017175,0.017175,0.0254));
#4872=CARTESIAN_POINT('',(0.002375,0.023675,0.0254));
#4873=CARTESIAN_POINT('',(0.002375,0.024175,0.0254));
#4874=CARTESIAN_POINT('',(0.001875,0.023675,0.0254));
#4875=CARTESIAN_POINT('',(0.008875,0.024175,0.0254));
#4876=CARTESIAN_POINT('',(0.015375,0.024175,0.0254));
#4877=CARTESIAN_POINT('',(0.015375,0.023675,0.0254));
#4878=CARTESIAN_POINT('',(0.015875,0.023675,0.0254));
#4879=CARTESIAN_POINT('',(0.015875,0.017175,0.0254));
#4880=CARTESIAN_POINT('',(0.015875,0.010675,0.0254));
#4881=CARTESIAN_POINT('',(0.015375,0.010675,0.0254));
#4882=CARTESIAN_POINT('',(0.015375,0.010175,0.0254));
#4883=CARTESIAN_POINT('',(0.008875,0.010175,0.0254));
#4884=CARTESIAN_POINT('',(0.002375,0.010175,0.0254));
#4885=CARTESIAN_POINT('',(0.002375,0.010675,0.0254));
#4886=CARTESIAN_POINT('',(0.001875,0.010675,0.0254));
#4887=CARTESIAN_POINT('',(0.001875,0.017175,0.0254));
#4888=CARTESIAN_POINT('',(0.021425,-0.014425,0.0254));
#4889=CARTESIAN_POINT('',(0.021425,-0.013925,0.0254));
#4890=CARTESIAN_POINT('',(0.020925,-0.014425,0.0254));
#4891=CARTESIAN_POINT('',(0.027925,-0.013925,0.0254));
#4892=CARTESIAN_POINT('',(0.034425,-0.013925,0.0254));
#4893=CARTESIAN_POINT('',(0.034425,-0.014425,0.0254));
#4894=CARTESIAN_POINT('',(0.034925,-0.014425,0.0254));
#4895=CARTESIAN_POINT('',(0.034925,-0.020925,0.0254));
#4896=CARTESIAN_POINT('',(0.034925,-0.027425,0.0254));
#4897=CARTESIAN_POINT('',(0.034425,-0.027425,0.0254));
#4898=CARTESIAN_POINT('',(0.034425,-0.027925,0.0254));
#4899=CARTESIAN_POINT('',(0.027925,-0.027925,0.0254));
#4900=CARTESIAN_POINT('',(0.021425,-0.027925,0.0254));
#4901=CARTESIAN_POINT('',(0.021425,-0.027425,0.0254));
#4902=CARTESIAN_POINT('',(0.020925,-0.027425,0.0254));
#4903=CARTESIAN_POINT('',(0.020925,-0.020925,0.0254));
#4904=CARTESIAN_POINT('',(-0.035725,-0.033475,0.0254));
#4905=CARTESIAN_POINT('',(-0.035725,-0.032975,0.0254));
#4906=CARTESIAN_POINT('',(-0.036225,-0.033475,0.0254));
#4907=CARTESIAN_POINT('',(-0.029225,-0.032975,0.0254));
#4908=CARTESIAN_POINT('',(-0.022725,-0.032975,0.0254));
#4909=CARTESIAN_POINT('',(-0.022725,-0.033475,0.0254));
#4910=CARTESIAN_POINT('',(-0.022225,-0.033475,0.0254));
#4911=CARTESIAN_POINT('',(-0.022225,-0.039975,0.0254));
#4912=CARTESIAN_POINT('',(-0.022225,-0.046475,0.0254));
#4913=CARTESIAN_POINT('',(-0.022725,-0.046475,0.0254));
#4914=CARTESIAN_POINT('',(-0.022725,-0.046975,0.0254));
#4915=CARTESIAN_POINT('',(-0.029225,-0.046975,0.0254));
#4916=CARTESIAN_POINT('',(-0.035725,-0.046975,0.0254));
#4917=CARTESIAN_POINT('',(-0.035725,-0.046475,0.0254));
#4918=CARTESIAN_POINT('',(-0.036225,-0.046475,0.0254));
#4919=CARTESIAN_POINT('',(-0.036225,-0.039975,0.0254));
#4920=CARTESIAN_POINT('',(-0.016675,-0.033475,0.0254));
#4921=CARTESIAN_POINT('',(-0.016675,-0.032975,0.0254));
#4922=CARTESIAN_POINT('',(-0.017175,-0.033475,0.0254));
#4923=CARTESIAN_POINT('',(-0.010175,-0.032975,0.0254));
#4924=CARTESIAN_POINT('',(-0.003675,-0.032975,0.0254));
#4925=CARTESIAN_POINT('',(-0.003675,-0.033475,0.0254));
#4926=CARTESIAN_POINT('',(-0.003175,-0.033475,0.0254));
#4927=CARTESIAN_POINT('',(-0.003175,-0.039975,0.0254));
#4928=CARTESIAN_POINT('',(-0.003175,-0.046475,0.0254));
#4929=CARTESIAN_POINT('',(-0.003675,-0.046475,0.0254));
#4930=CARTESIAN_POINT('',(-0.003675,-0.046975,0.0254));
#4931=CARTESIAN_POINT('',(-0.010175,-0.046975,0.0254));
#4932=CARTESIAN_POINT('',(-0.016675,-0.046975,0.0254));
#4933=CARTESIAN_POINT('',(-0.016675,-0.046475,0.0254));
#4934=CARTESIAN_POINT('',(-0.017175,-0.046475,0.0254));
#4935=CARTESIAN_POINT('',(-0.017175,-0.039975,0.0254));
#4936=CARTESIAN_POINT('',(0.002375,-0.033475,0.0254));
#4937=CARTESIAN_POINT('',(0.002375,-0.032975,0.0254));
#4938=CARTESIAN_POINT('',(0.001875,-0.033475,0.0254));
#4939=CARTESIAN_POINT('',(0.008875,-0.032975,0.0254));
#4940=CARTESIAN_POINT('',(0.015375,-0.032975,0.0254));
#4941=CARTESIAN_POINT('',(0.015375,-0.033475,0.0254));
#4942=CARTESIAN_POINT('',(0.015875,-0.033475,0.0254));
#4943=CARTESIAN_POINT('',(0.015875,-0.039975,0.0254));
#4944=CARTESIAN_POINT('',(0.015875,-0.046475,0.0254));
#4945=CARTESIAN_POINT('',(0.015375,-0.046475,0.0254));
#4946=CARTESIAN_POINT('',(0.015375,-0.046975,0.0254));
#4947=CARTESIAN_POINT('',(0.008875,-0.046975,0.0254));
#4948=CARTESIAN_POINT('',(0.002375,-0.046975,0.0254));
#4949=CARTESIAN_POINT('',(0.002375,-0.046475,0.0254));
#4950=CARTESIAN_POINT('',(0.001875,-0.046475,0.0254));
#4951=CARTESIAN_POINT('',(0.001875,-0.039975,0.0254));
#4952=CARTESIAN_POINT('',(0.021425,0.004625,0.0254));
#4953=CARTESIAN_POINT('',(0.021425,0.005125,0.0254));
#4954=CARTESIAN_POINT('',(0.020925,0.004625,0.0254));
#4955=CARTESIAN_POINT('',(0.027925,0.005125,0.0254));
#4956=CARTESIAN_POINT('',(0.034425,0.005125,0.0254));
#4957=CARTESIAN_POINT('',(0.034425,0.004625,0.0254));
#4958=CARTESIAN_POINT('',(0.034925,0.004625,0.0254));
#4959=CARTESIAN_POINT('',(0.034925,-0.001875,0.0254));
#4960=CARTESIAN_POINT('',(0.034925,-0.008375,0.0254));
#4961=CARTESIAN_POINT('',(0.034425,-0.008375,0.0254));
#4962=CARTESIAN_POINT('',(0.034425,-0.008875,0.0254));
#4963=CARTESIAN_POINT('',(0.027925,-0.008875,0.0254));
#4964=CARTESIAN_POINT('',(0.021425,-0.008875,0.0254));
#4965=CARTESIAN_POINT('',(0.021425,-0.008375,0.0254));
#4966=CARTESIAN_POINT('',(0.020925,-0.008375,0.0254));
#4967=CARTESIAN_POINT('',(0.020925,-0.001875,0.0254));
#4968=CARTESIAN_POINT('',(-0.035725,-0.014425,0.0254));
#4969=CARTESIAN_POINT('',(-0.035725,-0.013925,0.0254));
#4970=CARTESIAN_POINT('',(-0.036225,-0.014425,0.0254));
#4971=CARTESIAN_POINT('',(-0.029225,-0.013925,0.0254));
#4972=CARTESIAN_POINT('',(-0.022725,-0.013925,0.0254));
#4973=CARTESIAN_POINT('',(-0.022725,-0.014425,0.0254));
#4974=CARTESIAN_POINT('',(-0.022225,-0.014425,0.0254));
#4975=CARTESIAN_POINT('',(-0.022225,-0.020925,0.0254));
#4976=CARTESIAN_POINT('',(-0.022225,-0.027425,0.0254));
#4977=CARTESIAN_POINT('',(-0.022725,-0.027425,0.0254));
#4978=CARTESIAN_POINT('',(-0.022725,-0.027925,0.0254));
#4979=CARTESIAN_POINT('',(-0.029225,-0.027925,0.0254));
#4980=CARTESIAN_POINT('',(-0.035725,-0.027925,0.0254));
#4981=CARTESIAN_POINT('',(-0.035725,-0.027425,0.0254));
#4982=CARTESIAN_POINT('',(-0.036225,-0.027425,0.0254));
#4983=CARTESIAN_POINT('',(-0.036225,-0.020925,0.0254));
#4984=CARTESIAN_POINT('',(-0.016675,-0.014425,0.0254));
#4985=CARTESIAN_POINT('',(-0.016675,-0.013925,0.0254));
#4986=CARTESIAN_POINT('',(-0.017175,-0.014425,0.0254));
#4987=CARTESIAN_POINT('',(-0.010175,-0.013925,0.0254));
#4988=CARTESIAN_POINT('',(-0.003675,-0.013925,0.0254));
#4989=CARTESIAN_POINT('',(-0.003675,-0.014425,0.0254));
#4990=CARTESIAN_POINT('',(-0.003175,-0.014425,0.0254));
#4991=CARTESIAN_POINT('',(-0.003175,-0.020925,0.0254));
#4992=CARTESIAN_POINT('',(-0.003175,-0.027425,0.0254));
#4993=CARTESIAN_POINT('',(-0.003675,-0.027425,0.0254));
#4994=CARTESIAN_POINT('',(-0.003675,-0.027925,0.0254));
#4995=CARTESIAN_POINT('',(-0.010175,-0.027925,0.0254));
#4996=CARTESIAN_POINT('',(-0.016675,-0.027925,0.0254));
#4997=CARTESIAN_POINT('',(-0.016675,-0.027425,0.0254));
#4998=CARTESIAN_POINT('',(-0.017175,-0.027425,0.0254));
#4999=CARTESIAN_POINT('',(-0.017175,-0.020925,0.0254));
#5000=CARTESIAN_POINT('',(0.002375,-0.014425,0.0254));
#5001=CARTESIAN_POINT('',(0.002375,-0.013925,0.0254));
#5002=CARTESIAN_POINT('',(0.001875,-0.014425,0.0254));
#5003=CARTESIAN_POINT('',(0.008875,-0.013925,0.0254));
#5004=CARTESIAN_POINT('',(0.015375,-0.013925,0.0254));
#5005=CARTESIAN_POINT('',(0.015375,-0.014425,0.0254));
#5006=CARTESIAN_POINT('',(0.015875,-0.014425,0.0254));
#5007=CARTESIAN_POINT('',(0.015875,-0.020925,0.0254));
#5008=CARTESIAN_POINT('',(0.015875,-0.027425,0.0254));
#5009=CARTESIAN_POINT('',(0.015375,-0.027425,0.0254));
#5010=CARTESIAN_POINT('',(0.015375,-0.027925,0.0254));
#5011=CARTESIAN_POINT('',(0.008875,-0.027925,0.0254));
#5012=CARTESIAN_POINT('',(0.002375,-0.027925,0.0254));
#5013=CARTESIAN_POINT('',(0.002375,-0.027425,0.0254));
#5014=CARTESIAN_POINT('',(0.001875,-0.027425,0.0254));
#5015=CARTESIAN_POINT('',(0.001875,-0.020925,0.0254));
#5016=CARTESIAN_POINT('',(0.,-0.01775,0.024));
#5017=CARTESIAN_POINT('',(0.04575,-0.052,0.024));
#5018=CARTESIAN_POINT('',(0.04745,-0.052,0.024));
#5019=CARTESIAN_POINT('',(-0.04575,-0.052,0.024));
#5020=CARTESIAN_POINT('',(-0.04405,-0.052,0.024));
#5021=CARTESIAN_POINT('',(-0.04575,0.05025,0.024));
#5022=CARTESIAN_POINT('',(-0.04405,0.05025,0.024));
#5023=CARTESIAN_POINT('',(0.04575,-0.0833841518109544,0.024));
#5024=CARTESIAN_POINT('',(0.04745,-0.0833841518109544,0.024));
#5025=CARTESIAN_POINT('',(0.04575,0.05025,0.024));
#5026=CARTESIAN_POINT('',(0.04745,0.05025,0.024));
#5027=CARTESIAN_POINT('',(-0.04575,-0.0833841518109544,0.024));
#5028=CARTESIAN_POINT('',(-0.04405,-0.0833841518109544,0.024));
#5029=CARTESIAN_POINT('',(0.,-0.013925,0.024));
#5030=CARTESIAN_POINT('',(-0.016675,-0.013925,0.024));
#5031=CARTESIAN_POINT('',(-0.003675,-0.013925,0.024));
#5032=CARTESIAN_POINT('',(-0.016675,-0.014425,0.024));
#5033=CARTESIAN_POINT('',(-0.017175,-0.014425,0.024));
#5034=CARTESIAN_POINT('',(-0.017175,-0.01775,0.024));
#5035=CARTESIAN_POINT('',(-0.017175,-0.027425,0.024));
#5036=CARTESIAN_POINT('',(-0.016675,-0.027425,0.024));
#5037=CARTESIAN_POINT('',(-0.016675,-0.027925,0.024));
#5038=CARTESIAN_POINT('',(0.,-0.027925,0.024));
#5039=CARTESIAN_POINT('',(-0.003675,-0.027925,0.024));
#5040=CARTESIAN_POINT('',(-0.003675,-0.027425,0.024));
#5041=CARTESIAN_POINT('',(-0.003175,-0.027425,0.024));
#5042=CARTESIAN_POINT('',(-0.003175,-0.01775,0.024));
#5043=CARTESIAN_POINT('',(-0.003175,-0.014425,0.024));
#5044=CARTESIAN_POINT('',(-0.003675,-0.014425,0.024));
#5045=CARTESIAN_POINT('',(0.,0.005125,0.024));
#5046=CARTESIAN_POINT('',(0.021425,0.005125,0.024));
#5047=CARTESIAN_POINT('',(0.034425,0.005125,0.024));
#5048=CARTESIAN_POINT('',(0.021425,0.004625,0.024));
#5049=CARTESIAN_POINT('',(0.020925,0.004625,0.024));
#5050=CARTESIAN_POINT('',(0.020925,-0.01775,0.024));
#5051=CARTESIAN_POINT('',(0.020925,-0.008375,0.024));
#5052=CARTESIAN_POINT('',(0.021425,-0.008375,0.024));
#5053=CARTESIAN_POINT('',(0.021425,-0.008875,0.024));
#5054=CARTESIAN_POINT('',(0.,-0.008875,0.024));
#5055=CARTESIAN_POINT('',(0.034425,-0.008875,0.024));
#5056=CARTESIAN_POINT('',(0.034425,-0.008375,0.024));
#5057=CARTESIAN_POINT('',(0.034925,-0.008375,0.024));
#5058=CARTESIAN_POINT('',(0.034925,-0.01775,0.024));
#5059=CARTESIAN_POINT('',(0.034925,0.004625,0.024));
#5060=CARTESIAN_POINT('',(0.034425,0.004625,0.024));
#5061=CARTESIAN_POINT('',(0.,-0.032975,0.024));
#5062=CARTESIAN_POINT('',(-0.016675,-0.032975,0.024));
#5063=CARTESIAN_POINT('',(-0.003675,-0.032975,0.024));
#5064=CARTESIAN_POINT('',(-0.016675,-0.033475,0.024));
#5065=CARTESIAN_POINT('',(-0.017175,-0.033475,0.024));
#5066=CARTESIAN_POINT('',(-0.017175,-0.01775,0.024));
#5067=CARTESIAN_POINT('',(-0.017175,-0.046475,0.024));
#5068=CARTESIAN_POINT('',(-0.016675,-0.046475,0.024));
#5069=CARTESIAN_POINT('',(-0.016675,-0.046975,0.024));
#5070=CARTESIAN_POINT('',(0.,-0.046975,0.024));
#5071=CARTESIAN_POINT('',(-0.003675,-0.046975,0.024));
#5072=CARTESIAN_POINT('',(-0.003675,-0.046475,0.024));
#5073=CARTESIAN_POINT('',(-0.003175,-0.046475,0.024));
#5074=CARTESIAN_POINT('',(-0.003175,-0.01775,0.024));
#5075=CARTESIAN_POINT('',(-0.003175,-0.033475,0.024));
#5076=CARTESIAN_POINT('',(-0.003675,-0.033475,0.024));
#5077=CARTESIAN_POINT('',(0.,-0.013925,0.024));
#5078=CARTESIAN_POINT('',(0.021425,-0.013925,0.024));
#5079=CARTESIAN_POINT('',(0.034425,-0.013925,0.024));
#5080=CARTESIAN_POINT('',(0.021425,-0.014425,0.024));
#5081=CARTESIAN_POINT('',(0.020925,-0.014425,0.024));
#5082=CARTESIAN_POINT('',(0.020925,-0.01775,0.024));
#5083=CARTESIAN_POINT('',(0.020925,-0.027425,0.024));
#5084=CARTESIAN_POINT('',(0.021425,-0.027425,0.024));
#5085=CARTESIAN_POINT('',(0.021425,-0.027925,0.024));
#5086=CARTESIAN_POINT('',(0.,-0.027925,0.024));
#5087=CARTESIAN_POINT('',(0.034425,-0.027925,0.024));
#5088=CARTESIAN_POINT('',(0.034425,-0.027425,0.024));
#5089=CARTESIAN_POINT('',(0.034925,-0.027425,0.024));
#5090=CARTESIAN_POINT('',(0.034925,-0.01775,0.024));
#5091=CARTESIAN_POINT('',(0.034925,-0.014425,0.024));
#5092=CARTESIAN_POINT('',(0.034425,-0.014425,0.024));
#5093=CARTESIAN_POINT('',(0.,0.024175,0.024));
#5094=CARTESIAN_POINT('',(-0.016675,0.024175,0.024));
#5095=CARTESIAN_POINT('',(-0.003675,0.024175,0.024));
#5096=CARTESIAN_POINT('',(-0.016675,0.023675,0.024));
#5097=CARTESIAN_POINT('',(-0.017175,0.023675,0.024));
#5098=CARTESIAN_POINT('',(-0.017175,-0.01775,0.024));
#5099=CARTESIAN_POINT('',(-0.017175,0.010675,0.024));
#5100=CARTESIAN_POINT('',(-0.016675,0.010675,0.024));
#5101=CARTESIAN_POINT('',(-0.016675,0.010175,0.024));
#5102=CARTESIAN_POINT('',(0.,0.010175,0.024));
#5103=CARTESIAN_POINT('',(-0.003675,0.010175,0.024));
#5104=CARTESIAN_POINT('',(-0.003675,0.010675,0.024));
#5105=CARTESIAN_POINT('',(-0.003175,0.010675,0.024));
#5106=CARTESIAN_POINT('',(-0.003175,-0.01775,0.024));
#5107=CARTESIAN_POINT('',(-0.003175,0.023675,0.024));
#5108=CARTESIAN_POINT('',(-0.003675,0.023675,0.024));
#5109=CARTESIAN_POINT('',(0.,0.042085,0.024));
#5110=CARTESIAN_POINT('',(0.000865,0.042085,0.024));
#5111=CARTESIAN_POINT('',(0.030865,0.042085,0.024));
#5112=CARTESIAN_POINT('',(0.000865000000000013,0.040585,0.024));
#5113=CARTESIAN_POINT('',(-0.000635,0.040585,0.024));
#5114=CARTESIAN_POINT('',(-0.000635,-0.01775,0.024));
#5115=CARTESIAN_POINT('',(-0.000635,0.031585,0.024));
#5116=CARTESIAN_POINT('',(0.000865,0.031585,0.024));
#5117=CARTESIAN_POINT('',(0.000865,0.030085,0.024));
#5118=CARTESIAN_POINT('',(0.,0.030085,0.024));
#5119=CARTESIAN_POINT('',(0.030865,0.030085,0.024));
#5120=CARTESIAN_POINT('',(0.030865,0.031585,0.024));
#5121=CARTESIAN_POINT('',(0.032365,0.031585,0.024));
#5122=CARTESIAN_POINT('',(0.032365,-0.01775,0.024));
#5123=CARTESIAN_POINT('',(0.032365,0.040585,0.024));
#5124=CARTESIAN_POINT('',(0.030865,0.040585,0.024));
#5125=CARTESIAN_POINT('',(0.,0.005125,0.024));
#5126=CARTESIAN_POINT('',(-0.016675,0.005125,0.024));
#5127=CARTESIAN_POINT('',(-0.003675,0.005125,0.024));
#5128=CARTESIAN_POINT('',(-0.016675,0.004625,0.024));
#5129=CARTESIAN_POINT('',(-0.017175,0.004625,0.024));
#5130=CARTESIAN_POINT('',(-0.017175,-0.01775,0.024));
#5131=CARTESIAN_POINT('',(-0.017175,-0.008375,0.024));
#5132=CARTESIAN_POINT('',(-0.016675,-0.008375,0.024));
#5133=CARTESIAN_POINT('',(-0.016675,-0.008875,0.024));
#5134=CARTESIAN_POINT('',(0.,-0.008875,0.024));
#5135=CARTESIAN_POINT('',(-0.003675,-0.008875,0.024));
#5136=CARTESIAN_POINT('',(-0.003675,-0.008375,0.024));
#5137=CARTESIAN_POINT('',(-0.003175,-0.008375,0.024));
#5138=CARTESIAN_POINT('',(-0.003175,-0.01775,0.024));
#5139=CARTESIAN_POINT('',(-0.003175,0.004625,0.024));
#5140=CARTESIAN_POINT('',(-0.003675,0.004625,0.024));
#5141=CARTESIAN_POINT('',(0.,0.024175,0.024));
#5142=CARTESIAN_POINT('',(0.021425,0.024175,0.024));
#5143=CARTESIAN_POINT('',(0.034425,0.024175,0.024));
#5144=CARTESIAN_POINT('',(0.021425,0.023675,0.024));
#5145=CARTESIAN_POINT('',(0.020925,0.023675,0.024));
#5146=CARTESIAN_POINT('',(0.020925,-0.01775,0.024));
#5147=CARTESIAN_POINT('',(0.020925,0.010675,0.024));
#5148=CARTESIAN_POINT('',(0.021425,0.010675,0.024));
#5149=CARTESIAN_POINT('',(0.021425,0.010175,0.024));
#5150=CARTESIAN_POINT('',(0.,0.010175,0.024));
#5151=CARTESIAN_POINT('',(0.034425,0.010175,0.024));
#5152=CARTESIAN_POINT('',(0.034425,0.010675,0.024));
#5153=CARTESIAN_POINT('',(0.034925,0.010675,0.024));
#5154=CARTESIAN_POINT('',(0.034925,-0.01775,0.024));
#5155=CARTESIAN_POINT('',(0.034925,0.023675,0.024));
#5156=CARTESIAN_POINT('',(0.034425,0.023675,0.024));
#5157=CARTESIAN_POINT('',(0.,0.050487,0.024));
#5158=CARTESIAN_POINT('',(-0.0239839771632758,0.050487,0.024));
#5159=CARTESIAN_POINT('',(-0.0078,0.050487,0.024));
#5160=CARTESIAN_POINT('',(-0.0239839771632758,0.05045,0.024));
#5161=CARTESIAN_POINT('',(-0.0239839771632758,0.05375,0.024));
#5162=CARTESIAN_POINT('',(6.93889390390723E-18,0.05375,0.024));
#5163=CARTESIAN_POINT('',(0.0485,0.05375,0.024));
#5164=CARTESIAN_POINT('',(0.0485,0.05225,0.024));
#5165=CARTESIAN_POINT('',(0.05,0.05225,0.024));
#5166=CARTESIAN_POINT('',(0.05,-0.01775,0.024));
#5167=CARTESIAN_POINT('',(0.05,-0.08775,0.024));
#5168=CARTESIAN_POINT('',(0.0485,-0.08775,0.024));
#5169=CARTESIAN_POINT('',(0.0485,-0.08925,0.024));
#5170=CARTESIAN_POINT('',(-1.38777878078145E-17,-0.08925,0.024));
#5171=CARTESIAN_POINT('',(-0.0485,-0.08925,0.024));
#5172=CARTESIAN_POINT('',(-0.0485,-0.08775,0.024));
#5173=CARTESIAN_POINT('',(-0.05,-0.08775,0.024));
#5174=CARTESIAN_POINT('',(-0.05,-0.01775,0.024));
#5175=CARTESIAN_POINT('',(-0.05,0.05225,0.024));
#5176=CARTESIAN_POINT('',(-0.0485,0.05225,0.024));
#5177=CARTESIAN_POINT('',(-0.0359062922767797,0.05045,0.024));
#5178=CARTESIAN_POINT('',(-0.0368,0.048987,0.024));
#5179=CARTESIAN_POINT('',(-0.0383,0.048987,0.024));
#5180=CARTESIAN_POINT('',(-0.0383,-0.01775,0.024));
#5181=CARTESIAN_POINT('',(-0.0383,0.029987,0.024));
#5182=CARTESIAN_POINT('',(-0.0368,0.029987,0.024));
#5183=CARTESIAN_POINT('',(-0.0368,0.028487,0.024));
#5184=CARTESIAN_POINT('',(0.,0.028487,0.024));
#5185=CARTESIAN_POINT('',(-0.0078,0.028487,0.024));
#5186=CARTESIAN_POINT('',(-0.0078,0.029987,0.024));
#5187=CARTESIAN_POINT('',(-0.0063,0.029987,0.024));
#5188=CARTESIAN_POINT('',(-0.0063,-0.01775,0.024));
#5189=CARTESIAN_POINT('',(-0.0063,0.048987,0.024));
#5190=CARTESIAN_POINT('',(-0.0078,0.048987,0.024));
#5191=CARTESIAN_POINT('',(0.,-0.032975,0.024));
#5192=CARTESIAN_POINT('',(0.021425,-0.032975,0.024));
#5193=CARTESIAN_POINT('',(0.034425,-0.032975,0.024));
#5194=CARTESIAN_POINT('',(0.021425,-0.033475,0.024));
#5195=CARTESIAN_POINT('',(0.020925,-0.033475,0.024));
#5196=CARTESIAN_POINT('',(0.020925,-0.01775,0.024));
#5197=CARTESIAN_POINT('',(0.020925,-0.046475,0.024));
#5198=CARTESIAN_POINT('',(0.021425,-0.046475,0.024));
#5199=CARTESIAN_POINT('',(0.021425,-0.046975,0.024));
#5200=CARTESIAN_POINT('',(0.,-0.046975,0.024));
#5201=CARTESIAN_POINT('',(0.034425,-0.046975,0.024));
#5202=CARTESIAN_POINT('',(0.034425,-0.046475,0.024));
#5203=CARTESIAN_POINT('',(0.034925,-0.046475,0.024));
#5204=CARTESIAN_POINT('',(0.034925,-0.01775,0.024));
#5205=CARTESIAN_POINT('',(0.034925,-0.033475,0.024));
#5206=CARTESIAN_POINT('',(0.034425,-0.033475,0.024));
#5207=CARTESIAN_POINT('',(0.,0.005125,0.024));
#5208=CARTESIAN_POINT('',(-0.035725,0.005125,0.024));
#5209=CARTESIAN_POINT('',(-0.022725,0.005125,0.024));
#5210=CARTESIAN_POINT('',(-0.035725,0.004625,0.024));
#5211=CARTESIAN_POINT('',(-0.036225,0.004625,0.024));
#5212=CARTESIAN_POINT('',(-0.036225,-0.01775,0.024));
#5213=CARTESIAN_POINT('',(-0.036225,-0.008375,0.024));
#5214=CARTESIAN_POINT('',(-0.035725,-0.008375,0.024));
#5215=CARTESIAN_POINT('',(-0.035725,-0.008875,0.024));
#5216=CARTESIAN_POINT('',(0.,-0.008875,0.024));
#5217=CARTESIAN_POINT('',(-0.022725,-0.008875,0.024));
#5218=CARTESIAN_POINT('',(-0.022725,-0.008375,0.024));
#5219=CARTESIAN_POINT('',(-0.022225,-0.008375,0.024));
#5220=CARTESIAN_POINT('',(-0.022225,-0.01775,0.024));
#5221=CARTESIAN_POINT('',(-0.022225,0.004625,0.024));
#5222=CARTESIAN_POINT('',(-0.022725,0.004625,0.024));
#5223=CARTESIAN_POINT('',(0.,0.005125,0.024));
#5224=CARTESIAN_POINT('',(0.002375,0.005125,0.024));
#5225=CARTESIAN_POINT('',(0.015375,0.005125,0.024));
#5226=CARTESIAN_POINT('',(0.002375,0.004625,0.024));
#5227=CARTESIAN_POINT('',(0.001875,0.004625,0.024));
#5228=CARTESIAN_POINT('',(0.001875,-0.01775,0.024));
#5229=CARTESIAN_POINT('',(0.001875,-0.008375,0.024));
#5230=CARTESIAN_POINT('',(0.002375,-0.008375,0.024));
#5231=CARTESIAN_POINT('',(0.002375,-0.008875,0.024));
#5232=CARTESIAN_POINT('',(0.,-0.008875,0.024));
#5233=CARTESIAN_POINT('',(0.015375,-0.008875,0.024));
#5234=CARTESIAN_POINT('',(0.015375,-0.008375,0.024));
#5235=CARTESIAN_POINT('',(0.015875,-0.008375,0.024));
#5236=CARTESIAN_POINT('',(0.015875,-0.01775,0.024));
#5237=CARTESIAN_POINT('',(0.015875,0.004625,0.024));
#5238=CARTESIAN_POINT('',(0.015375,0.004625,0.024));
#5239=CARTESIAN_POINT('',(0.,0.024175,0.024));
#5240=CARTESIAN_POINT('',(-0.035725,0.024175,0.024));
#5241=CARTESIAN_POINT('',(-0.022725,0.024175,0.024));
#5242=CARTESIAN_POINT('',(-0.035725,0.023675,0.024));
#5243=CARTESIAN_POINT('',(-0.036225,0.023675,0.024));
#5244=CARTESIAN_POINT('',(-0.036225,-0.01775,0.024));
#5245=CARTESIAN_POINT('',(-0.036225,0.010675,0.024));
#5246=CARTESIAN_POINT('',(-0.035725,0.010675,0.024));
#5247=CARTESIAN_POINT('',(-0.035725,0.010175,0.024));
#5248=CARTESIAN_POINT('',(0.,0.010175,0.024));
#5249=CARTESIAN_POINT('',(-0.022725,0.010175,0.024));
#5250=CARTESIAN_POINT('',(-0.022725,0.010675,0.024));
#5251=CARTESIAN_POINT('',(-0.022225,0.010675,0.024));
#5252=CARTESIAN_POINT('',(-0.022225,-0.01775,0.024));
#5253=CARTESIAN_POINT('',(-0.022225,0.023675,0.024));
#5254=CARTESIAN_POINT('',(-0.022725,0.023675,0.024));
#5255=CARTESIAN_POINT('',(0.,0.024175,0.024));
#5256=CARTESIAN_POINT('',(0.002375,0.024175,0.024));
#5257=CARTESIAN_POINT('',(0.015375,0.024175,0.024));
#5258=CARTESIAN_POINT('',(0.002375,0.023675,0.024));
#5259=CARTESIAN_POINT('',(0.001875,0.023675,0.024));
#5260=CARTESIAN_POINT('',(0.001875,-0.01775,0.024));
#5261=CARTESIAN_POINT('',(0.001875,0.010675,0.024));
#5262=CARTESIAN_POINT('',(0.002375,0.010675,0.024));
#5263=CARTESIAN_POINT('',(0.002375,0.010175,0.024));
#5264=CARTESIAN_POINT('',(0.,0.010175,0.024));
#5265=CARTESIAN_POINT('',(0.015375,0.010175,0.024));
#5266=CARTESIAN_POINT('',(0.015375,0.010675,0.024));
#5267=CARTESIAN_POINT('',(0.015875,0.010675,0.024));
#5268=CARTESIAN_POINT('',(0.015875,-0.01775,0.024));
#5269=CARTESIAN_POINT('',(0.015875,0.023675,0.024));
#5270=CARTESIAN_POINT('',(0.015375,0.023675,0.024));
#5271=CARTESIAN_POINT('',(0.,-0.032975,0.024));
#5272=CARTESIAN_POINT('',(-0.035725,-0.032975,0.024));
#5273=CARTESIAN_POINT('',(-0.022725,-0.032975,0.024));
#5274=CARTESIAN_POINT('',(-0.035725,-0.033475,0.024));
#5275=CARTESIAN_POINT('',(-0.036225,-0.033475,0.024));
#5276=CARTESIAN_POINT('',(-0.036225,-0.01775,0.024));
#5277=CARTESIAN_POINT('',(-0.036225,-0.046475,0.024));
#5278=CARTESIAN_POINT('',(-0.035725,-0.046475,0.024));
#5279=CARTESIAN_POINT('',(-0.035725,-0.046975,0.024));
#5280=CARTESIAN_POINT('',(0.,-0.046975,0.024));
#5281=CARTESIAN_POINT('',(-0.022725,-0.046975,0.024));
#5282=CARTESIAN_POINT('',(-0.022725,-0.046475,0.024));
#5283=CARTESIAN_POINT('',(-0.022225,-0.046475,0.024));
#5284=CARTESIAN_POINT('',(-0.022225,-0.01775,0.024));
#5285=CARTESIAN_POINT('',(-0.022225,-0.033475,0.024));
#5286=CARTESIAN_POINT('',(-0.022725,-0.033475,0.024));
#5287=CARTESIAN_POINT('',(0.,-0.032975,0.024));
#5288=CARTESIAN_POINT('',(0.002375,-0.032975,0.024));
#5289=CARTESIAN_POINT('',(0.015375,-0.032975,0.024));
#5290=CARTESIAN_POINT('',(0.002375,-0.033475,0.024));
#5291=CARTESIAN_POINT('',(0.001875,-0.033475,0.024));
#5292=CARTESIAN_POINT('',(0.001875,-0.01775,0.024));
#5293=CARTESIAN_POINT('',(0.001875,-0.046475,0.024));
#5294=CARTESIAN_POINT('',(0.002375,-0.046475,0.024));
#5295=CARTESIAN_POINT('',(0.002375,-0.046975,0.024));
#5296=CARTESIAN_POINT('',(0.,-0.046975,0.024));
#5297=CARTESIAN_POINT('',(0.015375,-0.046975,0.024));
#5298=CARTESIAN_POINT('',(0.015375,-0.046475,0.024));
#5299=CARTESIAN_POINT('',(0.015875,-0.046475,0.024));
#5300=CARTESIAN_POINT('',(0.015875,-0.01775,0.024));
#5301=CARTESIAN_POINT('',(0.015875,-0.033475,0.024));
#5302=CARTESIAN_POINT('',(0.015375,-0.033475,0.024));
#5303=CARTESIAN_POINT('',(0.,-0.013925,0.024));
#5304=CARTESIAN_POINT('',(-0.035725,-0.013925,0.024));
#5305=CARTESIAN_POINT('',(-0.022725,-0.013925,0.024));
#5306=CARTESIAN_POINT('',(-0.035725,-0.014425,0.024));
#5307=CARTESIAN_POINT('',(-0.036225,-0.014425,0.024));
#5308=CARTESIAN_POINT('',(-0.036225,-0.01775,0.024));
#5309=CARTESIAN_POINT('',(-0.036225,-0.027425,0.024));
#5310=CARTESIAN_POINT('',(-0.035725,-0.027425,0.024));
#5311=CARTESIAN_POINT('',(-0.035725,-0.027925,0.024));
#5312=CARTESIAN_POINT('',(0.,-0.027925,0.024));
#5313=CARTESIAN_POINT('',(-0.022725,-0.027925,0.024));
#5314=CARTESIAN_POINT('',(-0.022725,-0.027425,0.024));
#5315=CARTESIAN_POINT('',(-0.022225,-0.027425,0.024));
#5316=CARTESIAN_POINT('',(-0.022225,-0.01775,0.024));
#5317=CARTESIAN_POINT('',(-0.022225,-0.014425,0.024));
#5318=CARTESIAN_POINT('',(-0.022725,-0.014425,0.024));
#5319=CARTESIAN_POINT('',(0.,-0.013925,0.024));
#5320=CARTESIAN_POINT('',(0.002375,-0.013925,0.024));
#5321=CARTESIAN_POINT('',(0.015375,-0.013925,0.024));
#5322=CARTESIAN_POINT('',(0.002375,-0.014425,0.024));
#5323=CARTESIAN_POINT('',(0.001875,-0.014425,0.024));
#5324=CARTESIAN_POINT('',(0.001875,-0.01775,0.024));
#5325=CARTESIAN_POINT('',(0.001875,-0.027425,0.024));
#5326=CARTESIAN_POINT('',(0.002375,-0.027425,0.024));
#5327=CARTESIAN_POINT('',(0.002375,-0.027925,0.024));
#5328=CARTESIAN_POINT('',(0.,-0.027925,0.024));
#5329=CARTESIAN_POINT('',(0.015375,-0.027925,0.024));
#5330=CARTESIAN_POINT('',(0.015375,-0.027425,0.024));
#5331=CARTESIAN_POINT('',(0.015875,-0.027425,0.024));
#5332=CARTESIAN_POINT('',(0.015875,-0.01775,0.024));
#5333=CARTESIAN_POINT('',(0.015875,-0.014425,0.024));
#5334=CARTESIAN_POINT('',(0.015375,-0.014425,0.024));
#5335=CARTESIAN_POINT('',(6.93889390390723E-18,0.05375,0.0254));
#5336=CARTESIAN_POINT('',(-0.0239839771632758,0.05375,0.026));
#5337=CARTESIAN_POINT('',(0.0485,0.05375,0.0254));
#5338=CARTESIAN_POINT('',(-0.05,-0.01775,0.0254));
#5339=CARTESIAN_POINT('',(-0.05,-0.08775,0.0254));
#5340=CARTESIAN_POINT('',(-0.05,0.05225,0.024));
#5341=CARTESIAN_POINT('',(-1.38777878078145E-17,-0.08925,0.0254));
#5342=CARTESIAN_POINT('',(0.0485,-0.08925,0.0254));
#5343=CARTESIAN_POINT('',(-0.0485,-0.08925,0.0254));
#5344=CARTESIAN_POINT('',(0.05,-0.01775,0.0254));
#5345=CARTESIAN_POINT('',(0.05,0.05225,0.0254));
#5346=CARTESIAN_POINT('',(0.05,-0.08775,0.024));
#5347=CARTESIAN_POINT('',(-0.0223,0.050487,0.0138));
#5348=CARTESIAN_POINT('',(-0.0239839771632758,0.050487,0.026));
#5349=CARTESIAN_POINT('',(-0.0078,0.050487,0.0138));
#5350=CARTESIAN_POINT('',(-0.0368,0.048987,0.0138));
#5351=CARTESIAN_POINT('',(-0.0368,0.050487,0.0242107860649279));
#5352=CARTESIAN_POINT('',(-0.0369182331190096,0.050487,0.0242698432014323));
#5353=CARTESIAN_POINT('',(-0.0370283732466314,0.0504732503834535,0.0243393309268219));
#5354=CARTESIAN_POINT('',(-0.0371311057232969,0.05045,0.0244189142903591));
#5355=CARTESIAN_POINT('',(-0.0371311057232969,0.05045,0.0244189142903591));
#5356=CARTESIAN_POINT('',(-0.0371311057232969,0.05045,0.0138));
#5357=CARTESIAN_POINT('',(-0.0383,0.048987,0.0138));
#5358=CARTESIAN_POINT('',(-0.0383,0.039487,0.0138));
#5359=CARTESIAN_POINT('',(-0.0383,0.029987,0.0138));
#5360=CARTESIAN_POINT('',(-0.0368,0.029987,0.0138));
#5361=CARTESIAN_POINT('',(-0.0368,0.028487,0.0138));
#5362=CARTESIAN_POINT('',(-0.0223,0.028487,0.0138));
#5363=CARTESIAN_POINT('',(-0.0078,0.028487,0.0138));
#5364=CARTESIAN_POINT('',(-0.0078,0.029987,0.0138));
#5365=CARTESIAN_POINT('',(-0.0063,0.029987,0.0138));
#5366=CARTESIAN_POINT('',(-0.0063,0.039487,0.0138));
#5367=CARTESIAN_POINT('',(-0.0063,0.048987,0.0138));
#5368=CARTESIAN_POINT('',(-0.0078,0.048987,0.0138));
#5369=CARTESIAN_POINT('',(0.027925,-0.032975,0.0138));
#5370=CARTESIAN_POINT('',(0.034425,-0.032975,0.0138));
#5371=CARTESIAN_POINT('',(0.021425,-0.032975,0.0138));
#5372=CARTESIAN_POINT('',(0.021425,-0.033475,0.0138));
#5373=CARTESIAN_POINT('',(0.020925,-0.033475,0.0138));
#5374=CARTESIAN_POINT('',(0.020925,-0.039975,0.0138));
#5375=CARTESIAN_POINT('',(0.020925,-0.046475,0.0138));
#5376=CARTESIAN_POINT('',(0.021425,-0.046475,0.0138));
#5377=CARTESIAN_POINT('',(0.021425,-0.046975,0.0138));
#5378=CARTESIAN_POINT('',(0.027925,-0.046975,0.0138));
#5379=CARTESIAN_POINT('',(0.034425,-0.046975,0.0138));
#5380=CARTESIAN_POINT('',(0.034425,-0.046475,0.0138));
#5381=CARTESIAN_POINT('',(0.034925,-0.046475,0.0138));
#5382=CARTESIAN_POINT('',(0.034925,-0.039975,0.0138));
#5383=CARTESIAN_POINT('',(0.034925,-0.033475,0.0138));
#5384=CARTESIAN_POINT('',(0.034425,-0.033475,0.0138));
#5385=CARTESIAN_POINT('',(0.027925,0.024175,0.0138));
#5386=CARTESIAN_POINT('',(0.034425,0.024175,0.0138));
#5387=CARTESIAN_POINT('',(0.021425,0.024175,0.0138));
#5388=CARTESIAN_POINT('',(0.021425,0.023675,0.0138));
#5389=CARTESIAN_POINT('',(0.020925,0.023675,0.0138));
#5390=CARTESIAN_POINT('',(0.020925,0.017175,0.0138));
#5391=CARTESIAN_POINT('',(0.020925,0.010675,0.0138));
#5392=CARTESIAN_POINT('',(0.021425,0.010675,0.0138));
#5393=CARTESIAN_POINT('',(0.021425,0.010175,0.0138));
#5394=CARTESIAN_POINT('',(0.027925,0.010175,0.0138));
#5395=CARTESIAN_POINT('',(0.034425,0.010175,0.0138));
#5396=CARTESIAN_POINT('',(0.034425,0.010675,0.0138));
#5397=CARTESIAN_POINT('',(0.034925,0.010675,0.0138));
#5398=CARTESIAN_POINT('',(0.034925,0.017175,0.0138));
#5399=CARTESIAN_POINT('',(0.034925,0.023675,0.0138));
#5400=CARTESIAN_POINT('',(0.034425,0.023675,0.0138));
#5401=CARTESIAN_POINT('',(-0.029225,0.005125,0.0138));
#5402=CARTESIAN_POINT('',(-0.022725,0.005125,0.0138));
#5403=CARTESIAN_POINT('',(-0.035725,0.005125,0.0138));
#5404=CARTESIAN_POINT('',(-0.035725,0.004625,0.0138));
#5405=CARTESIAN_POINT('',(-0.036225,0.004625,0.0138));
#5406=CARTESIAN_POINT('',(-0.036225,-0.001875,0.0138));
#5407=CARTESIAN_POINT('',(-0.036225,-0.008375,0.0138));
#5408=CARTESIAN_POINT('',(-0.035725,-0.008375,0.0138));
#5409=CARTESIAN_POINT('',(-0.035725,-0.008875,0.0138));
#5410=CARTESIAN_POINT('',(-0.029225,-0.008875,0.0138));
#5411=CARTESIAN_POINT('',(-0.022725,-0.008875,0.0138));
#5412=CARTESIAN_POINT('',(-0.022725,-0.008375,0.0138));
#5413=CARTESIAN_POINT('',(-0.022225,-0.008375,0.0138));
#5414=CARTESIAN_POINT('',(-0.022225,-0.001875,0.0138));
#5415=CARTESIAN_POINT('',(-0.022225,0.004625,0.0138));
#5416=CARTESIAN_POINT('',(-0.022725,0.004625,0.0138));
#5417=CARTESIAN_POINT('',(-0.010175,0.005125,0.0138));
#5418=CARTESIAN_POINT('',(-0.003675,0.005125,0.0138));
#5419=CARTESIAN_POINT('',(-0.016675,0.005125,0.0138));
#5420=CARTESIAN_POINT('',(-0.016675,0.004625,0.0138));
#5421=CARTESIAN_POINT('',(-0.017175,0.004625,0.0138));
#5422=CARTESIAN_POINT('',(-0.017175,-0.001875,0.0138));
#5423=CARTESIAN_POINT('',(-0.017175,-0.008375,0.0138));
#5424=CARTESIAN_POINT('',(-0.016675,-0.008375,0.0138));
#5425=CARTESIAN_POINT('',(-0.016675,-0.008875,0.0138));
#5426=CARTESIAN_POINT('',(-0.010175,-0.008875,0.0138));
#5427=CARTESIAN_POINT('',(-0.003675,-0.008875,0.0138));
#5428=CARTESIAN_POINT('',(-0.003675,-0.008375,0.0138));
#5429=CARTESIAN_POINT('',(-0.003175,-0.008375,0.0138));
#5430=CARTESIAN_POINT('',(-0.003175,-0.001875,0.0138));
#5431=CARTESIAN_POINT('',(-0.003175,0.004625,0.0138));
#5432=CARTESIAN_POINT('',(-0.003675,0.004625,0.0138));
#5433=CARTESIAN_POINT('',(0.008875,0.005125,0.0138));
#5434=CARTESIAN_POINT('',(0.015375,0.005125,0.0138));
#5435=CARTESIAN_POINT('',(0.002375,0.005125,0.0138));
#5436=CARTESIAN_POINT('',(0.002375,0.004625,0.0138));
#5437=CARTESIAN_POINT('',(0.001875,0.004625,0.0138));
#5438=CARTESIAN_POINT('',(0.001875,-0.001875,0.0138));
#5439=CARTESIAN_POINT('',(0.001875,-0.008375,0.0138));
#5440=CARTESIAN_POINT('',(0.002375,-0.008375,0.0138));
#5441=CARTESIAN_POINT('',(0.002375,-0.008875,0.0138));
#5442=CARTESIAN_POINT('',(0.008875,-0.008875,0.0138));
#5443=CARTESIAN_POINT('',(0.015375,-0.008875,0.0138));
#5444=CARTESIAN_POINT('',(0.015375,-0.008375,0.0138));
#5445=CARTESIAN_POINT('',(0.015875,-0.008375,0.0138));
#5446=CARTESIAN_POINT('',(0.015875,-0.001875,0.0138));
#5447=CARTESIAN_POINT('',(0.015875,0.004625,0.0138));
#5448=CARTESIAN_POINT('',(0.015375,0.004625,0.0138));
#5449=CARTESIAN_POINT('',(0.015865,0.042085,0.0138));
#5450=CARTESIAN_POINT('',(0.030865,0.042085,0.0138));
#5451=CARTESIAN_POINT('',(0.000865,0.042085,0.0138));
#5452=CARTESIAN_POINT('',(0.000865000000000013,0.040585,0.0138));
#5453=CARTESIAN_POINT('',(-0.000635,0.040585,0.0138));
#5454=CARTESIAN_POINT('',(-0.000635,0.036085,0.0138));
#5455=CARTESIAN_POINT('',(-0.000635,0.031585,0.0138));
#5456=CARTESIAN_POINT('',(0.000865,0.031585,0.0138));
#5457=CARTESIAN_POINT('',(0.000865,0.030085,0.0138));
#5458=CARTESIAN_POINT('',(0.015865,0.030085,0.0138));
#5459=CARTESIAN_POINT('',(0.030865,0.030085,0.0138));
#5460=CARTESIAN_POINT('',(0.030865,0.031585,0.0138));
#5461=CARTESIAN_POINT('',(0.032365,0.031585,0.0138));
#5462=CARTESIAN_POINT('',(0.032365,0.036085,0.0138));
#5463=CARTESIAN_POINT('',(0.032365,0.040585,0.0138));
#5464=CARTESIAN_POINT('',(0.030865,0.040585,0.0138));
#5465=CARTESIAN_POINT('',(-0.029225,0.024175,0.0138));
#5466=CARTESIAN_POINT('',(-0.022725,0.024175,0.0138));
#5467=CARTESIAN_POINT('',(-0.035725,0.024175,0.0138));
#5468=CARTESIAN_POINT('',(-0.035725,0.023675,0.0138));
#5469=CARTESIAN_POINT('',(-0.036225,0.023675,0.0138));
#5470=CARTESIAN_POINT('',(-0.036225,0.017175,0.0138));
#5471=CARTESIAN_POINT('',(-0.036225,0.010675,0.0138));
#5472=CARTESIAN_POINT('',(-0.035725,0.010675,0.0138));
#5473=CARTESIAN_POINT('',(-0.035725,0.010175,0.0138));
#5474=CARTESIAN_POINT('',(-0.029225,0.010175,0.0138));
#5475=CARTESIAN_POINT('',(-0.022725,0.010175,0.0138));
#5476=CARTESIAN_POINT('',(-0.022725,0.010675,0.0138));
#5477=CARTESIAN_POINT('',(-0.022225,0.010675,0.0138));
#5478=CARTESIAN_POINT('',(-0.022225,0.017175,0.0138));
#5479=CARTESIAN_POINT('',(-0.022225,0.023675,0.0138));
#5480=CARTESIAN_POINT('',(-0.022725,0.023675,0.0138));
#5481=CARTESIAN_POINT('',(-0.010175,0.024175,0.0138));
#5482=CARTESIAN_POINT('',(-0.003675,0.024175,0.0138));
#5483=CARTESIAN_POINT('',(-0.016675,0.024175,0.0138));
#5484=CARTESIAN_POINT('',(-0.016675,0.023675,0.0138));
#5485=CARTESIAN_POINT('',(-0.017175,0.023675,0.0138));
#5486=CARTESIAN_POINT('',(-0.017175,0.017175,0.0138));
#5487=CARTESIAN_POINT('',(-0.017175,0.010675,0.0138));
#5488=CARTESIAN_POINT('',(-0.016675,0.010675,0.0138));
#5489=CARTESIAN_POINT('',(-0.016675,0.010175,0.0138));
#5490=CARTESIAN_POINT('',(-0.010175,0.010175,0.0138));
#5491=CARTESIAN_POINT('',(-0.003675,0.010175,0.0138));
#5492=CARTESIAN_POINT('',(-0.003675,0.010675,0.0138));
#5493=CARTESIAN_POINT('',(-0.003175,0.010675,0.0138));
#5494=CARTESIAN_POINT('',(-0.003175,0.017175,0.0138));
#5495=CARTESIAN_POINT('',(-0.003175,0.023675,0.0138));
#5496=CARTESIAN_POINT('',(-0.003675,0.023675,0.0138));
#5497=CARTESIAN_POINT('',(0.008875,0.024175,0.0138));
#5498=CARTESIAN_POINT('',(0.015375,0.024175,0.0138));
#5499=CARTESIAN_POINT('',(0.002375,0.024175,0.0138));
#5500=CARTESIAN_POINT('',(0.002375,0.023675,0.0138));
#5501=CARTESIAN_POINT('',(0.001875,0.023675,0.0138));
#5502=CARTESIAN_POINT('',(0.001875,0.017175,0.0138));
#5503=CARTESIAN_POINT('',(0.001875,0.010675,0.0138));
#5504=CARTESIAN_POINT('',(0.002375,0.010675,0.0138));
#5505=CARTESIAN_POINT('',(0.002375,0.010175,0.0138));
#5506=CARTESIAN_POINT('',(0.008875,0.010175,0.0138));
#5507=CARTESIAN_POINT('',(0.015375,0.010175,0.0138));
#5508=CARTESIAN_POINT('',(0.015375,0.010675,0.0138));
#5509=CARTESIAN_POINT('',(0.015875,0.010675,0.0138));
#5510=CARTESIAN_POINT('',(0.015875,0.017175,0.0138));
#5511=CARTESIAN_POINT('',(0.015875,0.023675,0.0138));
#5512=CARTESIAN_POINT('',(0.015375,0.023675,0.0138));
#5513=CARTESIAN_POINT('',(0.027925,-0.013925,0.0138));
#5514=CARTESIAN_POINT('',(0.034425,-0.013925,0.0138));
#5515=CARTESIAN_POINT('',(0.021425,-0.013925,0.0138));
#5516=CARTESIAN_POINT('',(0.021425,-0.014425,0.0138));
#5517=CARTESIAN_POINT('',(0.020925,-0.014425,0.0138));
#5518=CARTESIAN_POINT('',(0.020925,-0.020925,0.0138));
#5519=CARTESIAN_POINT('',(0.020925,-0.027425,0.0138));
#5520=CARTESIAN_POINT('',(0.021425,-0.027425,0.0138));
#5521=CARTESIAN_POINT('',(0.021425,-0.027925,0.0138));
#5522=CARTESIAN_POINT('',(0.027925,-0.027925,0.0138));
#5523=CARTESIAN_POINT('',(0.034425,-0.027925,0.0138));
#5524=CARTESIAN_POINT('',(0.034425,-0.027425,0.0138));
#5525=CARTESIAN_POINT('',(0.034925,-0.027425,0.0138));
#5526=CARTESIAN_POINT('',(0.034925,-0.020925,0.0138));
#5527=CARTESIAN_POINT('',(0.034925,-0.014425,0.0138));
#5528=CARTESIAN_POINT('',(0.034425,-0.014425,0.0138));
#5529=CARTESIAN_POINT('',(-0.029225,-0.032975,0.0138));
#5530=CARTESIAN_POINT('',(-0.022725,-0.032975,0.0138));
#5531=CARTESIAN_POINT('',(-0.035725,-0.032975,0.0138));
#5532=CARTESIAN_POINT('',(-0.035725,-0.033475,0.0138));
#5533=CARTESIAN_POINT('',(-0.036225,-0.033475,0.0138));
#5534=CARTESIAN_POINT('',(-0.036225,-0.039975,0.0138));
#5535=CARTESIAN_POINT('',(-0.036225,-0.046475,0.0138));
#5536=CARTESIAN_POINT('',(-0.035725,-0.046475,0.0138));
#5537=CARTESIAN_POINT('',(-0.035725,-0.046975,0.0138));
#5538=CARTESIAN_POINT('',(-0.029225,-0.046975,0.0138));
#5539=CARTESIAN_POINT('',(-0.022725,-0.046975,0.0138));
#5540=CARTESIAN_POINT('',(-0.022725,-0.046475,0.0138));
#5541=CARTESIAN_POINT('',(-0.022225,-0.046475,0.0138));
#5542=CARTESIAN_POINT('',(-0.022225,-0.039975,0.0138));
#5543=CARTESIAN_POINT('',(-0.022225,-0.033475,0.0138));
#5544=CARTESIAN_POINT('',(-0.022725,-0.033475,0.0138));
#5545=CARTESIAN_POINT('',(-0.010175,-0.032975,0.0138));
#5546=CARTESIAN_POINT('',(-0.003675,-0.032975,0.0138));
#5547=CARTESIAN_POINT('',(-0.016675,-0.032975,0.0138));
#5548=CARTESIAN_POINT('',(-0.016675,-0.033475,0.0138));
#5549=CARTESIAN_POINT('',(-0.017175,-0.033475,0.0138));
#5550=CARTESIAN_POINT('',(-0.017175,-0.039975,0.0138));
#5551=CARTESIAN_POINT('',(-0.017175,-0.046475,0.0138));
#5552=CARTESIAN_POINT('',(-0.016675,-0.046475,0.0138));
#5553=CARTESIAN_POINT('',(-0.016675,-0.046975,0.0138));
#5554=CARTESIAN_POINT('',(-0.010175,-0.046975,0.0138));
#5555=CARTESIAN_POINT('',(-0.003675,-0.046975,0.0138));
#5556=CARTESIAN_POINT('',(-0.003675,-0.046475,0.0138));
#5557=CARTESIAN_POINT('',(-0.003175,-0.046475,0.0138));
#5558=CARTESIAN_POINT('',(-0.003175,-0.039975,0.0138));
#5559=CARTESIAN_POINT('',(-0.003175,-0.033475,0.0138));
#5560=CARTESIAN_POINT('',(-0.003675,-0.033475,0.0138));
#5561=CARTESIAN_POINT('',(0.008875,-0.032975,0.0138));
#5562=CARTESIAN_POINT('',(0.015375,-0.032975,0.0138));
#5563=CARTESIAN_POINT('',(0.002375,-0.032975,0.0138));
#5564=CARTESIAN_POINT('',(0.002375,-0.033475,0.0138));
#5565=CARTESIAN_POINT('',(0.001875,-0.033475,0.0138));
#5566=CARTESIAN_POINT('',(0.001875,-0.039975,0.0138));
#5567=CARTESIAN_POINT('',(0.001875,-0.046475,0.0138));
#5568=CARTESIAN_POINT('',(0.002375,-0.046475,0.0138));
#5569=CARTESIAN_POINT('',(0.002375,-0.046975,0.0138));
#5570=CARTESIAN_POINT('',(0.008875,-0.046975,0.0138));
#5571=CARTESIAN_POINT('',(0.015375,-0.046975,0.0138));
#5572=CARTESIAN_POINT('',(0.015375,-0.046475,0.0138));
#5573=CARTESIAN_POINT('',(0.015875,-0.046475,0.0138));
#5574=CARTESIAN_POINT('',(0.015875,-0.039975,0.0138));
#5575=CARTESIAN_POINT('',(0.015875,-0.033475,0.0138));
#5576=CARTESIAN_POINT('',(0.015375,-0.033475,0.0138));
#5577=CARTESIAN_POINT('',(0.027925,0.005125,0.0138));
#5578=CARTESIAN_POINT('',(0.034425,0.005125,0.0138));
#5579=CARTESIAN_POINT('',(0.021425,0.005125,0.0138));
#5580=CARTESIAN_POINT('',(0.021425,0.004625,0.0138));
#5581=CARTESIAN_POINT('',(0.020925,0.004625,0.0138));
#5582=CARTESIAN_POINT('',(0.020925,-0.001875,0.0138));
#5583=CARTESIAN_POINT('',(0.020925,-0.008375,0.0138));
#5584=CARTESIAN_POINT('',(0.021425,-0.008375,0.0138));
#5585=CARTESIAN_POINT('',(0.021425,-0.008875,0.0138));
#5586=CARTESIAN_POINT('',(0.027925,-0.008875,0.0138));
#5587=CARTESIAN_POINT('',(0.034425,-0.008875,0.0138));
#5588=CARTESIAN_POINT('',(0.034425,-0.008375,0.0138));
#5589=CARTESIAN_POINT('',(0.034925,-0.008375,0.0138));
#5590=CARTESIAN_POINT('',(0.034925,-0.001875,0.0138));
#5591=CARTESIAN_POINT('',(0.034925,0.004625,0.0138));
#5592=CARTESIAN_POINT('',(0.034425,0.004625,0.0138));
#5593=CARTESIAN_POINT('',(-0.029225,-0.013925,0.0138));
#5594=CARTESIAN_POINT('',(-0.022725,-0.013925,0.0138));
#5595=CARTESIAN_POINT('',(-0.035725,-0.013925,0.0138));
#5596=CARTESIAN_POINT('',(-0.035725,-0.014425,0.0138));
#5597=CARTESIAN_POINT('',(-0.036225,-0.014425,0.0138));
#5598=CARTESIAN_POINT('',(-0.036225,-0.020925,0.0138));
#5599=CARTESIAN_POINT('',(-0.036225,-0.027425,0.0138));
#5600=CARTESIAN_POINT('',(-0.035725,-0.027425,0.0138));
#5601=CARTESIAN_POINT('',(-0.035725,-0.027925,0.0138));
#5602=CARTESIAN_POINT('',(-0.029225,-0.027925,0.0138));
#5603=CARTESIAN_POINT('',(-0.022725,-0.027925,0.0138));
#5604=CARTESIAN_POINT('',(-0.022725,-0.027425,0.0138));
#5605=CARTESIAN_POINT('',(-0.022225,-0.027425,0.0138));
#5606=CARTESIAN_POINT('',(-0.022225,-0.020925,0.0138));
#5607=CARTESIAN_POINT('',(-0.022225,-0.014425,0.0138));
#5608=CARTESIAN_POINT('',(-0.022725,-0.014425,0.0138));
#5609=CARTESIAN_POINT('',(-0.010175,-0.013925,0.0138));
#5610=CARTESIAN_POINT('',(-0.003675,-0.013925,0.0138));
#5611=CARTESIAN_POINT('',(-0.016675,-0.013925,0.0138));
#5612=CARTESIAN_POINT('',(-0.016675,-0.014425,0.0138));
#5613=CARTESIAN_POINT('',(-0.017175,-0.014425,0.0138));
#5614=CARTESIAN_POINT('',(-0.017175,-0.020925,0.0138));
#5615=CARTESIAN_POINT('',(-0.017175,-0.027425,0.0138));
#5616=CARTESIAN_POINT('',(-0.016675,-0.027425,0.0138));
#5617=CARTESIAN_POINT('',(-0.016675,-0.027925,0.0138));
#5618=CARTESIAN_POINT('',(-0.010175,-0.027925,0.0138));
#5619=CARTESIAN_POINT('',(-0.003675,-0.027925,0.0138));
#5620=CARTESIAN_POINT('',(-0.003675,-0.027425,0.0138));
#5621=CARTESIAN_POINT('',(-0.003175,-0.027425,0.0138));
#5622=CARTESIAN_POINT('',(-0.003175,-0.020925,0.0138));
#5623=CARTESIAN_POINT('',(-0.003175,-0.014425,0.0138));
#5624=CARTESIAN_POINT('',(-0.003675,-0.014425,0.0138));
#5625=CARTESIAN_POINT('',(0.008875,-0.013925,0.0138));
#5626=CARTESIAN_POINT('',(0.015375,-0.013925,0.0138));
#5627=CARTESIAN_POINT('',(0.002375,-0.013925,0.0138));
#5628=CARTESIAN_POINT('',(0.002375,-0.014425,0.0138));
#5629=CARTESIAN_POINT('',(0.001875,-0.014425,0.0138));
#5630=CARTESIAN_POINT('',(0.001875,-0.020925,0.0138));
#5631=CARTESIAN_POINT('',(0.001875,-0.027425,0.0138));
#5632=CARTESIAN_POINT('',(0.002375,-0.027425,0.0138));
#5633=CARTESIAN_POINT('',(0.002375,-0.027925,0.0138));
#5634=CARTESIAN_POINT('',(0.008875,-0.027925,0.0138));
#5635=CARTESIAN_POINT('',(0.015375,-0.027925,0.0138));
#5636=CARTESIAN_POINT('',(0.015375,-0.027425,0.0138));
#5637=CARTESIAN_POINT('',(0.015875,-0.027425,0.0138));
#5638=CARTESIAN_POINT('',(0.015875,-0.020925,0.0138));
#5639=CARTESIAN_POINT('',(0.015875,-0.014425,0.0138));
#5640=CARTESIAN_POINT('',(0.015375,-0.014425,0.0138));
#5641=CARTESIAN_POINT('',(0.0485,0.05225,0.0254));
#5642=CARTESIAN_POINT('',(0.0485,-0.08775,0.0254));
#5643=CARTESIAN_POINT('',(-0.0485,-0.08775,0.0254));
#5644=CARTESIAN_POINT('',(-0.0485,0.05225,0.0254));
#5645=CARTESIAN_POINT('',(6.93889390390723E-18,0.05045,0.02945));
#5646=CARTESIAN_POINT('',(-0.0359062922767797,0.05045,0.026));
#5647=CARTESIAN_POINT('',(-0.0359062922767797,0.05045,0.026));
#5648=CARTESIAN_POINT('',(-0.0239839771632758,0.05045,0.026));
#5649=CARTESIAN_POINT('',(-0.04575,-0.0833841518109544,0.));
#5650=CARTESIAN_POINT('',(0.04575,0.05025,0.));
#5651=CARTESIAN_POINT('',(0.04575,-0.0833841518109544,0.));
#5652=CARTESIAN_POINT('',(-0.04575,0.05025,0.));
#5653=CARTESIAN_POINT('',(-0.04575,-0.052,0.));
#5654=CARTESIAN_POINT('',(0.04575,-0.052,0.));
#5655=MECHANICAL_DESIGN_GEOMETRIC_PRESENTATION_REPRESENTATION('',(#3348),
#5656);
#5656=(
GEOMETRIC_REPRESENTATION_CONTEXT(3)
GLOBAL_UNCERTAINTY_ASSIGNED_CONTEXT((#5657))
GLOBAL_UNIT_ASSIGNED_CONTEXT((#5660,#5659,#5658))
REPRESENTATION_CONTEXT('Part 2','TOP_LEVEL_ASSEMBLY_PART')
);
#5657=UNCERTAINTY_MEASURE_WITH_UNIT(LENGTH_MEASURE(2.E-5),#5660,
'DISTANCE_ACCURACY_VALUE','Maximum Tolerance applied to model');
#5658=(
NAMED_UNIT(*)
SI_UNIT($,.STERADIAN.)
SOLID_ANGLE_UNIT()
);
#5659=(
NAMED_UNIT(*)
PLANE_ANGLE_UNIT()
SI_UNIT($,.RADIAN.)
);
#5660=(
LENGTH_UNIT()
NAMED_UNIT(*)
SI_UNIT($,.METRE.)
);
#5661=PRODUCT_DEFINITION_SHAPE('','',#5662);
#5662=PRODUCT_DEFINITION('','',#5664,#5663);
#5663=PRODUCT_DEFINITION_CONTEXT('',#5670,'design');
#5664=PRODUCT_DEFINITION_FORMATION_WITH_SPECIFIED_SOURCE('','',#5666,
 .NOT_KNOWN.);
#5665=PRODUCT_RELATED_PRODUCT_CATEGORY('','',(#5666));
#5666=PRODUCT('Part 2','Part 2','Part 2',(#5668));
#5667=PRODUCT_CATEGORY('','');
#5668=PRODUCT_CONTEXT('',#5670,'mechanical');
#5669=APPLICATION_PROTOCOL_DEFINITION('international standard',
'ap242_managed_model_based_3d_engineering',2020,#5670);
#5670=APPLICATION_CONTEXT('managed model based 3d engineering');
ENDSEC;
END-ISO-10303-21;
