ISO-10303-21;
HEADER;
/* Generated by software containing ST-Developer
 * from STEP Tools, Inc. (www.steptools.com) 
 */
/* OPTION: using custom renumber hook */

FILE_DESCRIPTION(
/* description */ ('STEP AP242 Edition 2',
'CAx-IF Rec.Pracs.---Representation and Presentation of Product Manufa
cturing Information (PMI)---4.0---2014-10-13',
'CAx-IF Rec.Pracs.---3D Tessellated Geometry---0.4---2014-09-14','2;1',
'CAx-IF Rec.Pracs.---User Defined Attributes---1.5---2016-08-15'),
/* implementation_level */ '2;1');

FILE_NAME(
/* name */ '6ac293545e928e3c0211b975',
/* time_stamp */ '2026-10-04T17:56:36Z',
/* author */ (''),
/* organization */ (''),
/* preprocessor_version */ 'ST-DEVELOPER v20',
/* originating_system */ 'ONSHAPE BY PTC INC, 1.221',
/* authorisation */ '  ');

FILE_SCHEMA (('AP242_MANAGED_MODEL_BASED_3D_ENGINEERING_MIM_LF { 1 0 10303 442 3 1 4 }'));
ENDSEC;

DATA;
#10=B_SPLINE_SURFACE_WITH_KNOTS('',3,3,((#16034,#16035,#16036,#16037,#16038),
(#16039,#16040,#16041,#16042,#16043),(#16044,#16045,#16046,#16047,#16048),
(#16049,#16050,#16051,#16052,#16053),(#16054,#16055,#16056,#16057,#16058),
(#16059,#16060,#16061,#16062,#16063),(#16064,#16065,#16066,#16067,#16068),
(#16069,#16070,#16071,#16072,#16073),(#16074,#16075,#16076,#16077,#16078),
(#16079,#16080,#16081,#16082,#16083),(#16084,#16085,#16086,#16087,#16088),
(#16089,#16090,#16091,#16092,#16093),(#16094,#16095,#16096,#16097,#16098),
(#16099,#16100,#16101,#16102,#16103),(#16104,#16105,#16106,#16107,#16108),
(#16109,#16110,#16111,#16112,#16113),(#16114,#16115,#16116,#16117,#16118),
(#16119,#16120,#16121,#16122,#16123),(#16124,#16125,#16126,#16127,#16128),
(#16129,#16130,#16131,#16132,#16133),(#16134,#16135,#16136,#16137,#16138),
(#16139,#16140,#16141,#16142,#16143),(#16144,#16145,#16146,#16147,#16148),
(#16149,#16150,#16151,#16152,#16153),(#16154,#16155,#16156,#16157,#16158),
(#16159,#16160,#16161,#16162,#16163),(#16164,#16165,#16166,#16167,#16168),
(#16169,#16170,#16171,#16172,#16173),(#16174,#16175,#16176,#16177,#16178),
(#16179,#16180,#16181,#16182,#16183),(#16184,#16185,#16186,#16187,#16188),
(#16189,#16190,#16191,#16192,#16193),(#16194,#16195,#16196,#16197,#16198),
(#16199,#16200,#16201,#16202,#16203),(#16204,#16205,#16206,#16207,#16208),
(#16209,#16210,#16211,#16212,#16213),(#16214,#16215,#16216,#16217,#16218),
(#16219,#16220,#16221,#16222,#16223),(#16224,#16225,#16226,#16227,#16228),
(#16229,#16230,#16231,#16232,#16233),(#16234,#16235,#16236,#16237,#16238),
(#16239,#16240,#16241,#16242,#16243),(#16244,#16245,#16246,#16247,#16248),
(#16249,#16250,#16251,#16252,#16253),(#16254,#16255,#16256,#16257,#16258),
(#16259,#16260,#16261,#16262,#16263),(#16264,#16265,#16266,#16267,#16268),
(#16269,#16270,#16271,#16272,#16273)),.UNSPECIFIED.,.T.,.F.,.F.,(4,1,1,
1,2,1,1,1,1,2,1,1,1,2,1,1,1,1,1,2,1,1,1,2,1,1,1,1,1,2,1,1,1,2,1,1,1,1,4),
(4,1,4),(-1.7765509801171E-14,0.00313628350468166,0.00627256700938109,0.00940885051408052,
0.01254513401878,0.0422269922664267,0.0719088505140735,0.131272567009367,
0.190636283504661,0.249999999999954,0.253136283504649,0.256272567009344,
0.259408850514039,0.262545134018734,0.321908850514045,0.381272567009357,
0.440636283504668,0.470318141752323,0.485159070876151,0.499999999999979,
0.504704425257021,0.507056637885543,0.509408850514064,0.512545134018759,
0.519965598580673,0.527386063142587,0.542226992266414,0.57190885051407,
0.690636283504693,0.75,0.753136283504699,0.756272567009394,0.759408850514089,
0.762545134018783,0.821908850514103,0.881272567009424,0.940636283504744,
0.970318141752404,1.00000000000006),(0.0215824970047004,0.161441525721248,
1.0000000906986),.UNSPECIFIED.);
#11=B_SPLINE_SURFACE_WITH_KNOTS('',3,3,((#16539,#16540,#16541,#16542,#16543,
#16544,#16545,#16546,#16547,#16548,#16549,#16550,#16551,#16552,#16553,#16554,
#16555,#16556,#16557,#16558,#16559,#16560,#16561,#16562,#16563,#16564,#16565,
#16566,#16567,#16568,#16569,#16570,#16571,#16572,#16573,#16574,#16575,#16576,
#16577,#16578,#16579,#16580,#16581,#16582,#16583,#16584,#16585),(#16586,
#16587,#16588,#16589,#16590,#16591,#16592,#16593,#16594,#16595,#16596,#16597,
#16598,#16599,#16600,#16601,#16602,#16603,#16604,#16605,#16606,#16607,#16608,
#16609,#16610,#16611,#16612,#16613,#16614,#16615,#16616,#16617,#16618,#16619,
#16620,#16621,#16622,#16623,#16624,#16625,#16626,#16627,#16628,#16629,#16630,
#16631,#16632),(#16633,#16634,#16635,#16636,#16637,#16638,#16639,#16640,
#16641,#16642,#16643,#16644,#16645,#16646,#16647,#16648,#16649,#16650,#16651,
#16652,#16653,#16654,#16655,#16656,#16657,#16658,#16659,#16660,#16661,#16662,
#16663,#16664,#16665,#16666,#16667,#16668,#16669,#16670,#16671,#16672,#16673,
#16674,#16675,#16676,#16677,#16678,#16679),(#16680,#16681,#16682,#16683,
#16684,#16685,#16686,#16687,#16688,#16689,#16690,#16691,#16692,#16693,#16694,
#16695,#16696,#16697,#16698,#16699,#16700,#16701,#16702,#16703,#16704,#16705,
#16706,#16707,#16708,#16709,#16710,#16711,#16712,#16713,#16714,#16715,#16716,
#16717,#16718,#16719,#16720,#16721,#16722,#16723,#16724,#16725,#16726),
(#16727,#16728,#16729,#16730,#16731,#16732,#16733,#16734,#16735,#16736,
#16737,#16738,#16739,#16740,#16741,#16742,#16743,#16744,#16745,#16746,#16747,
#16748,#16749,#16750,#16751,#16752,#16753,#16754,#16755,#16756,#16757,#16758,
#16759,#16760,#16761,#16762,#16763,#16764,#16765,#16766,#16767,#16768,#16769,
#16770,#16771,#16772,#16773)),.UNSPECIFIED.,.F.,.T.,.F.,(4,1,4),(4,2,1,
1,1,2,1,1,2,1,1,1,1,1,1,2,1,1,2,1,1,1,1,2,1,1,2,1,1,1,1,2,1,2,1,4),(-0.00164679177623858,
0.5,1.00018745589998),(-0.41241377129979,-0.39681578462303,0.104231234336593,
0.354754743816405,0.855801762776029,1.35684878173565,1.41522913174609,1.4359424919888,
1.46757997609006,1.65715330860742,1.94561009540703,1.96872824805956,2.29683476433925,
2.46987652002906,3.03281665956374,3.22159892798331,3.25317785653833,3.27520164057318,
3.3321251779259,3.36562394825104,3.83319189791349,4.08372525790729,4.89697222385209,
5.08585869788248,5.11744496617803,5.14007881884216,5.19641063691692,5.23179111876038,
5.36159448930308,5.69747680938011,6.1985429818433,6.95014224053808,6.98983067541086,
7.02951911028365,7.03402600337825,7.04511709696041),.UNSPECIFIED.);
#12=SPHERICAL_SURFACE('',#10548,0.03875);
#13=VERTEX_LOOP('',#5514);
#14=VERTEX_LOOP('',#5516);
#15=VERTEX_LOOP('',#5518);
#16=VERTEX_LOOP('',#5520);
#17=VERTEX_LOOP('',#5522);
#18=VERTEX_LOOP('',#5524);
#19=CONICAL_SURFACE('',#10490,0.0021,1.02974425867665);
#20=CONICAL_SURFACE('',#10493,0.0021,1.02974425867665);
#21=CONICAL_SURFACE('',#10496,0.0021,1.02974425867665);
#22=CONICAL_SURFACE('',#10499,0.0021,1.02974425867665);
#23=CONICAL_SURFACE('',#10502,0.0021,1.02974425867665);
#24=CONICAL_SURFACE('',#10505,0.0021,1.02974425867665);
#25=(
BOUNDED_SURFACE()
B_SPLINE_SURFACE(3,2,((#15714,#15715,#15716),(#15717,#15718,#15719),(#15720,
#15721,#15722),(#15723,#15724,#15725),(#15726,#15727,#15728),(#15729,#15730,
#15731),(#15732,#15733,#15734)),.UNSPECIFIED.,.F.,.F.,.F.)
B_SPLINE_SURFACE_WITH_KNOTS((4,1,1,1,4),(3,3),(3.14159265358979,3.53429173528852,
3.92699081698724,4.31968989868597,4.71238898038469),(0.,1.),
 .UNSPECIFIED.)
GEOMETRIC_REPRESENTATION_ITEM()
RATIONAL_B_SPLINE_SURFACE(((1.,0.707106781186546,1.),(1.,0.707106781349378,
1.),(1.,0.746571860755083,1.),(1.,0.869029034424752,1.),(1.,0.973464424252544,
1.),(1.,0.999999999985521,1.),(1.,1.,1.)))
REPRESENTATION_ITEM('')
SURFACE()
);
#26=(
BOUNDED_SURFACE()
B_SPLINE_SURFACE(3,2,((#15737,#15738,#15739),(#15740,#15741,#15742),(#15743,
#15744,#15745),(#15746,#15747,#15748),(#15749,#15750,#15751),(#15752,#15753,
#15754),(#15755,#15756,#15757)),.UNSPECIFIED.,.F.,.F.,.F.)
B_SPLINE_SURFACE_WITH_KNOTS((4,1,1,1,4),(3,3),(6.28318530717959,6.67588438887831,
7.06858347057703,7.46128255227576,7.85398163397448),(0.,1.),
 .UNSPECIFIED.)
GEOMETRIC_REPRESENTATION_ITEM()
RATIONAL_B_SPLINE_SURFACE(((1.,0.707106781186546,1.),(1.,0.707106781349379,
1.),(1.,0.746571860755085,1.),(1.,0.869029034424749,1.),(1.,0.973464424252548,
1.),(1.,0.999999999985521,1.),(1.,1.,1.)))
REPRESENTATION_ITEM('')
SURFACE()
);
#27=(
BOUNDED_SURFACE()
B_SPLINE_SURFACE(3,2,((#15760,#15761,#15762),(#15763,#15764,#15765),(#15766,
#15767,#15768),(#15769,#15770,#15771),(#15772,#15773,#15774),(#15775,#15776,
#15777),(#15778,#15779,#15780)),.UNSPECIFIED.,.F.,.F.,.F.)
B_SPLINE_SURFACE_WITH_KNOTS((4,1,1,1,4),(3,3),(6.28318530717959,6.67588438887831,
7.06858347057703,7.46128255227576,7.85398163397448),(0.,1.),
 .UNSPECIFIED.)
GEOMETRIC_REPRESENTATION_ITEM()
RATIONAL_B_SPLINE_SURFACE(((1.,0.707106781186546,1.),(1.,0.707106781350222,
1.),(1.,0.746571860754693,1.),(1.,0.869029034424856,1.),(1.,0.973464424252514,
1.),(1.,0.999999999985521,1.),(1.,1.,1.)))
REPRESENTATION_ITEM('')
SURFACE()
);
#28=(
BOUNDED_SURFACE()
B_SPLINE_SURFACE(3,2,((#15783,#15784,#15785),(#15786,#15787,#15788),(#15789,
#15790,#15791),(#15792,#15793,#15794),(#15795,#15796,#15797),(#15798,#15799,
#15800),(#15801,#15802,#15803)),.UNSPECIFIED.,.F.,.F.,.F.)
B_SPLINE_SURFACE_WITH_KNOTS((4,1,1,1,4),(3,3),(3.14159265358979,3.53429173528852,
3.92699081698724,4.31968989868597,4.71238898038469),(0.,1.),
 .UNSPECIFIED.)
GEOMETRIC_REPRESENTATION_ITEM()
RATIONAL_B_SPLINE_SURFACE(((1.,0.707106781186546,1.),(1.,0.707106781350221,
1.),(1.,0.746571860754691,1.),(1.,0.869029034424862,1.),(1.,0.973464424252514,
1.),(1.,0.999999999985521,1.),(1.,1.,1.)))
REPRESENTATION_ITEM('')
SURFACE()
);
#29=ELLIPSE('',#10454,0.00269258240356725,0.0025);
#30=ELLIPSE('',#10455,0.00269258240356725,0.0025);
#31=ELLIPSE('',#10457,0.00269258240356725,0.0025);
#32=ELLIPSE('',#10458,0.00269258240356725,0.0025);
#33=ELLIPSE('',#10460,0.00269258240356725,0.0025);
#34=ELLIPSE('',#10461,0.00269258240356725,0.0025);
#35=ELLIPSE('',#10463,0.00353553390593274,0.0025);
#36=ELLIPSE('',#10464,0.00353553390593274,0.0025);
#37=ELLIPSE('',#10466,0.00353553390593274,0.0025);
#38=ELLIPSE('',#10467,0.00353553390593274,0.0025);
#39=ELLIPSE('',#10469,0.00269258240356725,0.0025);
#40=ELLIPSE('',#10470,0.00353553390593274,0.0025);
#41=ELLIPSE('',#10471,0.00269258240356725,0.0025);
#42=ELLIPSE('',#10473,0.00353553390593274,0.0025);
#43=OVER_RIDING_STYLED_ITEM('',(#9307),#9146,#9297);
#44=OVER_RIDING_STYLED_ITEM('',(#9308),#9147,#9297);
#45=OVER_RIDING_STYLED_ITEM('',(#9309),#9148,#9297);
#46=DEGENERATE_TOROIDAL_SURFACE('',#10280,6.99997262551542E-5,0.000180000377871915,
 .T.);
#47=DEGENERATE_TOROIDAL_SURFACE('',#10281,6.99997262551542E-5,0.000180000377871915,
 .T.);
#48=DEGENERATE_TOROIDAL_SURFACE('',#10283,0.00011999972625515,0.00018000037787192,
 .T.);
#49=DEGENERATE_TOROIDAL_SURFACE('',#10292,0.00011999972625515,0.00018000037787192,
 .T.);
#50=TOROIDAL_SURFACE('',#10274,0.00043,0.00018);
#51=TOROIDAL_SURFACE('',#10277,0.00043,0.00018);
#52=TOROIDAL_SURFACE('',#10287,0.00048,0.00018);
#53=TOROIDAL_SURFACE('',#10290,0.00048,0.00018);
#54=TOROIDAL_SURFACE('',#10295,0.00048,0.00018);
#55=TOROIDAL_SURFACE('',#10310,0.0006,0.0004);
#56=TOROIDAL_SURFACE('',#10312,0.0006,0.0004);
#57=TOROIDAL_SURFACE('',#10320,0.0005,0.00025);
#58=TOROIDAL_SURFACE('',#10324,0.0005,0.00025);
#59=DRAUGHTING_PRE_DEFINED_COLOUR('white');
#60=B_SPLINE_CURVE_WITH_KNOTS('',3,(#14782,#14783,#14784,#14785),
 .UNSPECIFIED.,.F.,.F.,(4,4),(0.,0.000392832481117743),.UNSPECIFIED.);
#61=B_SPLINE_CURVE_WITH_KNOTS('',3,(#15179,#15180,#15181,#15182,#15183),
 .UNSPECIFIED.,.F.,.F.,(4,1,4),(3.87895961444886E-17,0.000314575433157644,
0.000629150866315249),.UNSPECIFIED.);
#62=B_SPLINE_CURVE_WITH_KNOTS('',3,(#15184,#15185,#15186,#15187,#15188,
#15189),.UNSPECIFIED.,.F.,.F.,(4,1,1,4),(1.28627143047265E-16,0.000200611725206052,
0.000300917587809014,0.000401223450411976),.UNSPECIFIED.);
#63=B_SPLINE_CURVE_WITH_KNOTS('',3,(#15193,#15194,#15195,#15196),
 .UNSPECIFIED.,.F.,.F.,(4,4),(0.,1.),.UNSPECIFIED.);
#64=B_SPLINE_CURVE_WITH_KNOTS('',3,(#15200,#15201,#15202,#15203,#15204,
#15205),.UNSPECIFIED.,.F.,.F.,(4,1,1,4),(0.,0.000101257745529426,0.000202515491058853,
0.000405030982117706),.UNSPECIFIED.);
#65=B_SPLINE_CURVE_WITH_KNOTS('',3,(#15210,#15211,#15212,#15213),
 .UNSPECIFIED.,.F.,.F.,(4,4),(264.007800519838,275.992199480161),
 .UNSPECIFIED.);
#66=B_SPLINE_CURVE_WITH_KNOTS('',3,(#15215,#15216,#15217,#15218,#15219),
 .UNSPECIFIED.,.F.,.F.,(4,1,4),(0.,90.,180.),.UNSPECIFIED.);
#67=B_SPLINE_CURVE_WITH_KNOTS('',3,(#15224,#15225,#15226,#15227,#15228),
 .UNSPECIFIED.,.F.,.F.,(4,1,4),(180.,270.,360.),.UNSPECIFIED.);
#68=B_SPLINE_CURVE_WITH_KNOTS('',3,(#15232,#15233,#15234,#15235,#15236),
 .UNSPECIFIED.,.F.,.F.,(4,1,4),(180.,270.,360.),.UNSPECIFIED.);
#69=B_SPLINE_CURVE_WITH_KNOTS('',3,(#15241,#15242,#15243,#15244,#15245),
 .UNSPECIFIED.,.F.,.F.,(4,1,4),(0.,90.,180.),.UNSPECIFIED.);
#70=B_SPLINE_CURVE_WITH_KNOTS('',3,(#15257,#15258,#15259,#15260,#15261),
 .UNSPECIFIED.,.F.,.F.,(4,1,4),(180.,270.,360.),.UNSPECIFIED.);
#71=B_SPLINE_CURVE_WITH_KNOTS('',3,(#15263,#15264,#15265,#15266),
 .UNSPECIFIED.,.F.,.F.,(4,4),(270.,360.),.UNSPECIFIED.);
#72=B_SPLINE_CURVE_WITH_KNOTS('',3,(#15267,#15268,#15269,#15270),
 .UNSPECIFIED.,.F.,.F.,(4,4),(180.,270.),.UNSPECIFIED.);
#73=B_SPLINE_CURVE_WITH_KNOTS('',3,(#15274,#15275,#15276,#15277,#15278),
 .UNSPECIFIED.,.F.,.F.,(4,1,4),(0.,90.,180.),.UNSPECIFIED.);
#74=B_SPLINE_CURVE_WITH_KNOTS('',3,(#15282,#15283,#15284,#15285),
 .UNSPECIFIED.,.F.,.F.,(4,4),(0.,90.),.UNSPECIFIED.);
#75=B_SPLINE_CURVE_WITH_KNOTS('',3,(#15287,#15288,#15289,#15290),
 .UNSPECIFIED.,.F.,.F.,(4,4),(90.,180.),.UNSPECIFIED.);
#76=B_SPLINE_CURVE_WITH_KNOTS('',3,(#15293,#15294,#15295,#15296,#15297),
 .UNSPECIFIED.,.F.,.F.,(4,1,4),(0.,90.,180.),.UNSPECIFIED.);
#77=B_SPLINE_CURVE_WITH_KNOTS('',3,(#15300,#15301,#15302,#15303),
 .UNSPECIFIED.,.F.,.F.,(4,4),(0.,90.),.UNSPECIFIED.);
#78=B_SPLINE_CURVE_WITH_KNOTS('',3,(#15304,#15305,#15306,#15307),
 .UNSPECIFIED.,.F.,.F.,(4,4),(270.,360.),.UNSPECIFIED.);
#79=B_SPLINE_CURVE_WITH_KNOTS('',3,(#15314,#15315,#15316,#15317),
 .UNSPECIFIED.,.F.,.F.,(4,4),(180.,264.007800519838),.UNSPECIFIED.);
#80=B_SPLINE_CURVE_WITH_KNOTS('',3,(#15319,#15320,#15321,#15322),
 .UNSPECIFIED.,.F.,.F.,(4,4),(0.,90.),.UNSPECIFIED.);
#81=B_SPLINE_CURVE_WITH_KNOTS('',3,(#15324,#15325,#15326,#15327),
 .UNSPECIFIED.,.F.,.F.,(4,4),(270.,360.),.UNSPECIFIED.);
#82=B_SPLINE_CURVE_WITH_KNOTS('',3,(#15333,#15334,#15335,#15336),
 .UNSPECIFIED.,.F.,.F.,(4,4),(180.,264.007800519838),.UNSPECIFIED.);
#83=B_SPLINE_CURVE_WITH_KNOTS('',3,(#15887,#15888,#15889,#15890),
 .UNSPECIFIED.,.F.,.F.,(4,4),(0.,1.),.UNSPECIFIED.);
#84=B_SPLINE_CURVE_WITH_KNOTS('',3,(#15896,#15897,#15898,#15899),
 .UNSPECIFIED.,.F.,.F.,(4,4),(0.,1.),.UNSPECIFIED.);
#85=B_SPLINE_CURVE_WITH_KNOTS('',3,(#15908,#15909,#15910,#15911),
 .UNSPECIFIED.,.F.,.F.,(4,4),(0.,1.),.UNSPECIFIED.);
#86=B_SPLINE_CURVE_WITH_KNOTS('',3,(#15914,#15915,#15916,#15917),
 .UNSPECIFIED.,.F.,.F.,(4,4),(0.,1.),.UNSPECIFIED.);
#87=B_SPLINE_CURVE_WITH_KNOTS('',3,(#15936,#15937,#15938,#15939),
 .UNSPECIFIED.,.F.,.F.,(4,4),(0.,1.),.UNSPECIFIED.);
#88=B_SPLINE_CURVE_WITH_KNOTS('',3,(#15960,#15961,#15962,#15963),
 .UNSPECIFIED.,.F.,.F.,(4,4),(7.02951911028365,7.04511709696041),
 .UNSPECIFIED.);
#89=B_SPLINE_CURVE_WITH_KNOTS('',3,(#15966,#15967,#15968,#15969,#15970,
#15971,#15972,#15973,#15974,#15975,#15976,#15977,#15978,#15979,#15980,#15981,
#15982,#15983,#15984,#15985,#15986,#15987,#15988,#15989,#15990,#15991,#15992,
#15993,#15994,#15995,#15996,#15997,#15998,#15999,#16000,#16001,#16002,#16003,
#16004,#16005,#16006,#16007,#16008,#16009,#16010,#16011,#16012,#16013,#16014,
#16015,#16016,#16017,#16018,#16019,#16020,#16021,#16022,#16023,#16024,#16025,
#16026,#16027,#16028,#16029,#16030,#16031,#16032,#16033),.UNSPECIFIED.,
 .F.,.F.,(4,1,1,1,1,1,1,1,1,1,1,1,1,1,1,1,1,1,1,1,1,1,1,1,1,1,1,1,1,1,1,
1,1,1,1,1,1,1,1,1,1,1,1,1,1,1,1,1,1,1,1,1,1,1,1,1,1,1,1,1,1,1,1,1,1,4),
(0.,0.015625,0.03125,0.046875,0.0625,0.09375,0.125,0.15625,0.1875,0.203125,
0.21875,0.234375,0.2421875,0.25,0.2578125,0.265625,0.28125,0.296875,0.3125,
0.34375,0.375,0.40625,0.421875,0.4375,0.453125,0.46875,0.484375,0.4921875,
0.5,0.5078125,0.515625,0.53125,0.546875,0.5625,0.59375,0.625,0.65625,0.6875,
0.703125,0.71875,0.734375,0.7421875,0.74609375,0.75,0.7578125,0.76171875,
0.763671875,0.765625,0.76953125,0.7734375,0.78125,0.796875,0.8125,0.84375,
0.875,0.90625,0.921875,0.9375,0.953125,0.96875,0.9765625,0.984375,0.98828125,
0.9921875,0.99609375,1.),.UNSPECIFIED.);
#90=B_SPLINE_CURVE_WITH_KNOTS('',3,(#16274,#16275,#16276,#16277,#16278,
#16279,#16280,#16281,#16282,#16283,#16284,#16285,#16286,#16287,#16288,#16289,
#16290,#16291,#16292,#16293,#16294,#16295,#16296,#16297,#16298,#16299,#16300),
 .UNSPECIFIED.,.F.,.F.,(4,1,1,1,1,1,1,1,1,1,1,1,1,1,1,1,1,1,1,1,1,1,1,1,
4),(0.,0.00390625,0.0078125,0.015625,0.03125,0.046875,0.0625,0.09375,0.125,
0.1875,0.21875,0.25,0.28125,0.3125,0.375,0.5,0.625,0.6875,0.71875,0.75,
0.78125,0.8125,0.875,0.9375,1.),.UNSPECIFIED.);
#91=B_SPLINE_CURVE_WITH_KNOTS('',3,(#16303,#16304,#16305,#16306,#16307,
#16308,#16309,#16310),.UNSPECIFIED.,.F.,.F.,(4,1,1,1,1,4),(0.,0.125,0.25,
0.5,0.75,1.),.UNSPECIFIED.);
#92=B_SPLINE_CURVE_WITH_KNOTS('',3,(#16312,#16313,#16314,#16315,#16316,
#16317,#16318,#16319,#16320,#16321,#16322,#16323),.UNSPECIFIED.,.F.,.F.,
(4,1,1,1,1,1,1,1,1,4),(0.,0.125,0.25,0.375,0.4375,0.5,0.625,0.75,0.875,
1.),.UNSPECIFIED.);
#93=B_SPLINE_CURVE_WITH_KNOTS('',3,(#16325,#16326,#16327,#16328,#16329,
#16330,#16331,#16332,#16333,#16334),.UNSPECIFIED.,.F.,.F.,(4,1,1,1,1,1,
1,4),(0.,0.125,0.1875,0.25,0.375,0.5,0.75,1.),.UNSPECIFIED.);
#94=B_SPLINE_CURVE_WITH_KNOTS('',3,(#16336,#16337,#16338,#16339,#16340,
#16341,#16342,#16343,#16344,#16345,#16346,#16347,#16348,#16349,#16350,#16351,
#16352,#16353,#16354,#16355,#16356),.UNSPECIFIED.,.F.,.F.,(4,1,1,1,1,1,
1,1,1,1,1,1,1,1,1,1,1,1,4),(0.,0.0625,0.09375,0.125,0.140625,0.15625,0.1875,
0.21875,0.25,0.28125,0.3125,0.375,0.4375,0.5,0.5625,0.625,0.75,0.875,1.),
 .UNSPECIFIED.);
#95=B_SPLINE_CURVE_WITH_KNOTS('',3,(#16358,#16359,#16360,#16361,#16362,
#16363,#16364,#16365,#16366,#16367,#16368),.UNSPECIFIED.,.F.,.F.,(4,1,1,
1,1,1,1,1,4),(0.,0.125,0.1875,0.25,0.375,0.5,0.75,0.875,1.),
 .UNSPECIFIED.);
#96=B_SPLINE_CURVE_WITH_KNOTS('',3,(#16370,#16371,#16372,#16373,#16374,
#16375,#16376,#16377,#16378,#16379,#16380,#16381,#16382,#16383,#16384,#16385,
#16386,#16387,#16388,#16389,#16390,#16391,#16392,#16393,#16394,#16395),
 .UNSPECIFIED.,.F.,.F.,(4,1,1,1,1,1,1,1,1,1,1,1,1,1,1,1,1,1,1,1,1,1,1,4),
(0.,0.03125,0.0625,0.09375,0.109375,0.125,0.140625,0.15625,0.1875,0.21875,
0.25,0.28125,0.3125,0.375,0.5,0.625,0.6875,0.71875,0.75,0.78125,0.8125,
0.875,0.9375,1.),.UNSPECIFIED.);
#97=B_SPLINE_CURVE_WITH_KNOTS('',3,(#16397,#16398,#16399,#16400,#16401,
#16402),.UNSPECIFIED.,.F.,.F.,(4,1,1,4),(0.,0.25,0.5,1.),.UNSPECIFIED.);
#98=B_SPLINE_CURVE_WITH_KNOTS('',3,(#16404,#16405,#16406,#16407),
 .UNSPECIFIED.,.F.,.F.,(4,4),(0.,1.),.UNSPECIFIED.);
#99=B_SPLINE_CURVE_WITH_KNOTS('',3,(#16409,#16410,#16411,#16412,#16413),
 .UNSPECIFIED.,.F.,.F.,(4,1,4),(0.,0.5,1.),.UNSPECIFIED.);
#100=CONTEXT_DEPENDENT_SHAPE_REPRESENTATION(#336,#16958);
#101=CONTEXT_DEPENDENT_SHAPE_REPRESENTATION(#337,#16960);
#102=CONTEXT_DEPENDENT_SHAPE_REPRESENTATION(#338,#16964);
#103=CONTEXT_DEPENDENT_SHAPE_REPRESENTATION(#339,#16966);
#104=CONTEXT_DEPENDENT_SHAPE_REPRESENTATION(#340,#16967);
#105=CONTEXT_DEPENDENT_SHAPE_REPRESENTATION(#341,#16968);
#106=CONTEXT_DEPENDENT_SHAPE_REPRESENTATION(#342,#16971);
#107=CONTEXT_DEPENDENT_SHAPE_REPRESENTATION(#343,#16973);
#108=CONTEXT_DEPENDENT_SHAPE_REPRESENTATION(#344,#16974);
#109=CONTEXT_DEPENDENT_SHAPE_REPRESENTATION(#345,#16976);
#110=CONTEXT_DEPENDENT_SHAPE_REPRESENTATION(#346,#16979);
#111=CONTEXT_DEPENDENT_SHAPE_REPRESENTATION(#347,#16980);
#112=CONTEXT_DEPENDENT_SHAPE_REPRESENTATION(#348,#16981);
#113=CONTEXT_DEPENDENT_SHAPE_REPRESENTATION(#349,#16982);
#114=CONTEXT_DEPENDENT_SHAPE_REPRESENTATION(#350,#16985);
#115=CONTEXT_DEPENDENT_SHAPE_REPRESENTATION(#351,#16986);
#116=CONTEXT_DEPENDENT_SHAPE_REPRESENTATION(#352,#16987);
#117=CONTEXT_DEPENDENT_SHAPE_REPRESENTATION(#353,#16988);
#118=CONTEXT_DEPENDENT_SHAPE_REPRESENTATION(#354,#16991);
#119=CONTEXT_DEPENDENT_SHAPE_REPRESENTATION(#355,#16992);
#120=CONTEXT_DEPENDENT_SHAPE_REPRESENTATION(#356,#16993);
#121=CONTEXT_DEPENDENT_SHAPE_REPRESENTATION(#357,#16994);
#122=CONTEXT_DEPENDENT_SHAPE_REPRESENTATION(#358,#16997);
#123=CONTEXT_DEPENDENT_SHAPE_REPRESENTATION(#359,#16998);
#124=CONTEXT_DEPENDENT_SHAPE_REPRESENTATION(#360,#16999);
#125=CONTEXT_DEPENDENT_SHAPE_REPRESENTATION(#361,#17000);
#126=CONTEXT_DEPENDENT_SHAPE_REPRESENTATION(#362,#17003);
#127=CONTEXT_DEPENDENT_SHAPE_REPRESENTATION(#363,#17004);
#128=CONTEXT_DEPENDENT_SHAPE_REPRESENTATION(#364,#17005);
#129=CONTEXT_DEPENDENT_SHAPE_REPRESENTATION(#365,#17006);
#130=CONTEXT_DEPENDENT_SHAPE_REPRESENTATION(#366,#17008);
#131=CONTEXT_DEPENDENT_SHAPE_REPRESENTATION(#367,#17009);
#132=CONTEXT_DEPENDENT_SHAPE_REPRESENTATION(#368,#17010);
#133=CONTEXT_DEPENDENT_SHAPE_REPRESENTATION(#369,#17013);
#134=CONTEXT_DEPENDENT_SHAPE_REPRESENTATION(#370,#17014);
#135=CONTEXT_DEPENDENT_SHAPE_REPRESENTATION(#371,#17015);
#136=CONTEXT_DEPENDENT_SHAPE_REPRESENTATION(#372,#17016);
#137=CONTEXT_DEPENDENT_SHAPE_REPRESENTATION(#373,#17018);
#138=CONTEXT_DEPENDENT_SHAPE_REPRESENTATION(#374,#17020);
#139=CONTEXT_DEPENDENT_SHAPE_REPRESENTATION(#375,#17021);
#140=CONTEXT_DEPENDENT_SHAPE_REPRESENTATION(#376,#17022);
#141=CONTEXT_DEPENDENT_SHAPE_REPRESENTATION(#377,#17024);
#142=CONTEXT_DEPENDENT_SHAPE_REPRESENTATION(#378,#17025);
#143=CONTEXT_DEPENDENT_SHAPE_REPRESENTATION(#379,#17026);
#144=CONTEXT_DEPENDENT_SHAPE_REPRESENTATION(#380,#17029);
#145=CONTEXT_DEPENDENT_SHAPE_REPRESENTATION(#381,#17030);
#146=CONTEXT_DEPENDENT_SHAPE_REPRESENTATION(#382,#17031);
#147=CONTEXT_DEPENDENT_SHAPE_REPRESENTATION(#383,#17032);
#148=CONTEXT_DEPENDENT_SHAPE_REPRESENTATION(#384,#17034);
#149=CONTEXT_DEPENDENT_SHAPE_REPRESENTATION(#385,#17035);
#150=CONTEXT_DEPENDENT_SHAPE_REPRESENTATION(#386,#17036);
#151=CONTEXT_DEPENDENT_SHAPE_REPRESENTATION(#387,#17039);
#152=CONTEXT_DEPENDENT_SHAPE_REPRESENTATION(#388,#17040);
#153=CONTEXT_DEPENDENT_SHAPE_REPRESENTATION(#389,#17041);
#154=CONTEXT_DEPENDENT_SHAPE_REPRESENTATION(#390,#17042);
#155=CONTEXT_DEPENDENT_SHAPE_REPRESENTATION(#391,#17044);
#156=CONTEXT_DEPENDENT_SHAPE_REPRESENTATION(#392,#17045);
#157=CONTEXT_DEPENDENT_SHAPE_REPRESENTATION(#393,#17046);
#158=CONTEXT_DEPENDENT_SHAPE_REPRESENTATION(#394,#17049);
#159=CONTEXT_DEPENDENT_SHAPE_REPRESENTATION(#395,#17050);
#160=CONTEXT_DEPENDENT_SHAPE_REPRESENTATION(#396,#17052);
#161=CONTEXT_DEPENDENT_SHAPE_REPRESENTATION(#397,#17053);
#162=CONTEXT_DEPENDENT_SHAPE_REPRESENTATION(#398,#17054);
#163=CONTEXT_DEPENDENT_SHAPE_REPRESENTATION(#399,#17057);
#164=CONTEXT_DEPENDENT_SHAPE_REPRESENTATION(#400,#17058);
#165=CONTEXT_DEPENDENT_SHAPE_REPRESENTATION(#401,#17059);
#166=CONTEXT_DEPENDENT_SHAPE_REPRESENTATION(#402,#17060);
#167=CONTEXT_DEPENDENT_SHAPE_REPRESENTATION(#403,#17063);
#168=CONTEXT_DEPENDENT_SHAPE_REPRESENTATION(#404,#17064);
#169=CONTEXT_DEPENDENT_SHAPE_REPRESENTATION(#405,#17065);
#170=CONTEXT_DEPENDENT_SHAPE_REPRESENTATION(#406,#17066);
#171=CONTEXT_DEPENDENT_SHAPE_REPRESENTATION(#407,#17068);
#172=CONTEXT_DEPENDENT_SHAPE_REPRESENTATION(#408,#17069);
#173=CONTEXT_DEPENDENT_SHAPE_REPRESENTATION(#409,#17070);
#174=CONTEXT_DEPENDENT_SHAPE_REPRESENTATION(#410,#17072);
#175=CONTEXT_DEPENDENT_SHAPE_REPRESENTATION(#411,#17073);
#176=CONTEXT_DEPENDENT_SHAPE_REPRESENTATION(#412,#17074);
#177=CONTEXT_DEPENDENT_SHAPE_REPRESENTATION(#413,#17076);
#178=CONTEXT_DEPENDENT_SHAPE_REPRESENTATION(#414,#17077);
#179=CONTEXT_DEPENDENT_SHAPE_REPRESENTATION(#415,#17078);
#180=CONTEXT_DEPENDENT_SHAPE_REPRESENTATION(#416,#17081);
#181=CONTEXT_DEPENDENT_SHAPE_REPRESENTATION(#417,#17082);
#182=CONTEXT_DEPENDENT_SHAPE_REPRESENTATION(#418,#17083);
#183=CONTEXT_DEPENDENT_SHAPE_REPRESENTATION(#419,#17084);
#184=CONTEXT_DEPENDENT_SHAPE_REPRESENTATION(#420,#17086);
#185=CONTEXT_DEPENDENT_SHAPE_REPRESENTATION(#421,#17087);
#186=CONTEXT_DEPENDENT_SHAPE_REPRESENTATION(#422,#17088);
#187=CONTEXT_DEPENDENT_SHAPE_REPRESENTATION(#423,#17091);
#188=CONTEXT_DEPENDENT_SHAPE_REPRESENTATION(#424,#17092);
#189=CONTEXT_DEPENDENT_SHAPE_REPRESENTATION(#425,#17093);
#190=CONTEXT_DEPENDENT_SHAPE_REPRESENTATION(#426,#17094);
#191=CONTEXT_DEPENDENT_SHAPE_REPRESENTATION(#427,#17097);
#192=CONTEXT_DEPENDENT_SHAPE_REPRESENTATION(#428,#17098);
#193=CONTEXT_DEPENDENT_SHAPE_REPRESENTATION(#429,#17099);
#194=CONTEXT_DEPENDENT_SHAPE_REPRESENTATION(#430,#17100);
#195=CONTEXT_DEPENDENT_SHAPE_REPRESENTATION(#431,#17102);
#196=CONTEXT_DEPENDENT_SHAPE_REPRESENTATION(#432,#17103);
#197=CONTEXT_DEPENDENT_SHAPE_REPRESENTATION(#433,#17104);
#198=CONTEXT_DEPENDENT_SHAPE_REPRESENTATION(#434,#17106);
#199=CONTEXT_DEPENDENT_SHAPE_REPRESENTATION(#435,#17107);
#200=CONTEXT_DEPENDENT_SHAPE_REPRESENTATION(#436,#17108);
#201=CONTEXT_DEPENDENT_SHAPE_REPRESENTATION(#437,#17111);
#202=CONTEXT_DEPENDENT_SHAPE_REPRESENTATION(#438,#17112);
#203=CONTEXT_DEPENDENT_SHAPE_REPRESENTATION(#439,#17113);
#204=CONTEXT_DEPENDENT_SHAPE_REPRESENTATION(#440,#17114);
#205=CONTEXT_DEPENDENT_SHAPE_REPRESENTATION(#441,#17117);
#206=CONTEXT_DEPENDENT_SHAPE_REPRESENTATION(#442,#17118);
#207=CONTEXT_DEPENDENT_SHAPE_REPRESENTATION(#443,#17119);
#208=CONTEXT_DEPENDENT_SHAPE_REPRESENTATION(#444,#17120);
#209=CONTEXT_DEPENDENT_SHAPE_REPRESENTATION(#445,#17122);
#210=CONTEXT_DEPENDENT_SHAPE_REPRESENTATION(#446,#17123);
#211=CONTEXT_DEPENDENT_SHAPE_REPRESENTATION(#447,#17124);
#212=CONTEXT_DEPENDENT_SHAPE_REPRESENTATION(#448,#17126);
#213=CONTEXT_DEPENDENT_SHAPE_REPRESENTATION(#449,#17127);
#214=CONTEXT_DEPENDENT_SHAPE_REPRESENTATION(#450,#17128);
#215=CONTEXT_DEPENDENT_SHAPE_REPRESENTATION(#451,#17130);
#216=CONTEXT_DEPENDENT_SHAPE_REPRESENTATION(#452,#17131);
#217=CONTEXT_DEPENDENT_SHAPE_REPRESENTATION(#453,#17132);
#218=NEXT_ASSEMBLY_USAGE_OCCURRENCE('NAUO1','Duskpad_PCB','Duskpad_PCB',
#17133,#17134,'');
#219=NEXT_ASSEMBLY_USAGE_OCCURRENCE('NAUO2','Part 2','Part 2',#17133,#17135,
'');
#220=NEXT_ASSEMBLY_USAGE_OCCURRENCE('NAUO3','\X2\05AB00BD011F\X0\__\X2\012C024F\X0\_
_\X\A8\X\A8_','\X2\05AB00BD011F\X0\__\X2\012C024F\X0\__\X\A8\X\A8_',#17137,
#17138,'');
#221=NEXT_ASSEMBLY_USAGE_OCCURRENCE('NAUO4','\X2\05AB00BD011F\X0\__\X2\012C024F\X0\_
_\X\A8\X\A8_','\X2\05AB00BD011F\X0\__\X2\012C024F\X0\__\X\A8\X\A8_',#17137,
#17139,'');
#222=NEXT_ASSEMBLY_USAGE_OCCURRENCE('NAUO5',
'MX \X\B0\X\B4\X\BC\X\FC_\X\A8\X\B9_\X\A1\X\A71 (13) <1>',
'MX \X\B0\X\B4\X\BC\X\FC_\X\A8\X\B9_\X\A1\X\A71 (13) <1>',#17136,#17137,
'');
#223=NEXT_ASSEMBLY_USAGE_OCCURRENCE('NAUO6','MX (13) <1>','MX (13) <1>',
#17133,#17136,'');
#224=NEXT_ASSEMBLY_USAGE_OCCURRENCE('NAUO7',
'D_DO-35_SOD27_P7.62mm_Horizontal','D_DO-35_SOD27_P7.62mm_Horizontal',#17140,
#17141,'');
#225=NEXT_ASSEMBLY_USAGE_OCCURRENCE('NAUO8',
'D_DO-35_SOD27_P7.62mm_Horizontal','D_DO-35_SOD27_P7.62mm_Horizontal',#17140,
#17142,'');
#226=NEXT_ASSEMBLY_USAGE_OCCURRENCE('NAUO9',
'D_DO-35_SOD27_P7.62mm_Horizontal (7) <1>',
'D_DO-35_SOD27_P7.62mm_Horizontal (7) <1>',#17133,#17140,'');
#227=NEXT_ASSEMBLY_USAGE_OCCURRENCE('NAUO10','Part 1','Part 1',#17133,#17143,
'');
#228=NEXT_ASSEMBLY_USAGE_OCCURRENCE('NAUO11','\X2\05AB00BD011F\X0\__\X2\012C024F\X0\_
_\X\A8\X\A8_','\X2\05AB00BD011F\X0\__\X2\012C024F\X0\__\X\A8\X\A8_',#17145,
#17138,'');
#229=NEXT_ASSEMBLY_USAGE_OCCURRENCE('NAUO12','\X2\05AB00BD011F\X0\__\X2\012C024F\X0\_
_\X\A8\X\A8_','\X2\05AB00BD011F\X0\__\X2\012C024F\X0\__\X\A8\X\A8_',#17145,
#17139,'');
#230=NEXT_ASSEMBLY_USAGE_OCCURRENCE('NAUO13',
'MX \X\B0\X\B4\X\BC\X\FC_\X\A8\X\B9_\X\A1\X\A71 (2) <1>',
'MX \X\B0\X\B4\X\BC\X\FC_\X\A8\X\B9_\X\A1\X\A71 (2) <1>',#17144,#17145,
'');
#231=NEXT_ASSEMBLY_USAGE_OCCURRENCE('NAUO14','MX (2) <1>','MX (2) <1>',
#17133,#17144,'');
#232=NEXT_ASSEMBLY_USAGE_OCCURRENCE('NAUO15','\X2\05AB00BD011F\X0\__\X2\012C024F\X0\_
_\X\A8\X\A8_','\X2\05AB00BD011F\X0\__\X2\012C024F\X0\__\X\A8\X\A8_',#17147,
#17138,'');
#233=NEXT_ASSEMBLY_USAGE_OCCURRENCE('NAUO16','\X2\05AB00BD011F\X0\__\X2\012C024F\X0\_
_\X\A8\X\A8_','\X2\05AB00BD011F\X0\__\X2\012C024F\X0\__\X\A8\X\A8_',#17147,
#17139,'');
#234=NEXT_ASSEMBLY_USAGE_OCCURRENCE('NAUO17',
'MX \X\B0\X\B4\X\BC\X\FC_\X\A8\X\B9_\X\A1\X\A71 (5) <1>',
'MX \X\B0\X\B4\X\BC\X\FC_\X\A8\X\B9_\X\A1\X\A71 (5) <1>',#17146,#17147,
'');
#235=NEXT_ASSEMBLY_USAGE_OCCURRENCE('NAUO18','MX (5) <1>','MX (5) <1>',
#17133,#17146,'');
#236=NEXT_ASSEMBLY_USAGE_OCCURRENCE('NAUO19','\X2\05AB00BD011F\X0\__\X2\012C024F\X0\_
_\X\A8\X\A8_','\X2\05AB00BD011F\X0\__\X2\012C024F\X0\__\X\A8\X\A8_',#17149,
#17138,'');
#237=NEXT_ASSEMBLY_USAGE_OCCURRENCE('NAUO20','\X2\05AB00BD011F\X0\__\X2\012C024F\X0\_
_\X\A8\X\A8_','\X2\05AB00BD011F\X0\__\X2\012C024F\X0\__\X\A8\X\A8_',#17149,
#17139,'');
#238=NEXT_ASSEMBLY_USAGE_OCCURRENCE('NAUO21',
'MX \X\B0\X\B4\X\BC\X\FC_\X\A8\X\B9_\X\A1\X\A71 (11) <1>',
'MX \X\B0\X\B4\X\BC\X\FC_\X\A8\X\B9_\X\A1\X\A71 (11) <1>',#17148,#17149,
'');
#239=NEXT_ASSEMBLY_USAGE_OCCURRENCE('NAUO22','MX (11) <1>',
'MX (11) <1>',#17133,#17148,'');
#240=NEXT_ASSEMBLY_USAGE_OCCURRENCE('NAUO23','\X2\05AB00BD011F\X0\__\X2\012C024F\X0\_
_\X\A8\X\A8_','\X2\05AB00BD011F\X0\__\X2\012C024F\X0\__\X\A8\X\A8_',#17151,
#17138,'');
#241=NEXT_ASSEMBLY_USAGE_OCCURRENCE('NAUO24','\X2\05AB00BD011F\X0\__\X2\012C024F\X0\_
_\X\A8\X\A8_','\X2\05AB00BD011F\X0\__\X2\012C024F\X0\__\X\A8\X\A8_',#17151,
#17139,'');
#242=NEXT_ASSEMBLY_USAGE_OCCURRENCE('NAUO25',
'MX \X\B0\X\B4\X\BC\X\FC_\X\A8\X\B9_\X\A1\X\A71 (12) <1>',
'MX \X\B0\X\B4\X\BC\X\FC_\X\A8\X\B9_\X\A1\X\A71 (12) <1>',#17150,#17151,
'');
#243=NEXT_ASSEMBLY_USAGE_OCCURRENCE('NAUO26','MX (12) <1>',
'MX (12) <1>',#17133,#17150,'');
#244=NEXT_ASSEMBLY_USAGE_OCCURRENCE('NAUO27','\X2\05AB00BD011F\X0\__\X2\012C024F\X0\_
_\X\A8\X\A8_','\X2\05AB00BD011F\X0\__\X2\012C024F\X0\__\X\A8\X\A8_',#17153,
#17139,'');
#245=NEXT_ASSEMBLY_USAGE_OCCURRENCE('NAUO28','\X2\05AB00BD011F\X0\__\X2\012C024F\X0\_
_\X\A8\X\A8_','\X2\05AB00BD011F\X0\__\X2\012C024F\X0\__\X\A8\X\A8_',#17153,
#17138,'');
#246=NEXT_ASSEMBLY_USAGE_OCCURRENCE('NAUO29',
'MX \X\B0\X\B4\X\BC\X\FC_\X\A8\X\B9_\X\A1\X\A71 (8) <1>',
'MX \X\B0\X\B4\X\BC\X\FC_\X\A8\X\B9_\X\A1\X\A71 (8) <1>',#17152,#17153,
'');
#247=NEXT_ASSEMBLY_USAGE_OCCURRENCE('NAUO30','MX (8) <1>','MX (8) <1>',
#17133,#17152,'');
#248=NEXT_ASSEMBLY_USAGE_OCCURRENCE('NAUO31',
'D_DO-35_SOD27_P7.62mm_Horizontal','D_DO-35_SOD27_P7.62mm_Horizontal',#17154,
#17141,'');
#249=NEXT_ASSEMBLY_USAGE_OCCURRENCE('NAUO32',
'D_DO-35_SOD27_P7.62mm_Horizontal','D_DO-35_SOD27_P7.62mm_Horizontal',#17154,
#17142,'');
#250=NEXT_ASSEMBLY_USAGE_OCCURRENCE('NAUO33',
'D_DO-35_SOD27_P7.62mm_Horizontal (15) <1>',
'D_DO-35_SOD27_P7.62mm_Horizontal (15) <1>',#17133,#17154,'');
#251=NEXT_ASSEMBLY_USAGE_OCCURRENCE('NAUO34','\X2\05AB00BD011F\X0\__\X2\012C024F\X0\_
_\X\A8\X\A8_','\X2\05AB00BD011F\X0\__\X2\012C024F\X0\__\X\A8\X\A8_',#17156,
#17139,'');
#252=NEXT_ASSEMBLY_USAGE_OCCURRENCE('NAUO35','\X2\05AB00BD011F\X0\__\X2\012C024F\X0\_
_\X\A8\X\A8_','\X2\05AB00BD011F\X0\__\X2\012C024F\X0\__\X\A8\X\A8_',#17156,
#17138,'');
#253=NEXT_ASSEMBLY_USAGE_OCCURRENCE('NAUO36',
'MX \X\B0\X\B4\X\BC\X\FC_\X\A8\X\B9_\X\A1\X\A71 (3) <1>',
'MX \X\B0\X\B4\X\BC\X\FC_\X\A8\X\B9_\X\A1\X\A71 (3) <1>',#17155,#17156,
'');
#254=NEXT_ASSEMBLY_USAGE_OCCURRENCE('NAUO37','MX (3) <1>','MX (3) <1>',
#17133,#17155,'');
#255=NEXT_ASSEMBLY_USAGE_OCCURRENCE('NAUO38','Part 3','Part 3',#17133,#17157,
'');
#256=NEXT_ASSEMBLY_USAGE_OCCURRENCE('NAUO39',
'D_DO-35_SOD27_P7.62mm_Horizontal','D_DO-35_SOD27_P7.62mm_Horizontal',#17158,
#17142,'');
#257=NEXT_ASSEMBLY_USAGE_OCCURRENCE('NAUO40',
'D_DO-35_SOD27_P7.62mm_Horizontal','D_DO-35_SOD27_P7.62mm_Horizontal',#17158,
#17141,'');
#258=NEXT_ASSEMBLY_USAGE_OCCURRENCE('NAUO41',
'D_DO-35_SOD27_P7.62mm_Horizontal (1) <1>',
'D_DO-35_SOD27_P7.62mm_Horizontal (1) <1>',#17133,#17158,'');
#259=NEXT_ASSEMBLY_USAGE_OCCURRENCE('NAUO42',
'D_DO-35_SOD27_P7.62mm_Horizontal','D_DO-35_SOD27_P7.62mm_Horizontal',#17159,
#17141,'');
#260=NEXT_ASSEMBLY_USAGE_OCCURRENCE('NAUO43',
'D_DO-35_SOD27_P7.62mm_Horizontal','D_DO-35_SOD27_P7.62mm_Horizontal',#17159,
#17142,'');
#261=NEXT_ASSEMBLY_USAGE_OCCURRENCE('NAUO44',
'D_DO-35_SOD27_P7.62mm_Horizontal (12) <1>',
'D_DO-35_SOD27_P7.62mm_Horizontal (12) <1>',#17133,#17159,'');
#262=NEXT_ASSEMBLY_USAGE_OCCURRENCE('NAUO45','\X2\05AB00BD011F\X0\__\X2\012C024F\X0\_
_\X\A8\X\A8_','\X2\05AB00BD011F\X0\__\X2\012C024F\X0\__\X\A8\X\A8_',#17161,
#17139,'');
#263=NEXT_ASSEMBLY_USAGE_OCCURRENCE('NAUO46','\X2\05AB00BD011F\X0\__\X2\012C024F\X0\_
_\X\A8\X\A8_','\X2\05AB00BD011F\X0\__\X2\012C024F\X0\__\X\A8\X\A8_',#17161,
#17138,'');
#264=NEXT_ASSEMBLY_USAGE_OCCURRENCE('NAUO47',
'MX \X\B0\X\B4\X\BC\X\FC_\X\A8\X\B9_\X\A1\X\A71 (10) <1>',
'MX \X\B0\X\B4\X\BC\X\FC_\X\A8\X\B9_\X\A1\X\A71 (10) <1>',#17160,#17161,
'');
#265=NEXT_ASSEMBLY_USAGE_OCCURRENCE('NAUO48','MX (10) <1>',
'MX (10) <1>',#17133,#17160,'');
#266=NEXT_ASSEMBLY_USAGE_OCCURRENCE('NAUO49',
'D_DO-35_SOD27_P7.62mm_Horizontal','D_DO-35_SOD27_P7.62mm_Horizontal',#17162,
#17141,'');
#267=NEXT_ASSEMBLY_USAGE_OCCURRENCE('NAUO50',
'D_DO-35_SOD27_P7.62mm_Horizontal','D_DO-35_SOD27_P7.62mm_Horizontal',#17162,
#17142,'');
#268=NEXT_ASSEMBLY_USAGE_OCCURRENCE('NAUO51',
'D_DO-35_SOD27_P7.62mm_Horizontal (8) <1>',
'D_DO-35_SOD27_P7.62mm_Horizontal (8) <1>',#17133,#17162,'');
#269=NEXT_ASSEMBLY_USAGE_OCCURRENCE('NAUO52','\X2\05AB00BD011F\X0\__\X2\012C024F\X0\_
_\X\A8\X\A8_','\X2\05AB00BD011F\X0\__\X2\012C024F\X0\__\X\A8\X\A8_',#17164,
#17138,'');
#270=NEXT_ASSEMBLY_USAGE_OCCURRENCE('NAUO53','\X2\05AB00BD011F\X0\__\X2\012C024F\X0\_
_\X\A8\X\A8_','\X2\05AB00BD011F\X0\__\X2\012C024F\X0\__\X\A8\X\A8_',#17164,
#17139,'');
#271=NEXT_ASSEMBLY_USAGE_OCCURRENCE('NAUO54',
'MX \X\B0\X\B4\X\BC\X\FC_\X\A8\X\B9_\X\A1\X\A71 (9) <1>',
'MX \X\B0\X\B4\X\BC\X\FC_\X\A8\X\B9_\X\A1\X\A71 (9) <1>',#17163,#17164,
'');
#272=NEXT_ASSEMBLY_USAGE_OCCURRENCE('NAUO55','MX (9) <1>','MX (9) <1>',
#17133,#17163,'');
#273=NEXT_ASSEMBLY_USAGE_OCCURRENCE('NAUO56',
'D_DO-35_SOD27_P7.62mm_Horizontal','D_DO-35_SOD27_P7.62mm_Horizontal',#17165,
#17141,'');
#274=NEXT_ASSEMBLY_USAGE_OCCURRENCE('NAUO57',
'D_DO-35_SOD27_P7.62mm_Horizontal','D_DO-35_SOD27_P7.62mm_Horizontal',#17165,
#17142,'');
#275=NEXT_ASSEMBLY_USAGE_OCCURRENCE('NAUO58',
'D_DO-35_SOD27_P7.62mm_Horizontal (10) <1>',
'D_DO-35_SOD27_P7.62mm_Horizontal (10) <1>',#17133,#17165,'');
#276=NEXT_ASSEMBLY_USAGE_OCCURRENCE('NAUO59','DSA 1u v2','DSA 1u v2',#17166,
#17167,'');
#277=NEXT_ASSEMBLY_USAGE_OCCURRENCE('NAUO60','DSA 1u v2 <2>',
'DSA 1u v2 <2>',#17133,#17166,'');
#278=NEXT_ASSEMBLY_USAGE_OCCURRENCE('NAUO61',
'D_DO-35_SOD27_P7.62mm_Horizontal','D_DO-35_SOD27_P7.62mm_Horizontal',#17168,
#17142,'');
#279=NEXT_ASSEMBLY_USAGE_OCCURRENCE('NAUO62',
'D_DO-35_SOD27_P7.62mm_Horizontal','D_DO-35_SOD27_P7.62mm_Horizontal',#17168,
#17141,'');
#280=NEXT_ASSEMBLY_USAGE_OCCURRENCE('NAUO63',
'D_DO-35_SOD27_P7.62mm_Horizontal (11) <1>',
'D_DO-35_SOD27_P7.62mm_Horizontal (11) <1>',#17133,#17168,'');
#281=NEXT_ASSEMBLY_USAGE_OCCURRENCE('NAUO64','\X2\05AB00BD011F\X0\__\X2\012C024F\X0\_
_\X\A8\X\A8_','\X2\05AB00BD011F\X0\__\X2\012C024F\X0\__\X\A8\X\A8_',#17170,
#17138,'');
#282=NEXT_ASSEMBLY_USAGE_OCCURRENCE('NAUO65','\X2\05AB00BD011F\X0\__\X2\012C024F\X0\_
_\X\A8\X\A8_','\X2\05AB00BD011F\X0\__\X2\012C024F\X0\__\X\A8\X\A8_',#17170,
#17139,'');
#283=NEXT_ASSEMBLY_USAGE_OCCURRENCE('NAUO66',
'MX \X\B0\X\B4\X\BC\X\FC_\X\A8\X\B9_\X\A1\X\A71 (4) <1>',
'MX \X\B0\X\B4\X\BC\X\FC_\X\A8\X\B9_\X\A1\X\A71 (4) <1>',#17169,#17170,
'');
#284=NEXT_ASSEMBLY_USAGE_OCCURRENCE('NAUO67','MX (4) <1>','MX (4) <1>',
#17133,#17169,'');
#285=NEXT_ASSEMBLY_USAGE_OCCURRENCE('NAUO68','\X2\05AB00BD011F\X0\__\X2\012C024F\X0\_
_\X\A8\X\A8_','\X2\05AB00BD011F\X0\__\X2\012C024F\X0\__\X\A8\X\A8_',#17172,
#17138,'');
#286=NEXT_ASSEMBLY_USAGE_OCCURRENCE('NAUO69','\X2\05AB00BD011F\X0\__\X2\012C024F\X0\_
_\X\A8\X\A8_','\X2\05AB00BD011F\X0\__\X2\012C024F\X0\__\X\A8\X\A8_',#17172,
#17139,'');
#287=NEXT_ASSEMBLY_USAGE_OCCURRENCE('NAUO70',
'MX \X\B0\X\B4\X\BC\X\FC_\X\A8\X\B9_\X\A1\X\A71 <1>',
'MX \X\B0\X\B4\X\BC\X\FC_\X\A8\X\B9_\X\A1\X\A71 <1>',#17171,#17172,'');
#288=NEXT_ASSEMBLY_USAGE_OCCURRENCE('NAUO71','MX <1>','MX <1>',#17133,#17171,
'');
#289=NEXT_ASSEMBLY_USAGE_OCCURRENCE('NAUO72',
'D_DO-35_SOD27_P7.62mm_Horizontal','D_DO-35_SOD27_P7.62mm_Horizontal',#17173,
#17141,'');
#290=NEXT_ASSEMBLY_USAGE_OCCURRENCE('NAUO73',
'D_DO-35_SOD27_P7.62mm_Horizontal','D_DO-35_SOD27_P7.62mm_Horizontal',#17173,
#17142,'');
#291=NEXT_ASSEMBLY_USAGE_OCCURRENCE('NAUO74',
'D_DO-35_SOD27_P7.62mm_Horizontal (5) <1>',
'D_DO-35_SOD27_P7.62mm_Horizontal (5) <1>',#17133,#17173,'');
#292=NEXT_ASSEMBLY_USAGE_OCCURRENCE('NAUO75',
'D_DO-35_SOD27_P7.62mm_Horizontal','D_DO-35_SOD27_P7.62mm_Horizontal',#17174,
#17142,'');
#293=NEXT_ASSEMBLY_USAGE_OCCURRENCE('NAUO76',
'D_DO-35_SOD27_P7.62mm_Horizontal','D_DO-35_SOD27_P7.62mm_Horizontal',#17174,
#17141,'');
#294=NEXT_ASSEMBLY_USAGE_OCCURRENCE('NAUO77',
'D_DO-35_SOD27_P7.62mm_Horizontal (4) <1>',
'D_DO-35_SOD27_P7.62mm_Horizontal (4) <1>',#17133,#17174,'');
#295=NEXT_ASSEMBLY_USAGE_OCCURRENCE('NAUO78',
'D_DO-35_SOD27_P7.62mm_Horizontal','D_DO-35_SOD27_P7.62mm_Horizontal',#17175,
#17142,'');
#296=NEXT_ASSEMBLY_USAGE_OCCURRENCE('NAUO79',
'D_DO-35_SOD27_P7.62mm_Horizontal','D_DO-35_SOD27_P7.62mm_Horizontal',#17175,
#17141,'');
#297=NEXT_ASSEMBLY_USAGE_OCCURRENCE('NAUO80',
'D_DO-35_SOD27_P7.62mm_Horizontal (6) <1>',
'D_DO-35_SOD27_P7.62mm_Horizontal (6) <1>',#17133,#17175,'');
#298=NEXT_ASSEMBLY_USAGE_OCCURRENCE('NAUO81','\X2\05AB00BD011F\X0\__\X2\012C024F\X0\_
_\X\A8\X\A8_','\X2\05AB00BD011F\X0\__\X2\012C024F\X0\__\X\A8\X\A8_',#17177,
#17139,'');
#299=NEXT_ASSEMBLY_USAGE_OCCURRENCE('NAUO82','\X2\05AB00BD011F\X0\__\X2\012C024F\X0\_
_\X\A8\X\A8_','\X2\05AB00BD011F\X0\__\X2\012C024F\X0\__\X\A8\X\A8_',#17177,
#17138,'');
#300=NEXT_ASSEMBLY_USAGE_OCCURRENCE('NAUO83',
'MX \X\B0\X\B4\X\BC\X\FC_\X\A8\X\B9_\X\A1\X\A71 (14) <1>',
'MX \X\B0\X\B4\X\BC\X\FC_\X\A8\X\B9_\X\A1\X\A71 (14) <1>',#17176,#17177,
'');
#301=NEXT_ASSEMBLY_USAGE_OCCURRENCE('NAUO84','MX (14) <1>',
'MX (14) <1>',#17133,#17176,'');
#302=NEXT_ASSEMBLY_USAGE_OCCURRENCE('NAUO85',
'D_DO-35_SOD27_P7.62mm_Horizontal','D_DO-35_SOD27_P7.62mm_Horizontal',#17178,
#17142,'');
#303=NEXT_ASSEMBLY_USAGE_OCCURRENCE('NAUO86',
'D_DO-35_SOD27_P7.62mm_Horizontal','D_DO-35_SOD27_P7.62mm_Horizontal',#17178,
#17141,'');
#304=NEXT_ASSEMBLY_USAGE_OCCURRENCE('NAUO87',
'D_DO-35_SOD27_P7.62mm_Horizontal (9) <1>',
'D_DO-35_SOD27_P7.62mm_Horizontal (9) <1>',#17133,#17178,'');
#305=NEXT_ASSEMBLY_USAGE_OCCURRENCE('NAUO88','\X2\05AB00BD011F\X0\__\X2\012C024F\X0\_
_\X\A8\X\A8_','\X2\05AB00BD011F\X0\__\X2\012C024F\X0\__\X\A8\X\A8_',#17180,
#17139,'');
#306=NEXT_ASSEMBLY_USAGE_OCCURRENCE('NAUO89','\X2\05AB00BD011F\X0\__\X2\012C024F\X0\_
_\X\A8\X\A8_','\X2\05AB00BD011F\X0\__\X2\012C024F\X0\__\X\A8\X\A8_',#17180,
#17138,'');
#307=NEXT_ASSEMBLY_USAGE_OCCURRENCE('NAUO90',
'MX \X\B0\X\B4\X\BC\X\FC_\X\A8\X\B9_\X\A1\X\A71 (1) <1>',
'MX \X\B0\X\B4\X\BC\X\FC_\X\A8\X\B9_\X\A1\X\A71 (1) <1>',#17179,#17180,
'');
#308=NEXT_ASSEMBLY_USAGE_OCCURRENCE('NAUO91','MX (1) <1>','MX (1) <1>',
#17133,#17179,'');
#309=NEXT_ASSEMBLY_USAGE_OCCURRENCE('NAUO92','\X2\05AB00BD011F\X0\__\X2\012C024F\X0\_
_\X\A8\X\A8_','\X2\05AB00BD011F\X0\__\X2\012C024F\X0\__\X\A8\X\A8_',#17182,
#17138,'');
#310=NEXT_ASSEMBLY_USAGE_OCCURRENCE('NAUO93','\X2\05AB00BD011F\X0\__\X2\012C024F\X0\_
_\X\A8\X\A8_','\X2\05AB00BD011F\X0\__\X2\012C024F\X0\__\X\A8\X\A8_',#17182,
#17139,'');
#311=NEXT_ASSEMBLY_USAGE_OCCURRENCE('NAUO94',
'MX \X\B0\X\B4\X\BC\X\FC_\X\A8\X\B9_\X\A1\X\A71 (7) <1>',
'MX \X\B0\X\B4\X\BC\X\FC_\X\A8\X\B9_\X\A1\X\A71 (7) <1>',#17181,#17182,
'');
#312=NEXT_ASSEMBLY_USAGE_OCCURRENCE('NAUO95','MX (7) <1>','MX (7) <1>',
#17133,#17181,'');
#313=NEXT_ASSEMBLY_USAGE_OCCURRENCE('NAUO96',
'D_DO-35_SOD27_P7.62mm_Horizontal','D_DO-35_SOD27_P7.62mm_Horizontal',#17183,
#17141,'');
#314=NEXT_ASSEMBLY_USAGE_OCCURRENCE('NAUO97',
'D_DO-35_SOD27_P7.62mm_Horizontal','D_DO-35_SOD27_P7.62mm_Horizontal',#17183,
#17142,'');
#315=NEXT_ASSEMBLY_USAGE_OCCURRENCE('NAUO98',
'D_DO-35_SOD27_P7.62mm_Horizontal (13) <1>',
'D_DO-35_SOD27_P7.62mm_Horizontal (13) <1>',#17133,#17183,'');
#316=NEXT_ASSEMBLY_USAGE_OCCURRENCE('NAUO99',
'D_DO-35_SOD27_P7.62mm_Horizontal','D_DO-35_SOD27_P7.62mm_Horizontal',#17184,
#17141,'');
#317=NEXT_ASSEMBLY_USAGE_OCCURRENCE('NAUO100',
'D_DO-35_SOD27_P7.62mm_Horizontal','D_DO-35_SOD27_P7.62mm_Horizontal',#17184,
#17142,'');
#318=NEXT_ASSEMBLY_USAGE_OCCURRENCE('NAUO101',
'D_DO-35_SOD27_P7.62mm_Horizontal (2) <1>',
'D_DO-35_SOD27_P7.62mm_Horizontal (2) <1>',#17133,#17184,'');
#319=NEXT_ASSEMBLY_USAGE_OCCURRENCE('NAUO102','\X2\05AB00BD011F\X0\__\X2\012C024F\X0\_
_\X\A8\X\A8_','\X2\05AB00BD011F\X0\__\X2\012C024F\X0\__\X\A8\X\A8_',#17186,
#17139,'');
#320=NEXT_ASSEMBLY_USAGE_OCCURRENCE('NAUO103','\X2\05AB00BD011F\X0\__\X2\012C024F\X0\_
_\X\A8\X\A8_','\X2\05AB00BD011F\X0\__\X2\012C024F\X0\__\X\A8\X\A8_',#17186,
#17138,'');
#321=NEXT_ASSEMBLY_USAGE_OCCURRENCE('NAUO104',
'MX \X\B0\X\B4\X\BC\X\FC_\X\A8\X\B9_\X\A1\X\A71 (15) <1>',
'MX \X\B0\X\B4\X\BC\X\FC_\X\A8\X\B9_\X\A1\X\A71 (15) <1>',#17185,#17186,
'');
#322=NEXT_ASSEMBLY_USAGE_OCCURRENCE('NAUO105','MX (15) <1>',
'MX (15) <1>',#17133,#17185,'');
#323=NEXT_ASSEMBLY_USAGE_OCCURRENCE('NAUO106','\X2\05AB00BD011F\X0\__\X2\012C024F\X0\_
_\X\A8\X\A8_','\X2\05AB00BD011F\X0\__\X2\012C024F\X0\__\X\A8\X\A8_',#17188,
#17139,'');
#324=NEXT_ASSEMBLY_USAGE_OCCURRENCE('NAUO107','\X2\05AB00BD011F\X0\__\X2\012C024F\X0\_
_\X\A8\X\A8_','\X2\05AB00BD011F\X0\__\X2\012C024F\X0\__\X\A8\X\A8_',#17188,
#17138,'');
#325=NEXT_ASSEMBLY_USAGE_OCCURRENCE('NAUO108',
'MX \X\B0\X\B4\X\BC\X\FC_\X\A8\X\B9_\X\A1\X\A71 (6) <1>',
'MX \X\B0\X\B4\X\BC\X\FC_\X\A8\X\B9_\X\A1\X\A71 (6) <1>',#17187,#17188,
'');
#326=NEXT_ASSEMBLY_USAGE_OCCURRENCE('NAUO109','MX (6) <1>','MX (6) <1>',
#17133,#17187,'');
#327=NEXT_ASSEMBLY_USAGE_OCCURRENCE('NAUO110',
'D_DO-35_SOD27_P7.62mm_Horizontal','D_DO-35_SOD27_P7.62mm_Horizontal',#17189,
#17141,'');
#328=NEXT_ASSEMBLY_USAGE_OCCURRENCE('NAUO111',
'D_DO-35_SOD27_P7.62mm_Horizontal','D_DO-35_SOD27_P7.62mm_Horizontal',#17189,
#17142,'');
#329=NEXT_ASSEMBLY_USAGE_OCCURRENCE('NAUO112',
'D_DO-35_SOD27_P7.62mm_Horizontal (14) <1>',
'D_DO-35_SOD27_P7.62mm_Horizontal (14) <1>',#17133,#17189,'');
#330=NEXT_ASSEMBLY_USAGE_OCCURRENCE('NAUO113',
'D_DO-35_SOD27_P7.62mm_Horizontal','D_DO-35_SOD27_P7.62mm_Horizontal',#17190,
#17141,'');
#331=NEXT_ASSEMBLY_USAGE_OCCURRENCE('NAUO114',
'D_DO-35_SOD27_P7.62mm_Horizontal','D_DO-35_SOD27_P7.62mm_Horizontal',#17190,
#17142,'');
#332=NEXT_ASSEMBLY_USAGE_OCCURRENCE('NAUO115',
'D_DO-35_SOD27_P7.62mm_Horizontal <1>',
'D_DO-35_SOD27_P7.62mm_Horizontal <1>',#17133,#17190,'');
#333=NEXT_ASSEMBLY_USAGE_OCCURRENCE('NAUO116',
'D_DO-35_SOD27_P7.62mm_Horizontal','D_DO-35_SOD27_P7.62mm_Horizontal',#17191,
#17141,'');
#334=NEXT_ASSEMBLY_USAGE_OCCURRENCE('NAUO117',
'D_DO-35_SOD27_P7.62mm_Horizontal','D_DO-35_SOD27_P7.62mm_Horizontal',#17191,
#17142,'');
#335=NEXT_ASSEMBLY_USAGE_OCCURRENCE('NAUO118',
'D_DO-35_SOD27_P7.62mm_Horizontal (3) <1>',
'D_DO-35_SOD27_P7.62mm_Horizontal (3) <1>',#17133,#17191,'');
#336=(
REPRESENTATION_RELATIONSHIP(' ',' ',#9451,#9450)
REPRESENTATION_RELATIONSHIP_WITH_TRANSFORMATION(#454)
SHAPE_REPRESENTATION_RELATIONSHIP()
);
#337=(
REPRESENTATION_RELATIONSHIP(' ',' ',#9452,#9450)
REPRESENTATION_RELATIONSHIP_WITH_TRANSFORMATION(#455)
SHAPE_REPRESENTATION_RELATIONSHIP()
);
#338=(
REPRESENTATION_RELATIONSHIP(' ',' ',#9455,#9454)
REPRESENTATION_RELATIONSHIP_WITH_TRANSFORMATION(#456)
SHAPE_REPRESENTATION_RELATIONSHIP()
);
#339=(
REPRESENTATION_RELATIONSHIP(' ',' ',#9456,#9454)
REPRESENTATION_RELATIONSHIP_WITH_TRANSFORMATION(#457)
SHAPE_REPRESENTATION_RELATIONSHIP()
);
#340=(
REPRESENTATION_RELATIONSHIP(' ',' ',#9454,#9453)
REPRESENTATION_RELATIONSHIP_WITH_TRANSFORMATION(#458)
SHAPE_REPRESENTATION_RELATIONSHIP()
);
#341=(
REPRESENTATION_RELATIONSHIP(' ',' ',#9453,#9450)
REPRESENTATION_RELATIONSHIP_WITH_TRANSFORMATION(#459)
SHAPE_REPRESENTATION_RELATIONSHIP()
);
#342=(
REPRESENTATION_RELATIONSHIP(' ',' ',#9458,#9457)
REPRESENTATION_RELATIONSHIP_WITH_TRANSFORMATION(#460)
SHAPE_REPRESENTATION_RELATIONSHIP()
);
#343=(
REPRESENTATION_RELATIONSHIP(' ',' ',#9459,#9457)
REPRESENTATION_RELATIONSHIP_WITH_TRANSFORMATION(#461)
SHAPE_REPRESENTATION_RELATIONSHIP()
);
#344=(
REPRESENTATION_RELATIONSHIP(' ',' ',#9457,#9450)
REPRESENTATION_RELATIONSHIP_WITH_TRANSFORMATION(#462)
SHAPE_REPRESENTATION_RELATIONSHIP()
);
#345=(
REPRESENTATION_RELATIONSHIP(' ',' ',#9460,#9450)
REPRESENTATION_RELATIONSHIP_WITH_TRANSFORMATION(#463)
SHAPE_REPRESENTATION_RELATIONSHIP()
);
#346=(
REPRESENTATION_RELATIONSHIP(' ',' ',#9455,#9462)
REPRESENTATION_RELATIONSHIP_WITH_TRANSFORMATION(#464)
SHAPE_REPRESENTATION_RELATIONSHIP()
);
#347=(
REPRESENTATION_RELATIONSHIP(' ',' ',#9456,#9462)
REPRESENTATION_RELATIONSHIP_WITH_TRANSFORMATION(#465)
SHAPE_REPRESENTATION_RELATIONSHIP()
);
#348=(
REPRESENTATION_RELATIONSHIP(' ',' ',#9462,#9461)
REPRESENTATION_RELATIONSHIP_WITH_TRANSFORMATION(#466)
SHAPE_REPRESENTATION_RELATIONSHIP()
);
#349=(
REPRESENTATION_RELATIONSHIP(' ',' ',#9461,#9450)
REPRESENTATION_RELATIONSHIP_WITH_TRANSFORMATION(#467)
SHAPE_REPRESENTATION_RELATIONSHIP()
);
#350=(
REPRESENTATION_RELATIONSHIP(' ',' ',#9455,#9464)
REPRESENTATION_RELATIONSHIP_WITH_TRANSFORMATION(#468)
SHAPE_REPRESENTATION_RELATIONSHIP()
);
#351=(
REPRESENTATION_RELATIONSHIP(' ',' ',#9456,#9464)
REPRESENTATION_RELATIONSHIP_WITH_TRANSFORMATION(#469)
SHAPE_REPRESENTATION_RELATIONSHIP()
);
#352=(
REPRESENTATION_RELATIONSHIP(' ',' ',#9464,#9463)
REPRESENTATION_RELATIONSHIP_WITH_TRANSFORMATION(#470)
SHAPE_REPRESENTATION_RELATIONSHIP()
);
#353=(
REPRESENTATION_RELATIONSHIP(' ',' ',#9463,#9450)
REPRESENTATION_RELATIONSHIP_WITH_TRANSFORMATION(#471)
SHAPE_REPRESENTATION_RELATIONSHIP()
);
#354=(
REPRESENTATION_RELATIONSHIP(' ',' ',#9455,#9466)
REPRESENTATION_RELATIONSHIP_WITH_TRANSFORMATION(#472)
SHAPE_REPRESENTATION_RELATIONSHIP()
);
#355=(
REPRESENTATION_RELATIONSHIP(' ',' ',#9456,#9466)
REPRESENTATION_RELATIONSHIP_WITH_TRANSFORMATION(#473)
SHAPE_REPRESENTATION_RELATIONSHIP()
);
#356=(
REPRESENTATION_RELATIONSHIP(' ',' ',#9466,#9465)
REPRESENTATION_RELATIONSHIP_WITH_TRANSFORMATION(#474)
SHAPE_REPRESENTATION_RELATIONSHIP()
);
#357=(
REPRESENTATION_RELATIONSHIP(' ',' ',#9465,#9450)
REPRESENTATION_RELATIONSHIP_WITH_TRANSFORMATION(#475)
SHAPE_REPRESENTATION_RELATIONSHIP()
);
#358=(
REPRESENTATION_RELATIONSHIP(' ',' ',#9455,#9468)
REPRESENTATION_RELATIONSHIP_WITH_TRANSFORMATION(#476)
SHAPE_REPRESENTATION_RELATIONSHIP()
);
#359=(
REPRESENTATION_RELATIONSHIP(' ',' ',#9456,#9468)
REPRESENTATION_RELATIONSHIP_WITH_TRANSFORMATION(#477)
SHAPE_REPRESENTATION_RELATIONSHIP()
);
#360=(
REPRESENTATION_RELATIONSHIP(' ',' ',#9468,#9467)
REPRESENTATION_RELATIONSHIP_WITH_TRANSFORMATION(#478)
SHAPE_REPRESENTATION_RELATIONSHIP()
);
#361=(
REPRESENTATION_RELATIONSHIP(' ',' ',#9467,#9450)
REPRESENTATION_RELATIONSHIP_WITH_TRANSFORMATION(#479)
SHAPE_REPRESENTATION_RELATIONSHIP()
);
#362=(
REPRESENTATION_RELATIONSHIP(' ',' ',#9456,#9470)
REPRESENTATION_RELATIONSHIP_WITH_TRANSFORMATION(#480)
SHAPE_REPRESENTATION_RELATIONSHIP()
);
#363=(
REPRESENTATION_RELATIONSHIP(' ',' ',#9455,#9470)
REPRESENTATION_RELATIONSHIP_WITH_TRANSFORMATION(#481)
SHAPE_REPRESENTATION_RELATIONSHIP()
);
#364=(
REPRESENTATION_RELATIONSHIP(' ',' ',#9470,#9469)
REPRESENTATION_RELATIONSHIP_WITH_TRANSFORMATION(#482)
SHAPE_REPRESENTATION_RELATIONSHIP()
);
#365=(
REPRESENTATION_RELATIONSHIP(' ',' ',#9469,#9450)
REPRESENTATION_RELATIONSHIP_WITH_TRANSFORMATION(#483)
SHAPE_REPRESENTATION_RELATIONSHIP()
);
#366=(
REPRESENTATION_RELATIONSHIP(' ',' ',#9458,#9471)
REPRESENTATION_RELATIONSHIP_WITH_TRANSFORMATION(#484)
SHAPE_REPRESENTATION_RELATIONSHIP()
);
#367=(
REPRESENTATION_RELATIONSHIP(' ',' ',#9459,#9471)
REPRESENTATION_RELATIONSHIP_WITH_TRANSFORMATION(#485)
SHAPE_REPRESENTATION_RELATIONSHIP()
);
#368=(
REPRESENTATION_RELATIONSHIP(' ',' ',#9471,#9450)
REPRESENTATION_RELATIONSHIP_WITH_TRANSFORMATION(#486)
SHAPE_REPRESENTATION_RELATIONSHIP()
);
#369=(
REPRESENTATION_RELATIONSHIP(' ',' ',#9456,#9473)
REPRESENTATION_RELATIONSHIP_WITH_TRANSFORMATION(#487)
SHAPE_REPRESENTATION_RELATIONSHIP()
);
#370=(
REPRESENTATION_RELATIONSHIP(' ',' ',#9455,#9473)
REPRESENTATION_RELATIONSHIP_WITH_TRANSFORMATION(#488)
SHAPE_REPRESENTATION_RELATIONSHIP()
);
#371=(
REPRESENTATION_RELATIONSHIP(' ',' ',#9473,#9472)
REPRESENTATION_RELATIONSHIP_WITH_TRANSFORMATION(#489)
SHAPE_REPRESENTATION_RELATIONSHIP()
);
#372=(
REPRESENTATION_RELATIONSHIP(' ',' ',#9472,#9450)
REPRESENTATION_RELATIONSHIP_WITH_TRANSFORMATION(#490)
SHAPE_REPRESENTATION_RELATIONSHIP()
);
#373=(
REPRESENTATION_RELATIONSHIP(' ',' ',#9474,#9450)
REPRESENTATION_RELATIONSHIP_WITH_TRANSFORMATION(#491)
SHAPE_REPRESENTATION_RELATIONSHIP()
);
#374=(
REPRESENTATION_RELATIONSHIP(' ',' ',#9459,#9475)
REPRESENTATION_RELATIONSHIP_WITH_TRANSFORMATION(#492)
SHAPE_REPRESENTATION_RELATIONSHIP()
);
#375=(
REPRESENTATION_RELATIONSHIP(' ',' ',#9458,#9475)
REPRESENTATION_RELATIONSHIP_WITH_TRANSFORMATION(#493)
SHAPE_REPRESENTATION_RELATIONSHIP()
);
#376=(
REPRESENTATION_RELATIONSHIP(' ',' ',#9475,#9450)
REPRESENTATION_RELATIONSHIP_WITH_TRANSFORMATION(#494)
SHAPE_REPRESENTATION_RELATIONSHIP()
);
#377=(
REPRESENTATION_RELATIONSHIP(' ',' ',#9458,#9476)
REPRESENTATION_RELATIONSHIP_WITH_TRANSFORMATION(#495)
SHAPE_REPRESENTATION_RELATIONSHIP()
);
#378=(
REPRESENTATION_RELATIONSHIP(' ',' ',#9459,#9476)
REPRESENTATION_RELATIONSHIP_WITH_TRANSFORMATION(#496)
SHAPE_REPRESENTATION_RELATIONSHIP()
);
#379=(
REPRESENTATION_RELATIONSHIP(' ',' ',#9476,#9450)
REPRESENTATION_RELATIONSHIP_WITH_TRANSFORMATION(#497)
SHAPE_REPRESENTATION_RELATIONSHIP()
);
#380=(
REPRESENTATION_RELATIONSHIP(' ',' ',#9456,#9478)
REPRESENTATION_RELATIONSHIP_WITH_TRANSFORMATION(#498)
SHAPE_REPRESENTATION_RELATIONSHIP()
);
#381=(
REPRESENTATION_RELATIONSHIP(' ',' ',#9455,#9478)
REPRESENTATION_RELATIONSHIP_WITH_TRANSFORMATION(#499)
SHAPE_REPRESENTATION_RELATIONSHIP()
);
#382=(
REPRESENTATION_RELATIONSHIP(' ',' ',#9478,#9477)
REPRESENTATION_RELATIONSHIP_WITH_TRANSFORMATION(#500)
SHAPE_REPRESENTATION_RELATIONSHIP()
);
#383=(
REPRESENTATION_RELATIONSHIP(' ',' ',#9477,#9450)
REPRESENTATION_RELATIONSHIP_WITH_TRANSFORMATION(#501)
SHAPE_REPRESENTATION_RELATIONSHIP()
);
#384=(
REPRESENTATION_RELATIONSHIP(' ',' ',#9458,#9479)
REPRESENTATION_RELATIONSHIP_WITH_TRANSFORMATION(#502)
SHAPE_REPRESENTATION_RELATIONSHIP()
);
#385=(
REPRESENTATION_RELATIONSHIP(' ',' ',#9459,#9479)
REPRESENTATION_RELATIONSHIP_WITH_TRANSFORMATION(#503)
SHAPE_REPRESENTATION_RELATIONSHIP()
);
#386=(
REPRESENTATION_RELATIONSHIP(' ',' ',#9479,#9450)
REPRESENTATION_RELATIONSHIP_WITH_TRANSFORMATION(#504)
SHAPE_REPRESENTATION_RELATIONSHIP()
);
#387=(
REPRESENTATION_RELATIONSHIP(' ',' ',#9455,#9481)
REPRESENTATION_RELATIONSHIP_WITH_TRANSFORMATION(#505)
SHAPE_REPRESENTATION_RELATIONSHIP()
);
#388=(
REPRESENTATION_RELATIONSHIP(' ',' ',#9456,#9481)
REPRESENTATION_RELATIONSHIP_WITH_TRANSFORMATION(#506)
SHAPE_REPRESENTATION_RELATIONSHIP()
);
#389=(
REPRESENTATION_RELATIONSHIP(' ',' ',#9481,#9480)
REPRESENTATION_RELATIONSHIP_WITH_TRANSFORMATION(#507)
SHAPE_REPRESENTATION_RELATIONSHIP()
);
#390=(
REPRESENTATION_RELATIONSHIP(' ',' ',#9480,#9450)
REPRESENTATION_RELATIONSHIP_WITH_TRANSFORMATION(#508)
SHAPE_REPRESENTATION_RELATIONSHIP()
);
#391=(
REPRESENTATION_RELATIONSHIP(' ',' ',#9458,#9482)
REPRESENTATION_RELATIONSHIP_WITH_TRANSFORMATION(#509)
SHAPE_REPRESENTATION_RELATIONSHIP()
);
#392=(
REPRESENTATION_RELATIONSHIP(' ',' ',#9459,#9482)
REPRESENTATION_RELATIONSHIP_WITH_TRANSFORMATION(#510)
SHAPE_REPRESENTATION_RELATIONSHIP()
);
#393=(
REPRESENTATION_RELATIONSHIP(' ',' ',#9482,#9450)
REPRESENTATION_RELATIONSHIP_WITH_TRANSFORMATION(#511)
SHAPE_REPRESENTATION_RELATIONSHIP()
);
#394=(
REPRESENTATION_RELATIONSHIP(' ',' ',#9484,#9483)
REPRESENTATION_RELATIONSHIP_WITH_TRANSFORMATION(#512)
SHAPE_REPRESENTATION_RELATIONSHIP()
);
#395=(
REPRESENTATION_RELATIONSHIP(' ',' ',#9483,#9450)
REPRESENTATION_RELATIONSHIP_WITH_TRANSFORMATION(#513)
SHAPE_REPRESENTATION_RELATIONSHIP()
);
#396=(
REPRESENTATION_RELATIONSHIP(' ',' ',#9459,#9485)
REPRESENTATION_RELATIONSHIP_WITH_TRANSFORMATION(#514)
SHAPE_REPRESENTATION_RELATIONSHIP()
);
#397=(
REPRESENTATION_RELATIONSHIP(' ',' ',#9458,#9485)
REPRESENTATION_RELATIONSHIP_WITH_TRANSFORMATION(#515)
SHAPE_REPRESENTATION_RELATIONSHIP()
);
#398=(
REPRESENTATION_RELATIONSHIP(' ',' ',#9485,#9450)
REPRESENTATION_RELATIONSHIP_WITH_TRANSFORMATION(#516)
SHAPE_REPRESENTATION_RELATIONSHIP()
);
#399=(
REPRESENTATION_RELATIONSHIP(' ',' ',#9455,#9487)
REPRESENTATION_RELATIONSHIP_WITH_TRANSFORMATION(#517)
SHAPE_REPRESENTATION_RELATIONSHIP()
);
#400=(
REPRESENTATION_RELATIONSHIP(' ',' ',#9456,#9487)
REPRESENTATION_RELATIONSHIP_WITH_TRANSFORMATION(#518)
SHAPE_REPRESENTATION_RELATIONSHIP()
);
#401=(
REPRESENTATION_RELATIONSHIP(' ',' ',#9487,#9486)
REPRESENTATION_RELATIONSHIP_WITH_TRANSFORMATION(#519)
SHAPE_REPRESENTATION_RELATIONSHIP()
);
#402=(
REPRESENTATION_RELATIONSHIP(' ',' ',#9486,#9450)
REPRESENTATION_RELATIONSHIP_WITH_TRANSFORMATION(#520)
SHAPE_REPRESENTATION_RELATIONSHIP()
);
#403=(
REPRESENTATION_RELATIONSHIP(' ',' ',#9455,#9489)
REPRESENTATION_RELATIONSHIP_WITH_TRANSFORMATION(#521)
SHAPE_REPRESENTATION_RELATIONSHIP()
);
#404=(
REPRESENTATION_RELATIONSHIP(' ',' ',#9456,#9489)
REPRESENTATION_RELATIONSHIP_WITH_TRANSFORMATION(#522)
SHAPE_REPRESENTATION_RELATIONSHIP()
);
#405=(
REPRESENTATION_RELATIONSHIP(' ',' ',#9489,#9488)
REPRESENTATION_RELATIONSHIP_WITH_TRANSFORMATION(#523)
SHAPE_REPRESENTATION_RELATIONSHIP()
);
#406=(
REPRESENTATION_RELATIONSHIP(' ',' ',#9488,#9450)
REPRESENTATION_RELATIONSHIP_WITH_TRANSFORMATION(#524)
SHAPE_REPRESENTATION_RELATIONSHIP()
);
#407=(
REPRESENTATION_RELATIONSHIP(' ',' ',#9458,#9490)
REPRESENTATION_RELATIONSHIP_WITH_TRANSFORMATION(#525)
SHAPE_REPRESENTATION_RELATIONSHIP()
);
#408=(
REPRESENTATION_RELATIONSHIP(' ',' ',#9459,#9490)
REPRESENTATION_RELATIONSHIP_WITH_TRANSFORMATION(#526)
SHAPE_REPRESENTATION_RELATIONSHIP()
);
#409=(
REPRESENTATION_RELATIONSHIP(' ',' ',#9490,#9450)
REPRESENTATION_RELATIONSHIP_WITH_TRANSFORMATION(#527)
SHAPE_REPRESENTATION_RELATIONSHIP()
);
#410=(
REPRESENTATION_RELATIONSHIP(' ',' ',#9459,#9491)
REPRESENTATION_RELATIONSHIP_WITH_TRANSFORMATION(#528)
SHAPE_REPRESENTATION_RELATIONSHIP()
);
#411=(
REPRESENTATION_RELATIONSHIP(' ',' ',#9458,#9491)
REPRESENTATION_RELATIONSHIP_WITH_TRANSFORMATION(#529)
SHAPE_REPRESENTATION_RELATIONSHIP()
);
#412=(
REPRESENTATION_RELATIONSHIP(' ',' ',#9491,#9450)
REPRESENTATION_RELATIONSHIP_WITH_TRANSFORMATION(#530)
SHAPE_REPRESENTATION_RELATIONSHIP()
);
#413=(
REPRESENTATION_RELATIONSHIP(' ',' ',#9459,#9492)
REPRESENTATION_RELATIONSHIP_WITH_TRANSFORMATION(#531)
SHAPE_REPRESENTATION_RELATIONSHIP()
);
#414=(
REPRESENTATION_RELATIONSHIP(' ',' ',#9458,#9492)
REPRESENTATION_RELATIONSHIP_WITH_TRANSFORMATION(#532)
SHAPE_REPRESENTATION_RELATIONSHIP()
);
#415=(
REPRESENTATION_RELATIONSHIP(' ',' ',#9492,#9450)
REPRESENTATION_RELATIONSHIP_WITH_TRANSFORMATION(#533)
SHAPE_REPRESENTATION_RELATIONSHIP()
);
#416=(
REPRESENTATION_RELATIONSHIP(' ',' ',#9456,#9494)
REPRESENTATION_RELATIONSHIP_WITH_TRANSFORMATION(#534)
SHAPE_REPRESENTATION_RELATIONSHIP()
);
#417=(
REPRESENTATION_RELATIONSHIP(' ',' ',#9455,#9494)
REPRESENTATION_RELATIONSHIP_WITH_TRANSFORMATION(#535)
SHAPE_REPRESENTATION_RELATIONSHIP()
);
#418=(
REPRESENTATION_RELATIONSHIP(' ',' ',#9494,#9493)
REPRESENTATION_RELATIONSHIP_WITH_TRANSFORMATION(#536)
SHAPE_REPRESENTATION_RELATIONSHIP()
);
#419=(
REPRESENTATION_RELATIONSHIP(' ',' ',#9493,#9450)
REPRESENTATION_RELATIONSHIP_WITH_TRANSFORMATION(#537)
SHAPE_REPRESENTATION_RELATIONSHIP()
);
#420=(
REPRESENTATION_RELATIONSHIP(' ',' ',#9459,#9495)
REPRESENTATION_RELATIONSHIP_WITH_TRANSFORMATION(#538)
SHAPE_REPRESENTATION_RELATIONSHIP()
);
#421=(
REPRESENTATION_RELATIONSHIP(' ',' ',#9458,#9495)
REPRESENTATION_RELATIONSHIP_WITH_TRANSFORMATION(#539)
SHAPE_REPRESENTATION_RELATIONSHIP()
);
#422=(
REPRESENTATION_RELATIONSHIP(' ',' ',#9495,#9450)
REPRESENTATION_RELATIONSHIP_WITH_TRANSFORMATION(#540)
SHAPE_REPRESENTATION_RELATIONSHIP()
);
#423=(
REPRESENTATION_RELATIONSHIP(' ',' ',#9456,#9497)
REPRESENTATION_RELATIONSHIP_WITH_TRANSFORMATION(#541)
SHAPE_REPRESENTATION_RELATIONSHIP()
);
#424=(
REPRESENTATION_RELATIONSHIP(' ',' ',#9455,#9497)
REPRESENTATION_RELATIONSHIP_WITH_TRANSFORMATION(#542)
SHAPE_REPRESENTATION_RELATIONSHIP()
);
#425=(
REPRESENTATION_RELATIONSHIP(' ',' ',#9497,#9496)
REPRESENTATION_RELATIONSHIP_WITH_TRANSFORMATION(#543)
SHAPE_REPRESENTATION_RELATIONSHIP()
);
#426=(
REPRESENTATION_RELATIONSHIP(' ',' ',#9496,#9450)
REPRESENTATION_RELATIONSHIP_WITH_TRANSFORMATION(#544)
SHAPE_REPRESENTATION_RELATIONSHIP()
);
#427=(
REPRESENTATION_RELATIONSHIP(' ',' ',#9455,#9499)
REPRESENTATION_RELATIONSHIP_WITH_TRANSFORMATION(#545)
SHAPE_REPRESENTATION_RELATIONSHIP()
);
#428=(
REPRESENTATION_RELATIONSHIP(' ',' ',#9456,#9499)
REPRESENTATION_RELATIONSHIP_WITH_TRANSFORMATION(#546)
SHAPE_REPRESENTATION_RELATIONSHIP()
);
#429=(
REPRESENTATION_RELATIONSHIP(' ',' ',#9499,#9498)
REPRESENTATION_RELATIONSHIP_WITH_TRANSFORMATION(#547)
SHAPE_REPRESENTATION_RELATIONSHIP()
);
#430=(
REPRESENTATION_RELATIONSHIP(' ',' ',#9498,#9450)
REPRESENTATION_RELATIONSHIP_WITH_TRANSFORMATION(#548)
SHAPE_REPRESENTATION_RELATIONSHIP()
);
#431=(
REPRESENTATION_RELATIONSHIP(' ',' ',#9458,#9500)
REPRESENTATION_RELATIONSHIP_WITH_TRANSFORMATION(#549)
SHAPE_REPRESENTATION_RELATIONSHIP()
);
#432=(
REPRESENTATION_RELATIONSHIP(' ',' ',#9459,#9500)
REPRESENTATION_RELATIONSHIP_WITH_TRANSFORMATION(#550)
SHAPE_REPRESENTATION_RELATIONSHIP()
);
#433=(
REPRESENTATION_RELATIONSHIP(' ',' ',#9500,#9450)
REPRESENTATION_RELATIONSHIP_WITH_TRANSFORMATION(#551)
SHAPE_REPRESENTATION_RELATIONSHIP()
);
#434=(
REPRESENTATION_RELATIONSHIP(' ',' ',#9458,#9501)
REPRESENTATION_RELATIONSHIP_WITH_TRANSFORMATION(#552)
SHAPE_REPRESENTATION_RELATIONSHIP()
);
#435=(
REPRESENTATION_RELATIONSHIP(' ',' ',#9459,#9501)
REPRESENTATION_RELATIONSHIP_WITH_TRANSFORMATION(#553)
SHAPE_REPRESENTATION_RELATIONSHIP()
);
#436=(
REPRESENTATION_RELATIONSHIP(' ',' ',#9501,#9450)
REPRESENTATION_RELATIONSHIP_WITH_TRANSFORMATION(#554)
SHAPE_REPRESENTATION_RELATIONSHIP()
);
#437=(
REPRESENTATION_RELATIONSHIP(' ',' ',#9456,#9503)
REPRESENTATION_RELATIONSHIP_WITH_TRANSFORMATION(#555)
SHAPE_REPRESENTATION_RELATIONSHIP()
);
#438=(
REPRESENTATION_RELATIONSHIP(' ',' ',#9455,#9503)
REPRESENTATION_RELATIONSHIP_WITH_TRANSFORMATION(#556)
SHAPE_REPRESENTATION_RELATIONSHIP()
);
#439=(
REPRESENTATION_RELATIONSHIP(' ',' ',#9503,#9502)
REPRESENTATION_RELATIONSHIP_WITH_TRANSFORMATION(#557)
SHAPE_REPRESENTATION_RELATIONSHIP()
);
#440=(
REPRESENTATION_RELATIONSHIP(' ',' ',#9502,#9450)
REPRESENTATION_RELATIONSHIP_WITH_TRANSFORMATION(#558)
SHAPE_REPRESENTATION_RELATIONSHIP()
);
#441=(
REPRESENTATION_RELATIONSHIP(' ',' ',#9456,#9505)
REPRESENTATION_RELATIONSHIP_WITH_TRANSFORMATION(#559)
SHAPE_REPRESENTATION_RELATIONSHIP()
);
#442=(
REPRESENTATION_RELATIONSHIP(' ',' ',#9455,#9505)
REPRESENTATION_RELATIONSHIP_WITH_TRANSFORMATION(#560)
SHAPE_REPRESENTATION_RELATIONSHIP()
);
#443=(
REPRESENTATION_RELATIONSHIP(' ',' ',#9505,#9504)
REPRESENTATION_RELATIONSHIP_WITH_TRANSFORMATION(#561)
SHAPE_REPRESENTATION_RELATIONSHIP()
);
#444=(
REPRESENTATION_RELATIONSHIP(' ',' ',#9504,#9450)
REPRESENTATION_RELATIONSHIP_WITH_TRANSFORMATION(#562)
SHAPE_REPRESENTATION_RELATIONSHIP()
);
#445=(
REPRESENTATION_RELATIONSHIP(' ',' ',#9458,#9506)
REPRESENTATION_RELATIONSHIP_WITH_TRANSFORMATION(#563)
SHAPE_REPRESENTATION_RELATIONSHIP()
);
#446=(
REPRESENTATION_RELATIONSHIP(' ',' ',#9459,#9506)
REPRESENTATION_RELATIONSHIP_WITH_TRANSFORMATION(#564)
SHAPE_REPRESENTATION_RELATIONSHIP()
);
#447=(
REPRESENTATION_RELATIONSHIP(' ',' ',#9506,#9450)
REPRESENTATION_RELATIONSHIP_WITH_TRANSFORMATION(#565)
SHAPE_REPRESENTATION_RELATIONSHIP()
);
#448=(
REPRESENTATION_RELATIONSHIP(' ',' ',#9458,#9507)
REPRESENTATION_RELATIONSHIP_WITH_TRANSFORMATION(#566)
SHAPE_REPRESENTATION_RELATIONSHIP()
);
#449=(
REPRESENTATION_RELATIONSHIP(' ',' ',#9459,#9507)
REPRESENTATION_RELATIONSHIP_WITH_TRANSFORMATION(#567)
SHAPE_REPRESENTATION_RELATIONSHIP()
);
#450=(
REPRESENTATION_RELATIONSHIP(' ',' ',#9507,#9450)
REPRESENTATION_RELATIONSHIP_WITH_TRANSFORMATION(#568)
SHAPE_REPRESENTATION_RELATIONSHIP()
);
#451=(
REPRESENTATION_RELATIONSHIP(' ',' ',#9458,#9508)
REPRESENTATION_RELATIONSHIP_WITH_TRANSFORMATION(#569)
SHAPE_REPRESENTATION_RELATIONSHIP()
);
#452=(
REPRESENTATION_RELATIONSHIP(' ',' ',#9459,#9508)
REPRESENTATION_RELATIONSHIP_WITH_TRANSFORMATION(#570)
SHAPE_REPRESENTATION_RELATIONSHIP()
);
#453=(
REPRESENTATION_RELATIONSHIP(' ',' ',#9508,#9450)
REPRESENTATION_RELATIONSHIP_WITH_TRANSFORMATION(#571)
SHAPE_REPRESENTATION_RELATIONSHIP()
);
#454=ITEM_DEFINED_TRANSFORMATION(' ',' ',#9509,#9906);
#455=ITEM_DEFINED_TRANSFORMATION(' ',' ',#9509,#10241);
#456=ITEM_DEFINED_TRANSFORMATION(' ',' ',#9509,#10254);
#457=ITEM_DEFINED_TRANSFORMATION(' ',' ',#9509,#10296);
#458=ITEM_DEFINED_TRANSFORMATION(' ',' ',#9509,#10297);
#459=ITEM_DEFINED_TRANSFORMATION(' ',' ',#9509,#10298);
#460=ITEM_DEFINED_TRANSFORMATION(' ',' ',#9509,#10316);
#461=ITEM_DEFINED_TRANSFORMATION(' ',' ',#9509,#10330);
#462=ITEM_DEFINED_TRANSFORMATION(' ',' ',#9509,#10331);
#463=ITEM_DEFINED_TRANSFORMATION(' ',' ',#9509,#10397);
#464=ITEM_DEFINED_TRANSFORMATION(' ',' ',#9509,#10398);
#465=ITEM_DEFINED_TRANSFORMATION(' ',' ',#9509,#10399);
#466=ITEM_DEFINED_TRANSFORMATION(' ',' ',#9509,#10400);
#467=ITEM_DEFINED_TRANSFORMATION(' ',' ',#9509,#10401);
#468=ITEM_DEFINED_TRANSFORMATION(' ',' ',#9509,#10402);
#469=ITEM_DEFINED_TRANSFORMATION(' ',' ',#9509,#10403);
#470=ITEM_DEFINED_TRANSFORMATION(' ',' ',#9509,#10404);
#471=ITEM_DEFINED_TRANSFORMATION(' ',' ',#9509,#10405);
#472=ITEM_DEFINED_TRANSFORMATION(' ',' ',#9509,#10406);
#473=ITEM_DEFINED_TRANSFORMATION(' ',' ',#9509,#10407);
#474=ITEM_DEFINED_TRANSFORMATION(' ',' ',#9509,#10408);
#475=ITEM_DEFINED_TRANSFORMATION(' ',' ',#9509,#10409);
#476=ITEM_DEFINED_TRANSFORMATION(' ',' ',#9509,#10410);
#477=ITEM_DEFINED_TRANSFORMATION(' ',' ',#9509,#10411);
#478=ITEM_DEFINED_TRANSFORMATION(' ',' ',#9509,#10412);
#479=ITEM_DEFINED_TRANSFORMATION(' ',' ',#9509,#10413);
#480=ITEM_DEFINED_TRANSFORMATION(' ',' ',#9509,#10414);
#481=ITEM_DEFINED_TRANSFORMATION(' ',' ',#9509,#10415);
#482=ITEM_DEFINED_TRANSFORMATION(' ',' ',#9509,#10416);
#483=ITEM_DEFINED_TRANSFORMATION(' ',' ',#9509,#10417);
#484=ITEM_DEFINED_TRANSFORMATION(' ',' ',#9509,#10418);
#485=ITEM_DEFINED_TRANSFORMATION(' ',' ',#9509,#10419);
#486=ITEM_DEFINED_TRANSFORMATION(' ',' ',#9509,#10420);
#487=ITEM_DEFINED_TRANSFORMATION(' ',' ',#9509,#10421);
#488=ITEM_DEFINED_TRANSFORMATION(' ',' ',#9509,#10422);
#489=ITEM_DEFINED_TRANSFORMATION(' ',' ',#9509,#10423);
#490=ITEM_DEFINED_TRANSFORMATION(' ',' ',#9509,#10424);
#491=ITEM_DEFINED_TRANSFORMATION(' ',' ',#9509,#10508);
#492=ITEM_DEFINED_TRANSFORMATION(' ',' ',#9509,#10509);
#493=ITEM_DEFINED_TRANSFORMATION(' ',' ',#9509,#10510);
#494=ITEM_DEFINED_TRANSFORMATION(' ',' ',#9509,#10511);
#495=ITEM_DEFINED_TRANSFORMATION(' ',' ',#9509,#10512);
#496=ITEM_DEFINED_TRANSFORMATION(' ',' ',#9509,#10513);
#497=ITEM_DEFINED_TRANSFORMATION(' ',' ',#9509,#10514);
#498=ITEM_DEFINED_TRANSFORMATION(' ',' ',#9509,#10515);
#499=ITEM_DEFINED_TRANSFORMATION(' ',' ',#9509,#10516);
#500=ITEM_DEFINED_TRANSFORMATION(' ',' ',#9509,#10517);
#501=ITEM_DEFINED_TRANSFORMATION(' ',' ',#9509,#10518);
#502=ITEM_DEFINED_TRANSFORMATION(' ',' ',#9509,#10519);
#503=ITEM_DEFINED_TRANSFORMATION(' ',' ',#9509,#10520);
#504=ITEM_DEFINED_TRANSFORMATION(' ',' ',#9509,#10521);
#505=ITEM_DEFINED_TRANSFORMATION(' ',' ',#9509,#10522);
#506=ITEM_DEFINED_TRANSFORMATION(' ',' ',#9509,#10523);
#507=ITEM_DEFINED_TRANSFORMATION(' ',' ',#9509,#10524);
#508=ITEM_DEFINED_TRANSFORMATION(' ',' ',#9509,#10525);
#509=ITEM_DEFINED_TRANSFORMATION(' ',' ',#9509,#10526);
#510=ITEM_DEFINED_TRANSFORMATION(' ',' ',#9509,#10527);
#511=ITEM_DEFINED_TRANSFORMATION(' ',' ',#9509,#10528);
#512=ITEM_DEFINED_TRANSFORMATION(' ',' ',#9509,#10577);
#513=ITEM_DEFINED_TRANSFORMATION(' ',' ',#9509,#10578);
#514=ITEM_DEFINED_TRANSFORMATION(' ',' ',#9509,#10579);
#515=ITEM_DEFINED_TRANSFORMATION(' ',' ',#9509,#10580);
#516=ITEM_DEFINED_TRANSFORMATION(' ',' ',#9509,#10581);
#517=ITEM_DEFINED_TRANSFORMATION(' ',' ',#9509,#10582);
#518=ITEM_DEFINED_TRANSFORMATION(' ',' ',#9509,#10583);
#519=ITEM_DEFINED_TRANSFORMATION(' ',' ',#9509,#10584);
#520=ITEM_DEFINED_TRANSFORMATION(' ',' ',#9509,#10585);
#521=ITEM_DEFINED_TRANSFORMATION(' ',' ',#9509,#10586);
#522=ITEM_DEFINED_TRANSFORMATION(' ',' ',#9509,#10587);
#523=ITEM_DEFINED_TRANSFORMATION(' ',' ',#9509,#10588);
#524=ITEM_DEFINED_TRANSFORMATION(' ',' ',#9509,#10589);
#525=ITEM_DEFINED_TRANSFORMATION(' ',' ',#9509,#10590);
#526=ITEM_DEFINED_TRANSFORMATION(' ',' ',#9509,#10591);
#527=ITEM_DEFINED_TRANSFORMATION(' ',' ',#9509,#10592);
#528=ITEM_DEFINED_TRANSFORMATION(' ',' ',#9509,#10593);
#529=ITEM_DEFINED_TRANSFORMATION(' ',' ',#9509,#10594);
#530=ITEM_DEFINED_TRANSFORMATION(' ',' ',#9509,#10595);
#531=ITEM_DEFINED_TRANSFORMATION(' ',' ',#9509,#10596);
#532=ITEM_DEFINED_TRANSFORMATION(' ',' ',#9509,#10597);
#533=ITEM_DEFINED_TRANSFORMATION(' ',' ',#9509,#10598);
#534=ITEM_DEFINED_TRANSFORMATION(' ',' ',#9509,#10599);
#535=ITEM_DEFINED_TRANSFORMATION(' ',' ',#9509,#10600);
#536=ITEM_DEFINED_TRANSFORMATION(' ',' ',#9509,#10601);
#537=ITEM_DEFINED_TRANSFORMATION(' ',' ',#9509,#10602);
#538=ITEM_DEFINED_TRANSFORMATION(' ',' ',#9509,#10603);
#539=ITEM_DEFINED_TRANSFORMATION(' ',' ',#9509,#10604);
#540=ITEM_DEFINED_TRANSFORMATION(' ',' ',#9509,#10605);
#541=ITEM_DEFINED_TRANSFORMATION(' ',' ',#9509,#10606);
#542=ITEM_DEFINED_TRANSFORMATION(' ',' ',#9509,#10607);
#543=ITEM_DEFINED_TRANSFORMATION(' ',' ',#9509,#10608);
#544=ITEM_DEFINED_TRANSFORMATION(' ',' ',#9509,#10609);
#545=ITEM_DEFINED_TRANSFORMATION(' ',' ',#9509,#10610);
#546=ITEM_DEFINED_TRANSFORMATION(' ',' ',#9509,#10611);
#547=ITEM_DEFINED_TRANSFORMATION(' ',' ',#9509,#10612);
#548=ITEM_DEFINED_TRANSFORMATION(' ',' ',#9509,#10613);
#549=ITEM_DEFINED_TRANSFORMATION(' ',' ',#9509,#10614);
#550=ITEM_DEFINED_TRANSFORMATION(' ',' ',#9509,#10615);
#551=ITEM_DEFINED_TRANSFORMATION(' ',' ',#9509,#10616);
#552=ITEM_DEFINED_TRANSFORMATION(' ',' ',#9509,#10617);
#553=ITEM_DEFINED_TRANSFORMATION(' ',' ',#9509,#10618);
#554=ITEM_DEFINED_TRANSFORMATION(' ',' ',#9509,#10619);
#555=ITEM_DEFINED_TRANSFORMATION(' ',' ',#9509,#10620);
#556=ITEM_DEFINED_TRANSFORMATION(' ',' ',#9509,#10621);
#557=ITEM_DEFINED_TRANSFORMATION(' ',' ',#9509,#10622);
#558=ITEM_DEFINED_TRANSFORMATION(' ',' ',#9509,#10623);
#559=ITEM_DEFINED_TRANSFORMATION(' ',' ',#9509,#10624);
#560=ITEM_DEFINED_TRANSFORMATION(' ',' ',#9509,#10625);
#561=ITEM_DEFINED_TRANSFORMATION(' ',' ',#9509,#10626);
#562=ITEM_DEFINED_TRANSFORMATION(' ',' ',#9509,#10627);
#563=ITEM_DEFINED_TRANSFORMATION(' ',' ',#9509,#10628);
#564=ITEM_DEFINED_TRANSFORMATION(' ',' ',#9509,#10629);
#565=ITEM_DEFINED_TRANSFORMATION(' ',' ',#9509,#10630);
#566=ITEM_DEFINED_TRANSFORMATION(' ',' ',#9509,#10631);
#567=ITEM_DEFINED_TRANSFORMATION(' ',' ',#9509,#10632);
#568=ITEM_DEFINED_TRANSFORMATION(' ',' ',#9509,#10633);
#569=ITEM_DEFINED_TRANSFORMATION(' ',' ',#9509,#10634);
#570=ITEM_DEFINED_TRANSFORMATION(' ',' ',#9509,#10635);
#571=ITEM_DEFINED_TRANSFORMATION(' ',' ',#9509,#10636);
#572=SHAPE_REPRESENTATION_RELATIONSHIP('','',#9451,#581);
#573=SHAPE_REPRESENTATION_RELATIONSHIP('','',#9452,#582);
#574=SHAPE_REPRESENTATION_RELATIONSHIP('','',#9455,#583);
#575=SHAPE_REPRESENTATION_RELATIONSHIP('','',#9456,#584);
#576=SHAPE_REPRESENTATION_RELATIONSHIP('','',#9458,#585);
#577=SHAPE_REPRESENTATION_RELATIONSHIP('','',#9459,#586);
#578=SHAPE_REPRESENTATION_RELATIONSHIP('','',#9460,#587);
#579=SHAPE_REPRESENTATION_RELATIONSHIP('','',#9474,#588);
#580=SHAPE_REPRESENTATION_RELATIONSHIP('','',#9484,#589);
#581=ADVANCED_BREP_SHAPE_REPRESENTATION('',(#9382),#16836);
#582=ADVANCED_BREP_SHAPE_REPRESENTATION('',(#9383),#16837);
#583=ADVANCED_BREP_SHAPE_REPRESENTATION('',(#9384),#16840);
#584=ADVANCED_BREP_SHAPE_REPRESENTATION('',(#9385),#16841);
#585=ADVANCED_BREP_SHAPE_REPRESENTATION('',(#9386),#16843);
#586=ADVANCED_BREP_SHAPE_REPRESENTATION('',(#9387),#16844);
#587=ADVANCED_BREP_SHAPE_REPRESENTATION('',(#9388),#16845);
#588=ADVANCED_BREP_SHAPE_REPRESENTATION('',(#9389),#16859);
#589=ADVANCED_BREP_SHAPE_REPRESENTATION('',(#9390),#16869);
#590=CYLINDRICAL_SURFACE('',#9776,0.00085);
#591=CYLINDRICAL_SURFACE('',#9777,0.002);
#592=CYLINDRICAL_SURFACE('',#9778,0.00075);
#593=CYLINDRICAL_SURFACE('',#9779,0.00085);
#594=CYLINDRICAL_SURFACE('',#9780,0.0004);
#595=CYLINDRICAL_SURFACE('',#9781,0.00075);
#596=CYLINDRICAL_SURFACE('',#9782,0.0004);
#597=CYLINDRICAL_SURFACE('',#9783,0.0004);
#598=CYLINDRICAL_SURFACE('',#9784,0.00085);
#599=CYLINDRICAL_SURFACE('',#9785,0.002);
#600=CYLINDRICAL_SURFACE('',#9786,0.00075);
#601=CYLINDRICAL_SURFACE('',#9787,0.00085);
#602=CYLINDRICAL_SURFACE('',#9788,0.0004);
#603=CYLINDRICAL_SURFACE('',#9789,0.00075);
#604=CYLINDRICAL_SURFACE('',#9790,0.0004);
#605=CYLINDRICAL_SURFACE('',#9791,0.0004);
#606=CYLINDRICAL_SURFACE('',#9792,0.00085);
#607=CYLINDRICAL_SURFACE('',#9793,0.00075);
#608=CYLINDRICAL_SURFACE('',#9794,0.002);
#609=CYLINDRICAL_SURFACE('',#9795,0.00085);
#610=CYLINDRICAL_SURFACE('',#9796,0.00075);
#611=CYLINDRICAL_SURFACE('',#9797,0.0004);
#612=CYLINDRICAL_SURFACE('',#9798,0.00085);
#613=CYLINDRICAL_SURFACE('',#9799,0.00075);
#614=CYLINDRICAL_SURFACE('',#9800,0.002);
#615=CYLINDRICAL_SURFACE('',#9801,0.0004);
#616=CYLINDRICAL_SURFACE('',#9802,0.00085);
#617=CYLINDRICAL_SURFACE('',#9803,0.0004);
#618=CYLINDRICAL_SURFACE('',#9804,0.00085);
#619=CYLINDRICAL_SURFACE('',#9805,0.00075);
#620=CYLINDRICAL_SURFACE('',#9806,0.002);
#621=CYLINDRICAL_SURFACE('',#9807,0.00085);
#622=CYLINDRICAL_SURFACE('',#9808,0.00075);
#623=CYLINDRICAL_SURFACE('',#9809,0.0004);
#624=CYLINDRICAL_SURFACE('',#9810,0.00085);
#625=CYLINDRICAL_SURFACE('',#9811,0.00075);
#626=CYLINDRICAL_SURFACE('',#9812,0.002);
#627=CYLINDRICAL_SURFACE('',#9813,0.0004);
#628=CYLINDRICAL_SURFACE('',#9814,0.00085);
#629=CYLINDRICAL_SURFACE('',#9815,0.0004);
#630=CYLINDRICAL_SURFACE('',#9816,0.00085);
#631=CYLINDRICAL_SURFACE('',#9817,0.002);
#632=CYLINDRICAL_SURFACE('',#9818,0.00075);
#633=CYLINDRICAL_SURFACE('',#9819,0.00085);
#634=CYLINDRICAL_SURFACE('',#9820,0.0004);
#635=CYLINDRICAL_SURFACE('',#9821,0.00075);
#636=CYLINDRICAL_SURFACE('',#9822,0.0004);
#637=CYLINDRICAL_SURFACE('',#9823,0.0004);
#638=CYLINDRICAL_SURFACE('',#9824,0.00085);
#639=CYLINDRICAL_SURFACE('',#9825,0.002);
#640=CYLINDRICAL_SURFACE('',#9826,0.00075);
#641=CYLINDRICAL_SURFACE('',#9827,0.00085);
#642=CYLINDRICAL_SURFACE('',#9828,0.0004);
#643=CYLINDRICAL_SURFACE('',#9829,0.00075);
#644=CYLINDRICAL_SURFACE('',#9830,0.0004);
#645=CYLINDRICAL_SURFACE('',#9831,0.0004);
#646=CYLINDRICAL_SURFACE('',#9832,0.00085);
#647=CYLINDRICAL_SURFACE('',#9833,0.00075);
#648=CYLINDRICAL_SURFACE('',#9834,0.002);
#649=CYLINDRICAL_SURFACE('',#9835,0.00085);
#650=CYLINDRICAL_SURFACE('',#9836,0.00075);
#651=CYLINDRICAL_SURFACE('',#9837,0.0004);
#652=CYLINDRICAL_SURFACE('',#9838,0.00085);
#653=CYLINDRICAL_SURFACE('',#9839,0.00075);
#654=CYLINDRICAL_SURFACE('',#9840,0.002);
#655=CYLINDRICAL_SURFACE('',#9841,0.0004);
#656=CYLINDRICAL_SURFACE('',#9842,0.00085);
#657=CYLINDRICAL_SURFACE('',#9843,0.0004);
#658=CYLINDRICAL_SURFACE('',#9844,0.00085);
#659=CYLINDRICAL_SURFACE('',#9845,0.00075);
#660=CYLINDRICAL_SURFACE('',#9846,0.002);
#661=CYLINDRICAL_SURFACE('',#9847,0.00085);
#662=CYLINDRICAL_SURFACE('',#9848,0.00075);
#663=CYLINDRICAL_SURFACE('',#9849,0.0004);
#664=CYLINDRICAL_SURFACE('',#9850,0.00085);
#665=CYLINDRICAL_SURFACE('',#9851,0.002);
#666=CYLINDRICAL_SURFACE('',#9852,0.00075);
#667=CYLINDRICAL_SURFACE('',#9853,0.0004);
#668=CYLINDRICAL_SURFACE('',#9854,0.00085);
#669=CYLINDRICAL_SURFACE('',#9855,0.0004);
#670=CYLINDRICAL_SURFACE('',#9856,0.00075);
#671=CYLINDRICAL_SURFACE('',#9857,0.0004);
#672=CYLINDRICAL_SURFACE('',#9858,0.00085);
#673=CYLINDRICAL_SURFACE('',#9859,0.002);
#674=CYLINDRICAL_SURFACE('',#9860,0.00075);
#675=CYLINDRICAL_SURFACE('',#9861,0.00085);
#676=CYLINDRICAL_SURFACE('',#9862,0.00075);
#677=CYLINDRICAL_SURFACE('',#9863,0.0004);
#678=CYLINDRICAL_SURFACE('',#9864,0.00075);
#679=CYLINDRICAL_SURFACE('',#9865,0.0004);
#680=CYLINDRICAL_SURFACE('',#9866,0.00085);
#681=CYLINDRICAL_SURFACE('',#9867,0.002);
#682=CYLINDRICAL_SURFACE('',#9868,0.00075);
#683=CYLINDRICAL_SURFACE('',#9869,0.00085);
#684=CYLINDRICAL_SURFACE('',#9870,0.00075);
#685=CYLINDRICAL_SURFACE('',#9871,0.0004);
#686=CYLINDRICAL_SURFACE('',#9872,0.0005);
#687=CYLINDRICAL_SURFACE('',#9873,0.0005);
#688=CYLINDRICAL_SURFACE('',#9874,0.0005);
#689=CYLINDRICAL_SURFACE('',#9875,0.0005);
#690=CYLINDRICAL_SURFACE('',#9876,0.0005);
#691=CYLINDRICAL_SURFACE('',#9877,0.0005);
#692=CYLINDRICAL_SURFACE('',#9878,0.0005);
#693=CYLINDRICAL_SURFACE('',#9879,0.0005);
#694=CYLINDRICAL_SURFACE('',#9880,0.0005);
#695=CYLINDRICAL_SURFACE('',#9881,0.0005);
#696=CYLINDRICAL_SURFACE('',#9882,0.0005);
#697=CYLINDRICAL_SURFACE('',#9883,0.0005);
#698=CYLINDRICAL_SURFACE('',#9884,0.0005);
#699=CYLINDRICAL_SURFACE('',#9885,0.0005);
#700=CYLINDRICAL_SURFACE('',#9886,0.00075);
#701=CYLINDRICAL_SURFACE('',#9887,0.0004);
#702=CYLINDRICAL_SURFACE('',#9888,0.00085);
#703=CYLINDRICAL_SURFACE('',#9889,0.002);
#704=CYLINDRICAL_SURFACE('',#9890,0.00075);
#705=CYLINDRICAL_SURFACE('',#9891,0.00085);
#706=CYLINDRICAL_SURFACE('',#9892,0.00075);
#707=CYLINDRICAL_SURFACE('',#9893,0.0004);
#708=CYLINDRICAL_SURFACE('',#9894,0.00075);
#709=CYLINDRICAL_SURFACE('',#9895,0.0004);
#710=CYLINDRICAL_SURFACE('',#9896,0.00085);
#711=CYLINDRICAL_SURFACE('',#9897,0.002);
#712=CYLINDRICAL_SURFACE('',#9898,0.00075);
#713=CYLINDRICAL_SURFACE('',#9899,0.00085);
#714=CYLINDRICAL_SURFACE('',#9900,0.00075);
#715=CYLINDRICAL_SURFACE('',#9901,0.0004);
#716=CYLINDRICAL_SURFACE('',#9902,0.0005);
#717=CYLINDRICAL_SURFACE('',#9903,0.0005);
#718=CYLINDRICAL_SURFACE('',#9904,0.0005);
#719=CYLINDRICAL_SURFACE('',#9905,0.0005);
#720=CYLINDRICAL_SURFACE('',#10084,0.0015);
#721=CYLINDRICAL_SURFACE('',#10086,0.0015);
#722=CYLINDRICAL_SURFACE('',#10088,0.0015);
#723=CYLINDRICAL_SURFACE('',#10090,0.0015);
#724=CYLINDRICAL_SURFACE('',#10092,0.0005);
#725=CYLINDRICAL_SURFACE('',#10094,0.0005);
#726=CYLINDRICAL_SURFACE('',#10096,0.0005);
#727=CYLINDRICAL_SURFACE('',#10098,0.0005);
#728=CYLINDRICAL_SURFACE('',#10100,0.0005);
#729=CYLINDRICAL_SURFACE('',#10102,0.0005);
#730=CYLINDRICAL_SURFACE('',#10104,0.0005);
#731=CYLINDRICAL_SURFACE('',#10106,0.0005);
#732=CYLINDRICAL_SURFACE('',#10108,0.0005);
#733=CYLINDRICAL_SURFACE('',#10110,0.0005);
#734=CYLINDRICAL_SURFACE('',#10112,0.0005);
#735=CYLINDRICAL_SURFACE('',#10114,0.0005);
#736=CYLINDRICAL_SURFACE('',#10116,0.0005);
#737=CYLINDRICAL_SURFACE('',#10118,0.0005);
#738=CYLINDRICAL_SURFACE('',#10120,0.0005);
#739=CYLINDRICAL_SURFACE('',#10122,0.0005);
#740=CYLINDRICAL_SURFACE('',#10124,0.0005);
#741=CYLINDRICAL_SURFACE('',#10126,0.0005);
#742=CYLINDRICAL_SURFACE('',#10128,0.0005);
#743=CYLINDRICAL_SURFACE('',#10130,0.0005);
#744=CYLINDRICAL_SURFACE('',#10132,0.0015);
#745=CYLINDRICAL_SURFACE('',#10134,0.0015);
#746=CYLINDRICAL_SURFACE('',#10136,0.0015);
#747=CYLINDRICAL_SURFACE('',#10138,0.0015);
#748=CYLINDRICAL_SURFACE('',#10140,0.0005);
#749=CYLINDRICAL_SURFACE('',#10142,0.0005);
#750=CYLINDRICAL_SURFACE('',#10144,0.0005);
#751=CYLINDRICAL_SURFACE('',#10146,0.0005);
#752=CYLINDRICAL_SURFACE('',#10148,0.0005);
#753=CYLINDRICAL_SURFACE('',#10150,0.0005);
#754=CYLINDRICAL_SURFACE('',#10152,0.0005);
#755=CYLINDRICAL_SURFACE('',#10154,0.0005);
#756=CYLINDRICAL_SURFACE('',#10156,0.0005);
#757=CYLINDRICAL_SURFACE('',#10158,0.0005);
#758=CYLINDRICAL_SURFACE('',#10160,0.0005);
#759=CYLINDRICAL_SURFACE('',#10162,0.0005);
#760=CYLINDRICAL_SURFACE('',#10164,0.0005);
#761=CYLINDRICAL_SURFACE('',#10166,0.0005);
#762=CYLINDRICAL_SURFACE('',#10168,0.0005);
#763=CYLINDRICAL_SURFACE('',#10170,0.0005);
#764=CYLINDRICAL_SURFACE('',#10172,0.0005);
#765=CYLINDRICAL_SURFACE('',#10174,0.0005);
#766=CYLINDRICAL_SURFACE('',#10176,0.0005);
#767=CYLINDRICAL_SURFACE('',#10178,0.0005);
#768=CYLINDRICAL_SURFACE('',#10180,0.0005);
#769=CYLINDRICAL_SURFACE('',#10182,0.0005);
#770=CYLINDRICAL_SURFACE('',#10184,0.0005);
#771=CYLINDRICAL_SURFACE('',#10186,0.0005);
#772=CYLINDRICAL_SURFACE('',#10188,0.0005);
#773=CYLINDRICAL_SURFACE('',#10190,0.0005);
#774=CYLINDRICAL_SURFACE('',#10192,0.0005);
#775=CYLINDRICAL_SURFACE('',#10194,0.0005);
#776=CYLINDRICAL_SURFACE('',#10196,0.0005);
#777=CYLINDRICAL_SURFACE('',#10198,0.0005);
#778=CYLINDRICAL_SURFACE('',#10200,0.0005);
#779=CYLINDRICAL_SURFACE('',#10202,0.0005);
#780=CYLINDRICAL_SURFACE('',#10204,0.0005);
#781=CYLINDRICAL_SURFACE('',#10206,0.0005);
#782=CYLINDRICAL_SURFACE('',#10208,0.0005);
#783=CYLINDRICAL_SURFACE('',#10210,0.0005);
#784=CYLINDRICAL_SURFACE('',#10212,0.0005);
#785=CYLINDRICAL_SURFACE('',#10214,0.0005);
#786=CYLINDRICAL_SURFACE('',#10216,0.0005);
#787=CYLINDRICAL_SURFACE('',#10218,0.0005);
#788=CYLINDRICAL_SURFACE('',#10220,0.0005);
#789=CYLINDRICAL_SURFACE('',#10222,0.0005);
#790=CYLINDRICAL_SURFACE('',#10224,0.0005);
#791=CYLINDRICAL_SURFACE('',#10226,0.0005);
#792=CYLINDRICAL_SURFACE('',#10227,0.0015);
#793=CYLINDRICAL_SURFACE('',#10228,0.0015);
#794=CYLINDRICAL_SURFACE('',#10229,0.0015);
#795=CYLINDRICAL_SURFACE('',#10230,0.0015);
#796=CYLINDRICAL_SURFACE('',#10233,0.002);
#797=CYLINDRICAL_SURFACE('',#10234,0.002);
#798=CYLINDRICAL_SURFACE('',#10235,0.0017);
#799=CYLINDRICAL_SURFACE('',#10236,0.0017);
#800=CYLINDRICAL_SURFACE('',#10237,0.0017);
#801=CYLINDRICAL_SURFACE('',#10238,0.0017);
#802=CYLINDRICAL_SURFACE('',#10239,0.0017);
#803=CYLINDRICAL_SURFACE('',#10240,0.0017);
#804=CYLINDRICAL_SURFACE('',#10252,0.00035);
#805=CYLINDRICAL_SURFACE('',#10253,0.00035);
#806=CYLINDRICAL_SURFACE('',#10268,0.0003);
#807=CYLINDRICAL_SURFACE('',#10271,0.00018);
#808=CYLINDRICAL_SURFACE('',#10276,0.00018);
#809=CYLINDRICAL_SURFACE('',#10279,0.00018);
#810=CYLINDRICAL_SURFACE('',#10282,0.00018);
#811=CYLINDRICAL_SURFACE('',#10284,0.00018);
#812=CYLINDRICAL_SURFACE('',#10288,0.00018);
#813=CYLINDRICAL_SURFACE('',#10289,0.00018);
#814=CYLINDRICAL_SURFACE('',#10293,0.00018);
#815=CYLINDRICAL_SURFACE('',#10299,0.00101);
#816=CYLINDRICAL_SURFACE('',#10306,0.001);
#817=CYLINDRICAL_SURFACE('',#10308,0.001);
#818=CYLINDRICAL_SURFACE('',#10317,0.00025);
#819=CYLINDRICAL_SURFACE('',#10322,0.00025);
#820=CYLINDRICAL_SURFACE('',#10326,0.00025);
#821=CYLINDRICAL_SURFACE('',#10363,0.0015);
#822=CYLINDRICAL_SURFACE('',#10364,0.0015);
#823=CYLINDRICAL_SURFACE('',#10365,0.0015);
#824=CYLINDRICAL_SURFACE('',#10366,0.0015);
#825=CYLINDRICAL_SURFACE('',#10367,0.0017);
#826=CYLINDRICAL_SURFACE('',#10371,0.00325);
#827=CYLINDRICAL_SURFACE('',#10372,0.0017);
#828=CYLINDRICAL_SURFACE('',#10376,0.00325);
#829=CYLINDRICAL_SURFACE('',#10377,0.0017);
#830=CYLINDRICAL_SURFACE('',#10381,0.00325);
#831=CYLINDRICAL_SURFACE('',#10382,0.0017);
#832=CYLINDRICAL_SURFACE('',#10386,0.00325);
#833=CYLINDRICAL_SURFACE('',#10387,0.0017);
#834=CYLINDRICAL_SURFACE('',#10391,0.00325);
#835=CYLINDRICAL_SURFACE('',#10392,0.0017);
#836=CYLINDRICAL_SURFACE('',#10396,0.00325);
#837=CYLINDRICAL_SURFACE('',#10453,0.0025);
#838=CYLINDRICAL_SURFACE('',#10456,0.0025);
#839=CYLINDRICAL_SURFACE('',#10459,0.0025);
#840=CYLINDRICAL_SURFACE('',#10462,0.0025);
#841=CYLINDRICAL_SURFACE('',#10465,0.0025);
#842=CYLINDRICAL_SURFACE('',#10468,0.0025);
#843=CYLINDRICAL_SURFACE('',#10472,0.0025);
#844=CYLINDRICAL_SURFACE('',#10474,0.0025);
#845=CYLINDRICAL_SURFACE('',#10475,0.0015);
#846=CYLINDRICAL_SURFACE('',#10477,0.0015);
#847=CYLINDRICAL_SURFACE('',#10479,0.0015);
#848=CYLINDRICAL_SURFACE('',#10481,0.0015);
#849=CYLINDRICAL_SURFACE('',#10484,0.002);
#850=CYLINDRICAL_SURFACE('',#10486,0.002);
#851=CYLINDRICAL_SURFACE('',#10488,0.002);
#852=CYLINDRICAL_SURFACE('',#10489,0.002);
#853=CYLINDRICAL_SURFACE('',#10492,0.0021);
#854=CYLINDRICAL_SURFACE('',#10495,0.0021);
#855=CYLINDRICAL_SURFACE('',#10498,0.0021);
#856=CYLINDRICAL_SURFACE('',#10501,0.0021);
#857=CYLINDRICAL_SURFACE('',#10504,0.0021);
#858=CYLINDRICAL_SURFACE('',#10507,0.0021);
#859=CYLINDRICAL_SURFACE('',#10531,0.0002);
#860=CYLINDRICAL_SURFACE('',#10533,0.0002);
#861=CYLINDRICAL_SURFACE('',#10536,0.0002);
#862=CYLINDRICAL_SURFACE('',#10541,0.0002);
#863=CYLINDRICAL_SURFACE('',#10549,0.0028);
#864=CIRCLE('',#9514,0.00085);
#865=CIRCLE('',#9515,0.002);
#866=CIRCLE('',#9516,0.00075);
#867=CIRCLE('',#9517,0.00085);
#868=CIRCLE('',#9518,0.0004);
#869=CIRCLE('',#9519,0.00075);
#870=CIRCLE('',#9520,0.0004);
#871=CIRCLE('',#9521,0.0004);
#872=CIRCLE('',#9522,0.00085);
#873=CIRCLE('',#9523,0.002);
#874=CIRCLE('',#9524,0.00075);
#875=CIRCLE('',#9525,0.00085);
#876=CIRCLE('',#9526,0.0004);
#877=CIRCLE('',#9527,0.00075);
#878=CIRCLE('',#9528,0.0004);
#879=CIRCLE('',#9529,0.0004);
#880=CIRCLE('',#9530,0.00085);
#881=CIRCLE('',#9531,0.00075);
#882=CIRCLE('',#9532,0.002);
#883=CIRCLE('',#9533,0.00085);
#884=CIRCLE('',#9534,0.00075);
#885=CIRCLE('',#9535,0.0004);
#886=CIRCLE('',#9536,0.00085);
#887=CIRCLE('',#9537,0.00075);
#888=CIRCLE('',#9538,0.002);
#889=CIRCLE('',#9539,0.0004);
#890=CIRCLE('',#9540,0.00085);
#891=CIRCLE('',#9541,0.0004);
#892=CIRCLE('',#9542,0.00085);
#893=CIRCLE('',#9543,0.00075);
#894=CIRCLE('',#9544,0.002);
#895=CIRCLE('',#9545,0.00085);
#896=CIRCLE('',#9546,0.00075);
#897=CIRCLE('',#9547,0.0004);
#898=CIRCLE('',#9548,0.00085);
#899=CIRCLE('',#9549,0.00075);
#900=CIRCLE('',#9550,0.002);
#901=CIRCLE('',#9551,0.0004);
#902=CIRCLE('',#9552,0.00085);
#903=CIRCLE('',#9553,0.0004);
#904=CIRCLE('',#9554,0.00085);
#905=CIRCLE('',#9555,0.002);
#906=CIRCLE('',#9556,0.00075);
#907=CIRCLE('',#9557,0.00085);
#908=CIRCLE('',#9558,0.0004);
#909=CIRCLE('',#9559,0.00075);
#910=CIRCLE('',#9560,0.0004);
#911=CIRCLE('',#9561,0.0004);
#912=CIRCLE('',#9562,0.00085);
#913=CIRCLE('',#9563,0.002);
#914=CIRCLE('',#9564,0.00075);
#915=CIRCLE('',#9565,0.00085);
#916=CIRCLE('',#9566,0.0004);
#917=CIRCLE('',#9567,0.00075);
#918=CIRCLE('',#9568,0.0004);
#919=CIRCLE('',#9569,0.0004);
#920=CIRCLE('',#9570,0.00085);
#921=CIRCLE('',#9571,0.00075);
#922=CIRCLE('',#9572,0.002);
#923=CIRCLE('',#9573,0.00085);
#924=CIRCLE('',#9574,0.00075);
#925=CIRCLE('',#9575,0.0004);
#926=CIRCLE('',#9576,0.00085);
#927=CIRCLE('',#9577,0.00075);
#928=CIRCLE('',#9578,0.002);
#929=CIRCLE('',#9579,0.0004);
#930=CIRCLE('',#9580,0.00085);
#931=CIRCLE('',#9581,0.0004);
#932=CIRCLE('',#9582,0.00085);
#933=CIRCLE('',#9583,0.00075);
#934=CIRCLE('',#9584,0.002);
#935=CIRCLE('',#9585,0.00085);
#936=CIRCLE('',#9586,0.00075);
#937=CIRCLE('',#9587,0.0004);
#938=CIRCLE('',#9588,0.00085);
#939=CIRCLE('',#9589,0.002);
#940=CIRCLE('',#9590,0.00075);
#941=CIRCLE('',#9591,0.0004);
#942=CIRCLE('',#9592,0.00085);
#943=CIRCLE('',#9593,0.0004);
#944=CIRCLE('',#9594,0.00075);
#945=CIRCLE('',#9595,0.0004);
#946=CIRCLE('',#9596,0.00085);
#947=CIRCLE('',#9597,0.002);
#948=CIRCLE('',#9598,0.00075);
#949=CIRCLE('',#9599,0.00085);
#950=CIRCLE('',#9600,0.00075);
#951=CIRCLE('',#9601,0.0004);
#952=CIRCLE('',#9602,0.00075);
#953=CIRCLE('',#9603,0.0004);
#954=CIRCLE('',#9604,0.00085);
#955=CIRCLE('',#9605,0.002);
#956=CIRCLE('',#9606,0.00075);
#957=CIRCLE('',#9607,0.00085);
#958=CIRCLE('',#9608,0.00075);
#959=CIRCLE('',#9609,0.0004);
#960=CIRCLE('',#9610,0.0005);
#961=CIRCLE('',#9611,0.0005);
#962=CIRCLE('',#9612,0.0005);
#963=CIRCLE('',#9613,0.0005);
#964=CIRCLE('',#9614,0.0005);
#965=CIRCLE('',#9615,0.0005);
#966=CIRCLE('',#9616,0.0005);
#967=CIRCLE('',#9617,0.0005);
#968=CIRCLE('',#9618,0.0005);
#969=CIRCLE('',#9619,0.0005);
#970=CIRCLE('',#9620,0.0005);
#971=CIRCLE('',#9621,0.0005);
#972=CIRCLE('',#9622,0.0005);
#973=CIRCLE('',#9623,0.0005);
#974=CIRCLE('',#9624,0.00075);
#975=CIRCLE('',#9625,0.0004);
#976=CIRCLE('',#9626,0.00085);
#977=CIRCLE('',#9627,0.002);
#978=CIRCLE('',#9628,0.00075);
#979=CIRCLE('',#9629,0.00085);
#980=CIRCLE('',#9630,0.00075);
#981=CIRCLE('',#9631,0.0004);
#982=CIRCLE('',#9632,0.00075);
#983=CIRCLE('',#9633,0.0004);
#984=CIRCLE('',#9634,0.00085);
#985=CIRCLE('',#9635,0.002);
#986=CIRCLE('',#9636,0.00075);
#987=CIRCLE('',#9637,0.00085);
#988=CIRCLE('',#9638,0.00075);
#989=CIRCLE('',#9639,0.0004);
#990=CIRCLE('',#9640,0.0005);
#991=CIRCLE('',#9641,0.0005);
#992=CIRCLE('',#9642,0.0005);
#993=CIRCLE('',#9643,0.0005);
#994=CIRCLE('',#9645,0.00085);
#995=CIRCLE('',#9646,0.002);
#996=CIRCLE('',#9647,0.00075);
#997=CIRCLE('',#9648,0.00085);
#998=CIRCLE('',#9649,0.0004);
#999=CIRCLE('',#9650,0.00075);
#1000=CIRCLE('',#9651,0.0004);
#1001=CIRCLE('',#9652,0.0004);
#1002=CIRCLE('',#9653,0.00085);
#1003=CIRCLE('',#9654,0.002);
#1004=CIRCLE('',#9655,0.00075);
#1005=CIRCLE('',#9656,0.00085);
#1006=CIRCLE('',#9657,0.0004);
#1007=CIRCLE('',#9658,0.00075);
#1008=CIRCLE('',#9659,0.0004);
#1009=CIRCLE('',#9660,0.0004);
#1010=CIRCLE('',#9661,0.00085);
#1011=CIRCLE('',#9662,0.00075);
#1012=CIRCLE('',#9663,0.002);
#1013=CIRCLE('',#9664,0.00085);
#1014=CIRCLE('',#9665,0.00075);
#1015=CIRCLE('',#9666,0.0004);
#1016=CIRCLE('',#9667,0.00085);
#1017=CIRCLE('',#9668,0.00075);
#1018=CIRCLE('',#9669,0.002);
#1019=CIRCLE('',#9670,0.0004);
#1020=CIRCLE('',#9671,0.00085);
#1021=CIRCLE('',#9672,0.0004);
#1022=CIRCLE('',#9673,0.00085);
#1023=CIRCLE('',#9674,0.00075);
#1024=CIRCLE('',#9675,0.002);
#1025=CIRCLE('',#9676,0.00085);
#1026=CIRCLE('',#9677,0.00075);
#1027=CIRCLE('',#9678,0.0004);
#1028=CIRCLE('',#9679,0.00085);
#1029=CIRCLE('',#9680,0.00075);
#1030=CIRCLE('',#9681,0.002);
#1031=CIRCLE('',#9682,0.0004);
#1032=CIRCLE('',#9683,0.00085);
#1033=CIRCLE('',#9684,0.0004);
#1034=CIRCLE('',#9685,0.00085);
#1035=CIRCLE('',#9686,0.002);
#1036=CIRCLE('',#9687,0.00075);
#1037=CIRCLE('',#9688,0.00085);
#1038=CIRCLE('',#9689,0.0004);
#1039=CIRCLE('',#9690,0.00075);
#1040=CIRCLE('',#9691,0.0004);
#1041=CIRCLE('',#9692,0.0004);
#1042=CIRCLE('',#9693,0.00085);
#1043=CIRCLE('',#9694,0.002);
#1044=CIRCLE('',#9695,0.00075);
#1045=CIRCLE('',#9696,0.00085);
#1046=CIRCLE('',#9697,0.0004);
#1047=CIRCLE('',#9698,0.00075);
#1048=CIRCLE('',#9699,0.0004);
#1049=CIRCLE('',#9700,0.0004);
#1050=CIRCLE('',#9701,0.00085);
#1051=CIRCLE('',#9702,0.00075);
#1052=CIRCLE('',#9703,0.002);
#1053=CIRCLE('',#9704,0.00085);
#1054=CIRCLE('',#9705,0.00075);
#1055=CIRCLE('',#9706,0.0004);
#1056=CIRCLE('',#9707,0.00085);
#1057=CIRCLE('',#9708,0.00075);
#1058=CIRCLE('',#9709,0.002);
#1059=CIRCLE('',#9710,0.0004);
#1060=CIRCLE('',#9711,0.00085);
#1061=CIRCLE('',#9712,0.0004);
#1062=CIRCLE('',#9713,0.00085);
#1063=CIRCLE('',#9714,0.00075);
#1064=CIRCLE('',#9715,0.002);
#1065=CIRCLE('',#9716,0.00085);
#1066=CIRCLE('',#9717,0.00075);
#1067=CIRCLE('',#9718,0.0004);
#1068=CIRCLE('',#9719,0.00085);
#1069=CIRCLE('',#9720,0.002);
#1070=CIRCLE('',#9721,0.00075);
#1071=CIRCLE('',#9722,0.0004);
#1072=CIRCLE('',#9723,0.00085);
#1073=CIRCLE('',#9724,0.0004);
#1074=CIRCLE('',#9725,0.00075);
#1075=CIRCLE('',#9726,0.0004);
#1076=CIRCLE('',#9727,0.00085);
#1077=CIRCLE('',#9728,0.002);
#1078=CIRCLE('',#9729,0.00075);
#1079=CIRCLE('',#9730,0.00085);
#1080=CIRCLE('',#9731,0.00075);
#1081=CIRCLE('',#9732,0.0004);
#1082=CIRCLE('',#9733,0.00075);
#1083=CIRCLE('',#9734,0.0004);
#1084=CIRCLE('',#9735,0.00085);
#1085=CIRCLE('',#9736,0.002);
#1086=CIRCLE('',#9737,0.00075);
#1087=CIRCLE('',#9738,0.00085);
#1088=CIRCLE('',#9739,0.00075);
#1089=CIRCLE('',#9740,0.0004);
#1090=CIRCLE('',#9741,0.0005);
#1091=CIRCLE('',#9742,0.0005);
#1092=CIRCLE('',#9743,0.0005);
#1093=CIRCLE('',#9744,0.0005);
#1094=CIRCLE('',#9745,0.0005);
#1095=CIRCLE('',#9746,0.0005);
#1096=CIRCLE('',#9747,0.0005);
#1097=CIRCLE('',#9748,0.0005);
#1098=CIRCLE('',#9749,0.0005);
#1099=CIRCLE('',#9750,0.0005);
#1100=CIRCLE('',#9751,0.0005);
#1101=CIRCLE('',#9752,0.0005);
#1102=CIRCLE('',#9753,0.0005);
#1103=CIRCLE('',#9754,0.0005);
#1104=CIRCLE('',#9755,0.00075);
#1105=CIRCLE('',#9756,0.0004);
#1106=CIRCLE('',#9757,0.00085);
#1107=CIRCLE('',#9758,0.002);
#1108=CIRCLE('',#9759,0.00075);
#1109=CIRCLE('',#9760,0.00085);
#1110=CIRCLE('',#9761,0.00075);
#1111=CIRCLE('',#9762,0.0004);
#1112=CIRCLE('',#9763,0.00075);
#1113=CIRCLE('',#9764,0.0004);
#1114=CIRCLE('',#9765,0.00085);
#1115=CIRCLE('',#9766,0.002);
#1116=CIRCLE('',#9767,0.00075);
#1117=CIRCLE('',#9768,0.00085);
#1118=CIRCLE('',#9769,0.00075);
#1119=CIRCLE('',#9770,0.0004);
#1120=CIRCLE('',#9771,0.0005);
#1121=CIRCLE('',#9772,0.0005);
#1122=CIRCLE('',#9773,0.0005);
#1123=CIRCLE('',#9774,0.0005);
#1124=CIRCLE('',#9908,0.002);
#1125=CIRCLE('',#9910,0.002);
#1126=CIRCLE('',#9912,0.0017);
#1127=CIRCLE('',#9913,0.0017);
#1128=CIRCLE('',#9914,0.0017);
#1129=CIRCLE('',#9915,0.0017);
#1130=CIRCLE('',#9916,0.0017);
#1131=CIRCLE('',#9917,0.0017);
#1132=CIRCLE('',#9918,0.0015);
#1133=CIRCLE('',#9919,0.0015);
#1134=CIRCLE('',#9920,0.0015);
#1135=CIRCLE('',#9921,0.0015);
#1136=CIRCLE('',#9922,0.0015);
#1137=CIRCLE('',#9923,0.0015);
#1138=CIRCLE('',#9924,0.0015);
#1139=CIRCLE('',#9925,0.0015);
#1140=CIRCLE('',#9926,0.0005);
#1141=CIRCLE('',#9927,0.0005);
#1142=CIRCLE('',#9928,0.0005);
#1143=CIRCLE('',#9929,0.0005);
#1144=CIRCLE('',#9930,0.0005);
#1145=CIRCLE('',#9931,0.0005);
#1146=CIRCLE('',#9932,0.0005);
#1147=CIRCLE('',#9933,0.0005);
#1148=CIRCLE('',#9934,0.0005);
#1149=CIRCLE('',#9935,0.0005);
#1150=CIRCLE('',#9936,0.0005);
#1151=CIRCLE('',#9937,0.0005);
#1152=CIRCLE('',#9938,0.0005);
#1153=CIRCLE('',#9939,0.0005);
#1154=CIRCLE('',#9940,0.0005);
#1155=CIRCLE('',#9941,0.0005);
#1156=CIRCLE('',#9942,0.0005);
#1157=CIRCLE('',#9943,0.0005);
#1158=CIRCLE('',#9944,0.0005);
#1159=CIRCLE('',#9945,0.0005);
#1160=CIRCLE('',#9946,0.0015);
#1161=CIRCLE('',#9947,0.0015);
#1162=CIRCLE('',#9948,0.0015);
#1163=CIRCLE('',#9949,0.0015);
#1164=CIRCLE('',#9950,0.0005);
#1165=CIRCLE('',#9951,0.0005);
#1166=CIRCLE('',#9952,0.0005);
#1167=CIRCLE('',#9953,0.0005);
#1168=CIRCLE('',#9954,0.0005);
#1169=CIRCLE('',#9955,0.0005);
#1170=CIRCLE('',#9956,0.0005);
#1171=CIRCLE('',#9957,0.0005);
#1172=CIRCLE('',#9958,0.0005);
#1173=CIRCLE('',#9959,0.0005);
#1174=CIRCLE('',#9960,0.0005);
#1175=CIRCLE('',#9961,0.0005);
#1176=CIRCLE('',#9962,0.0005);
#1177=CIRCLE('',#9963,0.0005);
#1178=CIRCLE('',#9964,0.0005);
#1179=CIRCLE('',#9965,0.0005);
#1180=CIRCLE('',#9966,0.0005);
#1181=CIRCLE('',#9967,0.0005);
#1182=CIRCLE('',#9968,0.0005);
#1183=CIRCLE('',#9969,0.0005);
#1184=CIRCLE('',#9970,0.0005);
#1185=CIRCLE('',#9971,0.0005);
#1186=CIRCLE('',#9972,0.0005);
#1187=CIRCLE('',#9973,0.0005);
#1188=CIRCLE('',#9974,0.0005);
#1189=CIRCLE('',#9975,0.0005);
#1190=CIRCLE('',#9976,0.0005);
#1191=CIRCLE('',#9977,0.0005);
#1192=CIRCLE('',#9978,0.0005);
#1193=CIRCLE('',#9979,0.0005);
#1194=CIRCLE('',#9980,0.0005);
#1195=CIRCLE('',#9981,0.0005);
#1196=CIRCLE('',#9982,0.0005);
#1197=CIRCLE('',#9983,0.0005);
#1198=CIRCLE('',#9984,0.0005);
#1199=CIRCLE('',#9985,0.0005);
#1200=CIRCLE('',#9986,0.0005);
#1201=CIRCLE('',#9987,0.0005);
#1202=CIRCLE('',#9988,0.0005);
#1203=CIRCLE('',#9989,0.0005);
#1204=CIRCLE('',#9990,0.0005);
#1205=CIRCLE('',#9991,0.0005);
#1206=CIRCLE('',#9992,0.0005);
#1207=CIRCLE('',#9993,0.0005);
#1208=CIRCLE('',#9995,0.0017);
#1209=CIRCLE('',#9996,0.0017);
#1210=CIRCLE('',#9997,0.0017);
#1211=CIRCLE('',#9998,0.0017);
#1212=CIRCLE('',#9999,0.0017);
#1213=CIRCLE('',#10000,0.0017);
#1214=CIRCLE('',#10001,0.0005);
#1215=CIRCLE('',#10002,0.0005);
#1216=CIRCLE('',#10003,0.0005);
#1217=CIRCLE('',#10004,0.0005);
#1218=CIRCLE('',#10005,0.0005);
#1219=CIRCLE('',#10006,0.0005);
#1220=CIRCLE('',#10007,0.0005);
#1221=CIRCLE('',#10008,0.0005);
#1222=CIRCLE('',#10009,0.0005);
#1223=CIRCLE('',#10010,0.0005);
#1224=CIRCLE('',#10011,0.0005);
#1225=CIRCLE('',#10012,0.0005);
#1226=CIRCLE('',#10013,0.0005);
#1227=CIRCLE('',#10014,0.0005);
#1228=CIRCLE('',#10015,0.0005);
#1229=CIRCLE('',#10016,0.0005);
#1230=CIRCLE('',#10017,0.0005);
#1231=CIRCLE('',#10018,0.0005);
#1232=CIRCLE('',#10019,0.0005);
#1233=CIRCLE('',#10020,0.0005);
#1234=CIRCLE('',#10021,0.0015);
#1235=CIRCLE('',#10022,0.0015);
#1236=CIRCLE('',#10023,0.0015);
#1237=CIRCLE('',#10024,0.0015);
#1238=CIRCLE('',#10025,0.0005);
#1239=CIRCLE('',#10026,0.0005);
#1240=CIRCLE('',#10027,0.0005);
#1241=CIRCLE('',#10028,0.0005);
#1242=CIRCLE('',#10029,0.0005);
#1243=CIRCLE('',#10030,0.0005);
#1244=CIRCLE('',#10031,0.0005);
#1245=CIRCLE('',#10032,0.0005);
#1246=CIRCLE('',#10033,0.0015);
#1247=CIRCLE('',#10034,0.0015);
#1248=CIRCLE('',#10035,0.0015);
#1249=CIRCLE('',#10036,0.0015);
#1250=CIRCLE('',#10037,0.0015);
#1251=CIRCLE('',#10038,0.0015);
#1252=CIRCLE('',#10039,0.0015);
#1253=CIRCLE('',#10040,0.0015);
#1254=CIRCLE('',#10041,0.0005);
#1255=CIRCLE('',#10042,0.0005);
#1256=CIRCLE('',#10043,0.0005);
#1257=CIRCLE('',#10044,0.0005);
#1258=CIRCLE('',#10045,0.0005);
#1259=CIRCLE('',#10046,0.0005);
#1260=CIRCLE('',#10047,0.0005);
#1261=CIRCLE('',#10048,0.0005);
#1262=CIRCLE('',#10049,0.0005);
#1263=CIRCLE('',#10050,0.0005);
#1264=CIRCLE('',#10051,0.0005);
#1265=CIRCLE('',#10052,0.0005);
#1266=CIRCLE('',#10053,0.0005);
#1267=CIRCLE('',#10054,0.0005);
#1268=CIRCLE('',#10055,0.0005);
#1269=CIRCLE('',#10056,0.0005);
#1270=CIRCLE('',#10057,0.0005);
#1271=CIRCLE('',#10058,0.0005);
#1272=CIRCLE('',#10059,0.0005);
#1273=CIRCLE('',#10060,0.0005);
#1274=CIRCLE('',#10061,0.0005);
#1275=CIRCLE('',#10062,0.0005);
#1276=CIRCLE('',#10063,0.0005);
#1277=CIRCLE('',#10064,0.0005);
#1278=CIRCLE('',#10065,0.0005);
#1279=CIRCLE('',#10066,0.0005);
#1280=CIRCLE('',#10067,0.0005);
#1281=CIRCLE('',#10068,0.0005);
#1282=CIRCLE('',#10069,0.0005);
#1283=CIRCLE('',#10070,0.0005);
#1284=CIRCLE('',#10071,0.0005);
#1285=CIRCLE('',#10072,0.0005);
#1286=CIRCLE('',#10073,0.0005);
#1287=CIRCLE('',#10074,0.0005);
#1288=CIRCLE('',#10075,0.0005);
#1289=CIRCLE('',#10076,0.0005);
#1290=CIRCLE('',#10078,0.002);
#1291=CIRCLE('',#10083,0.002);
#1292=CIRCLE('',#10232,0.002);
#1293=CIRCLE('',#10244,0.00035);
#1294=CIRCLE('',#10245,0.00035);
#1295=CIRCLE('',#10248,0.00035);
#1296=CIRCLE('',#10249,0.00035);
#1297=CIRCLE('',#10256,0.000479999999999718);
#1298=CIRCLE('',#10257,0.00048);
#1299=CIRCLE('',#10258,0.00048);
#1300=CIRCLE('',#10262,0.000430000000000087);
#1301=CIRCLE('',#10263,0.00043);
#1302=CIRCLE('',#10264,0.00043);
#1303=CIRCLE('',#10272,0.00018);
#1304=CIRCLE('',#10273,0.00018);
#1305=CIRCLE('',#10275,0.00018);
#1306=CIRCLE('',#10278,0.00018);
#1307=CIRCLE('',#10285,0.00018);
#1308=CIRCLE('',#10286,0.00018);
#1309=CIRCLE('',#10291,0.00018);
#1310=CIRCLE('',#10294,0.00018);
#1311=CIRCLE('',#10300,0.00101);
#1312=CIRCLE('',#10301,0.00101);
#1313=CIRCLE('',#10303,0.001);
#1314=CIRCLE('',#10305,0.001);
#1315=CIRCLE('',#10307,0.001);
#1316=CIRCLE('',#10309,0.001);
#1317=CIRCLE('',#10311,0.0006);
#1318=CIRCLE('',#10313,0.0006);
#1319=CIRCLE('',#10318,0.00025);
#1320=CIRCLE('',#10319,0.00025);
#1321=CIRCLE('',#10321,0.00025);
#1322=CIRCLE('',#10323,0.00025);
#1323=CIRCLE('',#10325,0.00025);
#1324=CIRCLE('',#10327,0.00025);
#1325=CIRCLE('',#10333,0.00325);
#1326=CIRCLE('',#10334,0.00325);
#1327=CIRCLE('',#10335,0.00325);
#1328=CIRCLE('',#10336,0.00325);
#1329=CIRCLE('',#10337,0.00325);
#1330=CIRCLE('',#10338,0.00325);
#1331=CIRCLE('',#10339,0.0015);
#1332=CIRCLE('',#10340,0.0015);
#1333=CIRCLE('',#10341,0.0015);
#1334=CIRCLE('',#10342,0.0015);
#1335=CIRCLE('',#10352,0.0017);
#1336=CIRCLE('',#10353,0.0017);
#1337=CIRCLE('',#10354,0.0017);
#1338=CIRCLE('',#10355,0.0017);
#1339=CIRCLE('',#10356,0.0017);
#1340=CIRCLE('',#10357,0.0017);
#1341=CIRCLE('',#10358,0.0015);
#1342=CIRCLE('',#10359,0.0015);
#1343=CIRCLE('',#10360,0.0015);
#1344=CIRCLE('',#10361,0.0015);
#1345=CIRCLE('',#10368,0.0017);
#1346=CIRCLE('',#10370,0.00325);
#1347=CIRCLE('',#10373,0.0017);
#1348=CIRCLE('',#10375,0.00325);
#1349=CIRCLE('',#10378,0.0017);
#1350=CIRCLE('',#10380,0.00325);
#1351=CIRCLE('',#10383,0.0017);
#1352=CIRCLE('',#10385,0.00325);
#1353=CIRCLE('',#10388,0.0017);
#1354=CIRCLE('',#10390,0.00325);
#1355=CIRCLE('',#10393,0.0017);
#1356=CIRCLE('',#10395,0.00325);
#1357=CIRCLE('',#10426,0.002);
#1358=CIRCLE('',#10427,0.002);
#1359=CIRCLE('',#10428,0.002);
#1360=CIRCLE('',#10429,0.002);
#1361=CIRCLE('',#10434,0.002);
#1362=CIRCLE('',#10435,0.002);
#1363=CIRCLE('',#10436,0.002);
#1364=CIRCLE('',#10437,0.002);
#1365=CIRCLE('',#10443,0.0021);
#1366=CIRCLE('',#10444,0.0021);
#1367=CIRCLE('',#10445,0.0021);
#1368=CIRCLE('',#10446,0.0021);
#1369=CIRCLE('',#10447,0.0021);
#1370=CIRCLE('',#10448,0.0021);
#1371=CIRCLE('',#10449,0.0015);
#1372=CIRCLE('',#10450,0.0015);
#1373=CIRCLE('',#10451,0.0015);
#1374=CIRCLE('',#10452,0.0015);
#1375=CIRCLE('',#10476,0.0015);
#1376=CIRCLE('',#10478,0.0015);
#1377=CIRCLE('',#10480,0.0015);
#1378=CIRCLE('',#10482,0.0015);
#1379=CIRCLE('',#10491,0.0021);
#1380=CIRCLE('',#10494,0.0021);
#1381=CIRCLE('',#10497,0.0021);
#1382=CIRCLE('',#10500,0.0021);
#1383=CIRCLE('',#10503,0.0021);
#1384=CIRCLE('',#10506,0.0021);
#1385=CIRCLE('',#10532,0.0002);
#1386=CIRCLE('',#10534,0.0002);
#1387=CIRCLE('',#10537,0.0002);
#1388=CIRCLE('',#10539,0.0002);
#1389=CIRCLE('',#10547,0.0028);
#1390=CIRCLE('',#10550,0.0028);
#1391=ORIENTED_EDGE('',*,*,#3629,.T.);
#1392=ORIENTED_EDGE('',*,*,#3630,.T.);
#1393=ORIENTED_EDGE('',*,*,#3631,.F.);
#1394=ORIENTED_EDGE('',*,*,#3632,.F.);
#1395=ORIENTED_EDGE('',*,*,#3633,.T.);
#1396=ORIENTED_EDGE('',*,*,#3634,.T.);
#1397=ORIENTED_EDGE('',*,*,#3629,.F.);
#1398=ORIENTED_EDGE('',*,*,#3635,.F.);
#1399=ORIENTED_EDGE('',*,*,#3631,.T.);
#1400=ORIENTED_EDGE('',*,*,#3636,.T.);
#1401=ORIENTED_EDGE('',*,*,#3637,.F.);
#1402=ORIENTED_EDGE('',*,*,#3638,.F.);
#1403=ORIENTED_EDGE('',*,*,#3638,.T.);
#1404=ORIENTED_EDGE('',*,*,#3639,.T.);
#1405=ORIENTED_EDGE('',*,*,#3635,.T.);
#1406=ORIENTED_EDGE('',*,*,#3632,.T.);
#1407=ORIENTED_EDGE('',*,*,#3640,.F.);
#1408=ORIENTED_EDGE('',*,*,#3641,.F.);
#1409=ORIENTED_EDGE('',*,*,#3642,.F.);
#1410=ORIENTED_EDGE('',*,*,#3643,.F.);
#1411=ORIENTED_EDGE('',*,*,#3644,.F.);
#1412=ORIENTED_EDGE('',*,*,#3645,.F.);
#1413=ORIENTED_EDGE('',*,*,#3646,.F.);
#1414=ORIENTED_EDGE('',*,*,#3647,.F.);
#1415=ORIENTED_EDGE('',*,*,#3648,.F.);
#1416=ORIENTED_EDGE('',*,*,#3649,.F.);
#1417=ORIENTED_EDGE('',*,*,#3650,.F.);
#1418=ORIENTED_EDGE('',*,*,#3651,.F.);
#1419=ORIENTED_EDGE('',*,*,#3652,.F.);
#1420=ORIENTED_EDGE('',*,*,#3653,.F.);
#1421=ORIENTED_EDGE('',*,*,#3654,.F.);
#1422=ORIENTED_EDGE('',*,*,#3655,.F.);
#1423=ORIENTED_EDGE('',*,*,#3656,.F.);
#1424=ORIENTED_EDGE('',*,*,#3657,.F.);
#1425=ORIENTED_EDGE('',*,*,#3658,.F.);
#1426=ORIENTED_EDGE('',*,*,#3659,.F.);
#1427=ORIENTED_EDGE('',*,*,#3660,.F.);
#1428=ORIENTED_EDGE('',*,*,#3661,.F.);
#1429=ORIENTED_EDGE('',*,*,#3662,.F.);
#1430=ORIENTED_EDGE('',*,*,#3663,.F.);
#1431=ORIENTED_EDGE('',*,*,#3664,.F.);
#1432=ORIENTED_EDGE('',*,*,#3665,.F.);
#1433=ORIENTED_EDGE('',*,*,#3666,.F.);
#1434=ORIENTED_EDGE('',*,*,#3667,.F.);
#1435=ORIENTED_EDGE('',*,*,#3668,.F.);
#1436=ORIENTED_EDGE('',*,*,#3669,.F.);
#1437=ORIENTED_EDGE('',*,*,#3670,.F.);
#1438=ORIENTED_EDGE('',*,*,#3671,.F.);
#1439=ORIENTED_EDGE('',*,*,#3672,.F.);
#1440=ORIENTED_EDGE('',*,*,#3673,.F.);
#1441=ORIENTED_EDGE('',*,*,#3674,.F.);
#1442=ORIENTED_EDGE('',*,*,#3675,.F.);
#1443=ORIENTED_EDGE('',*,*,#3676,.F.);
#1444=ORIENTED_EDGE('',*,*,#3677,.F.);
#1445=ORIENTED_EDGE('',*,*,#3678,.F.);
#1446=ORIENTED_EDGE('',*,*,#3679,.F.);
#1447=ORIENTED_EDGE('',*,*,#3680,.F.);
#1448=ORIENTED_EDGE('',*,*,#3681,.F.);
#1449=ORIENTED_EDGE('',*,*,#3682,.F.);
#1450=ORIENTED_EDGE('',*,*,#3683,.F.);
#1451=ORIENTED_EDGE('',*,*,#3684,.F.);
#1452=ORIENTED_EDGE('',*,*,#3685,.F.);
#1453=ORIENTED_EDGE('',*,*,#3686,.F.);
#1454=ORIENTED_EDGE('',*,*,#3687,.F.);
#1455=ORIENTED_EDGE('',*,*,#3688,.F.);
#1456=ORIENTED_EDGE('',*,*,#3689,.F.);
#1457=ORIENTED_EDGE('',*,*,#3690,.F.);
#1458=ORIENTED_EDGE('',*,*,#3691,.F.);
#1459=ORIENTED_EDGE('',*,*,#3692,.F.);
#1460=ORIENTED_EDGE('',*,*,#3693,.F.);
#1461=ORIENTED_EDGE('',*,*,#3694,.F.);
#1462=ORIENTED_EDGE('',*,*,#3695,.F.);
#1463=ORIENTED_EDGE('',*,*,#3696,.F.);
#1464=ORIENTED_EDGE('',*,*,#3697,.F.);
#1465=ORIENTED_EDGE('',*,*,#3698,.F.);
#1466=ORIENTED_EDGE('',*,*,#3699,.F.);
#1467=ORIENTED_EDGE('',*,*,#3700,.F.);
#1468=ORIENTED_EDGE('',*,*,#3701,.F.);
#1469=ORIENTED_EDGE('',*,*,#3702,.F.);
#1470=ORIENTED_EDGE('',*,*,#3703,.F.);
#1471=ORIENTED_EDGE('',*,*,#3704,.F.);
#1472=ORIENTED_EDGE('',*,*,#3705,.F.);
#1473=ORIENTED_EDGE('',*,*,#3706,.F.);
#1474=ORIENTED_EDGE('',*,*,#3707,.F.);
#1475=ORIENTED_EDGE('',*,*,#3708,.F.);
#1476=ORIENTED_EDGE('',*,*,#3709,.F.);
#1477=ORIENTED_EDGE('',*,*,#3710,.F.);
#1478=ORIENTED_EDGE('',*,*,#3711,.F.);
#1479=ORIENTED_EDGE('',*,*,#3712,.F.);
#1480=ORIENTED_EDGE('',*,*,#3713,.F.);
#1481=ORIENTED_EDGE('',*,*,#3714,.F.);
#1482=ORIENTED_EDGE('',*,*,#3715,.F.);
#1483=ORIENTED_EDGE('',*,*,#3716,.F.);
#1484=ORIENTED_EDGE('',*,*,#3717,.F.);
#1485=ORIENTED_EDGE('',*,*,#3718,.F.);
#1486=ORIENTED_EDGE('',*,*,#3719,.F.);
#1487=ORIENTED_EDGE('',*,*,#3720,.F.);
#1488=ORIENTED_EDGE('',*,*,#3721,.F.);
#1489=ORIENTED_EDGE('',*,*,#3722,.F.);
#1490=ORIENTED_EDGE('',*,*,#3723,.F.);
#1491=ORIENTED_EDGE('',*,*,#3724,.F.);
#1492=ORIENTED_EDGE('',*,*,#3725,.F.);
#1493=ORIENTED_EDGE('',*,*,#3726,.F.);
#1494=ORIENTED_EDGE('',*,*,#3727,.F.);
#1495=ORIENTED_EDGE('',*,*,#3728,.F.);
#1496=ORIENTED_EDGE('',*,*,#3729,.F.);
#1497=ORIENTED_EDGE('',*,*,#3730,.F.);
#1498=ORIENTED_EDGE('',*,*,#3731,.F.);
#1499=ORIENTED_EDGE('',*,*,#3732,.F.);
#1500=ORIENTED_EDGE('',*,*,#3733,.F.);
#1501=ORIENTED_EDGE('',*,*,#3734,.F.);
#1502=ORIENTED_EDGE('',*,*,#3735,.F.);
#1503=ORIENTED_EDGE('',*,*,#3736,.F.);
#1504=ORIENTED_EDGE('',*,*,#3737,.F.);
#1505=ORIENTED_EDGE('',*,*,#3738,.F.);
#1506=ORIENTED_EDGE('',*,*,#3739,.F.);
#1507=ORIENTED_EDGE('',*,*,#3740,.F.);
#1508=ORIENTED_EDGE('',*,*,#3741,.F.);
#1509=ORIENTED_EDGE('',*,*,#3742,.F.);
#1510=ORIENTED_EDGE('',*,*,#3743,.F.);
#1511=ORIENTED_EDGE('',*,*,#3744,.F.);
#1512=ORIENTED_EDGE('',*,*,#3745,.F.);
#1513=ORIENTED_EDGE('',*,*,#3746,.F.);
#1514=ORIENTED_EDGE('',*,*,#3747,.F.);
#1515=ORIENTED_EDGE('',*,*,#3748,.F.);
#1516=ORIENTED_EDGE('',*,*,#3749,.F.);
#1517=ORIENTED_EDGE('',*,*,#3750,.F.);
#1518=ORIENTED_EDGE('',*,*,#3751,.F.);
#1519=ORIENTED_EDGE('',*,*,#3752,.F.);
#1520=ORIENTED_EDGE('',*,*,#3753,.F.);
#1521=ORIENTED_EDGE('',*,*,#3754,.F.);
#1522=ORIENTED_EDGE('',*,*,#3755,.F.);
#1523=ORIENTED_EDGE('',*,*,#3756,.F.);
#1524=ORIENTED_EDGE('',*,*,#3757,.F.);
#1525=ORIENTED_EDGE('',*,*,#3758,.F.);
#1526=ORIENTED_EDGE('',*,*,#3759,.F.);
#1527=ORIENTED_EDGE('',*,*,#3760,.F.);
#1528=ORIENTED_EDGE('',*,*,#3761,.F.);
#1529=ORIENTED_EDGE('',*,*,#3762,.F.);
#1530=ORIENTED_EDGE('',*,*,#3763,.F.);
#1531=ORIENTED_EDGE('',*,*,#3764,.F.);
#1532=ORIENTED_EDGE('',*,*,#3765,.F.);
#1533=ORIENTED_EDGE('',*,*,#3766,.F.);
#1534=ORIENTED_EDGE('',*,*,#3767,.F.);
#1535=ORIENTED_EDGE('',*,*,#3768,.F.);
#1536=ORIENTED_EDGE('',*,*,#3769,.F.);
#1537=ORIENTED_EDGE('',*,*,#3630,.F.);
#1538=ORIENTED_EDGE('',*,*,#3634,.F.);
#1539=ORIENTED_EDGE('',*,*,#3770,.F.);
#1540=ORIENTED_EDGE('',*,*,#3636,.F.);
#1541=ORIENTED_EDGE('',*,*,#3771,.T.);
#1542=ORIENTED_EDGE('',*,*,#3772,.T.);
#1543=ORIENTED_EDGE('',*,*,#3773,.T.);
#1544=ORIENTED_EDGE('',*,*,#3774,.T.);
#1545=ORIENTED_EDGE('',*,*,#3775,.T.);
#1546=ORIENTED_EDGE('',*,*,#3776,.T.);
#1547=ORIENTED_EDGE('',*,*,#3777,.T.);
#1548=ORIENTED_EDGE('',*,*,#3778,.T.);
#1549=ORIENTED_EDGE('',*,*,#3779,.T.);
#1550=ORIENTED_EDGE('',*,*,#3780,.T.);
#1551=ORIENTED_EDGE('',*,*,#3781,.T.);
#1552=ORIENTED_EDGE('',*,*,#3782,.T.);
#1553=ORIENTED_EDGE('',*,*,#3783,.T.);
#1554=ORIENTED_EDGE('',*,*,#3784,.T.);
#1555=ORIENTED_EDGE('',*,*,#3785,.T.);
#1556=ORIENTED_EDGE('',*,*,#3786,.T.);
#1557=ORIENTED_EDGE('',*,*,#3787,.T.);
#1558=ORIENTED_EDGE('',*,*,#3788,.T.);
#1559=ORIENTED_EDGE('',*,*,#3789,.T.);
#1560=ORIENTED_EDGE('',*,*,#3790,.T.);
#1561=ORIENTED_EDGE('',*,*,#3791,.T.);
#1562=ORIENTED_EDGE('',*,*,#3792,.T.);
#1563=ORIENTED_EDGE('',*,*,#3793,.T.);
#1564=ORIENTED_EDGE('',*,*,#3794,.T.);
#1565=ORIENTED_EDGE('',*,*,#3795,.T.);
#1566=ORIENTED_EDGE('',*,*,#3796,.T.);
#1567=ORIENTED_EDGE('',*,*,#3797,.T.);
#1568=ORIENTED_EDGE('',*,*,#3798,.T.);
#1569=ORIENTED_EDGE('',*,*,#3799,.T.);
#1570=ORIENTED_EDGE('',*,*,#3800,.T.);
#1571=ORIENTED_EDGE('',*,*,#3801,.T.);
#1572=ORIENTED_EDGE('',*,*,#3802,.T.);
#1573=ORIENTED_EDGE('',*,*,#3803,.T.);
#1574=ORIENTED_EDGE('',*,*,#3804,.T.);
#1575=ORIENTED_EDGE('',*,*,#3805,.T.);
#1576=ORIENTED_EDGE('',*,*,#3806,.T.);
#1577=ORIENTED_EDGE('',*,*,#3807,.T.);
#1578=ORIENTED_EDGE('',*,*,#3808,.T.);
#1579=ORIENTED_EDGE('',*,*,#3809,.T.);
#1580=ORIENTED_EDGE('',*,*,#3810,.T.);
#1581=ORIENTED_EDGE('',*,*,#3811,.T.);
#1582=ORIENTED_EDGE('',*,*,#3812,.T.);
#1583=ORIENTED_EDGE('',*,*,#3813,.T.);
#1584=ORIENTED_EDGE('',*,*,#3814,.T.);
#1585=ORIENTED_EDGE('',*,*,#3815,.T.);
#1586=ORIENTED_EDGE('',*,*,#3816,.T.);
#1587=ORIENTED_EDGE('',*,*,#3817,.T.);
#1588=ORIENTED_EDGE('',*,*,#3818,.T.);
#1589=ORIENTED_EDGE('',*,*,#3819,.T.);
#1590=ORIENTED_EDGE('',*,*,#3820,.T.);
#1591=ORIENTED_EDGE('',*,*,#3821,.T.);
#1592=ORIENTED_EDGE('',*,*,#3822,.T.);
#1593=ORIENTED_EDGE('',*,*,#3823,.T.);
#1594=ORIENTED_EDGE('',*,*,#3824,.T.);
#1595=ORIENTED_EDGE('',*,*,#3825,.T.);
#1596=ORIENTED_EDGE('',*,*,#3826,.T.);
#1597=ORIENTED_EDGE('',*,*,#3827,.T.);
#1598=ORIENTED_EDGE('',*,*,#3828,.T.);
#1599=ORIENTED_EDGE('',*,*,#3829,.T.);
#1600=ORIENTED_EDGE('',*,*,#3830,.T.);
#1601=ORIENTED_EDGE('',*,*,#3831,.T.);
#1602=ORIENTED_EDGE('',*,*,#3832,.T.);
#1603=ORIENTED_EDGE('',*,*,#3833,.T.);
#1604=ORIENTED_EDGE('',*,*,#3834,.T.);
#1605=ORIENTED_EDGE('',*,*,#3835,.T.);
#1606=ORIENTED_EDGE('',*,*,#3836,.T.);
#1607=ORIENTED_EDGE('',*,*,#3837,.T.);
#1608=ORIENTED_EDGE('',*,*,#3838,.T.);
#1609=ORIENTED_EDGE('',*,*,#3839,.T.);
#1610=ORIENTED_EDGE('',*,*,#3840,.T.);
#1611=ORIENTED_EDGE('',*,*,#3841,.T.);
#1612=ORIENTED_EDGE('',*,*,#3842,.T.);
#1613=ORIENTED_EDGE('',*,*,#3843,.T.);
#1614=ORIENTED_EDGE('',*,*,#3844,.T.);
#1615=ORIENTED_EDGE('',*,*,#3845,.T.);
#1616=ORIENTED_EDGE('',*,*,#3846,.T.);
#1617=ORIENTED_EDGE('',*,*,#3847,.T.);
#1618=ORIENTED_EDGE('',*,*,#3848,.T.);
#1619=ORIENTED_EDGE('',*,*,#3849,.T.);
#1620=ORIENTED_EDGE('',*,*,#3850,.T.);
#1621=ORIENTED_EDGE('',*,*,#3851,.T.);
#1622=ORIENTED_EDGE('',*,*,#3852,.T.);
#1623=ORIENTED_EDGE('',*,*,#3853,.T.);
#1624=ORIENTED_EDGE('',*,*,#3854,.T.);
#1625=ORIENTED_EDGE('',*,*,#3855,.T.);
#1626=ORIENTED_EDGE('',*,*,#3856,.T.);
#1627=ORIENTED_EDGE('',*,*,#3857,.T.);
#1628=ORIENTED_EDGE('',*,*,#3858,.T.);
#1629=ORIENTED_EDGE('',*,*,#3859,.T.);
#1630=ORIENTED_EDGE('',*,*,#3860,.T.);
#1631=ORIENTED_EDGE('',*,*,#3861,.T.);
#1632=ORIENTED_EDGE('',*,*,#3862,.T.);
#1633=ORIENTED_EDGE('',*,*,#3863,.T.);
#1634=ORIENTED_EDGE('',*,*,#3864,.T.);
#1635=ORIENTED_EDGE('',*,*,#3865,.T.);
#1636=ORIENTED_EDGE('',*,*,#3866,.T.);
#1637=ORIENTED_EDGE('',*,*,#3867,.T.);
#1638=ORIENTED_EDGE('',*,*,#3868,.T.);
#1639=ORIENTED_EDGE('',*,*,#3869,.T.);
#1640=ORIENTED_EDGE('',*,*,#3870,.T.);
#1641=ORIENTED_EDGE('',*,*,#3871,.T.);
#1642=ORIENTED_EDGE('',*,*,#3872,.T.);
#1643=ORIENTED_EDGE('',*,*,#3873,.T.);
#1644=ORIENTED_EDGE('',*,*,#3874,.T.);
#1645=ORIENTED_EDGE('',*,*,#3875,.T.);
#1646=ORIENTED_EDGE('',*,*,#3876,.T.);
#1647=ORIENTED_EDGE('',*,*,#3877,.T.);
#1648=ORIENTED_EDGE('',*,*,#3878,.T.);
#1649=ORIENTED_EDGE('',*,*,#3879,.T.);
#1650=ORIENTED_EDGE('',*,*,#3880,.T.);
#1651=ORIENTED_EDGE('',*,*,#3881,.T.);
#1652=ORIENTED_EDGE('',*,*,#3882,.T.);
#1653=ORIENTED_EDGE('',*,*,#3883,.T.);
#1654=ORIENTED_EDGE('',*,*,#3884,.T.);
#1655=ORIENTED_EDGE('',*,*,#3885,.T.);
#1656=ORIENTED_EDGE('',*,*,#3886,.T.);
#1657=ORIENTED_EDGE('',*,*,#3887,.T.);
#1658=ORIENTED_EDGE('',*,*,#3888,.T.);
#1659=ORIENTED_EDGE('',*,*,#3889,.T.);
#1660=ORIENTED_EDGE('',*,*,#3890,.T.);
#1661=ORIENTED_EDGE('',*,*,#3891,.T.);
#1662=ORIENTED_EDGE('',*,*,#3892,.T.);
#1663=ORIENTED_EDGE('',*,*,#3893,.T.);
#1664=ORIENTED_EDGE('',*,*,#3894,.T.);
#1665=ORIENTED_EDGE('',*,*,#3895,.T.);
#1666=ORIENTED_EDGE('',*,*,#3896,.T.);
#1667=ORIENTED_EDGE('',*,*,#3897,.T.);
#1668=ORIENTED_EDGE('',*,*,#3898,.T.);
#1669=ORIENTED_EDGE('',*,*,#3899,.T.);
#1670=ORIENTED_EDGE('',*,*,#3900,.T.);
#1671=ORIENTED_EDGE('',*,*,#3637,.T.);
#1672=ORIENTED_EDGE('',*,*,#3770,.T.);
#1673=ORIENTED_EDGE('',*,*,#3633,.F.);
#1674=ORIENTED_EDGE('',*,*,#3639,.F.);
#1675=ORIENTED_EDGE('',*,*,#3771,.F.);
#1676=ORIENTED_EDGE('',*,*,#3640,.T.);
#1677=ORIENTED_EDGE('',*,*,#3772,.F.);
#1678=ORIENTED_EDGE('',*,*,#3641,.T.);
#1679=ORIENTED_EDGE('',*,*,#3773,.F.);
#1680=ORIENTED_EDGE('',*,*,#3642,.T.);
#1681=ORIENTED_EDGE('',*,*,#3774,.F.);
#1682=ORIENTED_EDGE('',*,*,#3643,.T.);
#1683=ORIENTED_EDGE('',*,*,#3775,.F.);
#1684=ORIENTED_EDGE('',*,*,#3644,.T.);
#1685=ORIENTED_EDGE('',*,*,#3776,.F.);
#1686=ORIENTED_EDGE('',*,*,#3645,.T.);
#1687=ORIENTED_EDGE('',*,*,#3777,.F.);
#1688=ORIENTED_EDGE('',*,*,#3646,.T.);
#1689=ORIENTED_EDGE('',*,*,#3778,.F.);
#1690=ORIENTED_EDGE('',*,*,#3647,.T.);
#1691=ORIENTED_EDGE('',*,*,#3779,.F.);
#1692=ORIENTED_EDGE('',*,*,#3648,.T.);
#1693=ORIENTED_EDGE('',*,*,#3780,.F.);
#1694=ORIENTED_EDGE('',*,*,#3649,.T.);
#1695=ORIENTED_EDGE('',*,*,#3781,.F.);
#1696=ORIENTED_EDGE('',*,*,#3650,.T.);
#1697=ORIENTED_EDGE('',*,*,#3782,.F.);
#1698=ORIENTED_EDGE('',*,*,#3651,.T.);
#1699=ORIENTED_EDGE('',*,*,#3783,.F.);
#1700=ORIENTED_EDGE('',*,*,#3652,.T.);
#1701=ORIENTED_EDGE('',*,*,#3784,.F.);
#1702=ORIENTED_EDGE('',*,*,#3653,.T.);
#1703=ORIENTED_EDGE('',*,*,#3785,.F.);
#1704=ORIENTED_EDGE('',*,*,#3654,.T.);
#1705=ORIENTED_EDGE('',*,*,#3786,.F.);
#1706=ORIENTED_EDGE('',*,*,#3655,.T.);
#1707=ORIENTED_EDGE('',*,*,#3787,.F.);
#1708=ORIENTED_EDGE('',*,*,#3656,.T.);
#1709=ORIENTED_EDGE('',*,*,#3788,.F.);
#1710=ORIENTED_EDGE('',*,*,#3657,.T.);
#1711=ORIENTED_EDGE('',*,*,#3789,.F.);
#1712=ORIENTED_EDGE('',*,*,#3658,.T.);
#1713=ORIENTED_EDGE('',*,*,#3790,.F.);
#1714=ORIENTED_EDGE('',*,*,#3659,.T.);
#1715=ORIENTED_EDGE('',*,*,#3791,.F.);
#1716=ORIENTED_EDGE('',*,*,#3660,.T.);
#1717=ORIENTED_EDGE('',*,*,#3792,.F.);
#1718=ORIENTED_EDGE('',*,*,#3661,.T.);
#1719=ORIENTED_EDGE('',*,*,#3793,.F.);
#1720=ORIENTED_EDGE('',*,*,#3662,.T.);
#1721=ORIENTED_EDGE('',*,*,#3794,.F.);
#1722=ORIENTED_EDGE('',*,*,#3663,.T.);
#1723=ORIENTED_EDGE('',*,*,#3795,.F.);
#1724=ORIENTED_EDGE('',*,*,#3664,.T.);
#1725=ORIENTED_EDGE('',*,*,#3796,.F.);
#1726=ORIENTED_EDGE('',*,*,#3665,.T.);
#1727=ORIENTED_EDGE('',*,*,#3797,.F.);
#1728=ORIENTED_EDGE('',*,*,#3666,.T.);
#1729=ORIENTED_EDGE('',*,*,#3798,.F.);
#1730=ORIENTED_EDGE('',*,*,#3667,.T.);
#1731=ORIENTED_EDGE('',*,*,#3799,.F.);
#1732=ORIENTED_EDGE('',*,*,#3668,.T.);
#1733=ORIENTED_EDGE('',*,*,#3800,.F.);
#1734=ORIENTED_EDGE('',*,*,#3669,.T.);
#1735=ORIENTED_EDGE('',*,*,#3801,.F.);
#1736=ORIENTED_EDGE('',*,*,#3670,.T.);
#1737=ORIENTED_EDGE('',*,*,#3802,.F.);
#1738=ORIENTED_EDGE('',*,*,#3671,.T.);
#1739=ORIENTED_EDGE('',*,*,#3803,.F.);
#1740=ORIENTED_EDGE('',*,*,#3672,.T.);
#1741=ORIENTED_EDGE('',*,*,#3804,.F.);
#1742=ORIENTED_EDGE('',*,*,#3673,.T.);
#1743=ORIENTED_EDGE('',*,*,#3805,.F.);
#1744=ORIENTED_EDGE('',*,*,#3674,.T.);
#1745=ORIENTED_EDGE('',*,*,#3806,.F.);
#1746=ORIENTED_EDGE('',*,*,#3675,.T.);
#1747=ORIENTED_EDGE('',*,*,#3807,.F.);
#1748=ORIENTED_EDGE('',*,*,#3676,.T.);
#1749=ORIENTED_EDGE('',*,*,#3808,.F.);
#1750=ORIENTED_EDGE('',*,*,#3677,.T.);
#1751=ORIENTED_EDGE('',*,*,#3809,.F.);
#1752=ORIENTED_EDGE('',*,*,#3678,.T.);
#1753=ORIENTED_EDGE('',*,*,#3810,.F.);
#1754=ORIENTED_EDGE('',*,*,#3679,.T.);
#1755=ORIENTED_EDGE('',*,*,#3811,.F.);
#1756=ORIENTED_EDGE('',*,*,#3680,.T.);
#1757=ORIENTED_EDGE('',*,*,#3812,.F.);
#1758=ORIENTED_EDGE('',*,*,#3681,.T.);
#1759=ORIENTED_EDGE('',*,*,#3813,.F.);
#1760=ORIENTED_EDGE('',*,*,#3682,.T.);
#1761=ORIENTED_EDGE('',*,*,#3814,.F.);
#1762=ORIENTED_EDGE('',*,*,#3683,.T.);
#1763=ORIENTED_EDGE('',*,*,#3815,.F.);
#1764=ORIENTED_EDGE('',*,*,#3684,.T.);
#1765=ORIENTED_EDGE('',*,*,#3816,.F.);
#1766=ORIENTED_EDGE('',*,*,#3685,.T.);
#1767=ORIENTED_EDGE('',*,*,#3817,.F.);
#1768=ORIENTED_EDGE('',*,*,#3686,.T.);
#1769=ORIENTED_EDGE('',*,*,#3818,.F.);
#1770=ORIENTED_EDGE('',*,*,#3687,.T.);
#1771=ORIENTED_EDGE('',*,*,#3819,.F.);
#1772=ORIENTED_EDGE('',*,*,#3688,.T.);
#1773=ORIENTED_EDGE('',*,*,#3820,.F.);
#1774=ORIENTED_EDGE('',*,*,#3689,.T.);
#1775=ORIENTED_EDGE('',*,*,#3821,.F.);
#1776=ORIENTED_EDGE('',*,*,#3690,.T.);
#1777=ORIENTED_EDGE('',*,*,#3822,.F.);
#1778=ORIENTED_EDGE('',*,*,#3691,.T.);
#1779=ORIENTED_EDGE('',*,*,#3823,.F.);
#1780=ORIENTED_EDGE('',*,*,#3692,.T.);
#1781=ORIENTED_EDGE('',*,*,#3824,.F.);
#1782=ORIENTED_EDGE('',*,*,#3693,.T.);
#1783=ORIENTED_EDGE('',*,*,#3825,.F.);
#1784=ORIENTED_EDGE('',*,*,#3694,.T.);
#1785=ORIENTED_EDGE('',*,*,#3826,.F.);
#1786=ORIENTED_EDGE('',*,*,#3695,.T.);
#1787=ORIENTED_EDGE('',*,*,#3827,.F.);
#1788=ORIENTED_EDGE('',*,*,#3696,.T.);
#1789=ORIENTED_EDGE('',*,*,#3828,.F.);
#1790=ORIENTED_EDGE('',*,*,#3697,.T.);
#1791=ORIENTED_EDGE('',*,*,#3829,.F.);
#1792=ORIENTED_EDGE('',*,*,#3698,.T.);
#1793=ORIENTED_EDGE('',*,*,#3830,.F.);
#1794=ORIENTED_EDGE('',*,*,#3699,.T.);
#1795=ORIENTED_EDGE('',*,*,#3831,.F.);
#1796=ORIENTED_EDGE('',*,*,#3700,.T.);
#1797=ORIENTED_EDGE('',*,*,#3832,.F.);
#1798=ORIENTED_EDGE('',*,*,#3701,.T.);
#1799=ORIENTED_EDGE('',*,*,#3833,.F.);
#1800=ORIENTED_EDGE('',*,*,#3702,.T.);
#1801=ORIENTED_EDGE('',*,*,#3834,.F.);
#1802=ORIENTED_EDGE('',*,*,#3703,.T.);
#1803=ORIENTED_EDGE('',*,*,#3835,.F.);
#1804=ORIENTED_EDGE('',*,*,#3704,.T.);
#1805=ORIENTED_EDGE('',*,*,#3836,.F.);
#1806=ORIENTED_EDGE('',*,*,#3705,.T.);
#1807=ORIENTED_EDGE('',*,*,#3837,.F.);
#1808=ORIENTED_EDGE('',*,*,#3706,.T.);
#1809=ORIENTED_EDGE('',*,*,#3838,.F.);
#1810=ORIENTED_EDGE('',*,*,#3707,.T.);
#1811=ORIENTED_EDGE('',*,*,#3839,.F.);
#1812=ORIENTED_EDGE('',*,*,#3708,.T.);
#1813=ORIENTED_EDGE('',*,*,#3840,.F.);
#1814=ORIENTED_EDGE('',*,*,#3709,.T.);
#1815=ORIENTED_EDGE('',*,*,#3841,.F.);
#1816=ORIENTED_EDGE('',*,*,#3710,.T.);
#1817=ORIENTED_EDGE('',*,*,#3842,.F.);
#1818=ORIENTED_EDGE('',*,*,#3711,.T.);
#1819=ORIENTED_EDGE('',*,*,#3843,.F.);
#1820=ORIENTED_EDGE('',*,*,#3712,.T.);
#1821=ORIENTED_EDGE('',*,*,#3844,.F.);
#1822=ORIENTED_EDGE('',*,*,#3713,.T.);
#1823=ORIENTED_EDGE('',*,*,#3845,.F.);
#1824=ORIENTED_EDGE('',*,*,#3714,.T.);
#1825=ORIENTED_EDGE('',*,*,#3846,.F.);
#1826=ORIENTED_EDGE('',*,*,#3715,.T.);
#1827=ORIENTED_EDGE('',*,*,#3847,.F.);
#1828=ORIENTED_EDGE('',*,*,#3716,.T.);
#1829=ORIENTED_EDGE('',*,*,#3848,.F.);
#1830=ORIENTED_EDGE('',*,*,#3717,.T.);
#1831=ORIENTED_EDGE('',*,*,#3849,.F.);
#1832=ORIENTED_EDGE('',*,*,#3718,.T.);
#1833=ORIENTED_EDGE('',*,*,#3850,.F.);
#1834=ORIENTED_EDGE('',*,*,#3719,.T.);
#1835=ORIENTED_EDGE('',*,*,#3851,.F.);
#1836=ORIENTED_EDGE('',*,*,#3720,.T.);
#1837=ORIENTED_EDGE('',*,*,#3852,.F.);
#1838=ORIENTED_EDGE('',*,*,#3721,.T.);
#1839=ORIENTED_EDGE('',*,*,#3853,.F.);
#1840=ORIENTED_EDGE('',*,*,#3722,.T.);
#1841=ORIENTED_EDGE('',*,*,#3854,.F.);
#1842=ORIENTED_EDGE('',*,*,#3723,.T.);
#1843=ORIENTED_EDGE('',*,*,#3855,.F.);
#1844=ORIENTED_EDGE('',*,*,#3724,.T.);
#1845=ORIENTED_EDGE('',*,*,#3856,.F.);
#1846=ORIENTED_EDGE('',*,*,#3725,.T.);
#1847=ORIENTED_EDGE('',*,*,#3857,.F.);
#1848=ORIENTED_EDGE('',*,*,#3726,.T.);
#1849=ORIENTED_EDGE('',*,*,#3858,.F.);
#1850=ORIENTED_EDGE('',*,*,#3727,.T.);
#1851=ORIENTED_EDGE('',*,*,#3859,.F.);
#1852=ORIENTED_EDGE('',*,*,#3728,.T.);
#1853=ORIENTED_EDGE('',*,*,#3860,.F.);
#1854=ORIENTED_EDGE('',*,*,#3729,.T.);
#1855=ORIENTED_EDGE('',*,*,#3861,.F.);
#1856=ORIENTED_EDGE('',*,*,#3730,.T.);
#1857=ORIENTED_EDGE('',*,*,#3862,.F.);
#1858=ORIENTED_EDGE('',*,*,#3731,.T.);
#1859=ORIENTED_EDGE('',*,*,#3863,.F.);
#1860=ORIENTED_EDGE('',*,*,#3732,.T.);
#1861=ORIENTED_EDGE('',*,*,#3864,.F.);
#1862=ORIENTED_EDGE('',*,*,#3733,.T.);
#1863=ORIENTED_EDGE('',*,*,#3865,.F.);
#1864=ORIENTED_EDGE('',*,*,#3734,.T.);
#1865=ORIENTED_EDGE('',*,*,#3866,.F.);
#1866=ORIENTED_EDGE('',*,*,#3735,.T.);
#1867=ORIENTED_EDGE('',*,*,#3867,.F.);
#1868=ORIENTED_EDGE('',*,*,#3736,.T.);
#1869=ORIENTED_EDGE('',*,*,#3868,.F.);
#1870=ORIENTED_EDGE('',*,*,#3737,.T.);
#1871=ORIENTED_EDGE('',*,*,#3869,.F.);
#1872=ORIENTED_EDGE('',*,*,#3738,.T.);
#1873=ORIENTED_EDGE('',*,*,#3870,.F.);
#1874=ORIENTED_EDGE('',*,*,#3739,.T.);
#1875=ORIENTED_EDGE('',*,*,#3871,.F.);
#1876=ORIENTED_EDGE('',*,*,#3740,.T.);
#1877=ORIENTED_EDGE('',*,*,#3872,.F.);
#1878=ORIENTED_EDGE('',*,*,#3741,.T.);
#1879=ORIENTED_EDGE('',*,*,#3873,.F.);
#1880=ORIENTED_EDGE('',*,*,#3742,.T.);
#1881=ORIENTED_EDGE('',*,*,#3874,.F.);
#1882=ORIENTED_EDGE('',*,*,#3743,.T.);
#1883=ORIENTED_EDGE('',*,*,#3875,.F.);
#1884=ORIENTED_EDGE('',*,*,#3744,.T.);
#1885=ORIENTED_EDGE('',*,*,#3876,.F.);
#1886=ORIENTED_EDGE('',*,*,#3745,.T.);
#1887=ORIENTED_EDGE('',*,*,#3877,.F.);
#1888=ORIENTED_EDGE('',*,*,#3746,.T.);
#1889=ORIENTED_EDGE('',*,*,#3878,.F.);
#1890=ORIENTED_EDGE('',*,*,#3747,.T.);
#1891=ORIENTED_EDGE('',*,*,#3879,.F.);
#1892=ORIENTED_EDGE('',*,*,#3748,.T.);
#1893=ORIENTED_EDGE('',*,*,#3880,.F.);
#1894=ORIENTED_EDGE('',*,*,#3749,.T.);
#1895=ORIENTED_EDGE('',*,*,#3881,.F.);
#1896=ORIENTED_EDGE('',*,*,#3750,.T.);
#1897=ORIENTED_EDGE('',*,*,#3882,.F.);
#1898=ORIENTED_EDGE('',*,*,#3751,.T.);
#1899=ORIENTED_EDGE('',*,*,#3883,.F.);
#1900=ORIENTED_EDGE('',*,*,#3752,.T.);
#1901=ORIENTED_EDGE('',*,*,#3884,.F.);
#1902=ORIENTED_EDGE('',*,*,#3753,.T.);
#1903=ORIENTED_EDGE('',*,*,#3885,.F.);
#1904=ORIENTED_EDGE('',*,*,#3754,.T.);
#1905=ORIENTED_EDGE('',*,*,#3886,.F.);
#1906=ORIENTED_EDGE('',*,*,#3755,.T.);
#1907=ORIENTED_EDGE('',*,*,#3887,.F.);
#1908=ORIENTED_EDGE('',*,*,#3756,.T.);
#1909=ORIENTED_EDGE('',*,*,#3888,.F.);
#1910=ORIENTED_EDGE('',*,*,#3757,.T.);
#1911=ORIENTED_EDGE('',*,*,#3889,.F.);
#1912=ORIENTED_EDGE('',*,*,#3758,.T.);
#1913=ORIENTED_EDGE('',*,*,#3890,.F.);
#1914=ORIENTED_EDGE('',*,*,#3759,.T.);
#1915=ORIENTED_EDGE('',*,*,#3891,.F.);
#1916=ORIENTED_EDGE('',*,*,#3760,.T.);
#1917=ORIENTED_EDGE('',*,*,#3892,.F.);
#1918=ORIENTED_EDGE('',*,*,#3761,.T.);
#1919=ORIENTED_EDGE('',*,*,#3893,.F.);
#1920=ORIENTED_EDGE('',*,*,#3762,.T.);
#1921=ORIENTED_EDGE('',*,*,#3894,.F.);
#1922=ORIENTED_EDGE('',*,*,#3763,.T.);
#1923=ORIENTED_EDGE('',*,*,#3895,.F.);
#1924=ORIENTED_EDGE('',*,*,#3764,.T.);
#1925=ORIENTED_EDGE('',*,*,#3896,.F.);
#1926=ORIENTED_EDGE('',*,*,#3765,.T.);
#1927=ORIENTED_EDGE('',*,*,#3897,.F.);
#1928=ORIENTED_EDGE('',*,*,#3766,.T.);
#1929=ORIENTED_EDGE('',*,*,#3898,.F.);
#1930=ORIENTED_EDGE('',*,*,#3767,.T.);
#1931=ORIENTED_EDGE('',*,*,#3899,.F.);
#1932=ORIENTED_EDGE('',*,*,#3768,.T.);
#1933=ORIENTED_EDGE('',*,*,#3900,.F.);
#1934=ORIENTED_EDGE('',*,*,#3769,.T.);
#1935=ORIENTED_EDGE('',*,*,#3901,.F.);
#1936=ORIENTED_EDGE('',*,*,#3902,.F.);
#1937=ORIENTED_EDGE('',*,*,#3903,.T.);
#1938=ORIENTED_EDGE('',*,*,#3904,.T.);
#1939=ORIENTED_EDGE('',*,*,#3905,.F.);
#1940=ORIENTED_EDGE('',*,*,#3906,.F.);
#1941=ORIENTED_EDGE('',*,*,#3907,.T.);
#1942=ORIENTED_EDGE('',*,*,#3908,.T.);
#1943=ORIENTED_EDGE('',*,*,#3909,.T.);
#1944=ORIENTED_EDGE('',*,*,#3910,.T.);
#1945=ORIENTED_EDGE('',*,*,#3911,.T.);
#1946=ORIENTED_EDGE('',*,*,#3912,.T.);
#1947=ORIENTED_EDGE('',*,*,#3913,.T.);
#1948=ORIENTED_EDGE('',*,*,#3914,.F.);
#1949=ORIENTED_EDGE('',*,*,#3915,.T.);
#1950=ORIENTED_EDGE('',*,*,#3916,.F.);
#1951=ORIENTED_EDGE('',*,*,#3917,.T.);
#1952=ORIENTED_EDGE('',*,*,#3918,.F.);
#1953=ORIENTED_EDGE('',*,*,#3919,.F.);
#1954=ORIENTED_EDGE('',*,*,#3920,.F.);
#1955=ORIENTED_EDGE('',*,*,#3921,.F.);
#1956=ORIENTED_EDGE('',*,*,#3922,.F.);
#1957=ORIENTED_EDGE('',*,*,#3923,.T.);
#1958=ORIENTED_EDGE('',*,*,#3924,.F.);
#1959=ORIENTED_EDGE('',*,*,#3904,.F.);
#1960=ORIENTED_EDGE('',*,*,#3925,.T.);
#1961=ORIENTED_EDGE('',*,*,#3926,.T.);
#1962=ORIENTED_EDGE('',*,*,#3927,.T.);
#1963=ORIENTED_EDGE('',*,*,#3928,.T.);
#1964=ORIENTED_EDGE('',*,*,#3929,.T.);
#1965=ORIENTED_EDGE('',*,*,#3930,.F.);
#1966=ORIENTED_EDGE('',*,*,#3931,.T.);
#1967=ORIENTED_EDGE('',*,*,#3932,.F.);
#1968=ORIENTED_EDGE('',*,*,#3933,.F.);
#1969=ORIENTED_EDGE('',*,*,#3934,.T.);
#1970=ORIENTED_EDGE('',*,*,#3935,.F.);
#1971=ORIENTED_EDGE('',*,*,#3936,.T.);
#1972=ORIENTED_EDGE('',*,*,#3937,.F.);
#1973=ORIENTED_EDGE('',*,*,#3938,.F.);
#1974=ORIENTED_EDGE('',*,*,#3939,.F.);
#1975=ORIENTED_EDGE('',*,*,#3940,.F.);
#1976=ORIENTED_EDGE('',*,*,#3941,.F.);
#1977=ORIENTED_EDGE('',*,*,#3942,.T.);
#1978=ORIENTED_EDGE('',*,*,#3943,.F.);
#1979=ORIENTED_EDGE('',*,*,#3944,.T.);
#1980=ORIENTED_EDGE('',*,*,#3945,.F.);
#1981=ORIENTED_EDGE('',*,*,#3946,.F.);
#1982=ORIENTED_EDGE('',*,*,#3947,.F.);
#1983=ORIENTED_EDGE('',*,*,#3948,.F.);
#1984=ORIENTED_EDGE('',*,*,#3949,.F.);
#1985=ORIENTED_EDGE('',*,*,#3950,.T.);
#1986=ORIENTED_EDGE('',*,*,#3951,.F.);
#1987=ORIENTED_EDGE('',*,*,#3952,.T.);
#1988=ORIENTED_EDGE('',*,*,#3953,.F.);
#1989=ORIENTED_EDGE('',*,*,#3954,.F.);
#1990=ORIENTED_EDGE('',*,*,#3955,.F.);
#1991=ORIENTED_EDGE('',*,*,#3956,.F.);
#1992=ORIENTED_EDGE('',*,*,#3957,.F.);
#1993=ORIENTED_EDGE('',*,*,#3958,.T.);
#1994=ORIENTED_EDGE('',*,*,#3959,.F.);
#1995=ORIENTED_EDGE('',*,*,#3960,.T.);
#1996=ORIENTED_EDGE('',*,*,#3961,.F.);
#1997=ORIENTED_EDGE('',*,*,#3962,.F.);
#1998=ORIENTED_EDGE('',*,*,#3963,.F.);
#1999=ORIENTED_EDGE('',*,*,#3964,.F.);
#2000=ORIENTED_EDGE('',*,*,#3965,.F.);
#2001=ORIENTED_EDGE('',*,*,#3966,.T.);
#2002=ORIENTED_EDGE('',*,*,#3967,.F.);
#2003=ORIENTED_EDGE('',*,*,#3968,.T.);
#2004=ORIENTED_EDGE('',*,*,#3969,.F.);
#2005=ORIENTED_EDGE('',*,*,#3970,.F.);
#2006=ORIENTED_EDGE('',*,*,#3971,.F.);
#2007=ORIENTED_EDGE('',*,*,#3972,.F.);
#2008=ORIENTED_EDGE('',*,*,#3973,.F.);
#2009=ORIENTED_EDGE('',*,*,#3974,.T.);
#2010=ORIENTED_EDGE('',*,*,#3975,.F.);
#2011=ORIENTED_EDGE('',*,*,#3976,.T.);
#2012=ORIENTED_EDGE('',*,*,#3977,.F.);
#2013=ORIENTED_EDGE('',*,*,#3978,.F.);
#2014=ORIENTED_EDGE('',*,*,#3979,.F.);
#2015=ORIENTED_EDGE('',*,*,#3980,.F.);
#2016=ORIENTED_EDGE('',*,*,#3981,.F.);
#2017=ORIENTED_EDGE('',*,*,#3982,.T.);
#2018=ORIENTED_EDGE('',*,*,#3983,.F.);
#2019=ORIENTED_EDGE('',*,*,#3984,.T.);
#2020=ORIENTED_EDGE('',*,*,#3985,.F.);
#2021=ORIENTED_EDGE('',*,*,#3986,.F.);
#2022=ORIENTED_EDGE('',*,*,#3987,.F.);
#2023=ORIENTED_EDGE('',*,*,#3988,.F.);
#2024=ORIENTED_EDGE('',*,*,#3989,.F.);
#2025=ORIENTED_EDGE('',*,*,#3990,.T.);
#2026=ORIENTED_EDGE('',*,*,#3991,.F.);
#2027=ORIENTED_EDGE('',*,*,#3992,.T.);
#2028=ORIENTED_EDGE('',*,*,#3993,.F.);
#2029=ORIENTED_EDGE('',*,*,#3994,.F.);
#2030=ORIENTED_EDGE('',*,*,#3995,.F.);
#2031=ORIENTED_EDGE('',*,*,#3996,.F.);
#2032=ORIENTED_EDGE('',*,*,#3997,.F.);
#2033=ORIENTED_EDGE('',*,*,#3998,.T.);
#2034=ORIENTED_EDGE('',*,*,#3999,.F.);
#2035=ORIENTED_EDGE('',*,*,#4000,.T.);
#2036=ORIENTED_EDGE('',*,*,#4001,.F.);
#2037=ORIENTED_EDGE('',*,*,#4002,.F.);
#2038=ORIENTED_EDGE('',*,*,#4003,.F.);
#2039=ORIENTED_EDGE('',*,*,#4004,.F.);
#2040=ORIENTED_EDGE('',*,*,#4005,.F.);
#2041=ORIENTED_EDGE('',*,*,#4006,.T.);
#2042=ORIENTED_EDGE('',*,*,#4007,.F.);
#2043=ORIENTED_EDGE('',*,*,#4008,.T.);
#2044=ORIENTED_EDGE('',*,*,#4009,.F.);
#2045=ORIENTED_EDGE('',*,*,#4010,.F.);
#2046=ORIENTED_EDGE('',*,*,#4011,.F.);
#2047=ORIENTED_EDGE('',*,*,#4012,.F.);
#2048=ORIENTED_EDGE('',*,*,#4013,.F.);
#2049=ORIENTED_EDGE('',*,*,#4014,.T.);
#2050=ORIENTED_EDGE('',*,*,#4015,.F.);
#2051=ORIENTED_EDGE('',*,*,#4016,.T.);
#2052=ORIENTED_EDGE('',*,*,#4017,.F.);
#2053=ORIENTED_EDGE('',*,*,#4018,.F.);
#2054=ORIENTED_EDGE('',*,*,#4019,.F.);
#2055=ORIENTED_EDGE('',*,*,#4020,.F.);
#2056=ORIENTED_EDGE('',*,*,#4021,.F.);
#2057=ORIENTED_EDGE('',*,*,#4022,.T.);
#2058=ORIENTED_EDGE('',*,*,#4023,.F.);
#2059=ORIENTED_EDGE('',*,*,#4024,.T.);
#2060=ORIENTED_EDGE('',*,*,#4025,.F.);
#2061=ORIENTED_EDGE('',*,*,#4026,.F.);
#2062=ORIENTED_EDGE('',*,*,#4027,.F.);
#2063=ORIENTED_EDGE('',*,*,#4028,.F.);
#2064=ORIENTED_EDGE('',*,*,#4029,.F.);
#2065=ORIENTED_EDGE('',*,*,#4030,.T.);
#2066=ORIENTED_EDGE('',*,*,#4031,.F.);
#2067=ORIENTED_EDGE('',*,*,#4032,.T.);
#2068=ORIENTED_EDGE('',*,*,#4033,.F.);
#2069=ORIENTED_EDGE('',*,*,#4034,.F.);
#2070=ORIENTED_EDGE('',*,*,#4035,.F.);
#2071=ORIENTED_EDGE('',*,*,#4036,.F.);
#2072=ORIENTED_EDGE('',*,*,#4037,.F.);
#2073=ORIENTED_EDGE('',*,*,#4038,.T.);
#2074=ORIENTED_EDGE('',*,*,#4039,.F.);
#2075=ORIENTED_EDGE('',*,*,#4040,.T.);
#2076=ORIENTED_EDGE('',*,*,#4041,.F.);
#2077=ORIENTED_EDGE('',*,*,#4042,.F.);
#2078=ORIENTED_EDGE('',*,*,#4043,.F.);
#2079=ORIENTED_EDGE('',*,*,#4044,.F.);
#2080=ORIENTED_EDGE('',*,*,#4045,.F.);
#2081=ORIENTED_EDGE('',*,*,#4046,.T.);
#2082=ORIENTED_EDGE('',*,*,#4047,.F.);
#2083=ORIENTED_EDGE('',*,*,#4048,.T.);
#2084=ORIENTED_EDGE('',*,*,#4049,.F.);
#2085=ORIENTED_EDGE('',*,*,#4050,.F.);
#2086=ORIENTED_EDGE('',*,*,#4051,.F.);
#2087=ORIENTED_EDGE('',*,*,#4052,.F.);
#2088=ORIENTED_EDGE('',*,*,#4053,.F.);
#2089=ORIENTED_EDGE('',*,*,#4054,.T.);
#2090=ORIENTED_EDGE('',*,*,#4055,.F.);
#2091=ORIENTED_EDGE('',*,*,#4056,.T.);
#2092=ORIENTED_EDGE('',*,*,#4057,.F.);
#2093=ORIENTED_EDGE('',*,*,#4058,.F.);
#2094=ORIENTED_EDGE('',*,*,#4059,.F.);
#2095=ORIENTED_EDGE('',*,*,#4060,.F.);
#2096=ORIENTED_EDGE('',*,*,#4061,.F.);
#2097=ORIENTED_EDGE('',*,*,#4062,.T.);
#2098=ORIENTED_EDGE('',*,*,#4063,.F.);
#2099=ORIENTED_EDGE('',*,*,#4064,.T.);
#2100=ORIENTED_EDGE('',*,*,#4065,.F.);
#2101=ORIENTED_EDGE('',*,*,#4066,.F.);
#2102=ORIENTED_EDGE('',*,*,#4067,.F.);
#2103=ORIENTED_EDGE('',*,*,#4068,.F.);
#2104=ORIENTED_EDGE('',*,*,#4069,.F.);
#2105=ORIENTED_EDGE('',*,*,#4070,.F.);
#2106=ORIENTED_EDGE('',*,*,#4071,.F.);
#2107=ORIENTED_EDGE('',*,*,#4072,.F.);
#2108=ORIENTED_EDGE('',*,*,#4073,.F.);
#2109=ORIENTED_EDGE('',*,*,#4074,.F.);
#2110=ORIENTED_EDGE('',*,*,#4075,.F.);
#2111=ORIENTED_EDGE('',*,*,#4076,.T.);
#2112=ORIENTED_EDGE('',*,*,#4077,.T.);
#2113=ORIENTED_EDGE('',*,*,#4078,.T.);
#2114=ORIENTED_EDGE('',*,*,#4079,.T.);
#2115=ORIENTED_EDGE('',*,*,#4080,.T.);
#2116=ORIENTED_EDGE('',*,*,#4081,.F.);
#2117=ORIENTED_EDGE('',*,*,#4082,.T.);
#2118=ORIENTED_EDGE('',*,*,#4083,.F.);
#2119=ORIENTED_EDGE('',*,*,#4084,.T.);
#2120=ORIENTED_EDGE('',*,*,#4085,.T.);
#2121=ORIENTED_EDGE('',*,*,#4086,.T.);
#2122=ORIENTED_EDGE('',*,*,#4087,.T.);
#2123=ORIENTED_EDGE('',*,*,#4088,.T.);
#2124=ORIENTED_EDGE('',*,*,#4089,.F.);
#2125=ORIENTED_EDGE('',*,*,#4090,.T.);
#2126=ORIENTED_EDGE('',*,*,#4091,.F.);
#2127=ORIENTED_EDGE('',*,*,#4092,.T.);
#2128=ORIENTED_EDGE('',*,*,#4093,.T.);
#2129=ORIENTED_EDGE('',*,*,#4094,.T.);
#2130=ORIENTED_EDGE('',*,*,#4095,.T.);
#2131=ORIENTED_EDGE('',*,*,#4096,.T.);
#2132=ORIENTED_EDGE('',*,*,#4097,.F.);
#2133=ORIENTED_EDGE('',*,*,#4098,.T.);
#2134=ORIENTED_EDGE('',*,*,#4099,.F.);
#2135=ORIENTED_EDGE('',*,*,#4100,.T.);
#2136=ORIENTED_EDGE('',*,*,#4101,.T.);
#2137=ORIENTED_EDGE('',*,*,#4102,.T.);
#2138=ORIENTED_EDGE('',*,*,#4103,.T.);
#2139=ORIENTED_EDGE('',*,*,#4104,.T.);
#2140=ORIENTED_EDGE('',*,*,#4105,.F.);
#2141=ORIENTED_EDGE('',*,*,#4106,.T.);
#2142=ORIENTED_EDGE('',*,*,#4107,.F.);
#2143=ORIENTED_EDGE('',*,*,#4108,.T.);
#2144=ORIENTED_EDGE('',*,*,#4109,.T.);
#2145=ORIENTED_EDGE('',*,*,#4110,.T.);
#2146=ORIENTED_EDGE('',*,*,#4111,.T.);
#2147=ORIENTED_EDGE('',*,*,#4112,.T.);
#2148=ORIENTED_EDGE('',*,*,#4113,.F.);
#2149=ORIENTED_EDGE('',*,*,#4114,.T.);
#2150=ORIENTED_EDGE('',*,*,#4115,.F.);
#2151=ORIENTED_EDGE('',*,*,#4116,.T.);
#2152=ORIENTED_EDGE('',*,*,#4117,.T.);
#2153=ORIENTED_EDGE('',*,*,#4118,.T.);
#2154=ORIENTED_EDGE('',*,*,#4119,.T.);
#2155=ORIENTED_EDGE('',*,*,#4120,.T.);
#2156=ORIENTED_EDGE('',*,*,#4121,.F.);
#2157=ORIENTED_EDGE('',*,*,#4122,.T.);
#2158=ORIENTED_EDGE('',*,*,#4123,.F.);
#2159=ORIENTED_EDGE('',*,*,#4124,.T.);
#2160=ORIENTED_EDGE('',*,*,#4125,.T.);
#2161=ORIENTED_EDGE('',*,*,#4126,.T.);
#2162=ORIENTED_EDGE('',*,*,#4127,.T.);
#2163=ORIENTED_EDGE('',*,*,#4128,.T.);
#2164=ORIENTED_EDGE('',*,*,#4129,.F.);
#2165=ORIENTED_EDGE('',*,*,#4130,.T.);
#2166=ORIENTED_EDGE('',*,*,#4131,.F.);
#2167=ORIENTED_EDGE('',*,*,#4132,.T.);
#2168=ORIENTED_EDGE('',*,*,#4133,.T.);
#2169=ORIENTED_EDGE('',*,*,#4134,.T.);
#2170=ORIENTED_EDGE('',*,*,#4135,.T.);
#2171=ORIENTED_EDGE('',*,*,#4136,.T.);
#2172=ORIENTED_EDGE('',*,*,#4137,.F.);
#2173=ORIENTED_EDGE('',*,*,#4138,.T.);
#2174=ORIENTED_EDGE('',*,*,#4139,.F.);
#2175=ORIENTED_EDGE('',*,*,#4140,.T.);
#2176=ORIENTED_EDGE('',*,*,#4141,.T.);
#2177=ORIENTED_EDGE('',*,*,#4142,.T.);
#2178=ORIENTED_EDGE('',*,*,#4143,.T.);
#2179=ORIENTED_EDGE('',*,*,#4144,.T.);
#2180=ORIENTED_EDGE('',*,*,#4145,.F.);
#2181=ORIENTED_EDGE('',*,*,#4146,.T.);
#2182=ORIENTED_EDGE('',*,*,#4147,.F.);
#2183=ORIENTED_EDGE('',*,*,#4148,.T.);
#2184=ORIENTED_EDGE('',*,*,#3902,.T.);
#2185=ORIENTED_EDGE('',*,*,#4149,.F.);
#2186=ORIENTED_EDGE('',*,*,#3907,.F.);
#2187=ORIENTED_EDGE('',*,*,#4150,.T.);
#2188=ORIENTED_EDGE('',*,*,#4151,.T.);
#2189=ORIENTED_EDGE('',*,*,#4152,.T.);
#2190=ORIENTED_EDGE('',*,*,#4153,.T.);
#2191=ORIENTED_EDGE('',*,*,#4154,.T.);
#2192=ORIENTED_EDGE('',*,*,#4155,.F.);
#2193=ORIENTED_EDGE('',*,*,#4156,.T.);
#2194=ORIENTED_EDGE('',*,*,#4157,.F.);
#2195=ORIENTED_EDGE('',*,*,#4158,.T.);
#2196=ORIENTED_EDGE('',*,*,#4159,.T.);
#2197=ORIENTED_EDGE('',*,*,#4160,.T.);
#2198=ORIENTED_EDGE('',*,*,#4161,.T.);
#2199=ORIENTED_EDGE('',*,*,#4162,.T.);
#2200=ORIENTED_EDGE('',*,*,#4163,.F.);
#2201=ORIENTED_EDGE('',*,*,#4164,.T.);
#2202=ORIENTED_EDGE('',*,*,#4165,.F.);
#2203=ORIENTED_EDGE('',*,*,#4166,.T.);
#2204=ORIENTED_EDGE('',*,*,#4167,.T.);
#2205=ORIENTED_EDGE('',*,*,#4168,.T.);
#2206=ORIENTED_EDGE('',*,*,#4169,.T.);
#2207=ORIENTED_EDGE('',*,*,#4170,.T.);
#2208=ORIENTED_EDGE('',*,*,#4171,.F.);
#2209=ORIENTED_EDGE('',*,*,#4172,.T.);
#2210=ORIENTED_EDGE('',*,*,#4173,.F.);
#2211=ORIENTED_EDGE('',*,*,#4174,.T.);
#2212=ORIENTED_EDGE('',*,*,#4175,.T.);
#2213=ORIENTED_EDGE('',*,*,#4176,.T.);
#2214=ORIENTED_EDGE('',*,*,#4177,.T.);
#2215=ORIENTED_EDGE('',*,*,#4178,.T.);
#2216=ORIENTED_EDGE('',*,*,#4179,.F.);
#2217=ORIENTED_EDGE('',*,*,#4180,.T.);
#2218=ORIENTED_EDGE('',*,*,#4181,.F.);
#2219=ORIENTED_EDGE('',*,*,#4182,.T.);
#2220=ORIENTED_EDGE('',*,*,#4183,.T.);
#2221=ORIENTED_EDGE('',*,*,#4184,.T.);
#2222=ORIENTED_EDGE('',*,*,#4185,.T.);
#2223=ORIENTED_EDGE('',*,*,#4186,.T.);
#2224=ORIENTED_EDGE('',*,*,#4187,.F.);
#2225=ORIENTED_EDGE('',*,*,#4188,.T.);
#2226=ORIENTED_EDGE('',*,*,#4189,.F.);
#2227=ORIENTED_EDGE('',*,*,#4190,.T.);
#2228=ORIENTED_EDGE('',*,*,#4191,.T.);
#2229=ORIENTED_EDGE('',*,*,#4192,.T.);
#2230=ORIENTED_EDGE('',*,*,#4193,.T.);
#2231=ORIENTED_EDGE('',*,*,#4194,.T.);
#2232=ORIENTED_EDGE('',*,*,#4195,.F.);
#2233=ORIENTED_EDGE('',*,*,#4196,.T.);
#2234=ORIENTED_EDGE('',*,*,#4197,.F.);
#2235=ORIENTED_EDGE('',*,*,#4198,.T.);
#2236=ORIENTED_EDGE('',*,*,#4199,.T.);
#2237=ORIENTED_EDGE('',*,*,#4200,.T.);
#2238=ORIENTED_EDGE('',*,*,#4201,.T.);
#2239=ORIENTED_EDGE('',*,*,#4202,.T.);
#2240=ORIENTED_EDGE('',*,*,#4203,.F.);
#2241=ORIENTED_EDGE('',*,*,#4204,.T.);
#2242=ORIENTED_EDGE('',*,*,#4205,.F.);
#2243=ORIENTED_EDGE('',*,*,#4206,.T.);
#2244=ORIENTED_EDGE('',*,*,#4207,.T.);
#2245=ORIENTED_EDGE('',*,*,#4208,.T.);
#2246=ORIENTED_EDGE('',*,*,#4209,.T.);
#2247=ORIENTED_EDGE('',*,*,#4210,.T.);
#2248=ORIENTED_EDGE('',*,*,#4211,.F.);
#2249=ORIENTED_EDGE('',*,*,#4212,.T.);
#2250=ORIENTED_EDGE('',*,*,#4213,.F.);
#2251=ORIENTED_EDGE('',*,*,#4214,.T.);
#2252=ORIENTED_EDGE('',*,*,#4215,.T.);
#2253=ORIENTED_EDGE('',*,*,#4216,.T.);
#2254=ORIENTED_EDGE('',*,*,#4217,.T.);
#2255=ORIENTED_EDGE('',*,*,#4218,.T.);
#2256=ORIENTED_EDGE('',*,*,#4219,.F.);
#2257=ORIENTED_EDGE('',*,*,#4220,.T.);
#2258=ORIENTED_EDGE('',*,*,#4221,.F.);
#2259=ORIENTED_EDGE('',*,*,#4222,.T.);
#2260=ORIENTED_EDGE('',*,*,#4223,.T.);
#2261=ORIENTED_EDGE('',*,*,#4224,.T.);
#2262=ORIENTED_EDGE('',*,*,#4225,.T.);
#2263=ORIENTED_EDGE('',*,*,#4226,.T.);
#2264=ORIENTED_EDGE('',*,*,#4227,.F.);
#2265=ORIENTED_EDGE('',*,*,#4228,.T.);
#2266=ORIENTED_EDGE('',*,*,#4229,.F.);
#2267=ORIENTED_EDGE('',*,*,#3932,.T.);
#2268=ORIENTED_EDGE('',*,*,#4230,.T.);
#2269=ORIENTED_EDGE('',*,*,#4141,.F.);
#2270=ORIENTED_EDGE('',*,*,#4147,.T.);
#2271=ORIENTED_EDGE('',*,*,#4231,.T.);
#2272=ORIENTED_EDGE('',*,*,#3926,.F.);
#2273=ORIENTED_EDGE('',*,*,#4232,.T.);
#2274=ORIENTED_EDGE('',*,*,#4145,.T.);
#2275=ORIENTED_EDGE('',*,*,#4233,.T.);
#2276=ORIENTED_EDGE('',*,*,#3928,.F.);
#2277=ORIENTED_EDGE('',*,*,#4234,.T.);
#2278=ORIENTED_EDGE('',*,*,#4143,.F.);
#2279=ORIENTED_EDGE('',*,*,#4235,.T.);
#2280=ORIENTED_EDGE('',*,*,#3930,.T.);
#2281=ORIENTED_EDGE('',*,*,#4236,.T.);
#2282=ORIENTED_EDGE('',*,*,#4237,.F.);
#2283=ORIENTED_EDGE('',*,*,#4139,.T.);
#2284=ORIENTED_EDGE('',*,*,#4238,.T.);
#2285=ORIENTED_EDGE('',*,*,#3915,.F.);
#2286=ORIENTED_EDGE('',*,*,#3906,.T.);
#2287=ORIENTED_EDGE('',*,*,#4239,.T.);
#2288=ORIENTED_EDGE('',*,*,#4240,.F.);
#2289=ORIENTED_EDGE('',*,*,#3922,.T.);
#2290=ORIENTED_EDGE('',*,*,#4241,.F.);
#2291=ORIENTED_EDGE('',*,*,#4150,.F.);
#2292=ORIENTED_EDGE('',*,*,#4241,.T.);
#2293=ORIENTED_EDGE('',*,*,#3921,.T.);
#2294=ORIENTED_EDGE('',*,*,#4242,.F.);
#2295=ORIENTED_EDGE('',*,*,#4151,.F.);
#2296=ORIENTED_EDGE('',*,*,#4242,.T.);
#2297=ORIENTED_EDGE('',*,*,#3920,.T.);
#2298=ORIENTED_EDGE('',*,*,#4243,.F.);
#2299=ORIENTED_EDGE('',*,*,#4152,.F.);
#2300=ORIENTED_EDGE('',*,*,#4243,.T.);
#2301=ORIENTED_EDGE('',*,*,#3919,.T.);
#2302=ORIENTED_EDGE('',*,*,#4244,.F.);
#2303=ORIENTED_EDGE('',*,*,#4153,.F.);
#2304=ORIENTED_EDGE('',*,*,#4244,.T.);
#2305=ORIENTED_EDGE('',*,*,#3918,.T.);
#2306=ORIENTED_EDGE('',*,*,#4245,.F.);
#2307=ORIENTED_EDGE('',*,*,#4154,.F.);
#2308=ORIENTED_EDGE('',*,*,#4155,.T.);
#2309=ORIENTED_EDGE('',*,*,#4245,.T.);
#2310=ORIENTED_EDGE('',*,*,#3917,.F.);
#2311=ORIENTED_EDGE('',*,*,#4246,.F.);
#2312=ORIENTED_EDGE('',*,*,#4246,.T.);
#2313=ORIENTED_EDGE('',*,*,#3916,.T.);
#2314=ORIENTED_EDGE('',*,*,#4238,.F.);
#2315=ORIENTED_EDGE('',*,*,#4156,.F.);
#2316=ORIENTED_EDGE('',*,*,#4157,.T.);
#2317=ORIENTED_EDGE('',*,*,#4247,.T.);
#2318=ORIENTED_EDGE('',*,*,#3934,.F.);
#2319=ORIENTED_EDGE('',*,*,#4248,.F.);
#2320=ORIENTED_EDGE('',*,*,#4248,.T.);
#2321=ORIENTED_EDGE('',*,*,#3933,.T.);
#2322=ORIENTED_EDGE('',*,*,#4249,.F.);
#2323=ORIENTED_EDGE('',*,*,#4158,.F.);
#2324=ORIENTED_EDGE('',*,*,#4249,.T.);
#2325=ORIENTED_EDGE('',*,*,#3940,.T.);
#2326=ORIENTED_EDGE('',*,*,#4250,.F.);
#2327=ORIENTED_EDGE('',*,*,#4159,.F.);
#2328=ORIENTED_EDGE('',*,*,#4250,.T.);
#2329=ORIENTED_EDGE('',*,*,#3939,.T.);
#2330=ORIENTED_EDGE('',*,*,#4251,.F.);
#2331=ORIENTED_EDGE('',*,*,#4160,.F.);
#2332=ORIENTED_EDGE('',*,*,#4251,.T.);
#2333=ORIENTED_EDGE('',*,*,#3938,.T.);
#2334=ORIENTED_EDGE('',*,*,#4252,.F.);
#2335=ORIENTED_EDGE('',*,*,#4161,.F.);
#2336=ORIENTED_EDGE('',*,*,#4252,.T.);
#2337=ORIENTED_EDGE('',*,*,#3937,.T.);
#2338=ORIENTED_EDGE('',*,*,#4253,.F.);
#2339=ORIENTED_EDGE('',*,*,#4162,.F.);
#2340=ORIENTED_EDGE('',*,*,#4163,.T.);
#2341=ORIENTED_EDGE('',*,*,#4253,.T.);
#2342=ORIENTED_EDGE('',*,*,#3936,.F.);
#2343=ORIENTED_EDGE('',*,*,#4254,.F.);
#2344=ORIENTED_EDGE('',*,*,#4254,.T.);
#2345=ORIENTED_EDGE('',*,*,#3935,.T.);
#2346=ORIENTED_EDGE('',*,*,#4247,.F.);
#2347=ORIENTED_EDGE('',*,*,#4164,.F.);
#2348=ORIENTED_EDGE('',*,*,#4131,.T.);
#2349=ORIENTED_EDGE('',*,*,#4255,.T.);
#2350=ORIENTED_EDGE('',*,*,#3942,.F.);
#2351=ORIENTED_EDGE('',*,*,#4256,.F.);
#2352=ORIENTED_EDGE('',*,*,#4256,.T.);
#2353=ORIENTED_EDGE('',*,*,#3941,.T.);
#2354=ORIENTED_EDGE('',*,*,#4257,.F.);
#2355=ORIENTED_EDGE('',*,*,#4132,.F.);
#2356=ORIENTED_EDGE('',*,*,#4257,.T.);
#2357=ORIENTED_EDGE('',*,*,#3948,.T.);
#2358=ORIENTED_EDGE('',*,*,#4258,.F.);
#2359=ORIENTED_EDGE('',*,*,#4133,.F.);
#2360=ORIENTED_EDGE('',*,*,#4258,.T.);
#2361=ORIENTED_EDGE('',*,*,#3947,.T.);
#2362=ORIENTED_EDGE('',*,*,#4259,.F.);
#2363=ORIENTED_EDGE('',*,*,#4134,.F.);
#2364=ORIENTED_EDGE('',*,*,#4259,.T.);
#2365=ORIENTED_EDGE('',*,*,#3946,.T.);
#2366=ORIENTED_EDGE('',*,*,#4260,.F.);
#2367=ORIENTED_EDGE('',*,*,#4135,.F.);
#2368=ORIENTED_EDGE('',*,*,#4260,.T.);
#2369=ORIENTED_EDGE('',*,*,#3945,.T.);
#2370=ORIENTED_EDGE('',*,*,#4261,.F.);
#2371=ORIENTED_EDGE('',*,*,#4136,.F.);
#2372=ORIENTED_EDGE('',*,*,#4137,.T.);
#2373=ORIENTED_EDGE('',*,*,#4261,.T.);
#2374=ORIENTED_EDGE('',*,*,#3944,.F.);
#2375=ORIENTED_EDGE('',*,*,#4262,.F.);
#2376=ORIENTED_EDGE('',*,*,#4262,.T.);
#2377=ORIENTED_EDGE('',*,*,#3943,.T.);
#2378=ORIENTED_EDGE('',*,*,#4255,.F.);
#2379=ORIENTED_EDGE('',*,*,#4138,.F.);
#2380=ORIENTED_EDGE('',*,*,#4165,.T.);
#2381=ORIENTED_EDGE('',*,*,#4263,.T.);
#2382=ORIENTED_EDGE('',*,*,#3950,.F.);
#2383=ORIENTED_EDGE('',*,*,#4264,.F.);
#2384=ORIENTED_EDGE('',*,*,#4264,.T.);
#2385=ORIENTED_EDGE('',*,*,#3949,.T.);
#2386=ORIENTED_EDGE('',*,*,#4265,.F.);
#2387=ORIENTED_EDGE('',*,*,#4166,.F.);
#2388=ORIENTED_EDGE('',*,*,#4265,.T.);
#2389=ORIENTED_EDGE('',*,*,#3956,.T.);
#2390=ORIENTED_EDGE('',*,*,#4266,.F.);
#2391=ORIENTED_EDGE('',*,*,#4167,.F.);
#2392=ORIENTED_EDGE('',*,*,#4266,.T.);
#2393=ORIENTED_EDGE('',*,*,#3955,.T.);
#2394=ORIENTED_EDGE('',*,*,#4267,.F.);
#2395=ORIENTED_EDGE('',*,*,#4168,.F.);
#2396=ORIENTED_EDGE('',*,*,#4267,.T.);
#2397=ORIENTED_EDGE('',*,*,#3954,.T.);
#2398=ORIENTED_EDGE('',*,*,#4268,.F.);
#2399=ORIENTED_EDGE('',*,*,#4169,.F.);
#2400=ORIENTED_EDGE('',*,*,#4268,.T.);
#2401=ORIENTED_EDGE('',*,*,#3953,.T.);
#2402=ORIENTED_EDGE('',*,*,#4269,.F.);
#2403=ORIENTED_EDGE('',*,*,#4170,.F.);
#2404=ORIENTED_EDGE('',*,*,#4171,.T.);
#2405=ORIENTED_EDGE('',*,*,#4269,.T.);
#2406=ORIENTED_EDGE('',*,*,#3952,.F.);
#2407=ORIENTED_EDGE('',*,*,#4270,.F.);
#2408=ORIENTED_EDGE('',*,*,#4270,.T.);
#2409=ORIENTED_EDGE('',*,*,#3951,.T.);
#2410=ORIENTED_EDGE('',*,*,#4263,.F.);
#2411=ORIENTED_EDGE('',*,*,#4172,.F.);
#2412=ORIENTED_EDGE('',*,*,#4123,.T.);
#2413=ORIENTED_EDGE('',*,*,#4271,.T.);
#2414=ORIENTED_EDGE('',*,*,#3958,.F.);
#2415=ORIENTED_EDGE('',*,*,#4272,.F.);
#2416=ORIENTED_EDGE('',*,*,#4272,.T.);
#2417=ORIENTED_EDGE('',*,*,#3957,.T.);
#2418=ORIENTED_EDGE('',*,*,#4273,.F.);
#2419=ORIENTED_EDGE('',*,*,#4124,.F.);
#2420=ORIENTED_EDGE('',*,*,#4273,.T.);
#2421=ORIENTED_EDGE('',*,*,#3964,.T.);
#2422=ORIENTED_EDGE('',*,*,#4274,.F.);
#2423=ORIENTED_EDGE('',*,*,#4125,.F.);
#2424=ORIENTED_EDGE('',*,*,#4274,.T.);
#2425=ORIENTED_EDGE('',*,*,#3963,.T.);
#2426=ORIENTED_EDGE('',*,*,#4275,.F.);
#2427=ORIENTED_EDGE('',*,*,#4126,.F.);
#2428=ORIENTED_EDGE('',*,*,#4275,.T.);
#2429=ORIENTED_EDGE('',*,*,#3962,.T.);
#2430=ORIENTED_EDGE('',*,*,#4276,.F.);
#2431=ORIENTED_EDGE('',*,*,#4127,.F.);
#2432=ORIENTED_EDGE('',*,*,#4276,.T.);
#2433=ORIENTED_EDGE('',*,*,#3961,.T.);
#2434=ORIENTED_EDGE('',*,*,#4277,.F.);
#2435=ORIENTED_EDGE('',*,*,#4128,.F.);
#2436=ORIENTED_EDGE('',*,*,#4129,.T.);
#2437=ORIENTED_EDGE('',*,*,#4277,.T.);
#2438=ORIENTED_EDGE('',*,*,#3960,.F.);
#2439=ORIENTED_EDGE('',*,*,#4278,.F.);
#2440=ORIENTED_EDGE('',*,*,#4278,.T.);
#2441=ORIENTED_EDGE('',*,*,#3959,.T.);
#2442=ORIENTED_EDGE('',*,*,#4271,.F.);
#2443=ORIENTED_EDGE('',*,*,#4130,.F.);
#2444=ORIENTED_EDGE('',*,*,#4173,.T.);
#2445=ORIENTED_EDGE('',*,*,#4279,.T.);
#2446=ORIENTED_EDGE('',*,*,#3966,.F.);
#2447=ORIENTED_EDGE('',*,*,#4280,.F.);
#2448=ORIENTED_EDGE('',*,*,#4280,.T.);
#2449=ORIENTED_EDGE('',*,*,#3965,.T.);
#2450=ORIENTED_EDGE('',*,*,#4281,.F.);
#2451=ORIENTED_EDGE('',*,*,#4174,.F.);
#2452=ORIENTED_EDGE('',*,*,#4281,.T.);
#2453=ORIENTED_EDGE('',*,*,#3972,.T.);
#2454=ORIENTED_EDGE('',*,*,#4282,.F.);
#2455=ORIENTED_EDGE('',*,*,#4175,.F.);
#2456=ORIENTED_EDGE('',*,*,#4282,.T.);
#2457=ORIENTED_EDGE('',*,*,#3971,.T.);
#2458=ORIENTED_EDGE('',*,*,#4283,.F.);
#2459=ORIENTED_EDGE('',*,*,#4176,.F.);
#2460=ORIENTED_EDGE('',*,*,#4283,.T.);
#2461=ORIENTED_EDGE('',*,*,#3970,.T.);
#2462=ORIENTED_EDGE('',*,*,#4284,.F.);
#2463=ORIENTED_EDGE('',*,*,#4177,.F.);
#2464=ORIENTED_EDGE('',*,*,#4284,.T.);
#2465=ORIENTED_EDGE('',*,*,#3969,.T.);
#2466=ORIENTED_EDGE('',*,*,#4285,.F.);
#2467=ORIENTED_EDGE('',*,*,#4178,.F.);
#2468=ORIENTED_EDGE('',*,*,#4179,.T.);
#2469=ORIENTED_EDGE('',*,*,#4285,.T.);
#2470=ORIENTED_EDGE('',*,*,#3968,.F.);
#2471=ORIENTED_EDGE('',*,*,#4286,.F.);
#2472=ORIENTED_EDGE('',*,*,#4286,.T.);
#2473=ORIENTED_EDGE('',*,*,#3967,.T.);
#2474=ORIENTED_EDGE('',*,*,#4279,.F.);
#2475=ORIENTED_EDGE('',*,*,#4180,.F.);
#2476=ORIENTED_EDGE('',*,*,#4115,.T.);
#2477=ORIENTED_EDGE('',*,*,#4287,.T.);
#2478=ORIENTED_EDGE('',*,*,#3974,.F.);
#2479=ORIENTED_EDGE('',*,*,#4288,.F.);
#2480=ORIENTED_EDGE('',*,*,#4288,.T.);
#2481=ORIENTED_EDGE('',*,*,#3973,.T.);
#2482=ORIENTED_EDGE('',*,*,#4289,.F.);
#2483=ORIENTED_EDGE('',*,*,#4116,.F.);
#2484=ORIENTED_EDGE('',*,*,#4289,.T.);
#2485=ORIENTED_EDGE('',*,*,#3980,.T.);
#2486=ORIENTED_EDGE('',*,*,#4290,.F.);
#2487=ORIENTED_EDGE('',*,*,#4117,.F.);
#2488=ORIENTED_EDGE('',*,*,#4290,.T.);
#2489=ORIENTED_EDGE('',*,*,#3979,.T.);
#2490=ORIENTED_EDGE('',*,*,#4291,.F.);
#2491=ORIENTED_EDGE('',*,*,#4118,.F.);
#2492=ORIENTED_EDGE('',*,*,#4291,.T.);
#2493=ORIENTED_EDGE('',*,*,#3978,.T.);
#2494=ORIENTED_EDGE('',*,*,#4292,.F.);
#2495=ORIENTED_EDGE('',*,*,#4119,.F.);
#2496=ORIENTED_EDGE('',*,*,#4292,.T.);
#2497=ORIENTED_EDGE('',*,*,#3977,.T.);
#2498=ORIENTED_EDGE('',*,*,#4293,.F.);
#2499=ORIENTED_EDGE('',*,*,#4120,.F.);
#2500=ORIENTED_EDGE('',*,*,#4121,.T.);
#2501=ORIENTED_EDGE('',*,*,#4293,.T.);
#2502=ORIENTED_EDGE('',*,*,#3976,.F.);
#2503=ORIENTED_EDGE('',*,*,#4294,.F.);
#2504=ORIENTED_EDGE('',*,*,#4294,.T.);
#2505=ORIENTED_EDGE('',*,*,#3975,.T.);
#2506=ORIENTED_EDGE('',*,*,#4287,.F.);
#2507=ORIENTED_EDGE('',*,*,#4122,.F.);
#2508=ORIENTED_EDGE('',*,*,#4181,.T.);
#2509=ORIENTED_EDGE('',*,*,#4295,.T.);
#2510=ORIENTED_EDGE('',*,*,#3982,.F.);
#2511=ORIENTED_EDGE('',*,*,#4296,.F.);
#2512=ORIENTED_EDGE('',*,*,#4296,.T.);
#2513=ORIENTED_EDGE('',*,*,#3981,.T.);
#2514=ORIENTED_EDGE('',*,*,#4297,.F.);
#2515=ORIENTED_EDGE('',*,*,#4182,.F.);
#2516=ORIENTED_EDGE('',*,*,#4297,.T.);
#2517=ORIENTED_EDGE('',*,*,#3988,.T.);
#2518=ORIENTED_EDGE('',*,*,#4298,.F.);
#2519=ORIENTED_EDGE('',*,*,#4183,.F.);
#2520=ORIENTED_EDGE('',*,*,#4298,.T.);
#2521=ORIENTED_EDGE('',*,*,#3987,.T.);
#2522=ORIENTED_EDGE('',*,*,#4299,.F.);
#2523=ORIENTED_EDGE('',*,*,#4184,.F.);
#2524=ORIENTED_EDGE('',*,*,#4299,.T.);
#2525=ORIENTED_EDGE('',*,*,#3986,.T.);
#2526=ORIENTED_EDGE('',*,*,#4300,.F.);
#2527=ORIENTED_EDGE('',*,*,#4185,.F.);
#2528=ORIENTED_EDGE('',*,*,#4300,.T.);
#2529=ORIENTED_EDGE('',*,*,#3985,.T.);
#2530=ORIENTED_EDGE('',*,*,#4301,.F.);
#2531=ORIENTED_EDGE('',*,*,#4186,.F.);
#2532=ORIENTED_EDGE('',*,*,#4187,.T.);
#2533=ORIENTED_EDGE('',*,*,#4301,.T.);
#2534=ORIENTED_EDGE('',*,*,#3984,.F.);
#2535=ORIENTED_EDGE('',*,*,#4302,.F.);
#2536=ORIENTED_EDGE('',*,*,#4302,.T.);
#2537=ORIENTED_EDGE('',*,*,#3983,.T.);
#2538=ORIENTED_EDGE('',*,*,#4295,.F.);
#2539=ORIENTED_EDGE('',*,*,#4188,.F.);
#2540=ORIENTED_EDGE('',*,*,#4107,.T.);
#2541=ORIENTED_EDGE('',*,*,#4303,.T.);
#2542=ORIENTED_EDGE('',*,*,#3990,.F.);
#2543=ORIENTED_EDGE('',*,*,#4304,.F.);
#2544=ORIENTED_EDGE('',*,*,#4304,.T.);
#2545=ORIENTED_EDGE('',*,*,#3989,.T.);
#2546=ORIENTED_EDGE('',*,*,#4305,.F.);
#2547=ORIENTED_EDGE('',*,*,#4108,.F.);
#2548=ORIENTED_EDGE('',*,*,#4305,.T.);
#2549=ORIENTED_EDGE('',*,*,#3996,.T.);
#2550=ORIENTED_EDGE('',*,*,#4306,.F.);
#2551=ORIENTED_EDGE('',*,*,#4109,.F.);
#2552=ORIENTED_EDGE('',*,*,#4306,.T.);
#2553=ORIENTED_EDGE('',*,*,#3995,.T.);
#2554=ORIENTED_EDGE('',*,*,#4307,.F.);
#2555=ORIENTED_EDGE('',*,*,#4110,.F.);
#2556=ORIENTED_EDGE('',*,*,#4307,.T.);
#2557=ORIENTED_EDGE('',*,*,#3994,.T.);
#2558=ORIENTED_EDGE('',*,*,#4308,.F.);
#2559=ORIENTED_EDGE('',*,*,#4111,.F.);
#2560=ORIENTED_EDGE('',*,*,#4308,.T.);
#2561=ORIENTED_EDGE('',*,*,#3993,.T.);
#2562=ORIENTED_EDGE('',*,*,#4309,.F.);
#2563=ORIENTED_EDGE('',*,*,#4112,.F.);
#2564=ORIENTED_EDGE('',*,*,#4113,.T.);
#2565=ORIENTED_EDGE('',*,*,#4309,.T.);
#2566=ORIENTED_EDGE('',*,*,#3992,.F.);
#2567=ORIENTED_EDGE('',*,*,#4310,.F.);
#2568=ORIENTED_EDGE('',*,*,#4310,.T.);
#2569=ORIENTED_EDGE('',*,*,#3991,.T.);
#2570=ORIENTED_EDGE('',*,*,#4303,.F.);
#2571=ORIENTED_EDGE('',*,*,#4114,.F.);
#2572=ORIENTED_EDGE('',*,*,#4189,.T.);
#2573=ORIENTED_EDGE('',*,*,#4311,.T.);
#2574=ORIENTED_EDGE('',*,*,#3998,.F.);
#2575=ORIENTED_EDGE('',*,*,#4312,.F.);
#2576=ORIENTED_EDGE('',*,*,#4312,.T.);
#2577=ORIENTED_EDGE('',*,*,#3997,.T.);
#2578=ORIENTED_EDGE('',*,*,#4313,.F.);
#2579=ORIENTED_EDGE('',*,*,#4190,.F.);
#2580=ORIENTED_EDGE('',*,*,#4313,.T.);
#2581=ORIENTED_EDGE('',*,*,#4004,.T.);
#2582=ORIENTED_EDGE('',*,*,#4314,.F.);
#2583=ORIENTED_EDGE('',*,*,#4191,.F.);
#2584=ORIENTED_EDGE('',*,*,#4314,.T.);
#2585=ORIENTED_EDGE('',*,*,#4003,.T.);
#2586=ORIENTED_EDGE('',*,*,#4315,.F.);
#2587=ORIENTED_EDGE('',*,*,#4192,.F.);
#2588=ORIENTED_EDGE('',*,*,#4315,.T.);
#2589=ORIENTED_EDGE('',*,*,#4002,.T.);
#2590=ORIENTED_EDGE('',*,*,#4316,.F.);
#2591=ORIENTED_EDGE('',*,*,#4193,.F.);
#2592=ORIENTED_EDGE('',*,*,#4316,.T.);
#2593=ORIENTED_EDGE('',*,*,#4001,.T.);
#2594=ORIENTED_EDGE('',*,*,#4317,.F.);
#2595=ORIENTED_EDGE('',*,*,#4194,.F.);
#2596=ORIENTED_EDGE('',*,*,#4195,.T.);
#2597=ORIENTED_EDGE('',*,*,#4317,.T.);
#2598=ORIENTED_EDGE('',*,*,#4000,.F.);
#2599=ORIENTED_EDGE('',*,*,#4318,.F.);
#2600=ORIENTED_EDGE('',*,*,#4318,.T.);
#2601=ORIENTED_EDGE('',*,*,#3999,.T.);
#2602=ORIENTED_EDGE('',*,*,#4311,.F.);
#2603=ORIENTED_EDGE('',*,*,#4196,.F.);
#2604=ORIENTED_EDGE('',*,*,#4099,.T.);
#2605=ORIENTED_EDGE('',*,*,#4319,.T.);
#2606=ORIENTED_EDGE('',*,*,#4006,.F.);
#2607=ORIENTED_EDGE('',*,*,#4320,.F.);
#2608=ORIENTED_EDGE('',*,*,#4320,.T.);
#2609=ORIENTED_EDGE('',*,*,#4005,.T.);
#2610=ORIENTED_EDGE('',*,*,#4321,.F.);
#2611=ORIENTED_EDGE('',*,*,#4100,.F.);
#2612=ORIENTED_EDGE('',*,*,#4321,.T.);
#2613=ORIENTED_EDGE('',*,*,#4012,.T.);
#2614=ORIENTED_EDGE('',*,*,#4322,.F.);
#2615=ORIENTED_EDGE('',*,*,#4101,.F.);
#2616=ORIENTED_EDGE('',*,*,#4322,.T.);
#2617=ORIENTED_EDGE('',*,*,#4011,.T.);
#2618=ORIENTED_EDGE('',*,*,#4323,.F.);
#2619=ORIENTED_EDGE('',*,*,#4102,.F.);
#2620=ORIENTED_EDGE('',*,*,#4323,.T.);
#2621=ORIENTED_EDGE('',*,*,#4010,.T.);
#2622=ORIENTED_EDGE('',*,*,#4324,.F.);
#2623=ORIENTED_EDGE('',*,*,#4103,.F.);
#2624=ORIENTED_EDGE('',*,*,#4324,.T.);
#2625=ORIENTED_EDGE('',*,*,#4009,.T.);
#2626=ORIENTED_EDGE('',*,*,#4325,.F.);
#2627=ORIENTED_EDGE('',*,*,#4104,.F.);
#2628=ORIENTED_EDGE('',*,*,#4105,.T.);
#2629=ORIENTED_EDGE('',*,*,#4325,.T.);
#2630=ORIENTED_EDGE('',*,*,#4008,.F.);
#2631=ORIENTED_EDGE('',*,*,#4326,.F.);
#2632=ORIENTED_EDGE('',*,*,#4326,.T.);
#2633=ORIENTED_EDGE('',*,*,#4007,.T.);
#2634=ORIENTED_EDGE('',*,*,#4319,.F.);
#2635=ORIENTED_EDGE('',*,*,#4106,.F.);
#2636=ORIENTED_EDGE('',*,*,#4197,.T.);
#2637=ORIENTED_EDGE('',*,*,#4327,.T.);
#2638=ORIENTED_EDGE('',*,*,#4014,.F.);
#2639=ORIENTED_EDGE('',*,*,#4328,.F.);
#2640=ORIENTED_EDGE('',*,*,#4328,.T.);
#2641=ORIENTED_EDGE('',*,*,#4013,.T.);
#2642=ORIENTED_EDGE('',*,*,#4329,.F.);
#2643=ORIENTED_EDGE('',*,*,#4198,.F.);
#2644=ORIENTED_EDGE('',*,*,#4329,.T.);
#2645=ORIENTED_EDGE('',*,*,#4020,.T.);
#2646=ORIENTED_EDGE('',*,*,#4330,.F.);
#2647=ORIENTED_EDGE('',*,*,#4199,.F.);
#2648=ORIENTED_EDGE('',*,*,#4330,.T.);
#2649=ORIENTED_EDGE('',*,*,#4019,.T.);
#2650=ORIENTED_EDGE('',*,*,#4331,.F.);
#2651=ORIENTED_EDGE('',*,*,#4200,.F.);
#2652=ORIENTED_EDGE('',*,*,#4331,.T.);
#2653=ORIENTED_EDGE('',*,*,#4018,.T.);
#2654=ORIENTED_EDGE('',*,*,#4332,.F.);
#2655=ORIENTED_EDGE('',*,*,#4201,.F.);
#2656=ORIENTED_EDGE('',*,*,#4332,.T.);
#2657=ORIENTED_EDGE('',*,*,#4017,.T.);
#2658=ORIENTED_EDGE('',*,*,#4333,.F.);
#2659=ORIENTED_EDGE('',*,*,#4202,.F.);
#2660=ORIENTED_EDGE('',*,*,#4203,.T.);
#2661=ORIENTED_EDGE('',*,*,#4333,.T.);
#2662=ORIENTED_EDGE('',*,*,#4016,.F.);
#2663=ORIENTED_EDGE('',*,*,#4334,.F.);
#2664=ORIENTED_EDGE('',*,*,#4334,.T.);
#2665=ORIENTED_EDGE('',*,*,#4015,.T.);
#2666=ORIENTED_EDGE('',*,*,#4327,.F.);
#2667=ORIENTED_EDGE('',*,*,#4204,.F.);
#2668=ORIENTED_EDGE('',*,*,#4091,.T.);
#2669=ORIENTED_EDGE('',*,*,#4335,.T.);
#2670=ORIENTED_EDGE('',*,*,#4022,.F.);
#2671=ORIENTED_EDGE('',*,*,#4336,.F.);
#2672=ORIENTED_EDGE('',*,*,#4336,.T.);
#2673=ORIENTED_EDGE('',*,*,#4021,.T.);
#2674=ORIENTED_EDGE('',*,*,#4337,.F.);
#2675=ORIENTED_EDGE('',*,*,#4092,.F.);
#2676=ORIENTED_EDGE('',*,*,#4337,.T.);
#2677=ORIENTED_EDGE('',*,*,#4028,.T.);
#2678=ORIENTED_EDGE('',*,*,#4338,.F.);
#2679=ORIENTED_EDGE('',*,*,#4093,.F.);
#2680=ORIENTED_EDGE('',*,*,#4338,.T.);
#2681=ORIENTED_EDGE('',*,*,#4027,.T.);
#2682=ORIENTED_EDGE('',*,*,#4339,.F.);
#2683=ORIENTED_EDGE('',*,*,#4094,.F.);
#2684=ORIENTED_EDGE('',*,*,#4339,.T.);
#2685=ORIENTED_EDGE('',*,*,#4026,.T.);
#2686=ORIENTED_EDGE('',*,*,#4340,.F.);
#2687=ORIENTED_EDGE('',*,*,#4095,.F.);
#2688=ORIENTED_EDGE('',*,*,#4340,.T.);
#2689=ORIENTED_EDGE('',*,*,#4025,.T.);
#2690=ORIENTED_EDGE('',*,*,#4341,.F.);
#2691=ORIENTED_EDGE('',*,*,#4096,.F.);
#2692=ORIENTED_EDGE('',*,*,#4097,.T.);
#2693=ORIENTED_EDGE('',*,*,#4341,.T.);
#2694=ORIENTED_EDGE('',*,*,#4024,.F.);
#2695=ORIENTED_EDGE('',*,*,#4342,.F.);
#2696=ORIENTED_EDGE('',*,*,#4342,.T.);
#2697=ORIENTED_EDGE('',*,*,#4023,.T.);
#2698=ORIENTED_EDGE('',*,*,#4335,.F.);
#2699=ORIENTED_EDGE('',*,*,#4098,.F.);
#2700=ORIENTED_EDGE('',*,*,#4205,.T.);
#2701=ORIENTED_EDGE('',*,*,#4343,.T.);
#2702=ORIENTED_EDGE('',*,*,#4030,.F.);
#2703=ORIENTED_EDGE('',*,*,#4344,.F.);
#2704=ORIENTED_EDGE('',*,*,#4344,.T.);
#2705=ORIENTED_EDGE('',*,*,#4029,.T.);
#2706=ORIENTED_EDGE('',*,*,#4345,.F.);
#2707=ORIENTED_EDGE('',*,*,#4206,.F.);
#2708=ORIENTED_EDGE('',*,*,#4345,.T.);
#2709=ORIENTED_EDGE('',*,*,#4036,.T.);
#2710=ORIENTED_EDGE('',*,*,#4346,.F.);
#2711=ORIENTED_EDGE('',*,*,#4207,.F.);
#2712=ORIENTED_EDGE('',*,*,#4346,.T.);
#2713=ORIENTED_EDGE('',*,*,#4035,.T.);
#2714=ORIENTED_EDGE('',*,*,#4347,.F.);
#2715=ORIENTED_EDGE('',*,*,#4208,.F.);
#2716=ORIENTED_EDGE('',*,*,#4347,.T.);
#2717=ORIENTED_EDGE('',*,*,#4034,.T.);
#2718=ORIENTED_EDGE('',*,*,#4348,.F.);
#2719=ORIENTED_EDGE('',*,*,#4209,.F.);
#2720=ORIENTED_EDGE('',*,*,#4348,.T.);
#2721=ORIENTED_EDGE('',*,*,#4033,.T.);
#2722=ORIENTED_EDGE('',*,*,#4349,.F.);
#2723=ORIENTED_EDGE('',*,*,#4210,.F.);
#2724=ORIENTED_EDGE('',*,*,#4211,.T.);
#2725=ORIENTED_EDGE('',*,*,#4349,.T.);
#2726=ORIENTED_EDGE('',*,*,#4032,.F.);
#2727=ORIENTED_EDGE('',*,*,#4350,.F.);
#2728=ORIENTED_EDGE('',*,*,#4350,.T.);
#2729=ORIENTED_EDGE('',*,*,#4031,.T.);
#2730=ORIENTED_EDGE('',*,*,#4343,.F.);
#2731=ORIENTED_EDGE('',*,*,#4212,.F.);
#2732=ORIENTED_EDGE('',*,*,#4083,.T.);
#2733=ORIENTED_EDGE('',*,*,#4351,.T.);
#2734=ORIENTED_EDGE('',*,*,#4038,.F.);
#2735=ORIENTED_EDGE('',*,*,#4352,.F.);
#2736=ORIENTED_EDGE('',*,*,#4352,.T.);
#2737=ORIENTED_EDGE('',*,*,#4037,.T.);
#2738=ORIENTED_EDGE('',*,*,#4353,.F.);
#2739=ORIENTED_EDGE('',*,*,#4084,.F.);
#2740=ORIENTED_EDGE('',*,*,#4353,.T.);
#2741=ORIENTED_EDGE('',*,*,#4044,.T.);
#2742=ORIENTED_EDGE('',*,*,#4354,.F.);
#2743=ORIENTED_EDGE('',*,*,#4085,.F.);
#2744=ORIENTED_EDGE('',*,*,#4354,.T.);
#2745=ORIENTED_EDGE('',*,*,#4043,.T.);
#2746=ORIENTED_EDGE('',*,*,#4355,.F.);
#2747=ORIENTED_EDGE('',*,*,#4086,.F.);
#2748=ORIENTED_EDGE('',*,*,#4355,.T.);
#2749=ORIENTED_EDGE('',*,*,#4042,.T.);
#2750=ORIENTED_EDGE('',*,*,#4356,.F.);
#2751=ORIENTED_EDGE('',*,*,#4087,.F.);
#2752=ORIENTED_EDGE('',*,*,#4356,.T.);
#2753=ORIENTED_EDGE('',*,*,#4041,.T.);
#2754=ORIENTED_EDGE('',*,*,#4357,.F.);
#2755=ORIENTED_EDGE('',*,*,#4088,.F.);
#2756=ORIENTED_EDGE('',*,*,#4089,.T.);
#2757=ORIENTED_EDGE('',*,*,#4357,.T.);
#2758=ORIENTED_EDGE('',*,*,#4040,.F.);
#2759=ORIENTED_EDGE('',*,*,#4358,.F.);
#2760=ORIENTED_EDGE('',*,*,#4358,.T.);
#2761=ORIENTED_EDGE('',*,*,#4039,.T.);
#2762=ORIENTED_EDGE('',*,*,#4351,.F.);
#2763=ORIENTED_EDGE('',*,*,#4090,.F.);
#2764=ORIENTED_EDGE('',*,*,#4213,.T.);
#2765=ORIENTED_EDGE('',*,*,#4359,.T.);
#2766=ORIENTED_EDGE('',*,*,#4046,.F.);
#2767=ORIENTED_EDGE('',*,*,#4360,.F.);
#2768=ORIENTED_EDGE('',*,*,#4360,.T.);
#2769=ORIENTED_EDGE('',*,*,#4045,.T.);
#2770=ORIENTED_EDGE('',*,*,#4361,.F.);
#2771=ORIENTED_EDGE('',*,*,#4214,.F.);
#2772=ORIENTED_EDGE('',*,*,#4361,.T.);
#2773=ORIENTED_EDGE('',*,*,#4052,.T.);
#2774=ORIENTED_EDGE('',*,*,#4362,.F.);
#2775=ORIENTED_EDGE('',*,*,#4215,.F.);
#2776=ORIENTED_EDGE('',*,*,#4362,.T.);
#2777=ORIENTED_EDGE('',*,*,#4051,.T.);
#2778=ORIENTED_EDGE('',*,*,#4363,.F.);
#2779=ORIENTED_EDGE('',*,*,#4216,.F.);
#2780=ORIENTED_EDGE('',*,*,#4363,.T.);
#2781=ORIENTED_EDGE('',*,*,#4050,.T.);
#2782=ORIENTED_EDGE('',*,*,#4364,.F.);
#2783=ORIENTED_EDGE('',*,*,#4217,.F.);
#2784=ORIENTED_EDGE('',*,*,#4364,.T.);
#2785=ORIENTED_EDGE('',*,*,#4049,.T.);
#2786=ORIENTED_EDGE('',*,*,#4365,.F.);
#2787=ORIENTED_EDGE('',*,*,#4218,.F.);
#2788=ORIENTED_EDGE('',*,*,#4219,.T.);
#2789=ORIENTED_EDGE('',*,*,#4365,.T.);
#2790=ORIENTED_EDGE('',*,*,#4048,.F.);
#2791=ORIENTED_EDGE('',*,*,#4366,.F.);
#2792=ORIENTED_EDGE('',*,*,#4366,.T.);
#2793=ORIENTED_EDGE('',*,*,#4047,.T.);
#2794=ORIENTED_EDGE('',*,*,#4359,.F.);
#2795=ORIENTED_EDGE('',*,*,#4220,.F.);
#2796=ORIENTED_EDGE('',*,*,#4075,.T.);
#2797=ORIENTED_EDGE('',*,*,#4367,.T.);
#2798=ORIENTED_EDGE('',*,*,#4054,.F.);
#2799=ORIENTED_EDGE('',*,*,#4368,.F.);
#2800=ORIENTED_EDGE('',*,*,#4368,.T.);
#2801=ORIENTED_EDGE('',*,*,#4053,.T.);
#2802=ORIENTED_EDGE('',*,*,#4369,.F.);
#2803=ORIENTED_EDGE('',*,*,#4076,.F.);
#2804=ORIENTED_EDGE('',*,*,#4369,.T.);
#2805=ORIENTED_EDGE('',*,*,#4060,.T.);
#2806=ORIENTED_EDGE('',*,*,#4370,.F.);
#2807=ORIENTED_EDGE('',*,*,#4077,.F.);
#2808=ORIENTED_EDGE('',*,*,#4370,.T.);
#2809=ORIENTED_EDGE('',*,*,#4059,.T.);
#2810=ORIENTED_EDGE('',*,*,#4371,.F.);
#2811=ORIENTED_EDGE('',*,*,#4078,.F.);
#2812=ORIENTED_EDGE('',*,*,#4371,.T.);
#2813=ORIENTED_EDGE('',*,*,#4058,.T.);
#2814=ORIENTED_EDGE('',*,*,#4372,.F.);
#2815=ORIENTED_EDGE('',*,*,#4079,.F.);
#2816=ORIENTED_EDGE('',*,*,#4372,.T.);
#2817=ORIENTED_EDGE('',*,*,#4057,.T.);
#2818=ORIENTED_EDGE('',*,*,#4373,.F.);
#2819=ORIENTED_EDGE('',*,*,#4080,.F.);
#2820=ORIENTED_EDGE('',*,*,#4081,.T.);
#2821=ORIENTED_EDGE('',*,*,#4373,.T.);
#2822=ORIENTED_EDGE('',*,*,#4056,.F.);
#2823=ORIENTED_EDGE('',*,*,#4374,.F.);
#2824=ORIENTED_EDGE('',*,*,#4374,.T.);
#2825=ORIENTED_EDGE('',*,*,#4055,.T.);
#2826=ORIENTED_EDGE('',*,*,#4367,.F.);
#2827=ORIENTED_EDGE('',*,*,#4082,.F.);
#2828=ORIENTED_EDGE('',*,*,#4221,.T.);
#2829=ORIENTED_EDGE('',*,*,#4375,.T.);
#2830=ORIENTED_EDGE('',*,*,#4062,.F.);
#2831=ORIENTED_EDGE('',*,*,#4376,.F.);
#2832=ORIENTED_EDGE('',*,*,#4376,.T.);
#2833=ORIENTED_EDGE('',*,*,#4061,.T.);
#2834=ORIENTED_EDGE('',*,*,#4377,.F.);
#2835=ORIENTED_EDGE('',*,*,#4222,.F.);
#2836=ORIENTED_EDGE('',*,*,#4377,.T.);
#2837=ORIENTED_EDGE('',*,*,#4068,.T.);
#2838=ORIENTED_EDGE('',*,*,#4378,.F.);
#2839=ORIENTED_EDGE('',*,*,#4223,.F.);
#2840=ORIENTED_EDGE('',*,*,#4378,.T.);
#2841=ORIENTED_EDGE('',*,*,#4067,.T.);
#2842=ORIENTED_EDGE('',*,*,#4379,.F.);
#2843=ORIENTED_EDGE('',*,*,#4224,.F.);
#2844=ORIENTED_EDGE('',*,*,#4379,.T.);
#2845=ORIENTED_EDGE('',*,*,#4066,.T.);
#2846=ORIENTED_EDGE('',*,*,#4380,.F.);
#2847=ORIENTED_EDGE('',*,*,#4225,.F.);
#2848=ORIENTED_EDGE('',*,*,#4380,.T.);
#2849=ORIENTED_EDGE('',*,*,#4065,.T.);
#2850=ORIENTED_EDGE('',*,*,#4381,.F.);
#2851=ORIENTED_EDGE('',*,*,#4226,.F.);
#2852=ORIENTED_EDGE('',*,*,#4227,.T.);
#2853=ORIENTED_EDGE('',*,*,#4381,.T.);
#2854=ORIENTED_EDGE('',*,*,#4064,.F.);
#2855=ORIENTED_EDGE('',*,*,#4382,.F.);
#2856=ORIENTED_EDGE('',*,*,#4382,.T.);
#2857=ORIENTED_EDGE('',*,*,#4063,.T.);
#2858=ORIENTED_EDGE('',*,*,#4375,.F.);
#2859=ORIENTED_EDGE('',*,*,#4228,.F.);
#2860=ORIENTED_EDGE('',*,*,#3931,.F.);
#2861=ORIENTED_EDGE('',*,*,#4235,.F.);
#2862=ORIENTED_EDGE('',*,*,#4142,.F.);
#2863=ORIENTED_EDGE('',*,*,#4230,.F.);
#2864=ORIENTED_EDGE('',*,*,#3929,.F.);
#2865=ORIENTED_EDGE('',*,*,#4233,.F.);
#2866=ORIENTED_EDGE('',*,*,#4144,.F.);
#2867=ORIENTED_EDGE('',*,*,#4236,.F.);
#2868=ORIENTED_EDGE('',*,*,#3927,.F.);
#2869=ORIENTED_EDGE('',*,*,#4231,.F.);
#2870=ORIENTED_EDGE('',*,*,#4146,.F.);
#2871=ORIENTED_EDGE('',*,*,#4234,.F.);
#2872=ORIENTED_EDGE('',*,*,#3925,.F.);
#2873=ORIENTED_EDGE('',*,*,#3903,.F.);
#2874=ORIENTED_EDGE('',*,*,#4148,.F.);
#2875=ORIENTED_EDGE('',*,*,#4232,.F.);
#2876=ORIENTED_EDGE('',*,*,#4240,.T.);
#2877=ORIENTED_EDGE('',*,*,#4383,.T.);
#2878=ORIENTED_EDGE('',*,*,#3923,.F.);
#2879=ORIENTED_EDGE('',*,*,#3924,.T.);
#2880=ORIENTED_EDGE('',*,*,#4383,.F.);
#2881=ORIENTED_EDGE('',*,*,#4239,.F.);
#2882=ORIENTED_EDGE('',*,*,#3905,.T.);
#2883=ORIENTED_EDGE('',*,*,#4149,.T.);
#2884=ORIENTED_EDGE('',*,*,#3901,.T.);
#2885=ORIENTED_EDGE('',*,*,#3914,.T.);
#2886=ORIENTED_EDGE('',*,*,#4229,.T.);
#2887=ORIENTED_EDGE('',*,*,#4140,.F.);
#2888=ORIENTED_EDGE('',*,*,#4237,.T.);
#2889=ORIENTED_EDGE('',*,*,#3913,.F.);
#2890=ORIENTED_EDGE('',*,*,#4074,.T.);
#2891=ORIENTED_EDGE('',*,*,#3912,.F.);
#2892=ORIENTED_EDGE('',*,*,#4073,.T.);
#2893=ORIENTED_EDGE('',*,*,#3911,.F.);
#2894=ORIENTED_EDGE('',*,*,#4072,.T.);
#2895=ORIENTED_EDGE('',*,*,#3910,.F.);
#2896=ORIENTED_EDGE('',*,*,#4071,.T.);
#2897=ORIENTED_EDGE('',*,*,#3909,.F.);
#2898=ORIENTED_EDGE('',*,*,#4070,.T.);
#2899=ORIENTED_EDGE('',*,*,#3908,.F.);
#2900=ORIENTED_EDGE('',*,*,#4069,.T.);
#2901=ORIENTED_EDGE('',*,*,#4384,.T.);
#2902=ORIENTED_EDGE('',*,*,#4385,.T.);
#2903=ORIENTED_EDGE('',*,*,#4386,.F.);
#2904=ORIENTED_EDGE('',*,*,#4387,.F.);
#2905=ORIENTED_EDGE('',*,*,#4386,.T.);
#2906=ORIENTED_EDGE('',*,*,#4388,.T.);
#2907=ORIENTED_EDGE('',*,*,#4389,.T.);
#2908=ORIENTED_EDGE('',*,*,#4390,.T.);
#2909=ORIENTED_EDGE('',*,*,#4391,.F.);
#2910=ORIENTED_EDGE('',*,*,#4392,.F.);
#2911=ORIENTED_EDGE('',*,*,#4391,.T.);
#2912=ORIENTED_EDGE('',*,*,#4393,.T.);
#2913=ORIENTED_EDGE('',*,*,#4394,.F.);
#2914=ORIENTED_EDGE('',*,*,#4395,.F.);
#2915=ORIENTED_EDGE('',*,*,#4396,.T.);
#2916=ORIENTED_EDGE('',*,*,#4397,.T.);
#2917=ORIENTED_EDGE('',*,*,#4384,.F.);
#2918=ORIENTED_EDGE('',*,*,#4398,.F.);
#2919=ORIENTED_EDGE('',*,*,#4394,.T.);
#2920=ORIENTED_EDGE('',*,*,#4399,.T.);
#2921=ORIENTED_EDGE('',*,*,#4387,.T.);
#2922=ORIENTED_EDGE('',*,*,#4392,.T.);
#2923=ORIENTED_EDGE('',*,*,#4395,.T.);
#2924=ORIENTED_EDGE('',*,*,#4398,.T.);
#2925=ORIENTED_EDGE('',*,*,#4389,.F.);
#2926=ORIENTED_EDGE('',*,*,#4400,.T.);
#2927=ORIENTED_EDGE('',*,*,#4396,.F.);
#2928=ORIENTED_EDGE('',*,*,#4401,.T.);
#2929=ORIENTED_EDGE('',*,*,#4397,.F.);
#2930=ORIENTED_EDGE('',*,*,#4400,.F.);
#2931=ORIENTED_EDGE('',*,*,#4388,.F.);
#2932=ORIENTED_EDGE('',*,*,#4385,.F.);
#2933=ORIENTED_EDGE('',*,*,#4390,.F.);
#2934=ORIENTED_EDGE('',*,*,#4401,.F.);
#2935=ORIENTED_EDGE('',*,*,#4399,.F.);
#2936=ORIENTED_EDGE('',*,*,#4393,.F.);
#2937=ORIENTED_EDGE('',*,*,#4402,.T.);
#2938=ORIENTED_EDGE('',*,*,#4403,.T.);
#2939=ORIENTED_EDGE('',*,*,#4404,.F.);
#2940=ORIENTED_EDGE('',*,*,#4405,.T.);
#2941=ORIENTED_EDGE('',*,*,#4406,.T.);
#2942=ORIENTED_EDGE('',*,*,#4407,.T.);
#2943=ORIENTED_EDGE('',*,*,#4408,.F.);
#2944=ORIENTED_EDGE('',*,*,#4409,.F.);
#2945=ORIENTED_EDGE('',*,*,#4410,.T.);
#2946=ORIENTED_EDGE('',*,*,#4411,.T.);
#2947=ORIENTED_EDGE('',*,*,#4412,.T.);
#2948=ORIENTED_EDGE('',*,*,#4413,.T.);
#2949=ORIENTED_EDGE('',*,*,#4414,.T.);
#2950=ORIENTED_EDGE('',*,*,#4405,.F.);
#2951=ORIENTED_EDGE('',*,*,#4415,.F.);
#2952=ORIENTED_EDGE('',*,*,#4408,.T.);
#2953=ORIENTED_EDGE('',*,*,#4416,.T.);
#2954=ORIENTED_EDGE('',*,*,#4417,.F.);
#2955=ORIENTED_EDGE('',*,*,#4418,.F.);
#2956=ORIENTED_EDGE('',*,*,#4419,.T.);
#2957=ORIENTED_EDGE('',*,*,#4420,.T.);
#2958=ORIENTED_EDGE('',*,*,#4421,.F.);
#2959=ORIENTED_EDGE('',*,*,#4417,.T.);
#2960=ORIENTED_EDGE('',*,*,#4422,.T.);
#2961=ORIENTED_EDGE('',*,*,#4423,.T.);
#2962=ORIENTED_EDGE('',*,*,#4413,.F.);
#2963=ORIENTED_EDGE('',*,*,#4424,.F.);
#2964=ORIENTED_EDGE('',*,*,#4425,.T.);
#2965=ORIENTED_EDGE('',*,*,#4426,.T.);
#2966=ORIENTED_EDGE('',*,*,#4427,.T.);
#2967=ORIENTED_EDGE('',*,*,#4421,.T.);
#2968=ORIENTED_EDGE('',*,*,#4428,.T.);
#2969=ORIENTED_EDGE('',*,*,#4424,.T.);
#2970=ORIENTED_EDGE('',*,*,#4415,.T.);
#2971=ORIENTED_EDGE('',*,*,#4404,.T.);
#2972=ORIENTED_EDGE('',*,*,#4429,.T.);
#2973=ORIENTED_EDGE('',*,*,#4430,.F.);
#2974=ORIENTED_EDGE('',*,*,#4431,.T.);
#2975=ORIENTED_EDGE('',*,*,#4432,.F.);
#2976=ORIENTED_EDGE('',*,*,#4433,.T.);
#2977=ORIENTED_EDGE('',*,*,#4409,.T.);
#2978=ORIENTED_EDGE('',*,*,#4418,.T.);
#2979=ORIENTED_EDGE('',*,*,#4434,.F.);
#2980=ORIENTED_EDGE('',*,*,#4422,.F.);
#2981=ORIENTED_EDGE('',*,*,#4416,.F.);
#2982=ORIENTED_EDGE('',*,*,#4407,.F.);
#2983=ORIENTED_EDGE('',*,*,#4423,.F.);
#2984=ORIENTED_EDGE('',*,*,#4434,.T.);
#2985=ORIENTED_EDGE('',*,*,#4406,.F.);
#2986=ORIENTED_EDGE('',*,*,#4414,.F.);
#2987=ORIENTED_EDGE('',*,*,#4431,.F.);
#2988=ORIENTED_EDGE('',*,*,#4430,.T.);
#2989=ORIENTED_EDGE('',*,*,#4435,.T.);
#2990=ORIENTED_EDGE('',*,*,#4432,.T.);
#2991=ORIENTED_EDGE('',*,*,#4436,.T.);
#2992=ORIENTED_EDGE('',*,*,#4437,.T.);
#2993=ORIENTED_EDGE('',*,*,#4438,.T.);
#2994=ORIENTED_EDGE('',*,*,#4439,.T.);
#2995=ORIENTED_EDGE('',*,*,#4440,.T.);
#2996=ORIENTED_EDGE('',*,*,#4441,.T.);
#2997=ORIENTED_EDGE('',*,*,#4442,.T.);
#2998=ORIENTED_EDGE('',*,*,#4443,.T.);
#2999=ORIENTED_EDGE('',*,*,#4444,.F.);
#3000=ORIENTED_EDGE('',*,*,#4426,.F.);
#3001=ORIENTED_EDGE('',*,*,#4445,.F.);
#3002=ORIENTED_EDGE('',*,*,#4446,.F.);
#3003=ORIENTED_EDGE('',*,*,#4428,.F.);
#3004=ORIENTED_EDGE('',*,*,#4420,.F.);
#3005=ORIENTED_EDGE('',*,*,#4447,.F.);
#3006=ORIENTED_EDGE('',*,*,#4448,.F.);
#3007=ORIENTED_EDGE('',*,*,#4445,.T.);
#3008=ORIENTED_EDGE('',*,*,#4425,.F.);
#3009=ORIENTED_EDGE('',*,*,#4449,.F.);
#3010=ORIENTED_EDGE('',*,*,#4446,.T.);
#3011=ORIENTED_EDGE('',*,*,#4450,.F.);
#3012=ORIENTED_EDGE('',*,*,#4443,.F.);
#3013=ORIENTED_EDGE('',*,*,#4451,.F.);
#3014=ORIENTED_EDGE('',*,*,#4427,.F.);
#3015=ORIENTED_EDGE('',*,*,#4444,.T.);
#3016=ORIENTED_EDGE('',*,*,#4452,.F.);
#3017=ORIENTED_EDGE('',*,*,#4419,.F.);
#3018=ORIENTED_EDGE('',*,*,#4451,.T.);
#3019=ORIENTED_EDGE('',*,*,#4453,.F.);
#3020=ORIENTED_EDGE('',*,*,#4447,.T.);
#3021=ORIENTED_EDGE('',*,*,#4450,.T.);
#3022=ORIENTED_EDGE('',*,*,#4448,.T.);
#3023=ORIENTED_EDGE('',*,*,#4454,.F.);
#3024=ORIENTED_EDGE('',*,*,#4440,.F.);
#3025=ORIENTED_EDGE('',*,*,#4449,.T.);
#3026=ORIENTED_EDGE('',*,*,#4442,.F.);
#3027=ORIENTED_EDGE('',*,*,#4455,.F.);
#3028=ORIENTED_EDGE('',*,*,#4452,.T.);
#3029=ORIENTED_EDGE('',*,*,#4454,.T.);
#3030=ORIENTED_EDGE('',*,*,#4453,.T.);
#3031=ORIENTED_EDGE('',*,*,#4455,.T.);
#3032=ORIENTED_EDGE('',*,*,#4441,.F.);
#3033=ORIENTED_EDGE('',*,*,#4456,.F.);
#3034=ORIENTED_EDGE('',*,*,#4457,.F.);
#3035=ORIENTED_EDGE('',*,*,#4438,.F.);
#3036=ORIENTED_EDGE('',*,*,#4458,.F.);
#3037=ORIENTED_EDGE('',*,*,#4459,.F.);
#3038=ORIENTED_EDGE('',*,*,#4411,.F.);
#3039=ORIENTED_EDGE('',*,*,#4460,.F.);
#3040=ORIENTED_EDGE('',*,*,#4461,.F.);
#3041=ORIENTED_EDGE('',*,*,#4410,.F.);
#3042=ORIENTED_EDGE('',*,*,#4433,.F.);
#3043=ORIENTED_EDGE('',*,*,#4462,.F.);
#3044=ORIENTED_EDGE('',*,*,#4460,.T.);
#3045=ORIENTED_EDGE('',*,*,#4457,.T.);
#3046=ORIENTED_EDGE('',*,*,#4461,.T.);
#3047=ORIENTED_EDGE('',*,*,#4463,.F.);
#3048=ORIENTED_EDGE('',*,*,#4439,.F.);
#3049=ORIENTED_EDGE('',*,*,#4458,.T.);
#3050=ORIENTED_EDGE('',*,*,#4437,.F.);
#3051=ORIENTED_EDGE('',*,*,#4464,.F.);
#3052=ORIENTED_EDGE('',*,*,#4465,.F.);
#3053=ORIENTED_EDGE('',*,*,#4459,.T.);
#3054=ORIENTED_EDGE('',*,*,#4456,.T.);
#3055=ORIENTED_EDGE('',*,*,#4466,.F.);
#3056=ORIENTED_EDGE('',*,*,#4412,.F.);
#3057=ORIENTED_EDGE('',*,*,#4462,.T.);
#3058=ORIENTED_EDGE('',*,*,#4435,.F.);
#3059=ORIENTED_EDGE('',*,*,#4467,.F.);
#3060=ORIENTED_EDGE('',*,*,#4464,.T.);
#3061=ORIENTED_EDGE('',*,*,#4436,.F.);
#3062=ORIENTED_EDGE('',*,*,#4463,.T.);
#3063=ORIENTED_EDGE('',*,*,#4466,.T.);
#3064=ORIENTED_EDGE('',*,*,#4465,.T.);
#3065=ORIENTED_EDGE('',*,*,#4468,.F.);
#3066=ORIENTED_EDGE('',*,*,#4402,.F.);
#3067=ORIENTED_EDGE('',*,*,#4429,.F.);
#3068=ORIENTED_EDGE('',*,*,#4403,.F.);
#3069=ORIENTED_EDGE('',*,*,#4468,.T.);
#3070=ORIENTED_EDGE('',*,*,#4467,.T.);
#3071=ORIENTED_EDGE('',*,*,#4469,.F.);
#3072=ORIENTED_EDGE('',*,*,#4470,.T.);
#3073=ORIENTED_EDGE('',*,*,#4470,.F.);
#3074=ORIENTED_EDGE('',*,*,#4471,.T.);
#3075=ORIENTED_EDGE('',*,*,#4469,.T.);
#3076=ORIENTED_EDGE('',*,*,#4472,.F.);
#3077=ORIENTED_EDGE('',*,*,#4471,.F.);
#3078=ORIENTED_EDGE('',*,*,#4473,.T.);
#3079=ORIENTED_EDGE('',*,*,#4474,.F.);
#3080=ORIENTED_EDGE('',*,*,#4472,.T.);
#3081=ORIENTED_EDGE('',*,*,#4475,.T.);
#3082=ORIENTED_EDGE('',*,*,#4473,.F.);
#3083=ORIENTED_EDGE('',*,*,#4474,.T.);
#3084=ORIENTED_EDGE('',*,*,#4476,.F.);
#3085=ORIENTED_EDGE('',*,*,#4475,.F.);
#3086=ORIENTED_EDGE('',*,*,#4476,.T.);
#3087=ORIENTED_EDGE('',*,*,#4477,.F.);
#3088=ORIENTED_EDGE('',*,*,#4478,.T.);
#3089=ORIENTED_EDGE('',*,*,#4479,.T.);
#3090=ORIENTED_EDGE('',*,*,#4477,.T.);
#3091=ORIENTED_EDGE('',*,*,#4480,.F.);
#3092=ORIENTED_EDGE('',*,*,#4479,.F.);
#3093=ORIENTED_EDGE('',*,*,#4481,.T.);
#3094=ORIENTED_EDGE('',*,*,#4480,.T.);
#3095=ORIENTED_EDGE('',*,*,#4482,.F.);
#3096=ORIENTED_EDGE('',*,*,#4481,.F.);
#3097=ORIENTED_EDGE('',*,*,#4478,.F.);
#3098=ORIENTED_EDGE('',*,*,#4482,.T.);
#3099=ORIENTED_EDGE('',*,*,#4483,.T.);
#3100=ORIENTED_EDGE('',*,*,#4484,.T.);
#3101=ORIENTED_EDGE('',*,*,#4485,.T.);
#3102=ORIENTED_EDGE('',*,*,#4486,.T.);
#3103=ORIENTED_EDGE('',*,*,#4487,.T.);
#3104=ORIENTED_EDGE('',*,*,#4488,.T.);
#3105=ORIENTED_EDGE('',*,*,#4489,.T.);
#3106=ORIENTED_EDGE('',*,*,#4490,.T.);
#3107=ORIENTED_EDGE('',*,*,#4491,.T.);
#3108=ORIENTED_EDGE('',*,*,#4492,.T.);
#3109=ORIENTED_EDGE('',*,*,#4493,.F.);
#3110=ORIENTED_EDGE('',*,*,#4494,.T.);
#3111=ORIENTED_EDGE('',*,*,#4495,.F.);
#3112=ORIENTED_EDGE('',*,*,#4496,.T.);
#3113=ORIENTED_EDGE('',*,*,#4497,.T.);
#3114=ORIENTED_EDGE('',*,*,#4498,.T.);
#3115=ORIENTED_EDGE('',*,*,#4499,.F.);
#3116=ORIENTED_EDGE('',*,*,#4500,.F.);
#3117=ORIENTED_EDGE('',*,*,#4501,.F.);
#3118=ORIENTED_EDGE('',*,*,#4497,.F.);
#3119=ORIENTED_EDGE('',*,*,#4502,.T.);
#3120=ORIENTED_EDGE('',*,*,#4503,.T.);
#3121=ORIENTED_EDGE('',*,*,#4504,.F.);
#3122=ORIENTED_EDGE('',*,*,#4503,.F.);
#3123=ORIENTED_EDGE('',*,*,#4505,.T.);
#3124=ORIENTED_EDGE('',*,*,#4506,.T.);
#3125=ORIENTED_EDGE('',*,*,#4499,.T.);
#3126=ORIENTED_EDGE('',*,*,#4507,.T.);
#3127=ORIENTED_EDGE('',*,*,#4506,.F.);
#3128=ORIENTED_EDGE('',*,*,#4508,.F.);
#3129=ORIENTED_EDGE('',*,*,#4509,.T.);
#3130=ORIENTED_EDGE('',*,*,#4510,.T.);
#3131=ORIENTED_EDGE('',*,*,#4489,.F.);
#3132=ORIENTED_EDGE('',*,*,#4511,.T.);
#3133=ORIENTED_EDGE('',*,*,#4495,.T.);
#3134=ORIENTED_EDGE('',*,*,#4512,.T.);
#3135=ORIENTED_EDGE('',*,*,#4513,.F.);
#3136=ORIENTED_EDGE('',*,*,#4514,.T.);
#3137=ORIENTED_EDGE('',*,*,#4493,.T.);
#3138=ORIENTED_EDGE('',*,*,#4515,.T.);
#3139=ORIENTED_EDGE('',*,*,#4516,.F.);
#3140=ORIENTED_EDGE('',*,*,#4517,.T.);
#3141=ORIENTED_EDGE('',*,*,#4491,.F.);
#3142=ORIENTED_EDGE('',*,*,#4518,.T.);
#3143=ORIENTED_EDGE('',*,*,#4519,.T.);
#3144=ORIENTED_EDGE('',*,*,#4520,.T.);
#3145=ORIENTED_EDGE('',*,*,#4521,.T.);
#3146=ORIENTED_EDGE('',*,*,#4522,.T.);
#3147=ORIENTED_EDGE('',*,*,#4523,.T.);
#3148=ORIENTED_EDGE('',*,*,#4524,.T.);
#3149=ORIENTED_EDGE('',*,*,#4525,.T.);
#3150=ORIENTED_EDGE('',*,*,#4526,.T.);
#3151=ORIENTED_EDGE('',*,*,#4502,.F.);
#3152=ORIENTED_EDGE('',*,*,#4500,.T.);
#3153=ORIENTED_EDGE('',*,*,#4508,.T.);
#3154=ORIENTED_EDGE('',*,*,#4505,.F.);
#3155=ORIENTED_EDGE('',*,*,#4519,.F.);
#3156=ORIENTED_EDGE('',*,*,#4527,.T.);
#3157=ORIENTED_EDGE('',*,*,#4509,.F.);
#3158=ORIENTED_EDGE('',*,*,#4528,.T.);
#3159=ORIENTED_EDGE('',*,*,#4513,.T.);
#3160=ORIENTED_EDGE('',*,*,#4529,.T.);
#3161=ORIENTED_EDGE('',*,*,#4516,.T.);
#3162=ORIENTED_EDGE('',*,*,#4530,.T.);
#3163=ORIENTED_EDGE('',*,*,#4498,.F.);
#3164=ORIENTED_EDGE('',*,*,#4501,.T.);
#3165=ORIENTED_EDGE('',*,*,#4504,.T.);
#3166=ORIENTED_EDGE('',*,*,#4507,.F.);
#3167=ORIENTED_EDGE('',*,*,#4527,.F.);
#3168=ORIENTED_EDGE('',*,*,#4518,.F.);
#3169=ORIENTED_EDGE('',*,*,#4490,.F.);
#3170=ORIENTED_EDGE('',*,*,#4510,.F.);
#3171=ORIENTED_EDGE('',*,*,#4530,.F.);
#3172=ORIENTED_EDGE('',*,*,#4515,.F.);
#3173=ORIENTED_EDGE('',*,*,#4492,.F.);
#3174=ORIENTED_EDGE('',*,*,#4520,.F.);
#3175=ORIENTED_EDGE('',*,*,#4529,.F.);
#3176=ORIENTED_EDGE('',*,*,#4512,.F.);
#3177=ORIENTED_EDGE('',*,*,#4494,.F.);
#3178=ORIENTED_EDGE('',*,*,#4517,.F.);
#3179=ORIENTED_EDGE('',*,*,#4528,.F.);
#3180=ORIENTED_EDGE('',*,*,#4511,.F.);
#3181=ORIENTED_EDGE('',*,*,#4496,.F.);
#3182=ORIENTED_EDGE('',*,*,#4514,.F.);
#3183=ORIENTED_EDGE('',*,*,#4526,.F.);
#3184=ORIENTED_EDGE('',*,*,#4531,.F.);
#3185=ORIENTED_EDGE('',*,*,#4531,.T.);
#3186=ORIENTED_EDGE('',*,*,#4532,.F.);
#3187=ORIENTED_EDGE('',*,*,#4532,.T.);
#3188=ORIENTED_EDGE('',*,*,#4488,.F.);
#3189=ORIENTED_EDGE('',*,*,#4525,.F.);
#3190=ORIENTED_EDGE('',*,*,#4533,.F.);
#3191=ORIENTED_EDGE('',*,*,#4533,.T.);
#3192=ORIENTED_EDGE('',*,*,#4534,.F.);
#3193=ORIENTED_EDGE('',*,*,#4534,.T.);
#3194=ORIENTED_EDGE('',*,*,#4487,.F.);
#3195=ORIENTED_EDGE('',*,*,#4524,.F.);
#3196=ORIENTED_EDGE('',*,*,#4535,.F.);
#3197=ORIENTED_EDGE('',*,*,#4535,.T.);
#3198=ORIENTED_EDGE('',*,*,#4536,.F.);
#3199=ORIENTED_EDGE('',*,*,#4536,.T.);
#3200=ORIENTED_EDGE('',*,*,#4486,.F.);
#3201=ORIENTED_EDGE('',*,*,#4523,.F.);
#3202=ORIENTED_EDGE('',*,*,#4537,.F.);
#3203=ORIENTED_EDGE('',*,*,#4537,.T.);
#3204=ORIENTED_EDGE('',*,*,#4538,.F.);
#3205=ORIENTED_EDGE('',*,*,#4538,.T.);
#3206=ORIENTED_EDGE('',*,*,#4485,.F.);
#3207=ORIENTED_EDGE('',*,*,#4522,.F.);
#3208=ORIENTED_EDGE('',*,*,#4539,.F.);
#3209=ORIENTED_EDGE('',*,*,#4539,.T.);
#3210=ORIENTED_EDGE('',*,*,#4540,.F.);
#3211=ORIENTED_EDGE('',*,*,#4540,.T.);
#3212=ORIENTED_EDGE('',*,*,#4484,.F.);
#3213=ORIENTED_EDGE('',*,*,#4521,.F.);
#3214=ORIENTED_EDGE('',*,*,#4541,.F.);
#3215=ORIENTED_EDGE('',*,*,#4541,.T.);
#3216=ORIENTED_EDGE('',*,*,#4542,.F.);
#3217=ORIENTED_EDGE('',*,*,#4542,.T.);
#3218=ORIENTED_EDGE('',*,*,#4483,.F.);
#3219=ORIENTED_EDGE('',*,*,#4543,.F.);
#3220=ORIENTED_EDGE('',*,*,#4544,.F.);
#3221=ORIENTED_EDGE('',*,*,#4545,.T.);
#3222=ORIENTED_EDGE('',*,*,#4546,.T.);
#3223=ORIENTED_EDGE('',*,*,#4547,.T.);
#3224=ORIENTED_EDGE('',*,*,#4548,.F.);
#3225=ORIENTED_EDGE('',*,*,#4549,.F.);
#3226=ORIENTED_EDGE('',*,*,#4550,.F.);
#3227=ORIENTED_EDGE('',*,*,#4551,.F.);
#3228=ORIENTED_EDGE('',*,*,#4552,.T.);
#3229=ORIENTED_EDGE('',*,*,#4553,.F.);
#3230=ORIENTED_EDGE('',*,*,#4554,.T.);
#3231=ORIENTED_EDGE('',*,*,#4555,.T.);
#3232=ORIENTED_EDGE('',*,*,#4556,.T.);
#3233=ORIENTED_EDGE('',*,*,#4557,.T.);
#3234=ORIENTED_EDGE('',*,*,#4558,.T.);
#3235=ORIENTED_EDGE('',*,*,#4559,.T.);
#3236=ORIENTED_EDGE('',*,*,#4560,.T.);
#3237=ORIENTED_EDGE('',*,*,#4561,.T.);
#3238=ORIENTED_EDGE('',*,*,#4562,.T.);
#3239=ORIENTED_EDGE('',*,*,#4563,.F.);
#3240=ORIENTED_EDGE('',*,*,#4564,.T.);
#3241=ORIENTED_EDGE('',*,*,#4565,.T.);
#3242=ORIENTED_EDGE('',*,*,#4566,.F.);
#3243=ORIENTED_EDGE('',*,*,#4567,.T.);
#3244=ORIENTED_EDGE('',*,*,#4568,.T.);
#3245=ORIENTED_EDGE('',*,*,#4569,.F.);
#3246=ORIENTED_EDGE('',*,*,#4570,.T.);
#3247=ORIENTED_EDGE('',*,*,#4571,.F.);
#3248=ORIENTED_EDGE('',*,*,#4572,.T.);
#3249=ORIENTED_EDGE('',*,*,#4573,.T.);
#3250=ORIENTED_EDGE('',*,*,#4574,.T.);
#3251=ORIENTED_EDGE('',*,*,#4575,.T.);
#3252=ORIENTED_EDGE('',*,*,#4576,.F.);
#3253=ORIENTED_EDGE('',*,*,#4577,.T.);
#3254=ORIENTED_EDGE('',*,*,#4563,.T.);
#3255=ORIENTED_EDGE('',*,*,#4578,.F.);
#3256=ORIENTED_EDGE('',*,*,#4579,.T.);
#3257=ORIENTED_EDGE('',*,*,#4576,.T.);
#3258=ORIENTED_EDGE('',*,*,#4580,.T.);
#3259=ORIENTED_EDGE('',*,*,#4565,.F.);
#3260=ORIENTED_EDGE('',*,*,#4581,.T.);
#3261=ORIENTED_EDGE('',*,*,#4578,.T.);
#3262=ORIENTED_EDGE('',*,*,#4582,.F.);
#3263=ORIENTED_EDGE('',*,*,#4583,.F.);
#3264=ORIENTED_EDGE('',*,*,#4584,.T.);
#3265=ORIENTED_EDGE('',*,*,#4585,.T.);
#3266=ORIENTED_EDGE('',*,*,#4586,.T.);
#3267=ORIENTED_EDGE('',*,*,#4587,.T.);
#3268=ORIENTED_EDGE('',*,*,#4588,.T.);
#3269=ORIENTED_EDGE('',*,*,#4589,.T.);
#3270=ORIENTED_EDGE('',*,*,#4590,.T.);
#3271=ORIENTED_EDGE('',*,*,#4591,.T.);
#3272=ORIENTED_EDGE('',*,*,#4592,.T.);
#3273=ORIENTED_EDGE('',*,*,#4593,.T.);
#3274=ORIENTED_EDGE('',*,*,#4594,.T.);
#3275=ORIENTED_EDGE('',*,*,#4595,.T.);
#3276=ORIENTED_EDGE('',*,*,#4596,.T.);
#3277=ORIENTED_EDGE('',*,*,#4597,.T.);
#3278=ORIENTED_EDGE('',*,*,#4598,.T.);
#3279=ORIENTED_EDGE('',*,*,#4599,.T.);
#3280=ORIENTED_EDGE('',*,*,#4600,.T.);
#3281=ORIENTED_EDGE('',*,*,#4544,.T.);
#3282=ORIENTED_EDGE('',*,*,#4601,.T.);
#3283=ORIENTED_EDGE('',*,*,#4567,.F.);
#3284=ORIENTED_EDGE('',*,*,#4566,.T.);
#3285=ORIENTED_EDGE('',*,*,#4582,.T.);
#3286=ORIENTED_EDGE('',*,*,#4580,.F.);
#3287=ORIENTED_EDGE('',*,*,#4575,.F.);
#3288=ORIENTED_EDGE('',*,*,#4602,.T.);
#3289=ORIENTED_EDGE('',*,*,#4548,.T.);
#3290=ORIENTED_EDGE('',*,*,#4603,.T.);
#3291=ORIENTED_EDGE('',*,*,#4583,.T.);
#3292=ORIENTED_EDGE('',*,*,#4604,.T.);
#3293=ORIENTED_EDGE('',*,*,#4559,.F.);
#3294=ORIENTED_EDGE('',*,*,#4605,.T.);
#3295=ORIENTED_EDGE('',*,*,#4557,.F.);
#3296=ORIENTED_EDGE('',*,*,#4606,.T.);
#3297=ORIENTED_EDGE('',*,*,#4561,.F.);
#3298=ORIENTED_EDGE('',*,*,#4607,.T.);
#3299=ORIENTED_EDGE('',*,*,#4590,.F.);
#3300=ORIENTED_EDGE('',*,*,#4608,.T.);
#3301=ORIENTED_EDGE('',*,*,#4589,.F.);
#3302=ORIENTED_EDGE('',*,*,#4609,.T.);
#3303=ORIENTED_EDGE('',*,*,#4555,.F.);
#3304=ORIENTED_EDGE('',*,*,#4610,.T.);
#3305=ORIENTED_EDGE('',*,*,#4585,.F.);
#3306=ORIENTED_EDGE('',*,*,#4611,.T.);
#3307=ORIENTED_EDGE('',*,*,#4591,.F.);
#3308=ORIENTED_EDGE('',*,*,#4612,.T.);
#3309=ORIENTED_EDGE('',*,*,#4613,.F.);
#3310=ORIENTED_EDGE('',*,*,#4581,.F.);
#3311=ORIENTED_EDGE('',*,*,#4614,.F.);
#3312=ORIENTED_EDGE('',*,*,#4594,.F.);
#3313=ORIENTED_EDGE('',*,*,#4615,.F.);
#3314=ORIENTED_EDGE('',*,*,#4587,.F.);
#3315=ORIENTED_EDGE('',*,*,#4614,.T.);
#3316=ORIENTED_EDGE('',*,*,#4564,.F.);
#3317=ORIENTED_EDGE('',*,*,#4616,.F.);
#3318=ORIENTED_EDGE('',*,*,#4546,.F.);
#3319=ORIENTED_EDGE('',*,*,#4617,.T.);
#3320=ORIENTED_EDGE('',*,*,#4588,.F.);
#3321=ORIENTED_EDGE('',*,*,#4615,.T.);
#3322=ORIENTED_EDGE('',*,*,#4618,.F.);
#3323=ORIENTED_EDGE('',*,*,#4619,.F.);
#3324=ORIENTED_EDGE('',*,*,#4592,.F.);
#3325=ORIENTED_EDGE('',*,*,#4620,.T.);
#3326=ORIENTED_EDGE('',*,*,#4593,.F.);
#3327=ORIENTED_EDGE('',*,*,#4619,.T.);
#3328=ORIENTED_EDGE('',*,*,#4621,.F.);
#3329=ORIENTED_EDGE('',*,*,#4579,.F.);
#3330=ORIENTED_EDGE('',*,*,#4613,.T.);
#3331=ORIENTED_EDGE('',*,*,#4616,.T.);
#3332=ORIENTED_EDGE('',*,*,#4577,.F.);
#3333=ORIENTED_EDGE('',*,*,#4621,.T.);
#3334=ORIENTED_EDGE('',*,*,#4618,.T.);
#3335=ORIENTED_EDGE('',*,*,#4606,.F.);
#3336=ORIENTED_EDGE('',*,*,#4556,.F.);
#3337=ORIENTED_EDGE('',*,*,#4622,.F.);
#3338=ORIENTED_EDGE('',*,*,#4545,.F.);
#3339=ORIENTED_EDGE('',*,*,#4622,.T.);
#3340=ORIENTED_EDGE('',*,*,#4609,.F.);
#3341=ORIENTED_EDGE('',*,*,#4617,.F.);
#3342=ORIENTED_EDGE('',*,*,#4603,.F.);
#3343=ORIENTED_EDGE('',*,*,#4547,.F.);
#3344=ORIENTED_EDGE('',*,*,#4623,.F.);
#3345=ORIENTED_EDGE('',*,*,#4584,.F.);
#3346=ORIENTED_EDGE('',*,*,#4620,.F.);
#3347=ORIENTED_EDGE('',*,*,#4611,.F.);
#3348=ORIENTED_EDGE('',*,*,#4623,.T.);
#3349=ORIENTED_EDGE('',*,*,#4604,.F.);
#3350=ORIENTED_EDGE('',*,*,#4586,.F.);
#3351=ORIENTED_EDGE('',*,*,#4624,.F.);
#3352=ORIENTED_EDGE('',*,*,#4560,.F.);
#3353=ORIENTED_EDGE('',*,*,#4612,.F.);
#3354=ORIENTED_EDGE('',*,*,#4607,.F.);
#3355=ORIENTED_EDGE('',*,*,#4624,.T.);
#3356=ORIENTED_EDGE('',*,*,#4605,.F.);
#3357=ORIENTED_EDGE('',*,*,#4562,.F.);
#3358=ORIENTED_EDGE('',*,*,#4625,.F.);
#3359=ORIENTED_EDGE('',*,*,#4558,.F.);
#3360=ORIENTED_EDGE('',*,*,#4625,.T.);
#3361=ORIENTED_EDGE('',*,*,#4608,.F.);
#3362=ORIENTED_EDGE('',*,*,#4610,.F.);
#3363=ORIENTED_EDGE('',*,*,#4569,.T.);
#3364=ORIENTED_EDGE('',*,*,#4626,.T.);
#3365=ORIENTED_EDGE('',*,*,#4554,.F.);
#3366=ORIENTED_EDGE('',*,*,#4627,.F.);
#3367=ORIENTED_EDGE('',*,*,#4627,.T.);
#3368=ORIENTED_EDGE('',*,*,#4553,.T.);
#3369=ORIENTED_EDGE('',*,*,#4628,.F.);
#3370=ORIENTED_EDGE('',*,*,#4570,.F.);
#3371=ORIENTED_EDGE('',*,*,#4571,.T.);
#3372=ORIENTED_EDGE('',*,*,#4628,.T.);
#3373=ORIENTED_EDGE('',*,*,#4552,.F.);
#3374=ORIENTED_EDGE('',*,*,#4629,.F.);
#3375=ORIENTED_EDGE('',*,*,#4629,.T.);
#3376=ORIENTED_EDGE('',*,*,#4551,.T.);
#3377=ORIENTED_EDGE('',*,*,#4630,.F.);
#3378=ORIENTED_EDGE('',*,*,#4572,.F.);
#3379=ORIENTED_EDGE('',*,*,#4630,.T.);
#3380=ORIENTED_EDGE('',*,*,#4550,.T.);
#3381=ORIENTED_EDGE('',*,*,#4631,.F.);
#3382=ORIENTED_EDGE('',*,*,#4573,.F.);
#3383=ORIENTED_EDGE('',*,*,#4601,.F.);
#3384=ORIENTED_EDGE('',*,*,#4543,.T.);
#3385=ORIENTED_EDGE('',*,*,#4626,.F.);
#3386=ORIENTED_EDGE('',*,*,#4568,.F.);
#3387=ORIENTED_EDGE('',*,*,#4631,.T.);
#3388=ORIENTED_EDGE('',*,*,#4549,.T.);
#3389=ORIENTED_EDGE('',*,*,#4602,.F.);
#3390=ORIENTED_EDGE('',*,*,#4574,.F.);
#3391=ORIENTED_EDGE('',*,*,#4632,.F.);
#3392=ORIENTED_EDGE('',*,*,#4632,.T.);
#3393=ORIENTED_EDGE('',*,*,#4600,.F.);
#3394=ORIENTED_EDGE('',*,*,#4633,.F.);
#3395=ORIENTED_EDGE('',*,*,#4633,.T.);
#3396=ORIENTED_EDGE('',*,*,#4599,.F.);
#3397=ORIENTED_EDGE('',*,*,#4634,.F.);
#3398=ORIENTED_EDGE('',*,*,#4634,.T.);
#3399=ORIENTED_EDGE('',*,*,#4598,.F.);
#3400=ORIENTED_EDGE('',*,*,#4635,.F.);
#3401=ORIENTED_EDGE('',*,*,#4635,.T.);
#3402=ORIENTED_EDGE('',*,*,#4597,.F.);
#3403=ORIENTED_EDGE('',*,*,#4636,.F.);
#3404=ORIENTED_EDGE('',*,*,#4636,.T.);
#3405=ORIENTED_EDGE('',*,*,#4596,.F.);
#3406=ORIENTED_EDGE('',*,*,#4637,.F.);
#3407=ORIENTED_EDGE('',*,*,#4637,.T.);
#3408=ORIENTED_EDGE('',*,*,#4595,.F.);
#3409=ORIENTED_EDGE('',*,*,#4638,.F.);
#3410=ORIENTED_EDGE('',*,*,#4639,.F.);
#3411=ORIENTED_EDGE('',*,*,#4640,.F.);
#3412=ORIENTED_EDGE('',*,*,#4641,.T.);
#3413=ORIENTED_EDGE('',*,*,#4642,.F.);
#3414=ORIENTED_EDGE('',*,*,#4643,.F.);
#3415=ORIENTED_EDGE('',*,*,#4644,.F.);
#3416=ORIENTED_EDGE('',*,*,#4645,.T.);
#3417=ORIENTED_EDGE('',*,*,#4646,.T.);
#3418=ORIENTED_EDGE('',*,*,#4647,.T.);
#3419=ORIENTED_EDGE('',*,*,#4648,.T.);
#3420=ORIENTED_EDGE('',*,*,#4640,.T.);
#3421=ORIENTED_EDGE('',*,*,#4649,.T.);
#3422=ORIENTED_EDGE('',*,*,#4638,.T.);
#3423=ORIENTED_EDGE('',*,*,#4650,.T.);
#3424=ORIENTED_EDGE('',*,*,#4651,.T.);
#3425=ORIENTED_EDGE('',*,*,#4652,.F.);
#3426=ORIENTED_EDGE('',*,*,#4653,.F.);
#3427=ORIENTED_EDGE('',*,*,#4651,.F.);
#3428=ORIENTED_EDGE('',*,*,#4654,.T.);
#3429=ORIENTED_EDGE('',*,*,#4655,.T.);
#3430=ORIENTED_EDGE('',*,*,#4652,.T.);
#3431=ORIENTED_EDGE('',*,*,#4656,.T.);
#3432=ORIENTED_EDGE('',*,*,#4644,.T.);
#3433=ORIENTED_EDGE('',*,*,#4657,.T.);
#3434=ORIENTED_EDGE('',*,*,#4658,.T.);
#3435=ORIENTED_EDGE('',*,*,#4659,.T.);
#3436=ORIENTED_EDGE('',*,*,#4660,.T.);
#3437=ORIENTED_EDGE('',*,*,#4661,.F.);
#3438=ORIENTED_EDGE('',*,*,#4645,.F.);
#3439=ORIENTED_EDGE('',*,*,#4656,.F.);
#3440=ORIENTED_EDGE('',*,*,#4654,.F.);
#3441=ORIENTED_EDGE('',*,*,#4650,.F.);
#3442=ORIENTED_EDGE('',*,*,#4641,.F.);
#3443=ORIENTED_EDGE('',*,*,#4648,.F.);
#3444=ORIENTED_EDGE('',*,*,#4662,.F.);
#3445=ORIENTED_EDGE('',*,*,#4663,.F.);
#3446=ORIENTED_EDGE('',*,*,#4662,.T.);
#3447=ORIENTED_EDGE('',*,*,#4647,.F.);
#3448=ORIENTED_EDGE('',*,*,#4664,.F.);
#3449=ORIENTED_EDGE('',*,*,#4665,.T.);
#3450=ORIENTED_EDGE('',*,*,#4642,.T.);
#3451=ORIENTED_EDGE('',*,*,#4661,.T.);
#3452=ORIENTED_EDGE('',*,*,#4663,.T.);
#3453=ORIENTED_EDGE('',*,*,#4660,.F.);
#3454=ORIENTED_EDGE('',*,*,#4666,.T.);
#3455=ORIENTED_EDGE('',*,*,#4667,.T.);
#3456=ORIENTED_EDGE('',*,*,#4668,.F.);
#3457=ORIENTED_EDGE('',*,*,#4659,.F.);
#3458=ORIENTED_EDGE('',*,*,#4669,.T.);
#3459=ORIENTED_EDGE('',*,*,#4670,.T.);
#3460=ORIENTED_EDGE('',*,*,#4666,.F.);
#3461=ORIENTED_EDGE('',*,*,#4658,.F.);
#3462=ORIENTED_EDGE('',*,*,#4671,.T.);
#3463=ORIENTED_EDGE('',*,*,#4672,.T.);
#3464=ORIENTED_EDGE('',*,*,#4669,.F.);
#3465=ORIENTED_EDGE('',*,*,#4657,.F.);
#3466=ORIENTED_EDGE('',*,*,#4668,.T.);
#3467=ORIENTED_EDGE('',*,*,#4673,.T.);
#3468=ORIENTED_EDGE('',*,*,#4671,.F.);
#3469=ORIENTED_EDGE('',*,*,#4674,.T.);
#3470=ORIENTED_EDGE('',*,*,#4673,.F.);
#3471=ORIENTED_EDGE('',*,*,#4667,.F.);
#3472=ORIENTED_EDGE('',*,*,#4670,.F.);
#3473=ORIENTED_EDGE('',*,*,#4672,.F.);
#3474=ORIENTED_EDGE('',*,*,#4675,.F.);
#3475=ORIENTED_EDGE('',*,*,#4676,.F.);
#3476=ORIENTED_EDGE('',*,*,#4664,.T.);
#3477=ORIENTED_EDGE('',*,*,#4646,.F.);
#3478=ORIENTED_EDGE('',*,*,#4639,.T.);
#3479=ORIENTED_EDGE('',*,*,#4649,.F.);
#3480=ORIENTED_EDGE('',*,*,#4653,.T.);
#3481=ORIENTED_EDGE('',*,*,#4655,.F.);
#3482=ORIENTED_EDGE('',*,*,#4643,.T.);
#3483=ORIENTED_EDGE('',*,*,#4665,.F.);
#3484=ORIENTED_EDGE('',*,*,#4677,.F.);
#3485=ORIENTED_EDGE('',*,*,#4678,.F.);
#3486=ORIENTED_EDGE('',*,*,#4679,.F.);
#3487=ORIENTED_EDGE('',*,*,#4680,.F.);
#3488=ORIENTED_EDGE('',*,*,#4681,.F.);
#3489=ORIENTED_EDGE('',*,*,#4682,.F.);
#3490=ORIENTED_EDGE('',*,*,#4683,.F.);
#3491=ORIENTED_EDGE('',*,*,#4684,.F.);
#3492=ORIENTED_EDGE('',*,*,#4685,.F.);
#3493=ORIENTED_EDGE('',*,*,#4686,.F.);
#3494=ORIENTED_EDGE('',*,*,#4687,.T.);
#3495=ORIENTED_EDGE('',*,*,#4674,.F.);
#3496=ORIENTED_EDGE('',*,*,#4688,.F.);
#3497=ORIENTED_EDGE('',*,*,#4689,.T.);
#3498=ORIENTED_EDGE('',*,*,#4690,.T.);
#3499=ORIENTED_EDGE('',*,*,#4691,.F.);
#3500=ORIENTED_EDGE('',*,*,#4692,.F.);
#3501=ORIENTED_EDGE('',*,*,#4693,.T.);
#3502=ORIENTED_EDGE('',*,*,#4694,.T.);
#3503=ORIENTED_EDGE('',*,*,#4689,.F.);
#3504=ORIENTED_EDGE('',*,*,#4695,.F.);
#3505=ORIENTED_EDGE('',*,*,#4696,.T.);
#3506=ORIENTED_EDGE('',*,*,#4697,.T.);
#3507=ORIENTED_EDGE('',*,*,#4698,.F.);
#3508=ORIENTED_EDGE('',*,*,#4699,.F.);
#3509=ORIENTED_EDGE('',*,*,#4700,.T.);
#3510=ORIENTED_EDGE('',*,*,#4701,.T.);
#3511=ORIENTED_EDGE('',*,*,#4696,.F.);
#3512=ORIENTED_EDGE('',*,*,#4702,.F.);
#3513=ORIENTED_EDGE('',*,*,#4703,.T.);
#3514=ORIENTED_EDGE('',*,*,#4704,.T.);
#3515=ORIENTED_EDGE('',*,*,#4700,.F.);
#3516=ORIENTED_EDGE('',*,*,#4705,.F.);
#3517=ORIENTED_EDGE('',*,*,#4691,.T.);
#3518=ORIENTED_EDGE('',*,*,#4706,.T.);
#3519=ORIENTED_EDGE('',*,*,#4703,.F.);
#3520=ORIENTED_EDGE('',*,*,#4707,.F.);
#3521=ORIENTED_EDGE('',*,*,#4708,.F.);
#3522=ORIENTED_EDGE('',*,*,#4709,.F.);
#3523=ORIENTED_EDGE('',*,*,#4697,.F.);
#3524=ORIENTED_EDGE('',*,*,#4701,.F.);
#3525=ORIENTED_EDGE('',*,*,#4704,.F.);
#3526=ORIENTED_EDGE('',*,*,#4706,.F.);
#3527=ORIENTED_EDGE('',*,*,#4690,.F.);
#3528=ORIENTED_EDGE('',*,*,#4694,.F.);
#3529=ORIENTED_EDGE('',*,*,#4710,.F.);
#3530=ORIENTED_EDGE('',*,*,#4711,.F.);
#3531=ORIENTED_EDGE('',*,*,#4712,.F.);
#3532=ORIENTED_EDGE('',*,*,#4713,.F.);
#3533=ORIENTED_EDGE('',*,*,#4714,.F.);
#3534=ORIENTED_EDGE('',*,*,#4715,.F.);
#3535=ORIENTED_EDGE('',*,*,#4716,.F.);
#3536=ORIENTED_EDGE('',*,*,#4717,.F.);
#3537=ORIENTED_EDGE('',*,*,#4718,.F.);
#3538=ORIENTED_EDGE('',*,*,#4719,.F.);
#3539=ORIENTED_EDGE('',*,*,#4720,.F.);
#3540=ORIENTED_EDGE('',*,*,#4721,.F.);
#3541=ORIENTED_EDGE('',*,*,#4722,.F.);
#3542=ORIENTED_EDGE('',*,*,#4723,.F.);
#3543=ORIENTED_EDGE('',*,*,#4724,.F.);
#3544=ORIENTED_EDGE('',*,*,#4687,.F.);
#3545=ORIENTED_EDGE('',*,*,#4725,.F.);
#3546=ORIENTED_EDGE('',*,*,#4698,.T.);
#3547=ORIENTED_EDGE('',*,*,#4709,.T.);
#3548=ORIENTED_EDGE('',*,*,#4726,.F.);
#3549=ORIENTED_EDGE('',*,*,#4727,.F.);
#3550=ORIENTED_EDGE('',*,*,#4726,.T.);
#3551=ORIENTED_EDGE('',*,*,#4708,.T.);
#3552=ORIENTED_EDGE('',*,*,#4728,.F.);
#3553=ORIENTED_EDGE('',*,*,#4729,.F.);
#3554=ORIENTED_EDGE('',*,*,#4728,.T.);
#3555=ORIENTED_EDGE('',*,*,#4707,.T.);
#3556=ORIENTED_EDGE('',*,*,#4730,.F.);
#3557=ORIENTED_EDGE('',*,*,#4731,.F.);
#3558=ORIENTED_EDGE('',*,*,#4730,.T.);
#3559=ORIENTED_EDGE('',*,*,#4712,.T.);
#3560=ORIENTED_EDGE('',*,*,#4732,.F.);
#3561=ORIENTED_EDGE('',*,*,#4733,.F.);
#3562=ORIENTED_EDGE('',*,*,#4732,.T.);
#3563=ORIENTED_EDGE('',*,*,#4711,.T.);
#3564=ORIENTED_EDGE('',*,*,#4734,.F.);
#3565=ORIENTED_EDGE('',*,*,#4735,.F.);
#3566=ORIENTED_EDGE('',*,*,#4734,.T.);
#3567=ORIENTED_EDGE('',*,*,#4710,.T.);
#3568=ORIENTED_EDGE('',*,*,#4693,.F.);
#3569=ORIENTED_EDGE('',*,*,#4731,.T.);
#3570=ORIENTED_EDGE('',*,*,#4736,.F.);
#3571=ORIENTED_EDGE('',*,*,#4716,.T.);
#3572=ORIENTED_EDGE('',*,*,#4737,.T.);
#3573=ORIENTED_EDGE('',*,*,#4733,.T.);
#3574=ORIENTED_EDGE('',*,*,#4738,.F.);
#3575=ORIENTED_EDGE('',*,*,#4717,.T.);
#3576=ORIENTED_EDGE('',*,*,#4736,.T.);
#3577=ORIENTED_EDGE('',*,*,#4735,.T.);
#3578=ORIENTED_EDGE('',*,*,#4739,.F.);
#3579=ORIENTED_EDGE('',*,*,#4718,.T.);
#3580=ORIENTED_EDGE('',*,*,#4738,.T.);
#3581=ORIENTED_EDGE('',*,*,#4714,.T.);
#3582=ORIENTED_EDGE('',*,*,#4740,.F.);
#3583=ORIENTED_EDGE('',*,*,#4727,.T.);
#3584=ORIENTED_EDGE('',*,*,#4741,.F.);
#3585=ORIENTED_EDGE('',*,*,#4692,.T.);
#3586=ORIENTED_EDGE('',*,*,#4742,.F.);
#3587=ORIENTED_EDGE('',*,*,#4719,.T.);
#3588=ORIENTED_EDGE('',*,*,#4739,.T.);
#3589=ORIENTED_EDGE('',*,*,#4688,.T.);
#3590=ORIENTED_EDGE('',*,*,#4743,.F.);
#3591=ORIENTED_EDGE('',*,*,#4720,.T.);
#3592=ORIENTED_EDGE('',*,*,#4742,.T.);
#3593=ORIENTED_EDGE('',*,*,#4705,.T.);
#3594=ORIENTED_EDGE('',*,*,#4744,.F.);
#3595=ORIENTED_EDGE('',*,*,#4721,.T.);
#3596=ORIENTED_EDGE('',*,*,#4743,.T.);
#3597=ORIENTED_EDGE('',*,*,#4702,.T.);
#3598=ORIENTED_EDGE('',*,*,#4745,.F.);
#3599=ORIENTED_EDGE('',*,*,#4722,.T.);
#3600=ORIENTED_EDGE('',*,*,#4744,.T.);
#3601=ORIENTED_EDGE('',*,*,#4723,.T.);
#3602=ORIENTED_EDGE('',*,*,#4745,.T.);
#3603=ORIENTED_EDGE('',*,*,#4699,.T.);
#3604=ORIENTED_EDGE('',*,*,#4746,.F.);
#3605=ORIENTED_EDGE('',*,*,#4724,.T.);
#3606=ORIENTED_EDGE('',*,*,#4746,.T.);
#3607=ORIENTED_EDGE('',*,*,#4695,.T.);
#3608=ORIENTED_EDGE('',*,*,#4747,.F.);
#3609=ORIENTED_EDGE('',*,*,#4713,.T.);
#3610=ORIENTED_EDGE('',*,*,#4747,.T.);
#3611=ORIENTED_EDGE('',*,*,#4725,.T.);
#3612=ORIENTED_EDGE('',*,*,#4740,.T.);
#3613=ORIENTED_EDGE('',*,*,#4715,.T.);
#3614=ORIENTED_EDGE('',*,*,#4741,.T.);
#3615=ORIENTED_EDGE('',*,*,#4729,.T.);
#3616=ORIENTED_EDGE('',*,*,#4737,.F.);
#3617=ORIENTED_EDGE('',*,*,#4676,.T.);
#3618=ORIENTED_EDGE('',*,*,#4675,.T.);
#3619=ORIENTED_EDGE('',*,*,#4686,.T.);
#3620=ORIENTED_EDGE('',*,*,#4685,.T.);
#3621=ORIENTED_EDGE('',*,*,#4684,.T.);
#3622=ORIENTED_EDGE('',*,*,#4683,.T.);
#3623=ORIENTED_EDGE('',*,*,#4682,.T.);
#3624=ORIENTED_EDGE('',*,*,#4681,.T.);
#3625=ORIENTED_EDGE('',*,*,#4680,.T.);
#3626=ORIENTED_EDGE('',*,*,#4679,.T.);
#3627=ORIENTED_EDGE('',*,*,#4678,.T.);
#3628=ORIENTED_EDGE('',*,*,#4677,.T.);
#3629=EDGE_CURVE('',#4748,#4749,#5600,.F.);
#3630=EDGE_CURVE('',#4749,#4750,#5601,.T.);
#3631=EDGE_CURVE('',#4751,#4750,#5602,.F.);
#3632=EDGE_CURVE('',#4748,#4751,#5603,.F.);
#3633=EDGE_CURVE('',#4752,#4753,#5604,.F.);
#3634=EDGE_CURVE('',#4753,#4749,#5605,.T.);
#3635=EDGE_CURVE('',#4752,#4748,#5606,.F.);
#3636=EDGE_CURVE('',#4750,#4754,#5607,.T.);
#3637=EDGE_CURVE('',#4755,#4754,#5608,.F.);
#3638=EDGE_CURVE('',#4751,#4755,#5609,.T.);
#3639=EDGE_CURVE('',#4755,#4752,#5610,.T.);
#3640=EDGE_CURVE('',#4756,#4756,#864,.T.);
#3641=EDGE_CURVE('',#4757,#4757,#865,.T.);
#3642=EDGE_CURVE('',#4758,#4758,#866,.T.);
#3643=EDGE_CURVE('',#4759,#4759,#867,.T.);
#3644=EDGE_CURVE('',#4760,#4760,#868,.T.);
#3645=EDGE_CURVE('',#4761,#4761,#869,.T.);
#3646=EDGE_CURVE('',#4762,#4762,#870,.T.);
#3647=EDGE_CURVE('',#4763,#4763,#871,.T.);
#3648=EDGE_CURVE('',#4764,#4764,#872,.T.);
#3649=EDGE_CURVE('',#4765,#4765,#873,.T.);
#3650=EDGE_CURVE('',#4766,#4766,#874,.T.);
#3651=EDGE_CURVE('',#4767,#4767,#875,.T.);
#3652=EDGE_CURVE('',#4768,#4768,#876,.T.);
#3653=EDGE_CURVE('',#4769,#4769,#877,.T.);
#3654=EDGE_CURVE('',#4770,#4770,#878,.T.);
#3655=EDGE_CURVE('',#4771,#4771,#879,.T.);
#3656=EDGE_CURVE('',#4772,#4772,#880,.T.);
#3657=EDGE_CURVE('',#4773,#4773,#881,.T.);
#3658=EDGE_CURVE('',#4774,#4774,#882,.T.);
#3659=EDGE_CURVE('',#4775,#4775,#883,.T.);
#3660=EDGE_CURVE('',#4776,#4776,#884,.T.);
#3661=EDGE_CURVE('',#4777,#4777,#885,.T.);
#3662=EDGE_CURVE('',#4778,#4778,#886,.T.);
#3663=EDGE_CURVE('',#4779,#4779,#887,.T.);
#3664=EDGE_CURVE('',#4780,#4780,#888,.T.);
#3665=EDGE_CURVE('',#4781,#4781,#889,.T.);
#3666=EDGE_CURVE('',#4782,#4782,#890,.T.);
#3667=EDGE_CURVE('',#4783,#4783,#891,.T.);
#3668=EDGE_CURVE('',#4784,#4784,#892,.T.);
#3669=EDGE_CURVE('',#4785,#4785,#893,.T.);
#3670=EDGE_CURVE('',#4786,#4786,#894,.T.);
#3671=EDGE_CURVE('',#4787,#4787,#895,.T.);
#3672=EDGE_CURVE('',#4788,#4788,#896,.T.);
#3673=EDGE_CURVE('',#4789,#4789,#897,.T.);
#3674=EDGE_CURVE('',#4790,#4790,#898,.T.);
#3675=EDGE_CURVE('',#4791,#4791,#899,.T.);
#3676=EDGE_CURVE('',#4792,#4792,#900,.T.);
#3677=EDGE_CURVE('',#4793,#4793,#901,.T.);
#3678=EDGE_CURVE('',#4794,#4794,#902,.T.);
#3679=EDGE_CURVE('',#4795,#4795,#903,.T.);
#3680=EDGE_CURVE('',#4796,#4796,#904,.T.);
#3681=EDGE_CURVE('',#4797,#4797,#905,.T.);
#3682=EDGE_CURVE('',#4798,#4798,#906,.T.);
#3683=EDGE_CURVE('',#4799,#4799,#907,.T.);
#3684=EDGE_CURVE('',#4800,#4800,#908,.T.);
#3685=EDGE_CURVE('',#4801,#4801,#909,.T.);
#3686=EDGE_CURVE('',#4802,#4802,#910,.T.);
#3687=EDGE_CURVE('',#4803,#4803,#911,.T.);
#3688=EDGE_CURVE('',#4804,#4804,#912,.T.);
#3689=EDGE_CURVE('',#4805,#4805,#913,.T.);
#3690=EDGE_CURVE('',#4806,#4806,#914,.T.);
#3691=EDGE_CURVE('',#4807,#4807,#915,.T.);
#3692=EDGE_CURVE('',#4808,#4808,#916,.T.);
#3693=EDGE_CURVE('',#4809,#4809,#917,.T.);
#3694=EDGE_CURVE('',#4810,#4810,#918,.T.);
#3695=EDGE_CURVE('',#4811,#4811,#919,.T.);
#3696=EDGE_CURVE('',#4812,#4812,#920,.T.);
#3697=EDGE_CURVE('',#4813,#4813,#921,.T.);
#3698=EDGE_CURVE('',#4814,#4814,#922,.T.);
#3699=EDGE_CURVE('',#4815,#4815,#923,.T.);
#3700=EDGE_CURVE('',#4816,#4816,#924,.T.);
#3701=EDGE_CURVE('',#4817,#4817,#925,.T.);
#3702=EDGE_CURVE('',#4818,#4818,#926,.T.);
#3703=EDGE_CURVE('',#4819,#4819,#927,.T.);
#3704=EDGE_CURVE('',#4820,#4820,#928,.T.);
#3705=EDGE_CURVE('',#4821,#4821,#929,.T.);
#3706=EDGE_CURVE('',#4822,#4822,#930,.T.);
#3707=EDGE_CURVE('',#4823,#4823,#931,.T.);
#3708=EDGE_CURVE('',#4824,#4824,#932,.T.);
#3709=EDGE_CURVE('',#4825,#4825,#933,.T.);
#3710=EDGE_CURVE('',#4826,#4826,#934,.T.);
#3711=EDGE_CURVE('',#4827,#4827,#935,.T.);
#3712=EDGE_CURVE('',#4828,#4828,#936,.T.);
#3713=EDGE_CURVE('',#4829,#4829,#937,.T.);
#3714=EDGE_CURVE('',#4830,#4830,#938,.T.);
#3715=EDGE_CURVE('',#4831,#4831,#939,.T.);
#3716=EDGE_CURVE('',#4832,#4832,#940,.T.);
#3717=EDGE_CURVE('',#4833,#4833,#941,.T.);
#3718=EDGE_CURVE('',#4834,#4834,#942,.T.);
#3719=EDGE_CURVE('',#4835,#4835,#943,.T.);
#3720=EDGE_CURVE('',#4836,#4836,#944,.T.);
#3721=EDGE_CURVE('',#4837,#4837,#945,.T.);
#3722=EDGE_CURVE('',#4838,#4838,#946,.T.);
#3723=EDGE_CURVE('',#4839,#4839,#947,.T.);
#3724=EDGE_CURVE('',#4840,#4840,#948,.T.);
#3725=EDGE_CURVE('',#4841,#4841,#949,.T.);
#3726=EDGE_CURVE('',#4842,#4842,#950,.T.);
#3727=EDGE_CURVE('',#4843,#4843,#951,.T.);
#3728=EDGE_CURVE('',#4844,#4844,#952,.T.);
#3729=EDGE_CURVE('',#4845,#4845,#953,.T.);
#3730=EDGE_CURVE('',#4846,#4846,#954,.T.);
#3731=EDGE_CURVE('',#4847,#4847,#955,.T.);
#3732=EDGE_CURVE('',#4848,#4848,#956,.T.);
#3733=EDGE_CURVE('',#4849,#4849,#957,.T.);
#3734=EDGE_CURVE('',#4850,#4850,#958,.T.);
#3735=EDGE_CURVE('',#4851,#4851,#959,.T.);
#3736=EDGE_CURVE('',#4852,#4852,#960,.T.);
#3737=EDGE_CURVE('',#4853,#4853,#961,.T.);
#3738=EDGE_CURVE('',#4854,#4854,#962,.T.);
#3739=EDGE_CURVE('',#4855,#4855,#963,.T.);
#3740=EDGE_CURVE('',#4856,#4856,#964,.T.);
#3741=EDGE_CURVE('',#4857,#4857,#965,.T.);
#3742=EDGE_CURVE('',#4858,#4858,#966,.T.);
#3743=EDGE_CURVE('',#4859,#4859,#967,.T.);
#3744=EDGE_CURVE('',#4860,#4860,#968,.T.);
#3745=EDGE_CURVE('',#4861,#4861,#969,.T.);
#3746=EDGE_CURVE('',#4862,#4862,#970,.T.);
#3747=EDGE_CURVE('',#4863,#4863,#971,.T.);
#3748=EDGE_CURVE('',#4864,#4864,#972,.T.);
#3749=EDGE_CURVE('',#4865,#4865,#973,.T.);
#3750=EDGE_CURVE('',#4866,#4866,#974,.T.);
#3751=EDGE_CURVE('',#4867,#4867,#975,.T.);
#3752=EDGE_CURVE('',#4868,#4868,#976,.T.);
#3753=EDGE_CURVE('',#4869,#4869,#977,.T.);
#3754=EDGE_CURVE('',#4870,#4870,#978,.T.);
#3755=EDGE_CURVE('',#4871,#4871,#979,.T.);
#3756=EDGE_CURVE('',#4872,#4872,#980,.T.);
#3757=EDGE_CURVE('',#4873,#4873,#981,.T.);
#3758=EDGE_CURVE('',#4874,#4874,#982,.T.);
#3759=EDGE_CURVE('',#4875,#4875,#983,.T.);
#3760=EDGE_CURVE('',#4876,#4876,#984,.T.);
#3761=EDGE_CURVE('',#4877,#4877,#985,.T.);
#3762=EDGE_CURVE('',#4878,#4878,#986,.T.);
#3763=EDGE_CURVE('',#4879,#4879,#987,.T.);
#3764=EDGE_CURVE('',#4880,#4880,#988,.T.);
#3765=EDGE_CURVE('',#4881,#4881,#989,.T.);
#3766=EDGE_CURVE('',#4882,#4882,#990,.T.);
#3767=EDGE_CURVE('',#4883,#4883,#991,.T.);
#3768=EDGE_CURVE('',#4884,#4884,#992,.T.);
#3769=EDGE_CURVE('',#4885,#4885,#993,.T.);
#3770=EDGE_CURVE('',#4754,#4753,#5611,.T.);
#3771=EDGE_CURVE('',#4886,#4886,#994,.T.);
#3772=EDGE_CURVE('',#4887,#4887,#995,.T.);
#3773=EDGE_CURVE('',#4888,#4888,#996,.T.);
#3774=EDGE_CURVE('',#4889,#4889,#997,.T.);
#3775=EDGE_CURVE('',#4890,#4890,#998,.T.);
#3776=EDGE_CURVE('',#4891,#4891,#999,.T.);
#3777=EDGE_CURVE('',#4892,#4892,#1000,.T.);
#3778=EDGE_CURVE('',#4893,#4893,#1001,.T.);
#3779=EDGE_CURVE('',#4894,#4894,#1002,.T.);
#3780=EDGE_CURVE('',#4895,#4895,#1003,.T.);
#3781=EDGE_CURVE('',#4896,#4896,#1004,.T.);
#3782=EDGE_CURVE('',#4897,#4897,#1005,.T.);
#3783=EDGE_CURVE('',#4898,#4898,#1006,.T.);
#3784=EDGE_CURVE('',#4899,#4899,#1007,.T.);
#3785=EDGE_CURVE('',#4900,#4900,#1008,.T.);
#3786=EDGE_CURVE('',#4901,#4901,#1009,.T.);
#3787=EDGE_CURVE('',#4902,#4902,#1010,.T.);
#3788=EDGE_CURVE('',#4903,#4903,#1011,.T.);
#3789=EDGE_CURVE('',#4904,#4904,#1012,.T.);
#3790=EDGE_CURVE('',#4905,#4905,#1013,.T.);
#3791=EDGE_CURVE('',#4906,#4906,#1014,.T.);
#3792=EDGE_CURVE('',#4907,#4907,#1015,.T.);
#3793=EDGE_CURVE('',#4908,#4908,#1016,.T.);
#3794=EDGE_CURVE('',#4909,#4909,#1017,.T.);
#3795=EDGE_CURVE('',#4910,#4910,#1018,.T.);
#3796=EDGE_CURVE('',#4911,#4911,#1019,.T.);
#3797=EDGE_CURVE('',#4912,#4912,#1020,.T.);
#3798=EDGE_CURVE('',#4913,#4913,#1021,.T.);
#3799=EDGE_CURVE('',#4914,#4914,#1022,.T.);
#3800=EDGE_CURVE('',#4915,#4915,#1023,.T.);
#3801=EDGE_CURVE('',#4916,#4916,#1024,.T.);
#3802=EDGE_CURVE('',#4917,#4917,#1025,.T.);
#3803=EDGE_CURVE('',#4918,#4918,#1026,.T.);
#3804=EDGE_CURVE('',#4919,#4919,#1027,.T.);
#3805=EDGE_CURVE('',#4920,#4920,#1028,.T.);
#3806=EDGE_CURVE('',#4921,#4921,#1029,.T.);
#3807=EDGE_CURVE('',#4922,#4922,#1030,.T.);
#3808=EDGE_CURVE('',#4923,#4923,#1031,.T.);
#3809=EDGE_CURVE('',#4924,#4924,#1032,.T.);
#3810=EDGE_CURVE('',#4925,#4925,#1033,.T.);
#3811=EDGE_CURVE('',#4926,#4926,#1034,.T.);
#3812=EDGE_CURVE('',#4927,#4927,#1035,.T.);
#3813=EDGE_CURVE('',#4928,#4928,#1036,.T.);
#3814=EDGE_CURVE('',#4929,#4929,#1037,.T.);
#3815=EDGE_CURVE('',#4930,#4930,#1038,.T.);
#3816=EDGE_CURVE('',#4931,#4931,#1039,.T.);
#3817=EDGE_CURVE('',#4932,#4932,#1040,.T.);
#3818=EDGE_CURVE('',#4933,#4933,#1041,.T.);
#3819=EDGE_CURVE('',#4934,#4934,#1042,.T.);
#3820=EDGE_CURVE('',#4935,#4935,#1043,.T.);
#3821=EDGE_CURVE('',#4936,#4936,#1044,.T.);
#3822=EDGE_CURVE('',#4937,#4937,#1045,.T.);
#3823=EDGE_CURVE('',#4938,#4938,#1046,.T.);
#3824=EDGE_CURVE('',#4939,#4939,#1047,.T.);
#3825=EDGE_CURVE('',#4940,#4940,#1048,.T.);
#3826=EDGE_CURVE('',#4941,#4941,#1049,.T.);
#3827=EDGE_CURVE('',#4942,#4942,#1050,.T.);
#3828=EDGE_CURVE('',#4943,#4943,#1051,.T.);
#3829=EDGE_CURVE('',#4944,#4944,#1052,.T.);
#3830=EDGE_CURVE('',#4945,#4945,#1053,.T.);
#3831=EDGE_CURVE('',#4946,#4946,#1054,.T.);
#3832=EDGE_CURVE('',#4947,#4947,#1055,.T.);
#3833=EDGE_CURVE('',#4948,#4948,#1056,.T.);
#3834=EDGE_CURVE('',#4949,#4949,#1057,.T.);
#3835=EDGE_CURVE('',#4950,#4950,#1058,.T.);
#3836=EDGE_CURVE('',#4951,#4951,#1059,.T.);
#3837=EDGE_CURVE('',#4952,#4952,#1060,.T.);
#3838=EDGE_CURVE('',#4953,#4953,#1061,.T.);
#3839=EDGE_CURVE('',#4954,#4954,#1062,.T.);
#3840=EDGE_CURVE('',#4955,#4955,#1063,.T.);
#3841=EDGE_CURVE('',#4956,#4956,#1064,.T.);
#3842=EDGE_CURVE('',#4957,#4957,#1065,.T.);
#3843=EDGE_CURVE('',#4958,#4958,#1066,.T.);
#3844=EDGE_CURVE('',#4959,#4959,#1067,.T.);
#3845=EDGE_CURVE('',#4960,#4960,#1068,.T.);
#3846=EDGE_CURVE('',#4961,#4961,#1069,.T.);
#3847=EDGE_CURVE('',#4962,#4962,#1070,.T.);
#3848=EDGE_CURVE('',#4963,#4963,#1071,.T.);
#3849=EDGE_CURVE('',#4964,#4964,#1072,.T.);
#3850=EDGE_CURVE('',#4965,#4965,#1073,.T.);
#3851=EDGE_CURVE('',#4966,#4966,#1074,.T.);
#3852=EDGE_CURVE('',#4967,#4967,#1075,.T.);
#3853=EDGE_CURVE('',#4968,#4968,#1076,.T.);
#3854=EDGE_CURVE('',#4969,#4969,#1077,.T.);
#3855=EDGE_CURVE('',#4970,#4970,#1078,.T.);
#3856=EDGE_CURVE('',#4971,#4971,#1079,.T.);
#3857=EDGE_CURVE('',#4972,#4972,#1080,.T.);
#3858=EDGE_CURVE('',#4973,#4973,#1081,.T.);
#3859=EDGE_CURVE('',#4974,#4974,#1082,.T.);
#3860=EDGE_CURVE('',#4975,#4975,#1083,.T.);
#3861=EDGE_CURVE('',#4976,#4976,#1084,.T.);
#3862=EDGE_CURVE('',#4977,#4977,#1085,.T.);
#3863=EDGE_CURVE('',#4978,#4978,#1086,.T.);
#3864=EDGE_CURVE('',#4979,#4979,#1087,.T.);
#3865=EDGE_CURVE('',#4980,#4980,#1088,.T.);
#3866=EDGE_CURVE('',#4981,#4981,#1089,.T.);
#3867=EDGE_CURVE('',#4982,#4982,#1090,.T.);
#3868=EDGE_CURVE('',#4983,#4983,#1091,.T.);
#3869=EDGE_CURVE('',#4984,#4984,#1092,.T.);
#3870=EDGE_CURVE('',#4985,#4985,#1093,.T.);
#3871=EDGE_CURVE('',#4986,#4986,#1094,.T.);
#3872=EDGE_CURVE('',#4987,#4987,#1095,.T.);
#3873=EDGE_CURVE('',#4988,#4988,#1096,.T.);
#3874=EDGE_CURVE('',#4989,#4989,#1097,.T.);
#3875=EDGE_CURVE('',#4990,#4990,#1098,.T.);
#3876=EDGE_CURVE('',#4991,#4991,#1099,.T.);
#3877=EDGE_CURVE('',#4992,#4992,#1100,.T.);
#3878=EDGE_CURVE('',#4993,#4993,#1101,.T.);
#3879=EDGE_CURVE('',#4994,#4994,#1102,.T.);
#3880=EDGE_CURVE('',#4995,#4995,#1103,.T.);
#3881=EDGE_CURVE('',#4996,#4996,#1104,.T.);
#3882=EDGE_CURVE('',#4997,#4997,#1105,.T.);
#3883=EDGE_CURVE('',#4998,#4998,#1106,.T.);
#3884=EDGE_CURVE('',#4999,#4999,#1107,.T.);
#3885=EDGE_CURVE('',#5000,#5000,#1108,.T.);
#3886=EDGE_CURVE('',#5001,#5001,#1109,.T.);
#3887=EDGE_CURVE('',#5002,#5002,#1110,.T.);
#3888=EDGE_CURVE('',#5003,#5003,#1111,.T.);
#3889=EDGE_CURVE('',#5004,#5004,#1112,.T.);
#3890=EDGE_CURVE('',#5005,#5005,#1113,.T.);
#3891=EDGE_CURVE('',#5006,#5006,#1114,.T.);
#3892=EDGE_CURVE('',#5007,#5007,#1115,.T.);
#3893=EDGE_CURVE('',#5008,#5008,#1116,.T.);
#3894=EDGE_CURVE('',#5009,#5009,#1117,.T.);
#3895=EDGE_CURVE('',#5010,#5010,#1118,.T.);
#3896=EDGE_CURVE('',#5011,#5011,#1119,.T.);
#3897=EDGE_CURVE('',#5012,#5012,#1120,.T.);
#3898=EDGE_CURVE('',#5013,#5013,#1121,.T.);
#3899=EDGE_CURVE('',#5014,#5014,#1122,.T.);
#3900=EDGE_CURVE('',#5015,#5015,#1123,.T.);
#3901=EDGE_CURVE('',#5016,#5017,#1124,.T.);
#3902=EDGE_CURVE('',#5018,#5016,#5612,.T.);
#3903=EDGE_CURVE('',#5018,#5019,#5613,.F.);
#3904=EDGE_CURVE('',#5019,#5017,#5614,.T.);
#3905=EDGE_CURVE('',#5020,#5021,#1125,.T.);
#3906=EDGE_CURVE('',#5022,#5020,#5615,.T.);
#3907=EDGE_CURVE('',#5022,#5021,#5616,.T.);
#3908=EDGE_CURVE('',#5023,#5023,#1126,.F.);
#3909=EDGE_CURVE('',#5024,#5024,#1127,.F.);
#3910=EDGE_CURVE('',#5025,#5025,#1128,.F.);
#3911=EDGE_CURVE('',#5026,#5026,#1129,.F.);
#3912=EDGE_CURVE('',#5027,#5027,#1130,.F.);
#3913=EDGE_CURVE('',#5028,#5028,#1131,.F.);
#3914=EDGE_CURVE('',#5029,#5030,#5617,.T.);
#3915=EDGE_CURVE('',#5029,#5031,#5618,.T.);
#3916=EDGE_CURVE('',#5032,#5031,#1132,.T.);
#3917=EDGE_CURVE('',#5032,#5033,#5619,.T.);
#3918=EDGE_CURVE('',#5034,#5033,#1133,.T.);
#3919=EDGE_CURVE('',#5035,#5034,#5620,.T.);
#3920=EDGE_CURVE('',#5036,#5035,#1134,.T.);
#3921=EDGE_CURVE('',#5037,#5036,#5621,.T.);
#3922=EDGE_CURVE('',#5038,#5037,#1135,.T.);
#3923=EDGE_CURVE('',#5038,#5039,#5622,.T.);
#3924=EDGE_CURVE('',#5017,#5039,#5623,.F.);
#3925=EDGE_CURVE('',#5019,#5040,#1136,.T.);
#3926=EDGE_CURVE('',#5040,#5041,#5624,.T.);
#3927=EDGE_CURVE('',#5041,#5042,#1137,.T.);
#3928=EDGE_CURVE('',#5042,#5043,#5625,.T.);
#3929=EDGE_CURVE('',#5043,#5044,#1138,.T.);
#3930=EDGE_CURVE('',#5045,#5044,#5626,.T.);
#3931=EDGE_CURVE('',#5045,#5046,#1139,.T.);
#3932=EDGE_CURVE('',#5030,#5046,#5627,.T.);
#3933=EDGE_CURVE('',#5047,#5048,#1140,.T.);
#3934=EDGE_CURVE('',#5047,#5049,#5628,.T.);
#3935=EDGE_CURVE('',#5050,#5049,#1141,.T.);
#3936=EDGE_CURVE('',#5050,#5051,#5629,.T.);
#3937=EDGE_CURVE('',#5052,#5051,#1142,.T.);
#3938=EDGE_CURVE('',#5053,#5052,#5630,.T.);
#3939=EDGE_CURVE('',#5054,#5053,#1143,.T.);
#3940=EDGE_CURVE('',#5048,#5054,#5631,.T.);
#3941=EDGE_CURVE('',#5055,#5056,#1144,.T.);
#3942=EDGE_CURVE('',#5055,#5057,#5632,.T.);
#3943=EDGE_CURVE('',#5058,#5057,#1145,.T.);
#3944=EDGE_CURVE('',#5058,#5059,#5633,.T.);
#3945=EDGE_CURVE('',#5060,#5059,#1146,.T.);
#3946=EDGE_CURVE('',#5061,#5060,#5634,.T.);
#3947=EDGE_CURVE('',#5062,#5061,#1147,.T.);
#3948=EDGE_CURVE('',#5056,#5062,#5635,.T.);
#3949=EDGE_CURVE('',#5063,#5064,#1148,.T.);
#3950=EDGE_CURVE('',#5063,#5065,#5636,.T.);
#3951=EDGE_CURVE('',#5066,#5065,#1149,.T.);
#3952=EDGE_CURVE('',#5066,#5067,#5637,.T.);
#3953=EDGE_CURVE('',#5068,#5067,#1150,.T.);
#3954=EDGE_CURVE('',#5069,#5068,#5638,.T.);
#3955=EDGE_CURVE('',#5070,#5069,#1151,.T.);
#3956=EDGE_CURVE('',#5064,#5070,#5639,.T.);
#3957=EDGE_CURVE('',#5071,#5072,#1152,.T.);
#3958=EDGE_CURVE('',#5071,#5073,#5640,.T.);
#3959=EDGE_CURVE('',#5074,#5073,#1153,.T.);
#3960=EDGE_CURVE('',#5074,#5075,#5641,.T.);
#3961=EDGE_CURVE('',#5076,#5075,#1154,.T.);
#3962=EDGE_CURVE('',#5077,#5076,#5642,.T.);
#3963=EDGE_CURVE('',#5078,#5077,#1155,.T.);
#3964=EDGE_CURVE('',#5072,#5078,#5643,.T.);
#3965=EDGE_CURVE('',#5079,#5080,#1156,.T.);
#3966=EDGE_CURVE('',#5079,#5081,#5644,.T.);
#3967=EDGE_CURVE('',#5082,#5081,#1157,.T.);
#3968=EDGE_CURVE('',#5082,#5083,#5645,.T.);
#3969=EDGE_CURVE('',#5084,#5083,#1158,.T.);
#3970=EDGE_CURVE('',#5085,#5084,#5646,.T.);
#3971=EDGE_CURVE('',#5086,#5085,#1159,.T.);
#3972=EDGE_CURVE('',#5080,#5086,#5647,.T.);
#3973=EDGE_CURVE('',#5087,#5088,#1160,.T.);
#3974=EDGE_CURVE('',#5087,#5089,#5648,.T.);
#3975=EDGE_CURVE('',#5090,#5089,#1161,.T.);
#3976=EDGE_CURVE('',#5090,#5091,#5649,.T.);
#3977=EDGE_CURVE('',#5092,#5091,#1162,.T.);
#3978=EDGE_CURVE('',#5093,#5092,#5650,.T.);
#3979=EDGE_CURVE('',#5094,#5093,#1163,.T.);
#3980=EDGE_CURVE('',#5088,#5094,#5651,.T.);
#3981=EDGE_CURVE('',#5095,#5096,#1164,.T.);
#3982=EDGE_CURVE('',#5095,#5097,#5652,.T.);
#3983=EDGE_CURVE('',#5098,#5097,#1165,.T.);
#3984=EDGE_CURVE('',#5098,#5099,#5653,.T.);
#3985=EDGE_CURVE('',#5100,#5099,#1166,.T.);
#3986=EDGE_CURVE('',#5101,#5100,#5654,.T.);
#3987=EDGE_CURVE('',#5102,#5101,#1167,.T.);
#3988=EDGE_CURVE('',#5096,#5102,#5655,.T.);
#3989=EDGE_CURVE('',#5103,#5104,#1168,.T.);
#3990=EDGE_CURVE('',#5103,#5105,#5656,.T.);
#3991=EDGE_CURVE('',#5106,#5105,#1169,.T.);
#3992=EDGE_CURVE('',#5106,#5107,#5657,.T.);
#3993=EDGE_CURVE('',#5108,#5107,#1170,.T.);
#3994=EDGE_CURVE('',#5109,#5108,#5658,.T.);
#3995=EDGE_CURVE('',#5110,#5109,#1171,.T.);
#3996=EDGE_CURVE('',#5104,#5110,#5659,.T.);
#3997=EDGE_CURVE('',#5111,#5112,#1172,.T.);
#3998=EDGE_CURVE('',#5111,#5113,#5660,.T.);
#3999=EDGE_CURVE('',#5114,#5113,#1173,.T.);
#4000=EDGE_CURVE('',#5114,#5115,#5661,.T.);
#4001=EDGE_CURVE('',#5116,#5115,#1174,.T.);
#4002=EDGE_CURVE('',#5117,#5116,#5662,.T.);
#4003=EDGE_CURVE('',#5118,#5117,#1175,.T.);
#4004=EDGE_CURVE('',#5112,#5118,#5663,.T.);
#4005=EDGE_CURVE('',#5119,#5120,#1176,.T.);
#4006=EDGE_CURVE('',#5119,#5121,#5664,.T.);
#4007=EDGE_CURVE('',#5122,#5121,#1177,.T.);
#4008=EDGE_CURVE('',#5122,#5123,#5665,.T.);
#4009=EDGE_CURVE('',#5124,#5123,#1178,.T.);
#4010=EDGE_CURVE('',#5125,#5124,#5666,.T.);
#4011=EDGE_CURVE('',#5126,#5125,#1179,.T.);
#4012=EDGE_CURVE('',#5120,#5126,#5667,.T.);
#4013=EDGE_CURVE('',#5127,#5128,#1180,.T.);
#4014=EDGE_CURVE('',#5127,#5129,#5668,.T.);
#4015=EDGE_CURVE('',#5130,#5129,#1181,.T.);
#4016=EDGE_CURVE('',#5130,#5131,#5669,.T.);
#4017=EDGE_CURVE('',#5132,#5131,#1182,.T.);
#4018=EDGE_CURVE('',#5133,#5132,#5670,.T.);
#4019=EDGE_CURVE('',#5134,#5133,#1183,.T.);
#4020=EDGE_CURVE('',#5128,#5134,#5671,.T.);
#4021=EDGE_CURVE('',#5135,#5136,#1184,.T.);
#4022=EDGE_CURVE('',#5135,#5137,#5672,.T.);
#4023=EDGE_CURVE('',#5138,#5137,#1185,.T.);
#4024=EDGE_CURVE('',#5138,#5139,#5673,.T.);
#4025=EDGE_CURVE('',#5140,#5139,#1186,.T.);
#4026=EDGE_CURVE('',#5141,#5140,#5674,.T.);
#4027=EDGE_CURVE('',#5142,#5141,#1187,.T.);
#4028=EDGE_CURVE('',#5136,#5142,#5675,.T.);
#4029=EDGE_CURVE('',#5143,#5144,#1188,.T.);
#4030=EDGE_CURVE('',#5143,#5145,#5676,.T.);
#4031=EDGE_CURVE('',#5146,#5145,#1189,.T.);
#4032=EDGE_CURVE('',#5146,#5147,#5677,.T.);
#4033=EDGE_CURVE('',#5148,#5147,#1190,.T.);
#4034=EDGE_CURVE('',#5149,#5148,#5678,.T.);
#4035=EDGE_CURVE('',#5150,#5149,#1191,.T.);
#4036=EDGE_CURVE('',#5144,#5150,#5679,.T.);
#4037=EDGE_CURVE('',#5151,#5152,#1192,.T.);
#4038=EDGE_CURVE('',#5151,#5153,#5680,.T.);
#4039=EDGE_CURVE('',#5154,#5153,#1193,.T.);
#4040=EDGE_CURVE('',#5154,#5155,#5681,.T.);
#4041=EDGE_CURVE('',#5156,#5155,#1194,.T.);
#4042=EDGE_CURVE('',#5157,#5156,#5682,.T.);
#4043=EDGE_CURVE('',#5158,#5157,#1195,.T.);
#4044=EDGE_CURVE('',#5152,#5158,#5683,.T.);
#4045=EDGE_CURVE('',#5159,#5160,#1196,.T.);
#4046=EDGE_CURVE('',#5159,#5161,#5684,.T.);
#4047=EDGE_CURVE('',#5162,#5161,#1197,.T.);
#4048=EDGE_CURVE('',#5162,#5163,#5685,.T.);
#4049=EDGE_CURVE('',#5164,#5163,#1198,.T.);
#4050=EDGE_CURVE('',#5165,#5164,#5686,.T.);
#4051=EDGE_CURVE('',#5166,#5165,#1199,.T.);
#4052=EDGE_CURVE('',#5160,#5166,#5687,.T.);
#4053=EDGE_CURVE('',#5167,#5168,#1200,.T.);
#4054=EDGE_CURVE('',#5167,#5169,#5688,.T.);
#4055=EDGE_CURVE('',#5170,#5169,#1201,.T.);
#4056=EDGE_CURVE('',#5170,#5171,#5689,.T.);
#4057=EDGE_CURVE('',#5172,#5171,#1202,.T.);
#4058=EDGE_CURVE('',#5173,#5172,#5690,.T.);
#4059=EDGE_CURVE('',#5174,#5173,#1203,.T.);
#4060=EDGE_CURVE('',#5168,#5174,#5691,.T.);
#4061=EDGE_CURVE('',#5175,#5176,#1204,.T.);
#4062=EDGE_CURVE('',#5175,#5177,#5692,.T.);
#4063=EDGE_CURVE('',#5178,#5177,#1205,.T.);
#4064=EDGE_CURVE('',#5178,#5179,#5693,.T.);
#4065=EDGE_CURVE('',#5180,#5179,#1206,.T.);
#4066=EDGE_CURVE('',#5181,#5180,#5694,.T.);
#4067=EDGE_CURVE('',#5182,#5181,#1207,.T.);
#4068=EDGE_CURVE('',#5176,#5182,#5695,.T.);
#4069=EDGE_CURVE('',#5183,#5183,#1208,.F.);
#4070=EDGE_CURVE('',#5184,#5184,#1209,.F.);
#4071=EDGE_CURVE('',#5185,#5185,#1210,.F.);
#4072=EDGE_CURVE('',#5186,#5186,#1211,.F.);
#4073=EDGE_CURVE('',#5187,#5187,#1212,.F.);
#4074=EDGE_CURVE('',#5188,#5188,#1213,.F.);
#4075=EDGE_CURVE('',#5189,#5190,#5696,.T.);
#4076=EDGE_CURVE('',#5189,#5191,#1214,.T.);
#4077=EDGE_CURVE('',#5191,#5192,#5697,.T.);
#4078=EDGE_CURVE('',#5192,#5193,#1215,.T.);
#4079=EDGE_CURVE('',#5193,#5194,#5698,.T.);
#4080=EDGE_CURVE('',#5194,#5195,#1216,.T.);
#4081=EDGE_CURVE('',#5196,#5195,#5699,.T.);
#4082=EDGE_CURVE('',#5196,#5190,#1217,.T.);
#4083=EDGE_CURVE('',#5197,#5198,#5700,.T.);
#4084=EDGE_CURVE('',#5197,#5199,#1218,.T.);
#4085=EDGE_CURVE('',#5199,#5200,#5701,.T.);
#4086=EDGE_CURVE('',#5200,#5201,#1219,.T.);
#4087=EDGE_CURVE('',#5201,#5202,#5702,.T.);
#4088=EDGE_CURVE('',#5202,#5203,#1220,.T.);
#4089=EDGE_CURVE('',#5204,#5203,#5703,.T.);
#4090=EDGE_CURVE('',#5204,#5198,#1221,.T.);
#4091=EDGE_CURVE('',#5205,#5206,#5704,.T.);
#4092=EDGE_CURVE('',#5205,#5207,#1222,.T.);
#4093=EDGE_CURVE('',#5207,#5208,#5705,.T.);
#4094=EDGE_CURVE('',#5208,#5209,#1223,.T.);
#4095=EDGE_CURVE('',#5209,#5210,#5706,.T.);
#4096=EDGE_CURVE('',#5210,#5211,#1224,.T.);
#4097=EDGE_CURVE('',#5212,#5211,#5707,.T.);
#4098=EDGE_CURVE('',#5212,#5206,#1225,.T.);
#4099=EDGE_CURVE('',#5213,#5214,#5708,.T.);
#4100=EDGE_CURVE('',#5213,#5215,#1226,.T.);
#4101=EDGE_CURVE('',#5215,#5216,#5709,.T.);
#4102=EDGE_CURVE('',#5216,#5217,#1227,.T.);
#4103=EDGE_CURVE('',#5217,#5218,#5710,.T.);
#4104=EDGE_CURVE('',#5218,#5219,#1228,.T.);
#4105=EDGE_CURVE('',#5220,#5219,#5711,.T.);
#4106=EDGE_CURVE('',#5220,#5214,#1229,.T.);
#4107=EDGE_CURVE('',#5221,#5222,#5712,.T.);
#4108=EDGE_CURVE('',#5221,#5223,#1230,.T.);
#4109=EDGE_CURVE('',#5223,#5224,#5713,.T.);
#4110=EDGE_CURVE('',#5224,#5225,#1231,.T.);
#4111=EDGE_CURVE('',#5225,#5226,#5714,.T.);
#4112=EDGE_CURVE('',#5226,#5227,#1232,.T.);
#4113=EDGE_CURVE('',#5228,#5227,#5715,.T.);
#4114=EDGE_CURVE('',#5228,#5222,#1233,.T.);
#4115=EDGE_CURVE('',#5229,#5230,#5716,.T.);
#4116=EDGE_CURVE('',#5229,#5231,#1234,.T.);
#4117=EDGE_CURVE('',#5231,#5232,#5717,.T.);
#4118=EDGE_CURVE('',#5232,#5233,#1235,.T.);
#4119=EDGE_CURVE('',#5233,#5234,#5718,.T.);
#4120=EDGE_CURVE('',#5234,#5235,#1236,.T.);
#4121=EDGE_CURVE('',#5236,#5235,#5719,.T.);
#4122=EDGE_CURVE('',#5236,#5230,#1237,.T.);
#4123=EDGE_CURVE('',#5237,#5238,#5720,.T.);
#4124=EDGE_CURVE('',#5237,#5239,#1238,.T.);
#4125=EDGE_CURVE('',#5239,#5240,#5721,.T.);
#4126=EDGE_CURVE('',#5240,#5241,#1239,.T.);
#4127=EDGE_CURVE('',#5241,#5242,#5722,.T.);
#4128=EDGE_CURVE('',#5242,#5243,#1240,.T.);
#4129=EDGE_CURVE('',#5244,#5243,#5723,.T.);
#4130=EDGE_CURVE('',#5244,#5238,#1241,.T.);
#4131=EDGE_CURVE('',#5245,#5246,#5724,.T.);
#4132=EDGE_CURVE('',#5245,#5247,#1242,.T.);
#4133=EDGE_CURVE('',#5247,#5248,#5725,.T.);
#4134=EDGE_CURVE('',#5248,#5249,#1243,.T.);
#4135=EDGE_CURVE('',#5249,#5250,#5726,.T.);
#4136=EDGE_CURVE('',#5250,#5251,#1244,.T.);
#4137=EDGE_CURVE('',#5252,#5251,#5727,.T.);
#4138=EDGE_CURVE('',#5252,#5246,#1245,.T.);
#4139=EDGE_CURVE('',#5253,#5254,#5728,.T.);
#4140=EDGE_CURVE('',#5253,#5255,#5729,.T.);
#4141=EDGE_CURVE('',#5255,#5256,#5730,.T.);
#4142=EDGE_CURVE('',#5256,#5257,#1246,.F.);
#4143=EDGE_CURVE('',#5257,#5258,#5731,.T.);
#4144=EDGE_CURVE('',#5258,#5259,#1247,.F.);
#4145=EDGE_CURVE('',#5260,#5259,#5732,.T.);
#4146=EDGE_CURVE('',#5260,#5261,#1248,.F.);
#4147=EDGE_CURVE('',#5262,#5261,#5733,.T.);
#4148=EDGE_CURVE('',#5262,#5018,#1249,.F.);
#4149=EDGE_CURVE('',#5021,#5016,#5734,.T.);
#4150=EDGE_CURVE('',#5022,#5263,#1250,.T.);
#4151=EDGE_CURVE('',#5263,#5264,#5735,.T.);
#4152=EDGE_CURVE('',#5264,#5265,#1251,.T.);
#4153=EDGE_CURVE('',#5265,#5266,#5736,.T.);
#4154=EDGE_CURVE('',#5266,#5267,#1252,.T.);
#4155=EDGE_CURVE('',#5268,#5267,#5737,.T.);
#4156=EDGE_CURVE('',#5268,#5254,#1253,.T.);
#4157=EDGE_CURVE('',#5269,#5270,#5738,.T.);
#4158=EDGE_CURVE('',#5269,#5271,#1254,.T.);
#4159=EDGE_CURVE('',#5271,#5272,#5739,.T.);
#4160=EDGE_CURVE('',#5272,#5273,#1255,.T.);
#4161=EDGE_CURVE('',#5273,#5274,#5740,.T.);
#4162=EDGE_CURVE('',#5274,#5275,#1256,.T.);
#4163=EDGE_CURVE('',#5276,#5275,#5741,.T.);
#4164=EDGE_CURVE('',#5276,#5270,#1257,.T.);
#4165=EDGE_CURVE('',#5277,#5278,#5742,.T.);
#4166=EDGE_CURVE('',#5277,#5279,#1258,.T.);
#4167=EDGE_CURVE('',#5279,#5280,#5743,.T.);
#4168=EDGE_CURVE('',#5280,#5281,#1259,.T.);
#4169=EDGE_CURVE('',#5281,#5282,#5744,.T.);
#4170=EDGE_CURVE('',#5282,#5283,#1260,.T.);
#4171=EDGE_CURVE('',#5284,#5283,#5745,.T.);
#4172=EDGE_CURVE('',#5284,#5278,#1261,.T.);
#4173=EDGE_CURVE('',#5285,#5286,#5746,.T.);
#4174=EDGE_CURVE('',#5285,#5287,#1262,.T.);
#4175=EDGE_CURVE('',#5287,#5288,#5747,.T.);
#4176=EDGE_CURVE('',#5288,#5289,#1263,.T.);
#4177=EDGE_CURVE('',#5289,#5290,#5748,.T.);
#4178=EDGE_CURVE('',#5290,#5291,#1264,.T.);
#4179=EDGE_CURVE('',#5292,#5291,#5749,.T.);
#4180=EDGE_CURVE('',#5292,#5286,#1265,.T.);
#4181=EDGE_CURVE('',#5293,#5294,#5750,.T.);
#4182=EDGE_CURVE('',#5293,#5295,#1266,.T.);
#4183=EDGE_CURVE('',#5295,#5296,#5751,.T.);
#4184=EDGE_CURVE('',#5296,#5297,#1267,.T.);
#4185=EDGE_CURVE('',#5297,#5298,#5752,.T.);
#4186=EDGE_CURVE('',#5298,#5299,#1268,.T.);
#4187=EDGE_CURVE('',#5300,#5299,#5753,.T.);
#4188=EDGE_CURVE('',#5300,#5294,#1269,.T.);
#4189=EDGE_CURVE('',#5301,#5302,#5754,.T.);
#4190=EDGE_CURVE('',#5301,#5303,#1270,.T.);
#4191=EDGE_CURVE('',#5303,#5304,#5755,.T.);
#4192=EDGE_CURVE('',#5304,#5305,#1271,.T.);
#4193=EDGE_CURVE('',#5305,#5306,#5756,.T.);
#4194=EDGE_CURVE('',#5306,#5307,#1272,.T.);
#4195=EDGE_CURVE('',#5308,#5307,#5757,.T.);
#4196=EDGE_CURVE('',#5308,#5302,#1273,.T.);
#4197=EDGE_CURVE('',#5309,#5310,#5758,.T.);
#4198=EDGE_CURVE('',#5309,#5311,#1274,.T.);
#4199=EDGE_CURVE('',#5311,#5312,#5759,.T.);
#4200=EDGE_CURVE('',#5312,#5313,#1275,.T.);
#4201=EDGE_CURVE('',#5313,#5314,#5760,.T.);
#4202=EDGE_CURVE('',#5314,#5315,#1276,.T.);
#4203=EDGE_CURVE('',#5316,#5315,#5761,.T.);
#4204=EDGE_CURVE('',#5316,#5310,#1277,.T.);
#4205=EDGE_CURVE('',#5317,#5318,#5762,.T.);
#4206=EDGE_CURVE('',#5317,#5319,#1278,.T.);
#4207=EDGE_CURVE('',#5319,#5320,#5763,.T.);
#4208=EDGE_CURVE('',#5320,#5321,#1279,.T.);
#4209=EDGE_CURVE('',#5321,#5322,#5764,.T.);
#4210=EDGE_CURVE('',#5322,#5323,#1280,.T.);
#4211=EDGE_CURVE('',#5324,#5323,#5765,.T.);
#4212=EDGE_CURVE('',#5324,#5318,#1281,.T.);
#4213=EDGE_CURVE('',#5325,#5326,#5766,.T.);
#4214=EDGE_CURVE('',#5325,#5327,#1282,.T.);
#4215=EDGE_CURVE('',#5327,#5328,#5767,.T.);
#4216=EDGE_CURVE('',#5328,#5329,#1283,.T.);
#4217=EDGE_CURVE('',#5329,#5330,#5768,.T.);
#4218=EDGE_CURVE('',#5330,#5331,#1284,.T.);
#4219=EDGE_CURVE('',#5332,#5331,#5769,.T.);
#4220=EDGE_CURVE('',#5332,#5326,#1285,.T.);
#4221=EDGE_CURVE('',#5333,#5334,#5770,.T.);
#4222=EDGE_CURVE('',#5333,#5335,#1286,.T.);
#4223=EDGE_CURVE('',#5335,#5336,#5771,.T.);
#4224=EDGE_CURVE('',#5336,#5337,#1287,.T.);
#4225=EDGE_CURVE('',#5337,#5338,#5772,.T.);
#4226=EDGE_CURVE('',#5338,#5339,#1288,.T.);
#4227=EDGE_CURVE('',#5340,#5339,#5773,.T.);
#4228=EDGE_CURVE('',#5340,#5334,#1289,.T.);
#4229=EDGE_CURVE('',#5030,#5255,#1290,.T.);
#4230=EDGE_CURVE('',#5046,#5256,#5774,.T.);
#4231=EDGE_CURVE('',#5261,#5041,#5775,.F.);
#4232=EDGE_CURVE('',#5040,#5262,#5776,.T.);
#4233=EDGE_CURVE('',#5259,#5043,#5777,.F.);
#4234=EDGE_CURVE('',#5042,#5260,#5778,.T.);
#4235=EDGE_CURVE('',#5257,#5045,#5779,.F.);
#4236=EDGE_CURVE('',#5044,#5258,#5780,.T.);
#4237=EDGE_CURVE('',#5253,#5029,#1291,.T.);
#4238=EDGE_CURVE('',#5254,#5031,#5781,.T.);
#4239=EDGE_CURVE('',#5020,#5341,#60,.T.);
#4240=EDGE_CURVE('',#5038,#5341,#5782,.F.);
#4241=EDGE_CURVE('',#5263,#5037,#5783,.T.);
#4242=EDGE_CURVE('',#5264,#5036,#5784,.T.);
#4243=EDGE_CURVE('',#5265,#5035,#5785,.T.);
#4244=EDGE_CURVE('',#5266,#5034,#5786,.T.);
#4245=EDGE_CURVE('',#5267,#5033,#5787,.T.);
#4246=EDGE_CURVE('',#5268,#5032,#5788,.T.);
#4247=EDGE_CURVE('',#5270,#5049,#5789,.T.);
#4248=EDGE_CURVE('',#5269,#5047,#5790,.T.);
#4249=EDGE_CURVE('',#5271,#5048,#5791,.T.);
#4250=EDGE_CURVE('',#5272,#5054,#5792,.T.);
#4251=EDGE_CURVE('',#5273,#5053,#5793,.T.);
#4252=EDGE_CURVE('',#5274,#5052,#5794,.T.);
#4253=EDGE_CURVE('',#5275,#5051,#5795,.T.);
#4254=EDGE_CURVE('',#5276,#5050,#5796,.T.);
#4255=EDGE_CURVE('',#5246,#5057,#5797,.T.);
#4256=EDGE_CURVE('',#5245,#5055,#5798,.T.);
#4257=EDGE_CURVE('',#5247,#5056,#5799,.T.);
#4258=EDGE_CURVE('',#5248,#5062,#5800,.T.);
#4259=EDGE_CURVE('',#5249,#5061,#5801,.T.);
#4260=EDGE_CURVE('',#5250,#5060,#5802,.T.);
#4261=EDGE_CURVE('',#5251,#5059,#5803,.T.);
#4262=EDGE_CURVE('',#5252,#5058,#5804,.T.);
#4263=EDGE_CURVE('',#5278,#5065,#5805,.T.);
#4264=EDGE_CURVE('',#5277,#5063,#5806,.T.);
#4265=EDGE_CURVE('',#5279,#5064,#5807,.T.);
#4266=EDGE_CURVE('',#5280,#5070,#5808,.T.);
#4267=EDGE_CURVE('',#5281,#5069,#5809,.T.);
#4268=EDGE_CURVE('',#5282,#5068,#5810,.T.);
#4269=EDGE_CURVE('',#5283,#5067,#5811,.T.);
#4270=EDGE_CURVE('',#5284,#5066,#5812,.T.);
#4271=EDGE_CURVE('',#5238,#5073,#5813,.T.);
#4272=EDGE_CURVE('',#5237,#5071,#5814,.T.);
#4273=EDGE_CURVE('',#5239,#5072,#5815,.T.);
#4274=EDGE_CURVE('',#5240,#5078,#5816,.T.);
#4275=EDGE_CURVE('',#5241,#5077,#5817,.T.);
#4276=EDGE_CURVE('',#5242,#5076,#5818,.T.);
#4277=EDGE_CURVE('',#5243,#5075,#5819,.T.);
#4278=EDGE_CURVE('',#5244,#5074,#5820,.T.);
#4279=EDGE_CURVE('',#5286,#5081,#5821,.T.);
#4280=EDGE_CURVE('',#5285,#5079,#5822,.T.);
#4281=EDGE_CURVE('',#5287,#5080,#5823,.T.);
#4282=EDGE_CURVE('',#5288,#5086,#5824,.T.);
#4283=EDGE_CURVE('',#5289,#5085,#5825,.T.);
#4284=EDGE_CURVE('',#5290,#5084,#5826,.T.);
#4285=EDGE_CURVE('',#5291,#5083,#5827,.T.);
#4286=EDGE_CURVE('',#5292,#5082,#5828,.T.);
#4287=EDGE_CURVE('',#5230,#5089,#5829,.T.);
#4288=EDGE_CURVE('',#5229,#5087,#5830,.T.);
#4289=EDGE_CURVE('',#5231,#5088,#5831,.T.);
#4290=EDGE_CURVE('',#5232,#5094,#5832,.T.);
#4291=EDGE_CURVE('',#5233,#5093,#5833,.T.);
#4292=EDGE_CURVE('',#5234,#5092,#5834,.T.);
#4293=EDGE_CURVE('',#5235,#5091,#5835,.T.);
#4294=EDGE_CURVE('',#5236,#5090,#5836,.T.);
#4295=EDGE_CURVE('',#5294,#5097,#5837,.T.);
#4296=EDGE_CURVE('',#5293,#5095,#5838,.T.);
#4297=EDGE_CURVE('',#5295,#5096,#5839,.T.);
#4298=EDGE_CURVE('',#5296,#5102,#5840,.T.);
#4299=EDGE_CURVE('',#5297,#5101,#5841,.T.);
#4300=EDGE_CURVE('',#5298,#5100,#5842,.T.);
#4301=EDGE_CURVE('',#5299,#5099,#5843,.T.);
#4302=EDGE_CURVE('',#5300,#5098,#5844,.T.);
#4303=EDGE_CURVE('',#5222,#5105,#5845,.T.);
#4304=EDGE_CURVE('',#5221,#5103,#5846,.T.);
#4305=EDGE_CURVE('',#5223,#5104,#5847,.T.);
#4306=EDGE_CURVE('',#5224,#5110,#5848,.T.);
#4307=EDGE_CURVE('',#5225,#5109,#5849,.T.);
#4308=EDGE_CURVE('',#5226,#5108,#5850,.T.);
#4309=EDGE_CURVE('',#5227,#5107,#5851,.T.);
#4310=EDGE_CURVE('',#5228,#5106,#5852,.T.);
#4311=EDGE_CURVE('',#5302,#5113,#5853,.T.);
#4312=EDGE_CURVE('',#5301,#5111,#5854,.T.);
#4313=EDGE_CURVE('',#5303,#5112,#5855,.T.);
#4314=EDGE_CURVE('',#5304,#5118,#5856,.T.);
#4315=EDGE_CURVE('',#5305,#5117,#5857,.T.);
#4316=EDGE_CURVE('',#5306,#5116,#5858,.T.);
#4317=EDGE_CURVE('',#5307,#5115,#5859,.T.);
#4318=EDGE_CURVE('',#5308,#5114,#5860,.T.);
#4319=EDGE_CURVE('',#5214,#5121,#5861,.T.);
#4320=EDGE_CURVE('',#5213,#5119,#5862,.T.);
#4321=EDGE_CURVE('',#5215,#5120,#5863,.T.);
#4322=EDGE_CURVE('',#5216,#5126,#5864,.T.);
#4323=EDGE_CURVE('',#5217,#5125,#5865,.T.);
#4324=EDGE_CURVE('',#5218,#5124,#5866,.T.);
#4325=EDGE_CURVE('',#5219,#5123,#5867,.T.);
#4326=EDGE_CURVE('',#5220,#5122,#5868,.T.);
#4327=EDGE_CURVE('',#5310,#5129,#5869,.T.);
#4328=EDGE_CURVE('',#5309,#5127,#5870,.T.);
#4329=EDGE_CURVE('',#5311,#5128,#5871,.T.);
#4330=EDGE_CURVE('',#5312,#5134,#5872,.T.);
#4331=EDGE_CURVE('',#5313,#5133,#5873,.T.);
#4332=EDGE_CURVE('',#5314,#5132,#5874,.T.);
#4333=EDGE_CURVE('',#5315,#5131,#5875,.T.);
#4334=EDGE_CURVE('',#5316,#5130,#5876,.T.);
#4335=EDGE_CURVE('',#5206,#5137,#5877,.T.);
#4336=EDGE_CURVE('',#5205,#5135,#5878,.T.);
#4337=EDGE_CURVE('',#5207,#5136,#5879,.T.);
#4338=EDGE_CURVE('',#5208,#5142,#5880,.T.);
#4339=EDGE_CURVE('',#5209,#5141,#5881,.T.);
#4340=EDGE_CURVE('',#5210,#5140,#5882,.T.);
#4341=EDGE_CURVE('',#5211,#5139,#5883,.T.);
#4342=EDGE_CURVE('',#5212,#5138,#5884,.T.);
#4343=EDGE_CURVE('',#5318,#5145,#5885,.T.);
#4344=EDGE_CURVE('',#5317,#5143,#5886,.T.);
#4345=EDGE_CURVE('',#5319,#5144,#5887,.T.);
#4346=EDGE_CURVE('',#5320,#5150,#5888,.T.);
#4347=EDGE_CURVE('',#5321,#5149,#5889,.T.);
#4348=EDGE_CURVE('',#5322,#5148,#5890,.T.);
#4349=EDGE_CURVE('',#5323,#5147,#5891,.T.);
#4350=EDGE_CURVE('',#5324,#5146,#5892,.T.);
#4351=EDGE_CURVE('',#5198,#5153,#5893,.T.);
#4352=EDGE_CURVE('',#5197,#5151,#5894,.T.);
#4353=EDGE_CURVE('',#5199,#5152,#5895,.T.);
#4354=EDGE_CURVE('',#5200,#5158,#5896,.T.);
#4355=EDGE_CURVE('',#5201,#5157,#5897,.T.);
#4356=EDGE_CURVE('',#5202,#5156,#5898,.T.);
#4357=EDGE_CURVE('',#5203,#5155,#5899,.T.);
#4358=EDGE_CURVE('',#5204,#5154,#5900,.T.);
#4359=EDGE_CURVE('',#5326,#5161,#5901,.T.);
#4360=EDGE_CURVE('',#5325,#5159,#5902,.T.);
#4361=EDGE_CURVE('',#5327,#5160,#5903,.T.);
#4362=EDGE_CURVE('',#5328,#5166,#5904,.T.);
#4363=EDGE_CURVE('',#5329,#5165,#5905,.T.);
#4364=EDGE_CURVE('',#5330,#5164,#5906,.T.);
#4365=EDGE_CURVE('',#5331,#5163,#5907,.T.);
#4366=EDGE_CURVE('',#5332,#5162,#5908,.T.);
#4367=EDGE_CURVE('',#5190,#5169,#5909,.T.);
#4368=EDGE_CURVE('',#5189,#5167,#5910,.T.);
#4369=EDGE_CURVE('',#5191,#5168,#5911,.T.);
#4370=EDGE_CURVE('',#5192,#5174,#5912,.T.);
#4371=EDGE_CURVE('',#5193,#5173,#5913,.T.);
#4372=EDGE_CURVE('',#5194,#5172,#5914,.T.);
#4373=EDGE_CURVE('',#5195,#5171,#5915,.T.);
#4374=EDGE_CURVE('',#5196,#5170,#5916,.T.);
#4375=EDGE_CURVE('',#5334,#5177,#5917,.T.);
#4376=EDGE_CURVE('',#5333,#5175,#5918,.T.);
#4377=EDGE_CURVE('',#5335,#5176,#5919,.T.);
#4378=EDGE_CURVE('',#5336,#5182,#5920,.T.);
#4379=EDGE_CURVE('',#5337,#5181,#5921,.T.);
#4380=EDGE_CURVE('',#5338,#5180,#5922,.T.);
#4381=EDGE_CURVE('',#5339,#5179,#5923,.T.);
#4382=EDGE_CURVE('',#5340,#5178,#5924,.T.);
#4383=EDGE_CURVE('',#5341,#5039,#1292,.T.);
#4384=EDGE_CURVE('',#5342,#5343,#5925,.F.);
#4385=EDGE_CURVE('',#5343,#5344,#5926,.F.);
#4386=EDGE_CURVE('',#5345,#5344,#5927,.F.);
#4387=EDGE_CURVE('',#5342,#5345,#5928,.T.);
#4388=EDGE_CURVE('',#5344,#5346,#1293,.T.);
#4389=EDGE_CURVE('',#5346,#5347,#5929,.F.);
#4390=EDGE_CURVE('',#5347,#5348,#1294,.F.);
#4391=EDGE_CURVE('',#5349,#5348,#5930,.F.);
#4392=EDGE_CURVE('',#5345,#5349,#5931,.T.);
#4393=EDGE_CURVE('',#5348,#5350,#5932,.F.);
#4394=EDGE_CURVE('',#5351,#5350,#5933,.F.);
#4395=EDGE_CURVE('',#5349,#5351,#5934,.F.);
#4396=EDGE_CURVE('',#5352,#5353,#5935,.F.);
#4397=EDGE_CURVE('',#5353,#5343,#1295,.F.);
#4398=EDGE_CURVE('',#5351,#5342,#5936,.F.);
#4399=EDGE_CURVE('',#5350,#5352,#1296,.T.);
#4400=EDGE_CURVE('',#5346,#5353,#5937,.F.);
#4401=EDGE_CURVE('',#5352,#5347,#5938,.T.);
#4402=EDGE_CURVE('',#5354,#5355,#5939,.T.);
#4403=EDGE_CURVE('',#5355,#5356,#1297,.T.);
#4404=EDGE_CURVE('',#5357,#5356,#5940,.T.);
#4405=EDGE_CURVE('',#5357,#5358,#5941,.F.);
#4406=EDGE_CURVE('',#5358,#5359,#5942,.T.);
#4407=EDGE_CURVE('',#5359,#5360,#5943,.T.);
#4408=EDGE_CURVE('',#5361,#5360,#5944,.F.);
#4409=EDGE_CURVE('',#5362,#5361,#5945,.T.);
#4410=EDGE_CURVE('',#5362,#5363,#1298,.T.);
#4411=EDGE_CURVE('',#5363,#5364,#5946,.F.);
#4412=EDGE_CURVE('',#5364,#5354,#1299,.T.);
#4413=EDGE_CURVE('',#5365,#5366,#5947,.F.);
#4414=EDGE_CURVE('',#5366,#5358,#5948,.F.);
#4415=EDGE_CURVE('',#5365,#5357,#5949,.T.);
#4416=EDGE_CURVE('',#5360,#5367,#5950,.F.);
#4417=EDGE_CURVE('',#5368,#5367,#5951,.F.);
#4418=EDGE_CURVE('',#5361,#5368,#5952,.F.);
#4419=EDGE_CURVE('',#5369,#5370,#5953,.T.);
#4420=EDGE_CURVE('',#5370,#5371,#1300,.T.);
#4421=EDGE_CURVE('',#5368,#5371,#5954,.F.);
#4422=EDGE_CURVE('',#5367,#5372,#5955,.T.);
#4423=EDGE_CURVE('',#5372,#5366,#5956,.T.);
#4424=EDGE_CURVE('',#5373,#5365,#5957,.F.);
#4425=EDGE_CURVE('',#5373,#5374,#1301,.T.);
#4426=EDGE_CURVE('',#5374,#5375,#5958,.F.);
#4427=EDGE_CURVE('',#5375,#5369,#1302,.T.);
#4428=EDGE_CURVE('',#5371,#5373,#61,.T.);
#4429=EDGE_CURVE('',#5356,#5376,#62,.T.);
#4430=EDGE_CURVE('',#5377,#5376,#5959,.F.);
#4431=EDGE_CURVE('',#5377,#5378,#63,.T.);
#4432=EDGE_CURVE('',#5379,#5378,#5960,.T.);
#4433=EDGE_CURVE('',#5379,#5362,#64,.T.);
#4434=EDGE_CURVE('',#5372,#5359,#5961,.T.);
#4435=EDGE_CURVE('',#5376,#5379,#65,.T.);
#4436=EDGE_CURVE('',#5380,#5381,#66,.T.);
#4437=EDGE_CURVE('',#5381,#5382,#5962,.F.);
#4438=EDGE_CURVE('',#5382,#5383,#67,.T.);
#4439=EDGE_CURVE('',#5383,#5380,#5963,.T.);
#4440=EDGE_CURVE('',#5384,#5385,#68,.T.);
#4441=EDGE_CURVE('',#5385,#5386,#5964,.F.);
#4442=EDGE_CURVE('',#5386,#5387,#69,.T.);
#4443=EDGE_CURVE('',#5387,#5384,#5965,.T.);
#4444=EDGE_CURVE('',#5375,#5388,#1303,.F.);
#4445=EDGE_CURVE('',#5389,#5374,#1304,.T.);
#4446=EDGE_CURVE('',#5388,#5389,#5966,.F.);
#4447=EDGE_CURVE('',#5390,#5370,#1305,.T.);
#4448=EDGE_CURVE('',#5389,#5390,#70,.F.);
#4449=EDGE_CURVE('',#5388,#5387,#71,.F.);
#4450=EDGE_CURVE('',#5384,#5389,#72,.F.);
#4451=EDGE_CURVE('',#5369,#5391,#1306,.F.);
#4452=EDGE_CURVE('',#5391,#5388,#73,.F.);
#4453=EDGE_CURVE('',#5390,#5391,#5967,.F.);
#4454=EDGE_CURVE('',#5385,#5390,#74,.T.);
#4455=EDGE_CURVE('',#5391,#5386,#75,.T.);
#4456=EDGE_CURVE('',#5392,#5393,#76,.T.);
#4457=EDGE_CURVE('',#5383,#5392,#77,.T.);
#4458=EDGE_CURVE('',#5393,#5382,#78,.T.);
#4459=EDGE_CURVE('',#5364,#5392,#1307,.T.);
#4460=EDGE_CURVE('',#5394,#5363,#1308,.F.);
#4461=EDGE_CURVE('',#5392,#5394,#5968,.F.);
#4462=EDGE_CURVE('',#5394,#5379,#79,.F.);
#4463=EDGE_CURVE('',#5380,#5394,#80,.F.);
#4464=EDGE_CURVE('',#5395,#5381,#81,.F.);
#4465=EDGE_CURVE('',#5393,#5395,#5969,.T.);
#4466=EDGE_CURVE('',#5354,#5393,#1309,.F.);
#4467=EDGE_CURVE('',#5395,#5376,#82,.T.);
#4468=EDGE_CURVE('',#5355,#5395,#1310,.T.);
#4469=EDGE_CURVE('',#5396,#5396,#1311,.T.);
#4470=EDGE_CURVE('',#5397,#5397,#1312,.T.);
#4471=EDGE_CURVE('',#5398,#5398,#1313,.T.);
#4472=EDGE_CURVE('',#5399,#5399,#1314,.T.);
#4473=EDGE_CURVE('',#5400,#5400,#1315,.T.);
#4474=EDGE_CURVE('',#5401,#5401,#1316,.F.);
#4475=EDGE_CURVE('',#5402,#5402,#1317,.F.);
#4476=EDGE_CURVE('',#5403,#5403,#1318,.F.);
#4477=EDGE_CURVE('',#5404,#5404,#1319,.F.);
#4478=EDGE_CURVE('',#5405,#5405,#1320,.T.);
#4479=EDGE_CURVE('',#5406,#5406,#1321,.T.);
#4480=EDGE_CURVE('',#5407,#5407,#1322,.F.);
#4481=EDGE_CURVE('',#5408,#5408,#1323,.T.);
#4482=EDGE_CURVE('',#5409,#5409,#1324,.T.);
#4483=EDGE_CURVE('',#5410,#5410,#1325,.T.);
#4484=EDGE_CURVE('',#5411,#5411,#1326,.T.);
#4485=EDGE_CURVE('',#5412,#5412,#1327,.T.);
#4486=EDGE_CURVE('',#5413,#5413,#1328,.T.);
#4487=EDGE_CURVE('',#5414,#5414,#1329,.T.);
#4488=EDGE_CURVE('',#5415,#5415,#1330,.T.);
#4489=EDGE_CURVE('',#5416,#5417,#5970,.T.);
#4490=EDGE_CURVE('',#5417,#5418,#1331,.F.);
#4491=EDGE_CURVE('',#5418,#5419,#5971,.T.);
#4492=EDGE_CURVE('',#5419,#5420,#1332,.F.);
#4493=EDGE_CURVE('',#5421,#5420,#5972,.T.);
#4494=EDGE_CURVE('',#5421,#5422,#1333,.F.);
#4495=EDGE_CURVE('',#5423,#5422,#5973,.T.);
#4496=EDGE_CURVE('',#5423,#5416,#1334,.F.);
#4497=EDGE_CURVE('',#5424,#5425,#5974,.T.);
#4498=EDGE_CURVE('',#5425,#5426,#5975,.T.);
#4499=EDGE_CURVE('',#5427,#5426,#5976,.T.);
#4500=EDGE_CURVE('',#5424,#5427,#5977,.T.);
#4501=EDGE_CURVE('',#5425,#5428,#5978,.T.);
#4502=EDGE_CURVE('',#5424,#5429,#5979,.T.);
#4503=EDGE_CURVE('',#5429,#5428,#5980,.T.);
#4504=EDGE_CURVE('',#5428,#5430,#5981,.T.);
#4505=EDGE_CURVE('',#5429,#5431,#5982,.T.);
#4506=EDGE_CURVE('',#5431,#5430,#5983,.T.);
#4507=EDGE_CURVE('',#5426,#5430,#5984,.T.);
#4508=EDGE_CURVE('',#5427,#5431,#5985,.T.);
#4509=EDGE_CURVE('',#5432,#5433,#5986,.T.);
#4510=EDGE_CURVE('',#5433,#5417,#5987,.T.);
#4511=EDGE_CURVE('',#5416,#5432,#5988,.F.);
#4512=EDGE_CURVE('',#5422,#5434,#5989,.F.);
#4513=EDGE_CURVE('',#5435,#5434,#5990,.T.);
#4514=EDGE_CURVE('',#5435,#5423,#5991,.T.);
#4515=EDGE_CURVE('',#5420,#5436,#5992,.F.);
#4516=EDGE_CURVE('',#5437,#5436,#5993,.T.);
#4517=EDGE_CURVE('',#5437,#5421,#5994,.T.);
#4518=EDGE_CURVE('',#5418,#5438,#5995,.F.);
#4519=EDGE_CURVE('',#5438,#5439,#5996,.T.);
#4520=EDGE_CURVE('',#5439,#5419,#5997,.T.);
#4521=EDGE_CURVE('',#5440,#5440,#1335,.F.);
#4522=EDGE_CURVE('',#5441,#5441,#1336,.F.);
#4523=EDGE_CURVE('',#5442,#5442,#1337,.F.);
#4524=EDGE_CURVE('',#5443,#5443,#1338,.F.);
#4525=EDGE_CURVE('',#5444,#5444,#1339,.F.);
#4526=EDGE_CURVE('',#5445,#5445,#1340,.F.);
#4527=EDGE_CURVE('',#5438,#5433,#1341,.T.);
#4528=EDGE_CURVE('',#5432,#5435,#1342,.T.);
#4529=EDGE_CURVE('',#5434,#5437,#1343,.T.);
#4530=EDGE_CURVE('',#5436,#5439,#1344,.T.);
#4531=EDGE_CURVE('',#5446,#5446,#1345,.T.);
#4532=EDGE_CURVE('',#5447,#5447,#1346,.T.);
#4533=EDGE_CURVE('',#5448,#5448,#1347,.T.);
#4534=EDGE_CURVE('',#5449,#5449,#1348,.T.);
#4535=EDGE_CURVE('',#5450,#5450,#1349,.T.);
#4536=EDGE_CURVE('',#5451,#5451,#1350,.T.);
#4537=EDGE_CURVE('',#5452,#5452,#1351,.T.);
#4538=EDGE_CURVE('',#5453,#5453,#1352,.T.);
#4539=EDGE_CURVE('',#5454,#5454,#1353,.T.);
#4540=EDGE_CURVE('',#5455,#5455,#1354,.T.);
#4541=EDGE_CURVE('',#5456,#5456,#1355,.T.);
#4542=EDGE_CURVE('',#5457,#5457,#1356,.T.);
#4543=EDGE_CURVE('',#5458,#5459,#1357,.T.);
#4544=EDGE_CURVE('',#5460,#5458,#5998,.T.);
#4545=EDGE_CURVE('',#5460,#5461,#5999,.F.);
#4546=EDGE_CURVE('',#5461,#5462,#6000,.T.);
#4547=EDGE_CURVE('',#5462,#5463,#6001,.T.);
#4548=EDGE_CURVE('',#5464,#5463,#6002,.T.);
#4549=EDGE_CURVE('',#5465,#5464,#1358,.T.);
#4550=EDGE_CURVE('',#5466,#5465,#6003,.T.);
#4551=EDGE_CURVE('',#5467,#5466,#1359,.T.);
#4552=EDGE_CURVE('',#5467,#5468,#6004,.T.);
#4553=EDGE_CURVE('',#5469,#5468,#1360,.T.);
#4554=EDGE_CURVE('',#5469,#5459,#6005,.T.);
#4555=EDGE_CURVE('',#5470,#5471,#6006,.F.);
#4556=EDGE_CURVE('',#5471,#5472,#6007,.T.);
#4557=EDGE_CURVE('',#5472,#5473,#6008,.T.);
#4558=EDGE_CURVE('',#5473,#5470,#6009,.F.);
#4559=EDGE_CURVE('',#5474,#5475,#6010,.T.);
#4560=EDGE_CURVE('',#5475,#5476,#6011,.F.);
#4561=EDGE_CURVE('',#5476,#5477,#6012,.F.);
#4562=EDGE_CURVE('',#5477,#5474,#6013,.T.);
#4563=EDGE_CURVE('',#5478,#5479,#6014,.T.);
#4564=EDGE_CURVE('',#5478,#5480,#6015,.T.);
#4565=EDGE_CURVE('',#5480,#5481,#6016,.T.);
#4566=EDGE_CURVE('',#5479,#5481,#6017,.T.);
#4567=EDGE_CURVE('',#5479,#5482,#6018,.T.);
#4568=EDGE_CURVE('',#5482,#5483,#1361,.T.);
#4569=EDGE_CURVE('',#5484,#5483,#6019,.T.);
#4570=EDGE_CURVE('',#5484,#5485,#1362,.T.);
#4571=EDGE_CURVE('',#5486,#5485,#6020,.T.);
#4572=EDGE_CURVE('',#5486,#5487,#1363,.T.);
#4573=EDGE_CURVE('',#5487,#5488,#6021,.T.);
#4574=EDGE_CURVE('',#5488,#5489,#1364,.T.);
#4575=EDGE_CURVE('',#5489,#5490,#6022,.T.);
#4576=EDGE_CURVE('',#5491,#5490,#6023,.T.);
#4577=EDGE_CURVE('',#5491,#5478,#6024,.F.);
#4578=EDGE_CURVE('',#5492,#5493,#6025,.T.);
#4579=EDGE_CURVE('',#5492,#5491,#6026,.F.);
#4580=EDGE_CURVE('',#5490,#5493,#6027,.T.);
#4581=EDGE_CURVE('',#5480,#5492,#6028,.T.);
#4582=EDGE_CURVE('',#5481,#5493,#6029,.T.);
#4583=EDGE_CURVE('',#5494,#5495,#6030,.T.);
#4584=EDGE_CURVE('',#5494,#5496,#6031,.F.);
#4585=EDGE_CURVE('',#5496,#5497,#6032,.T.);
#4586=EDGE_CURVE('',#5497,#5495,#6033,.T.);
#4587=EDGE_CURVE('',#5498,#5499,#6034,.F.);
#4588=EDGE_CURVE('',#5499,#5500,#6035,.F.);
#4589=EDGE_CURVE('',#5500,#5501,#6036,.T.);
#4590=EDGE_CURVE('',#5501,#5502,#6037,.T.);
#4591=EDGE_CURVE('',#5502,#5503,#6038,.F.);
#4592=EDGE_CURVE('',#5503,#5504,#6039,.F.);
#4593=EDGE_CURVE('',#5504,#5505,#6040,.T.);
#4594=EDGE_CURVE('',#5505,#5498,#6041,.F.);
#4595=EDGE_CURVE('',#5506,#5506,#1365,.T.);
#4596=EDGE_CURVE('',#5507,#5507,#1366,.T.);
#4597=EDGE_CURVE('',#5508,#5508,#1367,.T.);
#4598=EDGE_CURVE('',#5509,#5509,#1368,.T.);
#4599=EDGE_CURVE('',#5510,#5510,#1369,.T.);
#4600=EDGE_CURVE('',#5511,#5511,#1370,.T.);
#4601=EDGE_CURVE('',#5458,#5482,#6042,.F.);
#4602=EDGE_CURVE('',#5489,#5464,#6043,.T.);
#4603=EDGE_CURVE('',#5463,#5494,#1371,.F.);
#4604=EDGE_CURVE('',#5495,#5475,#1372,.F.);
#4605=EDGE_CURVE('',#5474,#5473,#1373,.F.);
#4606=EDGE_CURVE('',#5472,#5460,#1374,.F.);
#4607=EDGE_CURVE('',#5476,#5502,#29,.F.);
#4608=EDGE_CURVE('',#5501,#5477,#30,.T.);
#4609=EDGE_CURVE('',#5500,#5471,#31,.T.);
#4610=EDGE_CURVE('',#5470,#5501,#32,.F.);
#4611=EDGE_CURVE('',#5496,#5503,#33,.F.);
#4612=EDGE_CURVE('',#5502,#5497,#34,.T.);
#4613=EDGE_CURVE('',#5492,#5505,#35,.T.);
#4614=EDGE_CURVE('',#5498,#5480,#36,.F.);
#4615=EDGE_CURVE('',#5499,#5512,#37,.F.);
#4616=EDGE_CURVE('',#5512,#5478,#38,.F.);
#4617=EDGE_CURVE('',#5461,#5500,#39,.F.);
#4618=EDGE_CURVE('',#5513,#5512,#6044,.F.);
#4619=EDGE_CURVE('',#5504,#5513,#40,.F.);
#4620=EDGE_CURVE('',#5503,#5462,#41,.T.);
#4621=EDGE_CURVE('',#5491,#5513,#42,.T.);
#4622=EDGE_CURVE('',#5461,#5471,#1375,.T.);
#4623=EDGE_CURVE('',#5496,#5462,#1376,.T.);
#4624=EDGE_CURVE('',#5476,#5497,#1377,.T.);
#4625=EDGE_CURVE('',#5470,#5477,#1378,.T.);
#4626=EDGE_CURVE('',#5483,#5459,#6045,.T.);
#4627=EDGE_CURVE('',#5484,#5469,#6046,.T.);
#4628=EDGE_CURVE('',#5485,#5468,#6047,.T.);
#4629=EDGE_CURVE('',#5486,#5467,#6048,.T.);
#4630=EDGE_CURVE('',#5487,#5466,#6049,.T.);
#4631=EDGE_CURVE('',#5488,#5465,#6050,.T.);
#4632=EDGE_CURVE('',#5515,#5515,#1379,.T.);
#4633=EDGE_CURVE('',#5517,#5517,#1380,.T.);
#4634=EDGE_CURVE('',#5519,#5519,#1381,.T.);
#4635=EDGE_CURVE('',#5521,#5521,#1382,.T.);
#4636=EDGE_CURVE('',#5523,#5523,#1383,.T.);
#4637=EDGE_CURVE('',#5525,#5525,#1384,.T.);
#4638=EDGE_CURVE('',#5526,#5527,#6051,.T.);
#4639=EDGE_CURVE('',#5528,#5526,#6052,.T.);
#4640=EDGE_CURVE('',#5529,#5528,#6053,.T.);
#4641=EDGE_CURVE('',#5529,#5527,#6054,.T.);
#4642=EDGE_CURVE('',#5530,#5531,#6055,.T.);
#4643=EDGE_CURVE('',#5532,#5530,#6056,.T.);
#4644=EDGE_CURVE('',#5533,#5532,#6057,.T.);
#4645=EDGE_CURVE('',#5533,#5531,#6058,.T.);
#4646=EDGE_CURVE('',#5528,#5534,#83,.T.);
#4647=EDGE_CURVE('',#5534,#5535,#6059,.T.);
#4648=EDGE_CURVE('',#5535,#5529,#1385,.T.);
#4649=EDGE_CURVE('',#5536,#5526,#84,.T.);
#4650=EDGE_CURVE('',#5527,#5537,#1386,.T.);
#4651=EDGE_CURVE('',#5537,#5536,#6060,.T.);
#4652=EDGE_CURVE('',#5538,#5539,#6061,.T.);
#4653=EDGE_CURVE('',#5536,#5538,#85,.F.);
#4654=EDGE_CURVE('',#5537,#5539,#6062,.T.);
#4655=EDGE_CURVE('',#5532,#5538,#86,.T.);
#4656=EDGE_CURVE('',#5539,#5533,#1387,.T.);
#4657=EDGE_CURVE('',#5540,#5541,#6063,.T.);
#4658=EDGE_CURVE('',#5541,#5542,#6064,.T.);
#4659=EDGE_CURVE('',#5542,#5543,#6065,.T.);
#4660=EDGE_CURVE('',#5543,#5540,#6066,.T.);
#4661=EDGE_CURVE('',#5531,#5544,#1388,.T.);
#4662=EDGE_CURVE('',#5544,#5535,#6067,.T.);
#4663=EDGE_CURVE('',#5544,#5545,#6068,.T.);
#4664=EDGE_CURVE('',#5545,#5534,#6069,.T.);
#4665=EDGE_CURVE('',#5545,#5530,#87,.T.);
#4666=EDGE_CURVE('',#5543,#5546,#6070,.T.);
#4667=EDGE_CURVE('',#5546,#5547,#6071,.T.);
#4668=EDGE_CURVE('',#5540,#5547,#6072,.T.);
#4669=EDGE_CURVE('',#5542,#5548,#6073,.T.);
#4670=EDGE_CURVE('',#5548,#5546,#6074,.T.);
#4671=EDGE_CURVE('',#5541,#5549,#6075,.T.);
#4672=EDGE_CURVE('',#5549,#5548,#6076,.T.);
#4673=EDGE_CURVE('',#5547,#5549,#6077,.T.);
#4674=EDGE_CURVE('',#5550,#5550,#1389,.T.);
#4675=EDGE_CURVE('',#5551,#5552,#88,.T.);
#4676=EDGE_CURVE('',#5552,#5551,#89,.F.);
#4677=EDGE_CURVE('',#5553,#5554,#90,.F.);
#4678=EDGE_CURVE('',#5555,#5553,#91,.F.);
#4679=EDGE_CURVE('',#5556,#5555,#92,.F.);
#4680=EDGE_CURVE('',#5557,#5556,#93,.F.);
#4681=EDGE_CURVE('',#5558,#5557,#94,.F.);
#4682=EDGE_CURVE('',#5559,#5558,#95,.F.);
#4683=EDGE_CURVE('',#5560,#5559,#96,.F.);
#4684=EDGE_CURVE('',#5561,#5560,#97,.F.);
#4685=EDGE_CURVE('',#5562,#5561,#98,.F.);
#4686=EDGE_CURVE('',#5554,#5562,#99,.F.);
#4687=EDGE_CURVE('',#5563,#5563,#1390,.T.);
#4688=EDGE_CURVE('',#5564,#5565,#6078,.T.);
#4689=EDGE_CURVE('',#5564,#5566,#6079,.T.);
#4690=EDGE_CURVE('',#5566,#5567,#6080,.T.);
#4691=EDGE_CURVE('',#5565,#5567,#6081,.T.);
#4692=EDGE_CURVE('',#5568,#5564,#6082,.T.);
#4693=EDGE_CURVE('',#5568,#5569,#6083,.T.);
#4694=EDGE_CURVE('',#5569,#5566,#6084,.T.);
#4695=EDGE_CURVE('',#5570,#5571,#6085,.T.);
#4696=EDGE_CURVE('',#5570,#5572,#6086,.T.);
#4697=EDGE_CURVE('',#5572,#5573,#6087,.T.);
#4698=EDGE_CURVE('',#5571,#5573,#6088,.T.);
#4699=EDGE_CURVE('',#5574,#5570,#6089,.T.);
#4700=EDGE_CURVE('',#5574,#5575,#6090,.T.);
#4701=EDGE_CURVE('',#5575,#5572,#6091,.T.);
#4702=EDGE_CURVE('',#5576,#5574,#6092,.T.);
#4703=EDGE_CURVE('',#5576,#5577,#6093,.T.);
#4704=EDGE_CURVE('',#5577,#5575,#6094,.T.);
#4705=EDGE_CURVE('',#5565,#5576,#6095,.T.);
#4706=EDGE_CURVE('',#5567,#5577,#6096,.T.);
#4707=EDGE_CURVE('',#5578,#5579,#6097,.T.);
#4708=EDGE_CURVE('',#5580,#5578,#6098,.T.);
#4709=EDGE_CURVE('',#5573,#5580,#6099,.T.);
#4710=EDGE_CURVE('',#5581,#5569,#6100,.T.);
#4711=EDGE_CURVE('',#5582,#5581,#6101,.T.);
#4712=EDGE_CURVE('',#5579,#5582,#6102,.T.);
#4713=EDGE_CURVE('',#5583,#5584,#6103,.T.);
#4714=EDGE_CURVE('',#5585,#5583,#6104,.T.);
#4715=EDGE_CURVE('',#5586,#5585,#6105,.T.);
#4716=EDGE_CURVE('',#5587,#5586,#6106,.T.);
#4717=EDGE_CURVE('',#5588,#5587,#6107,.T.);
#4718=EDGE_CURVE('',#5589,#5588,#6108,.T.);
#4719=EDGE_CURVE('',#5590,#5589,#6109,.T.);
#4720=EDGE_CURVE('',#5591,#5590,#6110,.T.);
#4721=EDGE_CURVE('',#5592,#5591,#6111,.T.);
#4722=EDGE_CURVE('',#5593,#5592,#6112,.T.);
#4723=EDGE_CURVE('',#5594,#5593,#6113,.T.);
#4724=EDGE_CURVE('',#5584,#5594,#6114,.T.);
#4725=EDGE_CURVE('',#5571,#5595,#6115,.T.);
#4726=EDGE_CURVE('',#5595,#5580,#6116,.T.);
#4727=EDGE_CURVE('',#5595,#5596,#6117,.T.);
#4728=EDGE_CURVE('',#5596,#5578,#6118,.T.);
#4729=EDGE_CURVE('',#5596,#5597,#6119,.T.);
#4730=EDGE_CURVE('',#5597,#5579,#6120,.T.);
#4731=EDGE_CURVE('',#5597,#5598,#6121,.T.);
#4732=EDGE_CURVE('',#5598,#5582,#6122,.T.);
#4733=EDGE_CURVE('',#5598,#5599,#6123,.T.);
#4734=EDGE_CURVE('',#5599,#5581,#6124,.T.);
#4735=EDGE_CURVE('',#5599,#5568,#6125,.T.);
#4736=EDGE_CURVE('',#5587,#5598,#6126,.T.);
#4737=EDGE_CURVE('',#5586,#5597,#6127,.T.);
#4738=EDGE_CURVE('',#5588,#5599,#6128,.T.);
#4739=EDGE_CURVE('',#5589,#5568,#6129,.T.);
#4740=EDGE_CURVE('',#5595,#5583,#6130,.T.);
#4741=EDGE_CURVE('',#5585,#5596,#6131,.T.);
#4742=EDGE_CURVE('',#5590,#5564,#6132,.T.);
#4743=EDGE_CURVE('',#5591,#5565,#6133,.T.);
#4744=EDGE_CURVE('',#5592,#5576,#6134,.T.);
#4745=EDGE_CURVE('',#5593,#5574,#6135,.T.);
#4746=EDGE_CURVE('',#5594,#5570,#6136,.T.);
#4747=EDGE_CURVE('',#5584,#5571,#6137,.T.);
#4748=VERTEX_POINT('',#13434);
#4749=VERTEX_POINT('',#13435);
#4750=VERTEX_POINT('',#13437);
#4751=VERTEX_POINT('',#13439);
#4752=VERTEX_POINT('',#13443);
#4753=VERTEX_POINT('',#13444);
#4754=VERTEX_POINT('',#13449);
#4755=VERTEX_POINT('',#13451);
#4756=VERTEX_POINT('',#13456);
#4757=VERTEX_POINT('',#13458);
#4758=VERTEX_POINT('',#13460);
#4759=VERTEX_POINT('',#13462);
#4760=VERTEX_POINT('',#13464);
#4761=VERTEX_POINT('',#13466);
#4762=VERTEX_POINT('',#13468);
#4763=VERTEX_POINT('',#13470);
#4764=VERTEX_POINT('',#13472);
#4765=VERTEX_POINT('',#13474);
#4766=VERTEX_POINT('',#13476);
#4767=VERTEX_POINT('',#13478);
#4768=VERTEX_POINT('',#13480);
#4769=VERTEX_POINT('',#13482);
#4770=VERTEX_POINT('',#13484);
#4771=VERTEX_POINT('',#13486);
#4772=VERTEX_POINT('',#13488);
#4773=VERTEX_POINT('',#13490);
#4774=VERTEX_POINT('',#13492);
#4775=VERTEX_POINT('',#13494);
#4776=VERTEX_POINT('',#13496);
#4777=VERTEX_POINT('',#13498);
#4778=VERTEX_POINT('',#13500);
#4779=VERTEX_POINT('',#13502);
#4780=VERTEX_POINT('',#13504);
#4781=VERTEX_POINT('',#13506);
#4782=VERTEX_POINT('',#13508);
#4783=VERTEX_POINT('',#13510);
#4784=VERTEX_POINT('',#13512);
#4785=VERTEX_POINT('',#13514);
#4786=VERTEX_POINT('',#13516);
#4787=VERTEX_POINT('',#13518);
#4788=VERTEX_POINT('',#13520);
#4789=VERTEX_POINT('',#13522);
#4790=VERTEX_POINT('',#13524);
#4791=VERTEX_POINT('',#13526);
#4792=VERTEX_POINT('',#13528);
#4793=VERTEX_POINT('',#13530);
#4794=VERTEX_POINT('',#13532);
#4795=VERTEX_POINT('',#13534);
#4796=VERTEX_POINT('',#13536);
#4797=VERTEX_POINT('',#13538);
#4798=VERTEX_POINT('',#13540);
#4799=VERTEX_POINT('',#13542);
#4800=VERTEX_POINT('',#13544);
#4801=VERTEX_POINT('',#13546);
#4802=VERTEX_POINT('',#13548);
#4803=VERTEX_POINT('',#13550);
#4804=VERTEX_POINT('',#13552);
#4805=VERTEX_POINT('',#13554);
#4806=VERTEX_POINT('',#13556);
#4807=VERTEX_POINT('',#13558);
#4808=VERTEX_POINT('',#13560);
#4809=VERTEX_POINT('',#13562);
#4810=VERTEX_POINT('',#13564);
#4811=VERTEX_POINT('',#13566);
#4812=VERTEX_POINT('',#13568);
#4813=VERTEX_POINT('',#13570);
#4814=VERTEX_POINT('',#13572);
#4815=VERTEX_POINT('',#13574);
#4816=VERTEX_POINT('',#13576);
#4817=VERTEX_POINT('',#13578);
#4818=VERTEX_POINT('',#13580);
#4819=VERTEX_POINT('',#13582);
#4820=VERTEX_POINT('',#13584);
#4821=VERTEX_POINT('',#13586);
#4822=VERTEX_POINT('',#13588);
#4823=VERTEX_POINT('',#13590);
#4824=VERTEX_POINT('',#13592);
#4825=VERTEX_POINT('',#13594);
#4826=VERTEX_POINT('',#13596);
#4827=VERTEX_POINT('',#13598);
#4828=VERTEX_POINT('',#13600);
#4829=VERTEX_POINT('',#13602);
#4830=VERTEX_POINT('',#13604);
#4831=VERTEX_POINT('',#13606);
#4832=VERTEX_POINT('',#13608);
#4833=VERTEX_POINT('',#13610);
#4834=VERTEX_POINT('',#13612);
#4835=VERTEX_POINT('',#13614);
#4836=VERTEX_POINT('',#13616);
#4837=VERTEX_POINT('',#13618);
#4838=VERTEX_POINT('',#13620);
#4839=VERTEX_POINT('',#13622);
#4840=VERTEX_POINT('',#13624);
#4841=VERTEX_POINT('',#13626);
#4842=VERTEX_POINT('',#13628);
#4843=VERTEX_POINT('',#13630);
#4844=VERTEX_POINT('',#13632);
#4845=VERTEX_POINT('',#13634);
#4846=VERTEX_POINT('',#13636);
#4847=VERTEX_POINT('',#13638);
#4848=VERTEX_POINT('',#13640);
#4849=VERTEX_POINT('',#13642);
#4850=VERTEX_POINT('',#13644);
#4851=VERTEX_POINT('',#13646);
#4852=VERTEX_POINT('',#13648);
#4853=VERTEX_POINT('',#13650);
#4854=VERTEX_POINT('',#13652);
#4855=VERTEX_POINT('',#13654);
#4856=VERTEX_POINT('',#13656);
#4857=VERTEX_POINT('',#13658);
#4858=VERTEX_POINT('',#13660);
#4859=VERTEX_POINT('',#13662);
#4860=VERTEX_POINT('',#13664);
#4861=VERTEX_POINT('',#13666);
#4862=VERTEX_POINT('',#13668);
#4863=VERTEX_POINT('',#13670);
#4864=VERTEX_POINT('',#13672);
#4865=VERTEX_POINT('',#13674);
#4866=VERTEX_POINT('',#13676);
#4867=VERTEX_POINT('',#13678);
#4868=VERTEX_POINT('',#13680);
#4869=VERTEX_POINT('',#13682);
#4870=VERTEX_POINT('',#13684);
#4871=VERTEX_POINT('',#13686);
#4872=VERTEX_POINT('',#13688);
#4873=VERTEX_POINT('',#13690);
#4874=VERTEX_POINT('',#13692);
#4875=VERTEX_POINT('',#13694);
#4876=VERTEX_POINT('',#13696);
#4877=VERTEX_POINT('',#13698);
#4878=VERTEX_POINT('',#13700);
#4879=VERTEX_POINT('',#13702);
#4880=VERTEX_POINT('',#13704);
#4881=VERTEX_POINT('',#13706);
#4882=VERTEX_POINT('',#13708);
#4883=VERTEX_POINT('',#13710);
#4884=VERTEX_POINT('',#13712);
#4885=VERTEX_POINT('',#13714);
#4886=VERTEX_POINT('',#13718);
#4887=VERTEX_POINT('',#13720);
#4888=VERTEX_POINT('',#13722);
#4889=VERTEX_POINT('',#13724);
#4890=VERTEX_POINT('',#13726);
#4891=VERTEX_POINT('',#13728);
#4892=VERTEX_POINT('',#13730);
#4893=VERTEX_POINT('',#13732);
#4894=VERTEX_POINT('',#13734);
#4895=VERTEX_POINT('',#13736);
#4896=VERTEX_POINT('',#13738);
#4897=VERTEX_POINT('',#13740);
#4898=VERTEX_POINT('',#13742);
#4899=VERTEX_POINT('',#13744);
#4900=VERTEX_POINT('',#13746);
#4901=VERTEX_POINT('',#13748);
#4902=VERTEX_POINT('',#13750);
#4903=VERTEX_POINT('',#13752);
#4904=VERTEX_POINT('',#13754);
#4905=VERTEX_POINT('',#13756);
#4906=VERTEX_POINT('',#13758);
#4907=VERTEX_POINT('',#13760);
#4908=VERTEX_POINT('',#13762);
#4909=VERTEX_POINT('',#13764);
#4910=VERTEX_POINT('',#13766);
#4911=VERTEX_POINT('',#13768);
#4912=VERTEX_POINT('',#13770);
#4913=VERTEX_POINT('',#13772);
#4914=VERTEX_POINT('',#13774);
#4915=VERTEX_POINT('',#13776);
#4916=VERTEX_POINT('',#13778);
#4917=VERTEX_POINT('',#13780);
#4918=VERTEX_POINT('',#13782);
#4919=VERTEX_POINT('',#13784);
#4920=VERTEX_POINT('',#13786);
#4921=VERTEX_POINT('',#13788);
#4922=VERTEX_POINT('',#13790);
#4923=VERTEX_POINT('',#13792);
#4924=VERTEX_POINT('',#13794);
#4925=VERTEX_POINT('',#13796);
#4926=VERTEX_POINT('',#13798);
#4927=VERTEX_POINT('',#13800);
#4928=VERTEX_POINT('',#13802);
#4929=VERTEX_POINT('',#13804);
#4930=VERTEX_POINT('',#13806);
#4931=VERTEX_POINT('',#13808);
#4932=VERTEX_POINT('',#13810);
#4933=VERTEX_POINT('',#13812);
#4934=VERTEX_POINT('',#13814);
#4935=VERTEX_POINT('',#13816);
#4936=VERTEX_POINT('',#13818);
#4937=VERTEX_POINT('',#13820);
#4938=VERTEX_POINT('',#13822);
#4939=VERTEX_POINT('',#13824);
#4940=VERTEX_POINT('',#13826);
#4941=VERTEX_POINT('',#13828);
#4942=VERTEX_POINT('',#13830);
#4943=VERTEX_POINT('',#13832);
#4944=VERTEX_POINT('',#13834);
#4945=VERTEX_POINT('',#13836);
#4946=VERTEX_POINT('',#13838);
#4947=VERTEX_POINT('',#13840);
#4948=VERTEX_POINT('',#13842);
#4949=VERTEX_POINT('',#13844);
#4950=VERTEX_POINT('',#13846);
#4951=VERTEX_POINT('',#13848);
#4952=VERTEX_POINT('',#13850);
#4953=VERTEX_POINT('',#13852);
#4954=VERTEX_POINT('',#13854);
#4955=VERTEX_POINT('',#13856);
#4956=VERTEX_POINT('',#13858);
#4957=VERTEX_POINT('',#13860);
#4958=VERTEX_POINT('',#13862);
#4959=VERTEX_POINT('',#13864);
#4960=VERTEX_POINT('',#13866);
#4961=VERTEX_POINT('',#13868);
#4962=VERTEX_POINT('',#13870);
#4963=VERTEX_POINT('',#13872);
#4964=VERTEX_POINT('',#13874);
#4965=VERTEX_POINT('',#13876);
#4966=VERTEX_POINT('',#13878);
#4967=VERTEX_POINT('',#13880);
#4968=VERTEX_POINT('',#13882);
#4969=VERTEX_POINT('',#13884);
#4970=VERTEX_POINT('',#13886);
#4971=VERTEX_POINT('',#13888);
#4972=VERTEX_POINT('',#13890);
#4973=VERTEX_POINT('',#13892);
#4974=VERTEX_POINT('',#13894);
#4975=VERTEX_POINT('',#13896);
#4976=VERTEX_POINT('',#13898);
#4977=VERTEX_POINT('',#13900);
#4978=VERTEX_POINT('',#13902);
#4979=VERTEX_POINT('',#13904);
#4980=VERTEX_POINT('',#13906);
#4981=VERTEX_POINT('',#13908);
#4982=VERTEX_POINT('',#13910);
#4983=VERTEX_POINT('',#13912);
#4984=VERTEX_POINT('',#13914);
#4985=VERTEX_POINT('',#13916);
#4986=VERTEX_POINT('',#13918);
#4987=VERTEX_POINT('',#13920);
#4988=VERTEX_POINT('',#13922);
#4989=VERTEX_POINT('',#13924);
#4990=VERTEX_POINT('',#13926);
#4991=VERTEX_POINT('',#13928);
#4992=VERTEX_POINT('',#13930);
#4993=VERTEX_POINT('',#13932);
#4994=VERTEX_POINT('',#13934);
#4995=VERTEX_POINT('',#13936);
#4996=VERTEX_POINT('',#13938);
#4997=VERTEX_POINT('',#13940);
#4998=VERTEX_POINT('',#13942);
#4999=VERTEX_POINT('',#13944);
#5000=VERTEX_POINT('',#13946);
#5001=VERTEX_POINT('',#13948);
#5002=VERTEX_POINT('',#13950);
#5003=VERTEX_POINT('',#13952);
#5004=VERTEX_POINT('',#13954);
#5005=VERTEX_POINT('',#13956);
#5006=VERTEX_POINT('',#13958);
#5007=VERTEX_POINT('',#13960);
#5008=VERTEX_POINT('',#13962);
#5009=VERTEX_POINT('',#13964);
#5010=VERTEX_POINT('',#13966);
#5011=VERTEX_POINT('',#13968);
#5012=VERTEX_POINT('',#13970);
#5013=VERTEX_POINT('',#13972);
#5014=VERTEX_POINT('',#13974);
#5015=VERTEX_POINT('',#13976);
#5016=VERTEX_POINT('',#14111);
#5017=VERTEX_POINT('',#14112);
#5018=VERTEX_POINT('',#14114);
#5019=VERTEX_POINT('',#14116);
#5020=VERTEX_POINT('',#14120);
#5021=VERTEX_POINT('',#14121);
#5022=VERTEX_POINT('',#14123);
#5023=VERTEX_POINT('',#14127);
#5024=VERTEX_POINT('',#14129);
#5025=VERTEX_POINT('',#14131);
#5026=VERTEX_POINT('',#14133);
#5027=VERTEX_POINT('',#14135);
#5028=VERTEX_POINT('',#14137);
#5029=VERTEX_POINT('',#14139);
#5030=VERTEX_POINT('',#14140);
#5031=VERTEX_POINT('',#14142);
#5032=VERTEX_POINT('',#14144);
#5033=VERTEX_POINT('',#14146);
#5034=VERTEX_POINT('',#14148);
#5035=VERTEX_POINT('',#14150);
#5036=VERTEX_POINT('',#14152);
#5037=VERTEX_POINT('',#14154);
#5038=VERTEX_POINT('',#14156);
#5039=VERTEX_POINT('',#14158);
#5040=VERTEX_POINT('',#14161);
#5041=VERTEX_POINT('',#14163);
#5042=VERTEX_POINT('',#14165);
#5043=VERTEX_POINT('',#14167);
#5044=VERTEX_POINT('',#14169);
#5045=VERTEX_POINT('',#14171);
#5046=VERTEX_POINT('',#14173);
#5047=VERTEX_POINT('',#14176);
#5048=VERTEX_POINT('',#14177);
#5049=VERTEX_POINT('',#14179);
#5050=VERTEX_POINT('',#14181);
#5051=VERTEX_POINT('',#14183);
#5052=VERTEX_POINT('',#14185);
#5053=VERTEX_POINT('',#14187);
#5054=VERTEX_POINT('',#14189);
#5055=VERTEX_POINT('',#14192);
#5056=VERTEX_POINT('',#14193);
#5057=VERTEX_POINT('',#14195);
#5058=VERTEX_POINT('',#14197);
#5059=VERTEX_POINT('',#14199);
#5060=VERTEX_POINT('',#14201);
#5061=VERTEX_POINT('',#14203);
#5062=VERTEX_POINT('',#14205);
#5063=VERTEX_POINT('',#14208);
#5064=VERTEX_POINT('',#14209);
#5065=VERTEX_POINT('',#14211);
#5066=VERTEX_POINT('',#14213);
#5067=VERTEX_POINT('',#14215);
#5068=VERTEX_POINT('',#14217);
#5069=VERTEX_POINT('',#14219);
#5070=VERTEX_POINT('',#14221);
#5071=VERTEX_POINT('',#14224);
#5072=VERTEX_POINT('',#14225);
#5073=VERTEX_POINT('',#14227);
#5074=VERTEX_POINT('',#14229);
#5075=VERTEX_POINT('',#14231);
#5076=VERTEX_POINT('',#14233);
#5077=VERTEX_POINT('',#14235);
#5078=VERTEX_POINT('',#14237);
#5079=VERTEX_POINT('',#14240);
#5080=VERTEX_POINT('',#14241);
#5081=VERTEX_POINT('',#14243);
#5082=VERTEX_POINT('',#14245);
#5083=VERTEX_POINT('',#14247);
#5084=VERTEX_POINT('',#14249);
#5085=VERTEX_POINT('',#14251);
#5086=VERTEX_POINT('',#14253);
#5087=VERTEX_POINT('',#14256);
#5088=VERTEX_POINT('',#14257);
#5089=VERTEX_POINT('',#14259);
#5090=VERTEX_POINT('',#14261);
#5091=VERTEX_POINT('',#14263);
#5092=VERTEX_POINT('',#14265);
#5093=VERTEX_POINT('',#14267);
#5094=VERTEX_POINT('',#14269);
#5095=VERTEX_POINT('',#14272);
#5096=VERTEX_POINT('',#14273);
#5097=VERTEX_POINT('',#14275);
#5098=VERTEX_POINT('',#14277);
#5099=VERTEX_POINT('',#14279);
#5100=VERTEX_POINT('',#14281);
#5101=VERTEX_POINT('',#14283);
#5102=VERTEX_POINT('',#14285);
#5103=VERTEX_POINT('',#14288);
#5104=VERTEX_POINT('',#14289);
#5105=VERTEX_POINT('',#14291);
#5106=VERTEX_POINT('',#14293);
#5107=VERTEX_POINT('',#14295);
#5108=VERTEX_POINT('',#14297);
#5109=VERTEX_POINT('',#14299);
#5110=VERTEX_POINT('',#14301);
#5111=VERTEX_POINT('',#14304);
#5112=VERTEX_POINT('',#14305);
#5113=VERTEX_POINT('',#14307);
#5114=VERTEX_POINT('',#14309);
#5115=VERTEX_POINT('',#14311);
#5116=VERTEX_POINT('',#14313);
#5117=VERTEX_POINT('',#14315);
#5118=VERTEX_POINT('',#14317);
#5119=VERTEX_POINT('',#14320);
#5120=VERTEX_POINT('',#14321);
#5121=VERTEX_POINT('',#14323);
#5122=VERTEX_POINT('',#14325);
#5123=VERTEX_POINT('',#14327);
#5124=VERTEX_POINT('',#14329);
#5125=VERTEX_POINT('',#14331);
#5126=VERTEX_POINT('',#14333);
#5127=VERTEX_POINT('',#14336);
#5128=VERTEX_POINT('',#14337);
#5129=VERTEX_POINT('',#14339);
#5130=VERTEX_POINT('',#14341);
#5131=VERTEX_POINT('',#14343);
#5132=VERTEX_POINT('',#14345);
#5133=VERTEX_POINT('',#14347);
#5134=VERTEX_POINT('',#14349);
#5135=VERTEX_POINT('',#14352);
#5136=VERTEX_POINT('',#14353);
#5137=VERTEX_POINT('',#14355);
#5138=VERTEX_POINT('',#14357);
#5139=VERTEX_POINT('',#14359);
#5140=VERTEX_POINT('',#14361);
#5141=VERTEX_POINT('',#14363);
#5142=VERTEX_POINT('',#14365);
#5143=VERTEX_POINT('',#14368);
#5144=VERTEX_POINT('',#14369);
#5145=VERTEX_POINT('',#14371);
#5146=VERTEX_POINT('',#14373);
#5147=VERTEX_POINT('',#14375);
#5148=VERTEX_POINT('',#14377);
#5149=VERTEX_POINT('',#14379);
#5150=VERTEX_POINT('',#14381);
#5151=VERTEX_POINT('',#14384);
#5152=VERTEX_POINT('',#14385);
#5153=VERTEX_POINT('',#14387);
#5154=VERTEX_POINT('',#14389);
#5155=VERTEX_POINT('',#14391);
#5156=VERTEX_POINT('',#14393);
#5157=VERTEX_POINT('',#14395);
#5158=VERTEX_POINT('',#14397);
#5159=VERTEX_POINT('',#14400);
#5160=VERTEX_POINT('',#14401);
#5161=VERTEX_POINT('',#14403);
#5162=VERTEX_POINT('',#14405);
#5163=VERTEX_POINT('',#14407);
#5164=VERTEX_POINT('',#14409);
#5165=VERTEX_POINT('',#14411);
#5166=VERTEX_POINT('',#14413);
#5167=VERTEX_POINT('',#14416);
#5168=VERTEX_POINT('',#14417);
#5169=VERTEX_POINT('',#14419);
#5170=VERTEX_POINT('',#14421);
#5171=VERTEX_POINT('',#14423);
#5172=VERTEX_POINT('',#14425);
#5173=VERTEX_POINT('',#14427);
#5174=VERTEX_POINT('',#14429);
#5175=VERTEX_POINT('',#14432);
#5176=VERTEX_POINT('',#14433);
#5177=VERTEX_POINT('',#14435);
#5178=VERTEX_POINT('',#14437);
#5179=VERTEX_POINT('',#14439);
#5180=VERTEX_POINT('',#14441);
#5181=VERTEX_POINT('',#14443);
#5182=VERTEX_POINT('',#14445);
#5183=VERTEX_POINT('',#14449);
#5184=VERTEX_POINT('',#14451);
#5185=VERTEX_POINT('',#14453);
#5186=VERTEX_POINT('',#14455);
#5187=VERTEX_POINT('',#14457);
#5188=VERTEX_POINT('',#14459);
#5189=VERTEX_POINT('',#14461);
#5190=VERTEX_POINT('',#14462);
#5191=VERTEX_POINT('',#14464);
#5192=VERTEX_POINT('',#14466);
#5193=VERTEX_POINT('',#14468);
#5194=VERTEX_POINT('',#14470);
#5195=VERTEX_POINT('',#14472);
#5196=VERTEX_POINT('',#14474);
#5197=VERTEX_POINT('',#14477);
#5198=VERTEX_POINT('',#14478);
#5199=VERTEX_POINT('',#14480);
#5200=VERTEX_POINT('',#14482);
#5201=VERTEX_POINT('',#14484);
#5202=VERTEX_POINT('',#14486);
#5203=VERTEX_POINT('',#14488);
#5204=VERTEX_POINT('',#14490);
#5205=VERTEX_POINT('',#14493);
#5206=VERTEX_POINT('',#14494);
#5207=VERTEX_POINT('',#14496);
#5208=VERTEX_POINT('',#14498);
#5209=VERTEX_POINT('',#14500);
#5210=VERTEX_POINT('',#14502);
#5211=VERTEX_POINT('',#14504);
#5212=VERTEX_POINT('',#14506);
#5213=VERTEX_POINT('',#14509);
#5214=VERTEX_POINT('',#14510);
#5215=VERTEX_POINT('',#14512);
#5216=VERTEX_POINT('',#14514);
#5217=VERTEX_POINT('',#14516);
#5218=VERTEX_POINT('',#14518);
#5219=VERTEX_POINT('',#14520);
#5220=VERTEX_POINT('',#14522);
#5221=VERTEX_POINT('',#14525);
#5222=VERTEX_POINT('',#14526);
#5223=VERTEX_POINT('',#14528);
#5224=VERTEX_POINT('',#14530);
#5225=VERTEX_POINT('',#14532);
#5226=VERTEX_POINT('',#14534);
#5227=VERTEX_POINT('',#14536);
#5228=VERTEX_POINT('',#14538);
#5229=VERTEX_POINT('',#14541);
#5230=VERTEX_POINT('',#14542);
#5231=VERTEX_POINT('',#14544);
#5232=VERTEX_POINT('',#14546);
#5233=VERTEX_POINT('',#14548);
#5234=VERTEX_POINT('',#14550);
#5235=VERTEX_POINT('',#14552);
#5236=VERTEX_POINT('',#14554);
#5237=VERTEX_POINT('',#14557);
#5238=VERTEX_POINT('',#14558);
#5239=VERTEX_POINT('',#14560);
#5240=VERTEX_POINT('',#14562);
#5241=VERTEX_POINT('',#14564);
#5242=VERTEX_POINT('',#14566);
#5243=VERTEX_POINT('',#14568);
#5244=VERTEX_POINT('',#14570);
#5245=VERTEX_POINT('',#14573);
#5246=VERTEX_POINT('',#14574);
#5247=VERTEX_POINT('',#14576);
#5248=VERTEX_POINT('',#14578);
#5249=VERTEX_POINT('',#14580);
#5250=VERTEX_POINT('',#14582);
#5251=VERTEX_POINT('',#14584);
#5252=VERTEX_POINT('',#14586);
#5253=VERTEX_POINT('',#14589);
#5254=VERTEX_POINT('',#14590);
#5255=VERTEX_POINT('',#14592);
#5256=VERTEX_POINT('',#14594);
#5257=VERTEX_POINT('',#14596);
#5258=VERTEX_POINT('',#14598);
#5259=VERTEX_POINT('',#14600);
#5260=VERTEX_POINT('',#14602);
#5261=VERTEX_POINT('',#14604);
#5262=VERTEX_POINT('',#14606);
#5263=VERTEX_POINT('',#14610);
#5264=VERTEX_POINT('',#14612);
#5265=VERTEX_POINT('',#14614);
#5266=VERTEX_POINT('',#14616);
#5267=VERTEX_POINT('',#14618);
#5268=VERTEX_POINT('',#14620);
#5269=VERTEX_POINT('',#14623);
#5270=VERTEX_POINT('',#14624);
#5271=VERTEX_POINT('',#14626);
#5272=VERTEX_POINT('',#14628);
#5273=VERTEX_POINT('',#14630);
#5274=VERTEX_POINT('',#14632);
#5275=VERTEX_POINT('',#14634);
#5276=VERTEX_POINT('',#14636);
#5277=VERTEX_POINT('',#14639);
#5278=VERTEX_POINT('',#14640);
#5279=VERTEX_POINT('',#14642);
#5280=VERTEX_POINT('',#14644);
#5281=VERTEX_POINT('',#14646);
#5282=VERTEX_POINT('',#14648);
#5283=VERTEX_POINT('',#14650);
#5284=VERTEX_POINT('',#14652);
#5285=VERTEX_POINT('',#14655);
#5286=VERTEX_POINT('',#14656);
#5287=VERTEX_POINT('',#14658);
#5288=VERTEX_POINT('',#14660);
#5289=VERTEX_POINT('',#14662);
#5290=VERTEX_POINT('',#14664);
#5291=VERTEX_POINT('',#14666);
#5292=VERTEX_POINT('',#14668);
#5293=VERTEX_POINT('',#14671);
#5294=VERTEX_POINT('',#14672);
#5295=VERTEX_POINT('',#14674);
#5296=VERTEX_POINT('',#14676);
#5297=VERTEX_POINT('',#14678);
#5298=VERTEX_POINT('',#14680);
#5299=VERTEX_POINT('',#14682);
#5300=VERTEX_POINT('',#14684);
#5301=VERTEX_POINT('',#14687);
#5302=VERTEX_POINT('',#14688);
#5303=VERTEX_POINT('',#14690);
#5304=VERTEX_POINT('',#14692);
#5305=VERTEX_POINT('',#14694);
#5306=VERTEX_POINT('',#14696);
#5307=VERTEX_POINT('',#14698);
#5308=VERTEX_POINT('',#14700);
#5309=VERTEX_POINT('',#14703);
#5310=VERTEX_POINT('',#14704);
#5311=VERTEX_POINT('',#14706);
#5312=VERTEX_POINT('',#14708);
#5313=VERTEX_POINT('',#14710);
#5314=VERTEX_POINT('',#14712);
#5315=VERTEX_POINT('',#14714);
#5316=VERTEX_POINT('',#14716);
#5317=VERTEX_POINT('',#14719);
#5318=VERTEX_POINT('',#14720);
#5319=VERTEX_POINT('',#14722);
#5320=VERTEX_POINT('',#14724);
#5321=VERTEX_POINT('',#14726);
#5322=VERTEX_POINT('',#14728);
#5323=VERTEX_POINT('',#14730);
#5324=VERTEX_POINT('',#14732);
#5325=VERTEX_POINT('',#14735);
#5326=VERTEX_POINT('',#14736);
#5327=VERTEX_POINT('',#14738);
#5328=VERTEX_POINT('',#14740);
#5329=VERTEX_POINT('',#14742);
#5330=VERTEX_POINT('',#14744);
#5331=VERTEX_POINT('',#14746);
#5332=VERTEX_POINT('',#14748);
#5333=VERTEX_POINT('',#14751);
#5334=VERTEX_POINT('',#14752);
#5335=VERTEX_POINT('',#14754);
#5336=VERTEX_POINT('',#14756);
#5337=VERTEX_POINT('',#14758);
#5338=VERTEX_POINT('',#14760);
#5339=VERTEX_POINT('',#14762);
#5340=VERTEX_POINT('',#14764);
#5341=VERTEX_POINT('',#14786);
#5342=VERTEX_POINT('',#15089);
#5343=VERTEX_POINT('',#15090);
#5344=VERTEX_POINT('',#15092);
#5345=VERTEX_POINT('',#15094);
#5346=VERTEX_POINT('',#15098);
#5347=VERTEX_POINT('',#15100);
#5348=VERTEX_POINT('',#15102);
#5349=VERTEX_POINT('',#15104);
#5350=VERTEX_POINT('',#15108);
#5351=VERTEX_POINT('',#15110);
#5352=VERTEX_POINT('',#15114);
#5353=VERTEX_POINT('',#15115);
#5354=VERTEX_POINT('',#15128);
#5355=VERTEX_POINT('',#15129);
#5356=VERTEX_POINT('',#15131);
#5357=VERTEX_POINT('',#15133);
#5358=VERTEX_POINT('',#15135);
#5359=VERTEX_POINT('',#15137);
#5360=VERTEX_POINT('',#15139);
#5361=VERTEX_POINT('',#15141);
#5362=VERTEX_POINT('',#15143);
#5363=VERTEX_POINT('',#15145);
#5364=VERTEX_POINT('',#15147);
#5365=VERTEX_POINT('',#15151);
#5366=VERTEX_POINT('',#15152);
#5367=VERTEX_POINT('',#15157);
#5368=VERTEX_POINT('',#15159);
#5369=VERTEX_POINT('',#15163);
#5370=VERTEX_POINT('',#15164);
#5371=VERTEX_POINT('',#15166);
#5372=VERTEX_POINT('',#15169);
#5373=VERTEX_POINT('',#15172);
#5374=VERTEX_POINT('',#15174);
#5375=VERTEX_POINT('',#15176);
#5376=VERTEX_POINT('',#15190);
#5377=VERTEX_POINT('',#15192);
#5378=VERTEX_POINT('',#15197);
#5379=VERTEX_POINT('',#15199);
#5380=VERTEX_POINT('',#15220);
#5381=VERTEX_POINT('',#15221);
#5382=VERTEX_POINT('',#15223);
#5383=VERTEX_POINT('',#15229);
#5384=VERTEX_POINT('',#15237);
#5385=VERTEX_POINT('',#15238);
#5386=VERTEX_POINT('',#15240);
#5387=VERTEX_POINT('',#15246);
#5388=VERTEX_POINT('',#15250);
#5389=VERTEX_POINT('',#15252);
#5390=VERTEX_POINT('',#15256);
#5391=VERTEX_POINT('',#15273);
#5392=VERTEX_POINT('',#15298);
#5393=VERTEX_POINT('',#15299);
#5394=VERTEX_POINT('',#15311);
#5395=VERTEX_POINT('',#15328);
#5396=VERTEX_POINT('',#15345);
#5397=VERTEX_POINT('',#15347);
#5398=VERTEX_POINT('',#15350);
#5399=VERTEX_POINT('',#15353);
#5400=VERTEX_POINT('',#15356);
#5401=VERTEX_POINT('',#15359);
#5402=VERTEX_POINT('',#15362);
#5403=VERTEX_POINT('',#15365);
#5404=VERTEX_POINT('',#15371);
#5405=VERTEX_POINT('',#15373);
#5406=VERTEX_POINT('',#15376);
#5407=VERTEX_POINT('',#15379);
#5408=VERTEX_POINT('',#15382);
#5409=VERTEX_POINT('',#15385);
#5410=VERTEX_POINT('',#15392);
#5411=VERTEX_POINT('',#15394);
#5412=VERTEX_POINT('',#15396);
#5413=VERTEX_POINT('',#15398);
#5414=VERTEX_POINT('',#15400);
#5415=VERTEX_POINT('',#15402);
#5416=VERTEX_POINT('',#15404);
#5417=VERTEX_POINT('',#15405);
#5418=VERTEX_POINT('',#15407);
#5419=VERTEX_POINT('',#15409);
#5420=VERTEX_POINT('',#15411);
#5421=VERTEX_POINT('',#15413);
#5422=VERTEX_POINT('',#15415);
#5423=VERTEX_POINT('',#15417);
#5424=VERTEX_POINT('',#15421);
#5425=VERTEX_POINT('',#15422);
#5426=VERTEX_POINT('',#15424);
#5427=VERTEX_POINT('',#15426);
#5428=VERTEX_POINT('',#15430);
#5429=VERTEX_POINT('',#15432);
#5430=VERTEX_POINT('',#15436);
#5431=VERTEX_POINT('',#15438);
#5432=VERTEX_POINT('',#15445);
#5433=VERTEX_POINT('',#15446);
#5434=VERTEX_POINT('',#15451);
#5435=VERTEX_POINT('',#15453);
#5436=VERTEX_POINT('',#15457);
#5437=VERTEX_POINT('',#15459);
#5438=VERTEX_POINT('',#15463);
#5439=VERTEX_POINT('',#15465);
#5440=VERTEX_POINT('',#15469);
#5441=VERTEX_POINT('',#15471);
#5442=VERTEX_POINT('',#15473);
#5443=VERTEX_POINT('',#15475);
#5444=VERTEX_POINT('',#15477);
#5445=VERTEX_POINT('',#15479);
#5446=VERTEX_POINT('',#15491);
#5447=VERTEX_POINT('',#15494);
#5448=VERTEX_POINT('',#15498);
#5449=VERTEX_POINT('',#15501);
#5450=VERTEX_POINT('',#15505);
#5451=VERTEX_POINT('',#15508);
#5452=VERTEX_POINT('',#15512);
#5453=VERTEX_POINT('',#15515);
#5454=VERTEX_POINT('',#15519);
#5455=VERTEX_POINT('',#15522);
#5456=VERTEX_POINT('',#15526);
#5457=VERTEX_POINT('',#15529);
#5458=VERTEX_POINT('',#15561);
#5459=VERTEX_POINT('',#15562);
#5460=VERTEX_POINT('',#15564);
#5461=VERTEX_POINT('',#15566);
#5462=VERTEX_POINT('',#15568);
#5463=VERTEX_POINT('',#15570);
#5464=VERTEX_POINT('',#15572);
#5465=VERTEX_POINT('',#15574);
#5466=VERTEX_POINT('',#15576);
#5467=VERTEX_POINT('',#15578);
#5468=VERTEX_POINT('',#15580);
#5469=VERTEX_POINT('',#15582);
#5470=VERTEX_POINT('',#15586);
#5471=VERTEX_POINT('',#15587);
#5472=VERTEX_POINT('',#15589);
#5473=VERTEX_POINT('',#15591);
#5474=VERTEX_POINT('',#15595);
#5475=VERTEX_POINT('',#15596);
#5476=VERTEX_POINT('',#15598);
#5477=VERTEX_POINT('',#15600);
#5478=VERTEX_POINT('',#15604);
#5479=VERTEX_POINT('',#15605);
#5480=VERTEX_POINT('',#15607);
#5481=VERTEX_POINT('',#15609);
#5482=VERTEX_POINT('',#15613);
#5483=VERTEX_POINT('',#15615);
#5484=VERTEX_POINT('',#15617);
#5485=VERTEX_POINT('',#15619);
#5486=VERTEX_POINT('',#15621);
#5487=VERTEX_POINT('',#15623);
#5488=VERTEX_POINT('',#15625);
#5489=VERTEX_POINT('',#15627);
#5490=VERTEX_POINT('',#15629);
#5491=VERTEX_POINT('',#15631);
#5492=VERTEX_POINT('',#15635);
#5493=VERTEX_POINT('',#15636);
#5494=VERTEX_POINT('',#15644);
#5495=VERTEX_POINT('',#15645);
#5496=VERTEX_POINT('',#15647);
#5497=VERTEX_POINT('',#15649);
#5498=VERTEX_POINT('',#15653);
#5499=VERTEX_POINT('',#15654);
#5500=VERTEX_POINT('',#15656);
#5501=VERTEX_POINT('',#15658);
#5502=VERTEX_POINT('',#15660);
#5503=VERTEX_POINT('',#15662);
#5504=VERTEX_POINT('',#15664);
#5505=VERTEX_POINT('',#15666);
#5506=VERTEX_POINT('',#15670);
#5507=VERTEX_POINT('',#15672);
#5508=VERTEX_POINT('',#15674);
#5509=VERTEX_POINT('',#15676);
#5510=VERTEX_POINT('',#15678);
#5511=VERTEX_POINT('',#15680);
#5512=VERTEX_POINT('',#15701);
#5513=VERTEX_POINT('',#15706);
#5514=VERTEX_POINT('',#15818);
#5515=VERTEX_POINT('',#15820);
#5516=VERTEX_POINT('',#15823);
#5517=VERTEX_POINT('',#15825);
#5518=VERTEX_POINT('',#15828);
#5519=VERTEX_POINT('',#15830);
#5520=VERTEX_POINT('',#15833);
#5521=VERTEX_POINT('',#15835);
#5522=VERTEX_POINT('',#15838);
#5523=VERTEX_POINT('',#15840);
#5524=VERTEX_POINT('',#15843);
#5525=VERTEX_POINT('',#15845);
#5526=VERTEX_POINT('',#15870);
#5527=VERTEX_POINT('',#15871);
#5528=VERTEX_POINT('',#15873);
#5529=VERTEX_POINT('',#15875);
#5530=VERTEX_POINT('',#15879);
#5531=VERTEX_POINT('',#15880);
#5532=VERTEX_POINT('',#15882);
#5533=VERTEX_POINT('',#15884);
#5534=VERTEX_POINT('',#15891);
#5535=VERTEX_POINT('',#15893);
#5536=VERTEX_POINT('',#15900);
#5537=VERTEX_POINT('',#15902);
#5538=VERTEX_POINT('',#15906);
#5539=VERTEX_POINT('',#15907);
#5540=VERTEX_POINT('',#15921);
#5541=VERTEX_POINT('',#15922);
#5542=VERTEX_POINT('',#15924);
#5543=VERTEX_POINT('',#15926);
#5544=VERTEX_POINT('',#15929);
#5545=VERTEX_POINT('',#15933);
#5546=VERTEX_POINT('',#15942);
#5547=VERTEX_POINT('',#15944);
#5548=VERTEX_POINT('',#15948);
#5549=VERTEX_POINT('',#15952);
#5550=VERTEX_POINT('',#15958);
#5551=VERTEX_POINT('',#15964);
#5552=VERTEX_POINT('',#15965);
#5553=VERTEX_POINT('',#16301);
#5554=VERTEX_POINT('',#16302);
#5555=VERTEX_POINT('',#16311);
#5556=VERTEX_POINT('',#16324);
#5557=VERTEX_POINT('',#16335);
#5558=VERTEX_POINT('',#16357);
#5559=VERTEX_POINT('',#16369);
#5560=VERTEX_POINT('',#16396);
#5561=VERTEX_POINT('',#16403);
#5562=VERTEX_POINT('',#16408);
#5563=VERTEX_POINT('',#16416);
#5564=VERTEX_POINT('',#16419);
#5565=VERTEX_POINT('',#16420);
#5566=VERTEX_POINT('',#16422);
#5567=VERTEX_POINT('',#16424);
#5568=VERTEX_POINT('',#16428);
#5569=VERTEX_POINT('',#16430);
#5570=VERTEX_POINT('',#16434);
#5571=VERTEX_POINT('',#16435);
#5572=VERTEX_POINT('',#16437);
#5573=VERTEX_POINT('',#16439);
#5574=VERTEX_POINT('',#16443);
#5575=VERTEX_POINT('',#16445);
#5576=VERTEX_POINT('',#16449);
#5577=VERTEX_POINT('',#16451);
#5578=VERTEX_POINT('',#16458);
#5579=VERTEX_POINT('',#16459);
#5580=VERTEX_POINT('',#16461);
#5581=VERTEX_POINT('',#16464);
#5582=VERTEX_POINT('',#16466);
#5583=VERTEX_POINT('',#16470);
#5584=VERTEX_POINT('',#16471);
#5585=VERTEX_POINT('',#16473);
#5586=VERTEX_POINT('',#16475);
#5587=VERTEX_POINT('',#16477);
#5588=VERTEX_POINT('',#16479);
#5589=VERTEX_POINT('',#16481);
#5590=VERTEX_POINT('',#16483);
#5591=VERTEX_POINT('',#16485);
#5592=VERTEX_POINT('',#16487);
#5593=VERTEX_POINT('',#16489);
#5594=VERTEX_POINT('',#16491);
#5595=VERTEX_POINT('',#16495);
#5596=VERTEX_POINT('',#16499);
#5597=VERTEX_POINT('',#16503);
#5598=VERTEX_POINT('',#16507);
#5599=VERTEX_POINT('',#16511);
#5600=LINE('',#13433,#6138);
#5601=LINE('',#13436,#6139);
#5602=LINE('',#13438,#6140);
#5603=LINE('',#13440,#6141);
#5604=LINE('',#13442,#6142);
#5605=LINE('',#13445,#6143);
#5606=LINE('',#13446,#6144);
#5607=LINE('',#13448,#6145);
#5608=LINE('',#13450,#6146);
#5609=LINE('',#13452,#6147);
#5610=LINE('',#13454,#6148);
#5611=LINE('',#13716,#6149);
#5612=LINE('',#14113,#6150);
#5613=LINE('',#14115,#6151);
#5614=LINE('',#14117,#6152);
#5615=LINE('',#14122,#6153);
#5616=LINE('',#14124,#6154);
#5617=LINE('',#14138,#6155);
#5618=LINE('',#14141,#6156);
#5619=LINE('',#14145,#6157);
#5620=LINE('',#14149,#6158);
#5621=LINE('',#14153,#6159);
#5622=LINE('',#14157,#6160);
#5623=LINE('',#14159,#6161);
#5624=LINE('',#14162,#6162);
#5625=LINE('',#14166,#6163);
#5626=LINE('',#14170,#6164);
#5627=LINE('',#14174,#6165);
#5628=LINE('',#14178,#6166);
#5629=LINE('',#14182,#6167);
#5630=LINE('',#14186,#6168);
#5631=LINE('',#14190,#6169);
#5632=LINE('',#14194,#6170);
#5633=LINE('',#14198,#6171);
#5634=LINE('',#14202,#6172);
#5635=LINE('',#14206,#6173);
#5636=LINE('',#14210,#6174);
#5637=LINE('',#14214,#6175);
#5638=LINE('',#14218,#6176);
#5639=LINE('',#14222,#6177);
#5640=LINE('',#14226,#6178);
#5641=LINE('',#14230,#6179);
#5642=LINE('',#14234,#6180);
#5643=LINE('',#14238,#6181);
#5644=LINE('',#14242,#6182);
#5645=LINE('',#14246,#6183);
#5646=LINE('',#14250,#6184);
#5647=LINE('',#14254,#6185);
#5648=LINE('',#14258,#6186);
#5649=LINE('',#14262,#6187);
#5650=LINE('',#14266,#6188);
#5651=LINE('',#14270,#6189);
#5652=LINE('',#14274,#6190);
#5653=LINE('',#14278,#6191);
#5654=LINE('',#14282,#6192);
#5655=LINE('',#14286,#6193);
#5656=LINE('',#14290,#6194);
#5657=LINE('',#14294,#6195);
#5658=LINE('',#14298,#6196);
#5659=LINE('',#14302,#6197);
#5660=LINE('',#14306,#6198);
#5661=LINE('',#14310,#6199);
#5662=LINE('',#14314,#6200);
#5663=LINE('',#14318,#6201);
#5664=LINE('',#14322,#6202);
#5665=LINE('',#14326,#6203);
#5666=LINE('',#14330,#6204);
#5667=LINE('',#14334,#6205);
#5668=LINE('',#14338,#6206);
#5669=LINE('',#14342,#6207);
#5670=LINE('',#14346,#6208);
#5671=LINE('',#14350,#6209);
#5672=LINE('',#14354,#6210);
#5673=LINE('',#14358,#6211);
#5674=LINE('',#14362,#6212);
#5675=LINE('',#14366,#6213);
#5676=LINE('',#14370,#6214);
#5677=LINE('',#14374,#6215);
#5678=LINE('',#14378,#6216);
#5679=LINE('',#14382,#6217);
#5680=LINE('',#14386,#6218);
#5681=LINE('',#14390,#6219);
#5682=LINE('',#14394,#6220);
#5683=LINE('',#14398,#6221);
#5684=LINE('',#14402,#6222);
#5685=LINE('',#14406,#6223);
#5686=LINE('',#14410,#6224);
#5687=LINE('',#14414,#6225);
#5688=LINE('',#14418,#6226);
#5689=LINE('',#14422,#6227);
#5690=LINE('',#14426,#6228);
#5691=LINE('',#14430,#6229);
#5692=LINE('',#14434,#6230);
#5693=LINE('',#14438,#6231);
#5694=LINE('',#14442,#6232);
#5695=LINE('',#14446,#6233);
#5696=LINE('',#14460,#6234);
#5697=LINE('',#14465,#6235);
#5698=LINE('',#14469,#6236);
#5699=LINE('',#14473,#6237);
#5700=LINE('',#14476,#6238);
#5701=LINE('',#14481,#6239);
#5702=LINE('',#14485,#6240);
#5703=LINE('',#14489,#6241);
#5704=LINE('',#14492,#6242);
#5705=LINE('',#14497,#6243);
#5706=LINE('',#14501,#6244);
#5707=LINE('',#14505,#6245);
#5708=LINE('',#14508,#6246);
#5709=LINE('',#14513,#6247);
#5710=LINE('',#14517,#6248);
#5711=LINE('',#14521,#6249);
#5712=LINE('',#14524,#6250);
#5713=LINE('',#14529,#6251);
#5714=LINE('',#14533,#6252);
#5715=LINE('',#14537,#6253);
#5716=LINE('',#14540,#6254);
#5717=LINE('',#14545,#6255);
#5718=LINE('',#14549,#6256);
#5719=LINE('',#14553,#6257);
#5720=LINE('',#14556,#6258);
#5721=LINE('',#14561,#6259);
#5722=LINE('',#14565,#6260);
#5723=LINE('',#14569,#6261);
#5724=LINE('',#14572,#6262);
#5725=LINE('',#14577,#6263);
#5726=LINE('',#14581,#6264);
#5727=LINE('',#14585,#6265);
#5728=LINE('',#14588,#6266);
#5729=LINE('',#14591,#6267);
#5730=LINE('',#14593,#6268);
#5731=LINE('',#14597,#6269);
#5732=LINE('',#14601,#6270);
#5733=LINE('',#14605,#6271);
#5734=LINE('',#14608,#6272);
#5735=LINE('',#14611,#6273);
#5736=LINE('',#14615,#6274);
#5737=LINE('',#14619,#6275);
#5738=LINE('',#14622,#6276);
#5739=LINE('',#14627,#6277);
#5740=LINE('',#14631,#6278);
#5741=LINE('',#14635,#6279);
#5742=LINE('',#14638,#6280);
#5743=LINE('',#14643,#6281);
#5744=LINE('',#14647,#6282);
#5745=LINE('',#14651,#6283);
#5746=LINE('',#14654,#6284);
#5747=LINE('',#14659,#6285);
#5748=LINE('',#14663,#6286);
#5749=LINE('',#14667,#6287);
#5750=LINE('',#14670,#6288);
#5751=LINE('',#14675,#6289);
#5752=LINE('',#14679,#6290);
#5753=LINE('',#14683,#6291);
#5754=LINE('',#14686,#6292);
#5755=LINE('',#14691,#6293);
#5756=LINE('',#14695,#6294);
#5757=LINE('',#14699,#6295);
#5758=LINE('',#14702,#6296);
#5759=LINE('',#14707,#6297);
#5760=LINE('',#14711,#6298);
#5761=LINE('',#14715,#6299);
#5762=LINE('',#14718,#6300);
#5763=LINE('',#14723,#6301);
#5764=LINE('',#14727,#6302);
#5765=LINE('',#14731,#6303);
#5766=LINE('',#14734,#6304);
#5767=LINE('',#14739,#6305);
#5768=LINE('',#14743,#6306);
#5769=LINE('',#14747,#6307);
#5770=LINE('',#14750,#6308);
#5771=LINE('',#14755,#6309);
#5772=LINE('',#14759,#6310);
#5773=LINE('',#14763,#6311);
#5774=LINE('',#14768,#6312);
#5775=LINE('',#14770,#6313);
#5776=LINE('',#14771,#6314);
#5777=LINE('',#14773,#6315);
#5778=LINE('',#14774,#6316);
#5779=LINE('',#14776,#6317);
#5780=LINE('',#14777,#6318);
#5781=LINE('',#14780,#6319);
#5782=LINE('',#14787,#6320);
#5783=LINE('',#14788,#6321);
#5784=LINE('',#14790,#6322);
#5785=LINE('',#14792,#6323);
#5786=LINE('',#14794,#6324);
#5787=LINE('',#14796,#6325);
#5788=LINE('',#14798,#6326);
#5789=LINE('',#14801,#6327);
#5790=LINE('',#14802,#6328);
#5791=LINE('',#14804,#6329);
#5792=LINE('',#14806,#6330);
#5793=LINE('',#14808,#6331);
#5794=LINE('',#14810,#6332);
#5795=LINE('',#14812,#6333);
#5796=LINE('',#14814,#6334);
#5797=LINE('',#14817,#6335);
#5798=LINE('',#14818,#6336);
#5799=LINE('',#14820,#6337);
#5800=LINE('',#14822,#6338);
#5801=LINE('',#14824,#6339);
#5802=LINE('',#14826,#6340);
#5803=LINE('',#14828,#6341);
#5804=LINE('',#14830,#6342);
#5805=LINE('',#14833,#6343);
#5806=LINE('',#14834,#6344);
#5807=LINE('',#14836,#6345);
#5808=LINE('',#14838,#6346);
#5809=LINE('',#14840,#6347);
#5810=LINE('',#14842,#6348);
#5811=LINE('',#14844,#6349);
#5812=LINE('',#14846,#6350);
#5813=LINE('',#14849,#6351);
#5814=LINE('',#14850,#6352);
#5815=LINE('',#14852,#6353);
#5816=LINE('',#14854,#6354);
#5817=LINE('',#14856,#6355);
#5818=LINE('',#14858,#6356);
#5819=LINE('',#14860,#6357);
#5820=LINE('',#14862,#6358);
#5821=LINE('',#14865,#6359);
#5822=LINE('',#14866,#6360);
#5823=LINE('',#14868,#6361);
#5824=LINE('',#14870,#6362);
#5825=LINE('',#14872,#6363);
#5826=LINE('',#14874,#6364);
#5827=LINE('',#14876,#6365);
#5828=LINE('',#14878,#6366);
#5829=LINE('',#14881,#6367);
#5830=LINE('',#14882,#6368);
#5831=LINE('',#14884,#6369);
#5832=LINE('',#14886,#6370);
#5833=LINE('',#14888,#6371);
#5834=LINE('',#14890,#6372);
#5835=LINE('',#14892,#6373);
#5836=LINE('',#14894,#6374);
#5837=LINE('',#14897,#6375);
#5838=LINE('',#14898,#6376);
#5839=LINE('',#14900,#6377);
#5840=LINE('',#14902,#6378);
#5841=LINE('',#14904,#6379);
#5842=LINE('',#14906,#6380);
#5843=LINE('',#14908,#6381);
#5844=LINE('',#14910,#6382);
#5845=LINE('',#14913,#6383);
#5846=LINE('',#14914,#6384);
#5847=LINE('',#14916,#6385);
#5848=LINE('',#14918,#6386);
#5849=LINE('',#14920,#6387);
#5850=LINE('',#14922,#6388);
#5851=LINE('',#14924,#6389);
#5852=LINE('',#14926,#6390);
#5853=LINE('',#14929,#6391);
#5854=LINE('',#14930,#6392);
#5855=LINE('',#14932,#6393);
#5856=LINE('',#14934,#6394);
#5857=LINE('',#14936,#6395);
#5858=LINE('',#14938,#6396);
#5859=LINE('',#14940,#6397);
#5860=LINE('',#14942,#6398);
#5861=LINE('',#14945,#6399);
#5862=LINE('',#14946,#6400);
#5863=LINE('',#14948,#6401);
#5864=LINE('',#14950,#6402);
#5865=LINE('',#14952,#6403);
#5866=LINE('',#14954,#6404);
#5867=LINE('',#14956,#6405);
#5868=LINE('',#14958,#6406);
#5869=LINE('',#14961,#6407);
#5870=LINE('',#14962,#6408);
#5871=LINE('',#14964,#6409);
#5872=LINE('',#14966,#6410);
#5873=LINE('',#14968,#6411);
#5874=LINE('',#14970,#6412);
#5875=LINE('',#14972,#6413);
#5876=LINE('',#14974,#6414);
#5877=LINE('',#14977,#6415);
#5878=LINE('',#14978,#6416);
#5879=LINE('',#14980,#6417);
#5880=LINE('',#14982,#6418);
#5881=LINE('',#14984,#6419);
#5882=LINE('',#14986,#6420);
#5883=LINE('',#14988,#6421);
#5884=LINE('',#14990,#6422);
#5885=LINE('',#14993,#6423);
#5886=LINE('',#14994,#6424);
#5887=LINE('',#14996,#6425);
#5888=LINE('',#14998,#6426);
#5889=LINE('',#15000,#6427);
#5890=LINE('',#15002,#6428);
#5891=LINE('',#15004,#6429);
#5892=LINE('',#15006,#6430);
#5893=LINE('',#15009,#6431);
#5894=LINE('',#15010,#6432);
#5895=LINE('',#15012,#6433);
#5896=LINE('',#15014,#6434);
#5897=LINE('',#15016,#6435);
#5898=LINE('',#15018,#6436);
#5899=LINE('',#15020,#6437);
#5900=LINE('',#15022,#6438);
#5901=LINE('',#15025,#6439);
#5902=LINE('',#15026,#6440);
#5903=LINE('',#15028,#6441);
#5904=LINE('',#15030,#6442);
#5905=LINE('',#15032,#6443);
#5906=LINE('',#15034,#6444);
#5907=LINE('',#15036,#6445);
#5908=LINE('',#15038,#6446);
#5909=LINE('',#15041,#6447);
#5910=LINE('',#15042,#6448);
#5911=LINE('',#15044,#6449);
#5912=LINE('',#15046,#6450);
#5913=LINE('',#15048,#6451);
#5914=LINE('',#15050,#6452);
#5915=LINE('',#15052,#6453);
#5916=LINE('',#15054,#6454);
#5917=LINE('',#15057,#6455);
#5918=LINE('',#15058,#6456);
#5919=LINE('',#15060,#6457);
#5920=LINE('',#15062,#6458);
#5921=LINE('',#15064,#6459);
#5922=LINE('',#15066,#6460);
#5923=LINE('',#15068,#6461);
#5924=LINE('',#15070,#6462);
#5925=LINE('',#15088,#6463);
#5926=LINE('',#15091,#6464);
#5927=LINE('',#15093,#6465);
#5928=LINE('',#15095,#6466);
#5929=LINE('',#15099,#6467);
#5930=LINE('',#15103,#6468);
#5931=LINE('',#15105,#6469);
#5932=LINE('',#15107,#6470);
#5933=LINE('',#15109,#6471);
#5934=LINE('',#15111,#6472);
#5935=LINE('',#15113,#6473);
#5936=LINE('',#15117,#6474);
#5937=LINE('',#15121,#6475);
#5938=LINE('',#15122,#6476);
#5939=LINE('',#15127,#6477);
#5940=LINE('',#15132,#6478);
#5941=LINE('',#15134,#6479);
#5942=LINE('',#15136,#6480);
#5943=LINE('',#15138,#6481);
#5944=LINE('',#15140,#6482);
#5945=LINE('',#15142,#6483);
#5946=LINE('',#15146,#6484);
#5947=LINE('',#15150,#6485);
#5948=LINE('',#15153,#6486);
#5949=LINE('',#15154,#6487);
#5950=LINE('',#15156,#6488);
#5951=LINE('',#15158,#6489);
#5952=LINE('',#15160,#6490);
#5953=LINE('',#15162,#6491);
#5954=LINE('',#15167,#6492);
#5955=LINE('',#15168,#6493);
#5956=LINE('',#15170,#6494);
#5957=LINE('',#15171,#6495);
#5958=LINE('',#15175,#6496);
#5959=LINE('',#15191,#6497);
#5960=LINE('',#15198,#6498);
#5961=LINE('',#15207,#6499);
#5962=LINE('',#15222,#6500);
#5963=LINE('',#15230,#6501);
#5964=LINE('',#15239,#6502);
#5965=LINE('',#15247,#6503);
#5966=LINE('',#15253,#6504);
#5967=LINE('',#15280,#6505);
#5968=LINE('',#15312,#6506);
#5969=LINE('',#15329,#6507);
#5970=LINE('',#15403,#6508);
#5971=LINE('',#15408,#6509);
#5972=LINE('',#15412,#6510);
#5973=LINE('',#15416,#6511);
#5974=LINE('',#15420,#6512);
#5975=LINE('',#15423,#6513);
#5976=LINE('',#15425,#6514);
#5977=LINE('',#15427,#6515);
#5978=LINE('',#15429,#6516);
#5979=LINE('',#15431,#6517);
#5980=LINE('',#15433,#6518);
#5981=LINE('',#15435,#6519);
#5982=LINE('',#15437,#6520);
#5983=LINE('',#15439,#6521);
#5984=LINE('',#15441,#6522);
#5985=LINE('',#15442,#6523);
#5986=LINE('',#15444,#6524);
#5987=LINE('',#15447,#6525);
#5988=LINE('',#15448,#6526);
#5989=LINE('',#15450,#6527);
#5990=LINE('',#15452,#6528);
#5991=LINE('',#15454,#6529);
#5992=LINE('',#15456,#6530);
#5993=LINE('',#15458,#6531);
#5994=LINE('',#15460,#6532);
#5995=LINE('',#15462,#6533);
#5996=LINE('',#15464,#6534);
#5997=LINE('',#15466,#6535);
#5998=LINE('',#15563,#6536);
#5999=LINE('',#15565,#6537);
#6000=LINE('',#15567,#6538);
#6001=LINE('',#15569,#6539);
#6002=LINE('',#15571,#6540);
#6003=LINE('',#15575,#6541);
#6004=LINE('',#15579,#6542);
#6005=LINE('',#15583,#6543);
#6006=LINE('',#15585,#6544);
#6007=LINE('',#15588,#6545);
#6008=LINE('',#15590,#6546);
#6009=LINE('',#15592,#6547);
#6010=LINE('',#15594,#6548);
#6011=LINE('',#15597,#6549);
#6012=LINE('',#15599,#6550);
#6013=LINE('',#15601,#6551);
#6014=LINE('',#15603,#6552);
#6015=LINE('',#15606,#6553);
#6016=LINE('',#15608,#6554);
#6017=LINE('',#15610,#6555);
#6018=LINE('',#15612,#6556);
#6019=LINE('',#15616,#6557);
#6020=LINE('',#15620,#6558);
#6021=LINE('',#15624,#6559);
#6022=LINE('',#15628,#6560);
#6023=LINE('',#15630,#6561);
#6024=LINE('',#15632,#6562);
#6025=LINE('',#15634,#6563);
#6026=LINE('',#15637,#6564);
#6027=LINE('',#15638,#6565);
#6028=LINE('',#15640,#6566);
#6029=LINE('',#15641,#6567);
#6030=LINE('',#15643,#6568);
#6031=LINE('',#15646,#6569);
#6032=LINE('',#15648,#6570);
#6033=LINE('',#15650,#6571);
#6034=LINE('',#15652,#6572);
#6035=LINE('',#15655,#6573);
#6036=LINE('',#15657,#6574);
#6037=LINE('',#15659,#6575);
#6038=LINE('',#15661,#6576);
#6039=LINE('',#15663,#6577);
#6040=LINE('',#15665,#6578);
#6041=LINE('',#15667,#6579);
#6042=LINE('',#15681,#6580);
#6043=LINE('',#15682,#6581);
#6044=LINE('',#15705,#6582);
#6045=LINE('',#15805,#6583);
#6046=LINE('',#15806,#6584);
#6047=LINE('',#15808,#6585);
#6048=LINE('',#15810,#6586);
#6049=LINE('',#15812,#6587);
#6050=LINE('',#15814,#6588);
#6051=LINE('',#15869,#6589);
#6052=LINE('',#15872,#6590);
#6053=LINE('',#15874,#6591);
#6054=LINE('',#15876,#6592);
#6055=LINE('',#15878,#6593);
#6056=LINE('',#15881,#6594);
#6057=LINE('',#15883,#6595);
#6058=LINE('',#15885,#6596);
#6059=LINE('',#15892,#6597);
#6060=LINE('',#15903,#6598);
#6061=LINE('',#15905,#6599);
#6062=LINE('',#15912,#6600);
#6063=LINE('',#15920,#6601);
#6064=LINE('',#15923,#6602);
#6065=LINE('',#15925,#6603);
#6066=LINE('',#15927,#6604);
#6067=LINE('',#15930,#6605);
#6068=LINE('',#15932,#6606);
#6069=LINE('',#15934,#6607);
#6070=LINE('',#15941,#6608);
#6071=LINE('',#15943,#6609);
#6072=LINE('',#15945,#6610);
#6073=LINE('',#15947,#6611);
#6074=LINE('',#15949,#6612);
#6075=LINE('',#15951,#6613);
#6076=LINE('',#15953,#6614);
#6077=LINE('',#15955,#6615);
#6078=LINE('',#16418,#6616);
#6079=LINE('',#16421,#6617);
#6080=LINE('',#16423,#6618);
#6081=LINE('',#16425,#6619);
#6082=LINE('',#16427,#6620);
#6083=LINE('',#16429,#6621);
#6084=LINE('',#16431,#6622);
#6085=LINE('',#16433,#6623);
#6086=LINE('',#16436,#6624);
#6087=LINE('',#16438,#6625);
#6088=LINE('',#16440,#6626);
#6089=LINE('',#16442,#6627);
#6090=LINE('',#16444,#6628);
#6091=LINE('',#16446,#6629);
#6092=LINE('',#16448,#6630);
#6093=LINE('',#16450,#6631);
#6094=LINE('',#16452,#6632);
#6095=LINE('',#16454,#6633);
#6096=LINE('',#16455,#6634);
#6097=LINE('',#16457,#6635);
#6098=LINE('',#16460,#6636);
#6099=LINE('',#16462,#6637);
#6100=LINE('',#16463,#6638);
#6101=LINE('',#16465,#6639);
#6102=LINE('',#16467,#6640);
#6103=LINE('',#16469,#6641);
#6104=LINE('',#16472,#6642);
#6105=LINE('',#16474,#6643);
#6106=LINE('',#16476,#6644);
#6107=LINE('',#16478,#6645);
#6108=LINE('',#16480,#6646);
#6109=LINE('',#16482,#6647);
#6110=LINE('',#16484,#6648);
#6111=LINE('',#16486,#6649);
#6112=LINE('',#16488,#6650);
#6113=LINE('',#16490,#6651);
#6114=LINE('',#16492,#6652);
#6115=LINE('',#16494,#6653);
#6116=LINE('',#16496,#6654);
#6117=LINE('',#16498,#6655);
#6118=LINE('',#16500,#6656);
#6119=LINE('',#16502,#6657);
#6120=LINE('',#16504,#6658);
#6121=LINE('',#16506,#6659);
#6122=LINE('',#16508,#6660);
#6123=LINE('',#16510,#6661);
#6124=LINE('',#16512,#6662);
#6125=LINE('',#16514,#6663);
#6126=LINE('',#16516,#6664);
#6127=LINE('',#16517,#6665);
#6128=LINE('',#16519,#6666);
#6129=LINE('',#16521,#6667);
#6130=LINE('',#16523,#6668);
#6131=LINE('',#16524,#6669);
#6132=LINE('',#16526,#6670);
#6133=LINE('',#16528,#6671);
#6134=LINE('',#16530,#6672);
#6135=LINE('',#16532,#6673);
#6136=LINE('',#16534,#6674);
#6137=LINE('',#16536,#6675);
#6138=VECTOR('',#10641,1.);
#6139=VECTOR('',#10642,1.);
#6140=VECTOR('',#10643,1.);
#6141=VECTOR('',#10644,1.);
#6142=VECTOR('',#10647,1.);
#6143=VECTOR('',#10648,1.);
#6144=VECTOR('',#10649,1.);
#6145=VECTOR('',#10652,1.);
#6146=VECTOR('',#10653,1.);
#6147=VECTOR('',#10654,1.);
#6148=VECTOR('',#10657,1.);
#6149=VECTOR('',#10920,1.);
#6150=VECTOR('',#11449,1.);
#6151=VECTOR('',#11450,1.);
#6152=VECTOR('',#11451,1.);
#6153=VECTOR('',#11456,1.);
#6154=VECTOR('',#11457,1.);
#6155=VECTOR('',#11472,1.);
#6156=VECTOR('',#11473,1.);
#6157=VECTOR('',#11476,1.);
#6158=VECTOR('',#11479,1.);
#6159=VECTOR('',#11482,1.);
#6160=VECTOR('',#11485,1.);
#6161=VECTOR('',#11486,1.);
#6162=VECTOR('',#11489,1.);
#6163=VECTOR('',#11492,1.);
#6164=VECTOR('',#11495,1.);
#6165=VECTOR('',#11498,1.);
#6166=VECTOR('',#11501,1.);
#6167=VECTOR('',#11504,1.);
#6168=VECTOR('',#11507,1.);
#6169=VECTOR('',#11510,1.);
#6170=VECTOR('',#11513,1.);
#6171=VECTOR('',#11516,1.);
#6172=VECTOR('',#11519,1.);
#6173=VECTOR('',#11522,1.);
#6174=VECTOR('',#11525,1.);
#6175=VECTOR('',#11528,1.);
#6176=VECTOR('',#11531,1.);
#6177=VECTOR('',#11534,1.);
#6178=VECTOR('',#11537,1.);
#6179=VECTOR('',#11540,1.);
#6180=VECTOR('',#11543,1.);
#6181=VECTOR('',#11546,1.);
#6182=VECTOR('',#11549,1.);
#6183=VECTOR('',#11552,1.);
#6184=VECTOR('',#11555,1.);
#6185=VECTOR('',#11558,1.);
#6186=VECTOR('',#11561,1.);
#6187=VECTOR('',#11564,1.);
#6188=VECTOR('',#11567,1.);
#6189=VECTOR('',#11570,1.);
#6190=VECTOR('',#11573,1.);
#6191=VECTOR('',#11576,1.);
#6192=VECTOR('',#11579,1.);
#6193=VECTOR('',#11582,1.);
#6194=VECTOR('',#11585,1.);
#6195=VECTOR('',#11588,1.);
#6196=VECTOR('',#11591,1.);
#6197=VECTOR('',#11594,1.);
#6198=VECTOR('',#11597,1.);
#6199=VECTOR('',#11600,1.);
#6200=VECTOR('',#11603,1.);
#6201=VECTOR('',#11606,1.);
#6202=VECTOR('',#11609,1.);
#6203=VECTOR('',#11612,1.);
#6204=VECTOR('',#11615,1.);
#6205=VECTOR('',#11618,1.);
#6206=VECTOR('',#11621,1.);
#6207=VECTOR('',#11624,1.);
#6208=VECTOR('',#11627,1.);
#6209=VECTOR('',#11630,1.);
#6210=VECTOR('',#11633,1.);
#6211=VECTOR('',#11636,1.);
#6212=VECTOR('',#11639,1.);
#6213=VECTOR('',#11642,1.);
#6214=VECTOR('',#11645,1.);
#6215=VECTOR('',#11648,1.);
#6216=VECTOR('',#11651,1.);
#6217=VECTOR('',#11654,1.);
#6218=VECTOR('',#11657,1.);
#6219=VECTOR('',#11660,1.);
#6220=VECTOR('',#11663,1.);
#6221=VECTOR('',#11666,1.);
#6222=VECTOR('',#11669,1.);
#6223=VECTOR('',#11672,1.);
#6224=VECTOR('',#11675,1.);
#6225=VECTOR('',#11678,1.);
#6226=VECTOR('',#11681,1.);
#6227=VECTOR('',#11684,1.);
#6228=VECTOR('',#11687,1.);
#6229=VECTOR('',#11690,1.);
#6230=VECTOR('',#11693,1.);
#6231=VECTOR('',#11696,1.);
#6232=VECTOR('',#11699,1.);
#6233=VECTOR('',#11702,1.);
#6234=VECTOR('',#11717,1.);
#6235=VECTOR('',#11720,1.);
#6236=VECTOR('',#11723,1.);
#6237=VECTOR('',#11726,1.);
#6238=VECTOR('',#11729,1.);
#6239=VECTOR('',#11732,1.);
#6240=VECTOR('',#11735,1.);
#6241=VECTOR('',#11738,1.);
#6242=VECTOR('',#11741,1.);
#6243=VECTOR('',#11744,1.);
#6244=VECTOR('',#11747,1.);
#6245=VECTOR('',#11750,1.);
#6246=VECTOR('',#11753,1.);
#6247=VECTOR('',#11756,1.);
#6248=VECTOR('',#11759,1.);
#6249=VECTOR('',#11762,1.);
#6250=VECTOR('',#11765,1.);
#6251=VECTOR('',#11768,1.);
#6252=VECTOR('',#11771,1.);
#6253=VECTOR('',#11774,1.);
#6254=VECTOR('',#11777,1.);
#6255=VECTOR('',#11780,1.);
#6256=VECTOR('',#11783,1.);
#6257=VECTOR('',#11786,1.);
#6258=VECTOR('',#11789,1.);
#6259=VECTOR('',#11792,1.);
#6260=VECTOR('',#11795,1.);
#6261=VECTOR('',#11798,1.);
#6262=VECTOR('',#11801,1.);
#6263=VECTOR('',#11804,1.);
#6264=VECTOR('',#11807,1.);
#6265=VECTOR('',#11810,1.);
#6266=VECTOR('',#11813,1.);
#6267=VECTOR('',#11814,1.);
#6268=VECTOR('',#11815,1.);
#6269=VECTOR('',#11818,1.);
#6270=VECTOR('',#11821,1.);
#6271=VECTOR('',#11824,1.);
#6272=VECTOR('',#11827,1.);
#6273=VECTOR('',#11830,1.);
#6274=VECTOR('',#11833,1.);
#6275=VECTOR('',#11836,1.);
#6276=VECTOR('',#11839,1.);
#6277=VECTOR('',#11842,1.);
#6278=VECTOR('',#11845,1.);
#6279=VECTOR('',#11848,1.);
#6280=VECTOR('',#11851,1.);
#6281=VECTOR('',#11854,1.);
#6282=VECTOR('',#11857,1.);
#6283=VECTOR('',#11860,1.);
#6284=VECTOR('',#11863,1.);
#6285=VECTOR('',#11866,1.);
#6286=VECTOR('',#11869,1.);
#6287=VECTOR('',#11872,1.);
#6288=VECTOR('',#11875,1.);
#6289=VECTOR('',#11878,1.);
#6290=VECTOR('',#11881,1.);
#6291=VECTOR('',#11884,1.);
#6292=VECTOR('',#11887,1.);
#6293=VECTOR('',#11890,1.);
#6294=VECTOR('',#11893,1.);
#6295=VECTOR('',#11896,1.);
#6296=VECTOR('',#11899,1.);
#6297=VECTOR('',#11902,1.);
#6298=VECTOR('',#11905,1.);
#6299=VECTOR('',#11908,1.);
#6300=VECTOR('',#11911,1.);
#6301=VECTOR('',#11914,1.);
#6302=VECTOR('',#11917,1.);
#6303=VECTOR('',#11920,1.);
#6304=VECTOR('',#11923,1.);
#6305=VECTOR('',#11926,1.);
#6306=VECTOR('',#11929,1.);
#6307=VECTOR('',#11932,1.);
#6308=VECTOR('',#11935,1.);
#6309=VECTOR('',#11938,1.);
#6310=VECTOR('',#11941,1.);
#6311=VECTOR('',#11944,1.);
#6312=VECTOR('',#11951,1.);
#6313=VECTOR('',#11954,1.);
#6314=VECTOR('',#11955,1.);
#6315=VECTOR('',#11958,1.);
#6316=VECTOR('',#11959,1.);
#6317=VECTOR('',#11962,1.);
#6318=VECTOR('',#11963,1.);
#6319=VECTOR('',#11968,1.);
#6320=VECTOR('',#11971,1.);
#6321=VECTOR('',#11972,1.);
#6322=VECTOR('',#11975,1.);
#6323=VECTOR('',#11978,1.);
#6324=VECTOR('',#11981,1.);
#6325=VECTOR('',#11984,1.);
#6326=VECTOR('',#11987,1.);
#6327=VECTOR('',#11992,1.);
#6328=VECTOR('',#11993,1.);
#6329=VECTOR('',#11996,1.);
#6330=VECTOR('',#11999,1.);
#6331=VECTOR('',#12002,1.);
#6332=VECTOR('',#12005,1.);
#6333=VECTOR('',#12008,1.);
#6334=VECTOR('',#12011,1.);
#6335=VECTOR('',#12016,1.);
#6336=VECTOR('',#12017,1.);
#6337=VECTOR('',#12020,1.);
#6338=VECTOR('',#12023,1.);
#6339=VECTOR('',#12026,1.);
#6340=VECTOR('',#12029,1.);
#6341=VECTOR('',#12032,1.);
#6342=VECTOR('',#12035,1.);
#6343=VECTOR('',#12040,1.);
#6344=VECTOR('',#12041,1.);
#6345=VECTOR('',#12044,1.);
#6346=VECTOR('',#12047,1.);
#6347=VECTOR('',#12050,1.);
#6348=VECTOR('',#12053,1.);
#6349=VECTOR('',#12056,1.);
#6350=VECTOR('',#12059,1.);
#6351=VECTOR('',#12064,1.);
#6352=VECTOR('',#12065,1.);
#6353=VECTOR('',#12068,1.);
#6354=VECTOR('',#12071,1.);
#6355=VECTOR('',#12074,1.);
#6356=VECTOR('',#12077,1.);
#6357=VECTOR('',#12080,1.);
#6358=VECTOR('',#12083,1.);
#6359=VECTOR('',#12088,1.);
#6360=VECTOR('',#12089,1.);
#6361=VECTOR('',#12092,1.);
#6362=VECTOR('',#12095,1.);
#6363=VECTOR('',#12098,1.);
#6364=VECTOR('',#12101,1.);
#6365=VECTOR('',#12104,1.);
#6366=VECTOR('',#12107,1.);
#6367=VECTOR('',#12112,1.);
#6368=VECTOR('',#12113,1.);
#6369=VECTOR('',#12116,1.);
#6370=VECTOR('',#12119,1.);
#6371=VECTOR('',#12122,1.);
#6372=VECTOR('',#12125,1.);
#6373=VECTOR('',#12128,1.);
#6374=VECTOR('',#12131,1.);
#6375=VECTOR('',#12136,1.);
#6376=VECTOR('',#12137,1.);
#6377=VECTOR('',#12140,1.);
#6378=VECTOR('',#12143,1.);
#6379=VECTOR('',#12146,1.);
#6380=VECTOR('',#12149,1.);
#6381=VECTOR('',#12152,1.);
#6382=VECTOR('',#12155,1.);
#6383=VECTOR('',#12160,1.);
#6384=VECTOR('',#12161,1.);
#6385=VECTOR('',#12164,1.);
#6386=VECTOR('',#12167,1.);
#6387=VECTOR('',#12170,1.);
#6388=VECTOR('',#12173,1.);
#6389=VECTOR('',#12176,1.);
#6390=VECTOR('',#12179,1.);
#6391=VECTOR('',#12184,1.);
#6392=VECTOR('',#12185,1.);
#6393=VECTOR('',#12188,1.);
#6394=VECTOR('',#12191,1.);
#6395=VECTOR('',#12194,1.);
#6396=VECTOR('',#12197,1.);
#6397=VECTOR('',#12200,1.);
#6398=VECTOR('',#12203,1.);
#6399=VECTOR('',#12208,1.);
#6400=VECTOR('',#12209,1.);
#6401=VECTOR('',#12212,1.);
#6402=VECTOR('',#12215,1.);
#6403=VECTOR('',#12218,1.);
#6404=VECTOR('',#12221,1.);
#6405=VECTOR('',#12224,1.);
#6406=VECTOR('',#12227,1.);
#6407=VECTOR('',#12232,1.);
#6408=VECTOR('',#12233,1.);
#6409=VECTOR('',#12236,1.);
#6410=VECTOR('',#12239,1.);
#6411=VECTOR('',#12242,1.);
#6412=VECTOR('',#12245,1.);
#6413=VECTOR('',#12248,1.);
#6414=VECTOR('',#12251,1.);
#6415=VECTOR('',#12256,1.);
#6416=VECTOR('',#12257,1.);
#6417=VECTOR('',#12260,1.);
#6418=VECTOR('',#12263,1.);
#6419=VECTOR('',#12266,1.);
#6420=VECTOR('',#12269,1.);
#6421=VECTOR('',#12272,1.);
#6422=VECTOR('',#12275,1.);
#6423=VECTOR('',#12280,1.);
#6424=VECTOR('',#12281,1.);
#6425=VECTOR('',#12284,1.);
#6426=VECTOR('',#12287,1.);
#6427=VECTOR('',#12290,1.);
#6428=VECTOR('',#12293,1.);
#6429=VECTOR('',#12296,1.);
#6430=VECTOR('',#12299,1.);
#6431=VECTOR('',#12304,1.);
#6432=VECTOR('',#12305,1.);
#6433=VECTOR('',#12308,1.);
#6434=VECTOR('',#12311,1.);
#6435=VECTOR('',#12314,1.);
#6436=VECTOR('',#12317,1.);
#6437=VECTOR('',#12320,1.);
#6438=VECTOR('',#12323,1.);
#6439=VECTOR('',#12328,1.);
#6440=VECTOR('',#12329,1.);
#6441=VECTOR('',#12332,1.);
#6442=VECTOR('',#12335,1.);
#6443=VECTOR('',#12338,1.);
#6444=VECTOR('',#12341,1.);
#6445=VECTOR('',#12344,1.);
#6446=VECTOR('',#12347,1.);
#6447=VECTOR('',#12352,1.);
#6448=VECTOR('',#12353,1.);
#6449=VECTOR('',#12356,1.);
#6450=VECTOR('',#12359,1.);
#6451=VECTOR('',#12362,1.);
#6452=VECTOR('',#12365,1.);
#6453=VECTOR('',#12368,1.);
#6454=VECTOR('',#12371,1.);
#6455=VECTOR('',#12376,1.);
#6456=VECTOR('',#12377,1.);
#6457=VECTOR('',#12380,1.);
#6458=VECTOR('',#12383,1.);
#6459=VECTOR('',#12386,1.);
#6460=VECTOR('',#12389,1.);
#6461=VECTOR('',#12392,1.);
#6462=VECTOR('',#12395,1.);
#6463=VECTOR('',#12430,1.);
#6464=VECTOR('',#12431,1.);
#6465=VECTOR('',#12432,1.);
#6466=VECTOR('',#12433,1.);
#6467=VECTOR('',#12438,1.);
#6468=VECTOR('',#12441,1.);
#6469=VECTOR('',#12442,1.);
#6470=VECTOR('',#12445,1.);
#6471=VECTOR('',#12446,1.);
#6472=VECTOR('',#12447,1.);
#6473=VECTOR('',#12450,1.);
#6474=VECTOR('',#12453,1.);
#6475=VECTOR('',#12460,1.);
#6476=VECTOR('',#12461,1.);
#6477=VECTOR('',#12470,1.);
#6478=VECTOR('',#12473,1.);
#6479=VECTOR('',#12474,1.);
#6480=VECTOR('',#12475,1.);
#6481=VECTOR('',#12476,1.);
#6482=VECTOR('',#12477,1.);
#6483=VECTOR('',#12478,1.);
#6484=VECTOR('',#12481,1.);
#6485=VECTOR('',#12486,1.);
#6486=VECTOR('',#12487,1.);
#6487=VECTOR('',#12488,1.);
#6488=VECTOR('',#12491,1.);
#6489=VECTOR('',#12492,1.);
#6490=VECTOR('',#12493,1.);
#6491=VECTOR('',#12496,1.);
#6492=VECTOR('',#12499,1.);
#6493=VECTOR('',#12500,1.);
#6494=VECTOR('',#12501,1.);
#6495=VECTOR('',#12502,1.);
#6496=VECTOR('',#12505,1.);
#6497=VECTOR('',#12510,1.);
#6498=VECTOR('',#12511,1.);
#6499=VECTOR('',#12514,1.);
#6500=VECTOR('',#12521,1.);
#6501=VECTOR('',#12522,1.);
#6502=VECTOR('',#12525,1.);
#6503=VECTOR('',#12526,1.);
#6504=VECTOR('',#12533,1.);
#6505=VECTOR('',#12546,1.);
#6506=VECTOR('',#12561,1.);
#6507=VECTOR('',#12568,1.);
#6508=VECTOR('',#12667,1.);
#6509=VECTOR('',#12670,1.);
#6510=VECTOR('',#12673,1.);
#6511=VECTOR('',#12676,1.);
#6512=VECTOR('',#12681,1.);
#6513=VECTOR('',#12682,1.);
#6514=VECTOR('',#12683,1.);
#6515=VECTOR('',#12684,1.);
#6516=VECTOR('',#12687,1.);
#6517=VECTOR('',#12688,1.);
#6518=VECTOR('',#12689,1.);
#6519=VECTOR('',#12692,1.);
#6520=VECTOR('',#12693,1.);
#6521=VECTOR('',#12694,1.);
#6522=VECTOR('',#12697,1.);
#6523=VECTOR('',#12698,1.);
#6524=VECTOR('',#12701,1.);
#6525=VECTOR('',#12702,1.);
#6526=VECTOR('',#12703,1.);
#6527=VECTOR('',#12706,1.);
#6528=VECTOR('',#12707,1.);
#6529=VECTOR('',#12708,1.);
#6530=VECTOR('',#12711,1.);
#6531=VECTOR('',#12712,1.);
#6532=VECTOR('',#12713,1.);
#6533=VECTOR('',#12716,1.);
#6534=VECTOR('',#12717,1.);
#6535=VECTOR('',#12718,1.);
#6536=VECTOR('',#12871,1.);
#6537=VECTOR('',#12872,1.);
#6538=VECTOR('',#12873,1.);
#6539=VECTOR('',#12874,1.);
#6540=VECTOR('',#12875,1.);
#6541=VECTOR('',#12878,1.);
#6542=VECTOR('',#12881,1.);
#6543=VECTOR('',#12884,1.);
#6544=VECTOR('',#12887,1.);
#6545=VECTOR('',#12888,1.);
#6546=VECTOR('',#12889,1.);
#6547=VECTOR('',#12890,1.);
#6548=VECTOR('',#12893,1.);
#6549=VECTOR('',#12894,1.);
#6550=VECTOR('',#12895,1.);
#6551=VECTOR('',#12896,1.);
#6552=VECTOR('',#12899,1.);
#6553=VECTOR('',#12900,1.);
#6554=VECTOR('',#12901,1.);
#6555=VECTOR('',#12902,1.);
#6556=VECTOR('',#12905,1.);
#6557=VECTOR('',#12908,1.);
#6558=VECTOR('',#12911,1.);
#6559=VECTOR('',#12914,1.);
#6560=VECTOR('',#12917,1.);
#6561=VECTOR('',#12918,1.);
#6562=VECTOR('',#12919,1.);
#6563=VECTOR('',#12922,1.);
#6564=VECTOR('',#12923,1.);
#6565=VECTOR('',#12924,1.);
#6566=VECTOR('',#12927,1.);
#6567=VECTOR('',#12928,1.);
#6568=VECTOR('',#12931,1.);
#6569=VECTOR('',#12932,1.);
#6570=VECTOR('',#12933,1.);
#6571=VECTOR('',#12934,1.);
#6572=VECTOR('',#12937,1.);
#6573=VECTOR('',#12938,1.);
#6574=VECTOR('',#12939,1.);
#6575=VECTOR('',#12940,1.);
#6576=VECTOR('',#12941,1.);
#6577=VECTOR('',#12942,1.);
#6578=VECTOR('',#12943,1.);
#6579=VECTOR('',#12944,1.);
#6580=VECTOR('',#12959,1.);
#6581=VECTOR('',#12960,1.);
#6582=VECTOR('',#13003,1.);
#6583=VECTOR('',#13032,1.);
#6584=VECTOR('',#13033,1.);
#6585=VECTOR('',#13036,1.);
#6586=VECTOR('',#13039,1.);
#6587=VECTOR('',#13042,1.);
#6588=VECTOR('',#13045,1.);
#6589=VECTOR('',#13130,1.);
#6590=VECTOR('',#13131,1.);
#6591=VECTOR('',#13132,1.);
#6592=VECTOR('',#13133,1.);
#6593=VECTOR('',#13136,1.);
#6594=VECTOR('',#13137,1.);
#6595=VECTOR('',#13138,1.);
#6596=VECTOR('',#13139,1.);
#6597=VECTOR('',#13142,1.);
#6598=VECTOR('',#13149,1.);
#6599=VECTOR('',#13152,1.);
#6600=VECTOR('',#13153,1.);
#6601=VECTOR('',#13160,1.);
#6602=VECTOR('',#13161,1.);
#6603=VECTOR('',#13162,1.);
#6604=VECTOR('',#13163,1.);
#6605=VECTOR('',#13166,1.);
#6606=VECTOR('',#13169,1.);
#6607=VECTOR('',#13170,1.);
#6608=VECTOR('',#13175,1.);
#6609=VECTOR('',#13176,1.);
#6610=VECTOR('',#13177,1.);
#6611=VECTOR('',#13180,1.);
#6612=VECTOR('',#13181,1.);
#6613=VECTOR('',#13184,1.);
#6614=VECTOR('',#13185,1.);
#6615=VECTOR('',#13188,1.);
#6616=VECTOR('',#13201,1.);
#6617=VECTOR('',#13202,1.);
#6618=VECTOR('',#13203,1.);
#6619=VECTOR('',#13204,1.);
#6620=VECTOR('',#13207,1.);
#6621=VECTOR('',#13208,1.);
#6622=VECTOR('',#13209,1.);
#6623=VECTOR('',#13212,1.);
#6624=VECTOR('',#13213,1.);
#6625=VECTOR('',#13214,1.);
#6626=VECTOR('',#13215,1.);
#6627=VECTOR('',#13218,1.);
#6628=VECTOR('',#13219,1.);
#6629=VECTOR('',#13220,1.);
#6630=VECTOR('',#13223,1.);
#6631=VECTOR('',#13224,1.);
#6632=VECTOR('',#13225,1.);
#6633=VECTOR('',#13228,1.);
#6634=VECTOR('',#13229,1.);
#6635=VECTOR('',#13232,1.);
#6636=VECTOR('',#13233,1.);
#6637=VECTOR('',#13234,1.);
#6638=VECTOR('',#13235,1.);
#6639=VECTOR('',#13236,1.);
#6640=VECTOR('',#13237,1.);
#6641=VECTOR('',#13240,1.);
#6642=VECTOR('',#13241,1.);
#6643=VECTOR('',#13242,1.);
#6644=VECTOR('',#13243,1.);
#6645=VECTOR('',#13244,1.);
#6646=VECTOR('',#13245,1.);
#6647=VECTOR('',#13246,1.);
#6648=VECTOR('',#13247,1.);
#6649=VECTOR('',#13248,1.);
#6650=VECTOR('',#13249,1.);
#6651=VECTOR('',#13250,1.);
#6652=VECTOR('',#13251,1.);
#6653=VECTOR('',#13254,1.);
#6654=VECTOR('',#13255,1.);
#6655=VECTOR('',#13258,1.);
#6656=VECTOR('',#13259,1.);
#6657=VECTOR('',#13262,1.);
#6658=VECTOR('',#13263,1.);
#6659=VECTOR('',#13266,1.);
#6660=VECTOR('',#13267,1.);
#6661=VECTOR('',#13270,1.);
#6662=VECTOR('',#13271,1.);
#6663=VECTOR('',#13274,1.);
#6664=VECTOR('',#13277,1.);
#6665=VECTOR('',#13278,1.);
#6666=VECTOR('',#13281,1.);
#6667=VECTOR('',#13284,1.);
#6668=VECTOR('',#13287,1.);
#6669=VECTOR('',#13288,1.);
#6670=VECTOR('',#13291,1.);
#6671=VECTOR('',#13294,1.);
#6672=VECTOR('',#13297,1.);
#6673=VECTOR('',#13300,1.);
#6674=VECTOR('',#13303,1.);
#6675=VECTOR('',#13306,1.);
#6676=EDGE_LOOP('',(#1391,#1392,#1393,#1394));
#6677=EDGE_LOOP('',(#1395,#1396,#1397,#1398));
#6678=EDGE_LOOP('',(#1399,#1400,#1401,#1402));
#6679=EDGE_LOOP('',(#1403,#1404,#1405,#1406));
#6680=EDGE_LOOP('',(#1407));
#6681=EDGE_LOOP('',(#1408));
#6682=EDGE_LOOP('',(#1409));
#6683=EDGE_LOOP('',(#1410));
#6684=EDGE_LOOP('',(#1411));
#6685=EDGE_LOOP('',(#1412));
#6686=EDGE_LOOP('',(#1413));
#6687=EDGE_LOOP('',(#1414));
#6688=EDGE_LOOP('',(#1415));
#6689=EDGE_LOOP('',(#1416));
#6690=EDGE_LOOP('',(#1417));
#6691=EDGE_LOOP('',(#1418));
#6692=EDGE_LOOP('',(#1419));
#6693=EDGE_LOOP('',(#1420));
#6694=EDGE_LOOP('',(#1421));
#6695=EDGE_LOOP('',(#1422));
#6696=EDGE_LOOP('',(#1423));
#6697=EDGE_LOOP('',(#1424));
#6698=EDGE_LOOP('',(#1425));
#6699=EDGE_LOOP('',(#1426));
#6700=EDGE_LOOP('',(#1427));
#6701=EDGE_LOOP('',(#1428));
#6702=EDGE_LOOP('',(#1429));
#6703=EDGE_LOOP('',(#1430));
#6704=EDGE_LOOP('',(#1431));
#6705=EDGE_LOOP('',(#1432));
#6706=EDGE_LOOP('',(#1433));
#6707=EDGE_LOOP('',(#1434));
#6708=EDGE_LOOP('',(#1435));
#6709=EDGE_LOOP('',(#1436));
#6710=EDGE_LOOP('',(#1437));
#6711=EDGE_LOOP('',(#1438));
#6712=EDGE_LOOP('',(#1439));
#6713=EDGE_LOOP('',(#1440));
#6714=EDGE_LOOP('',(#1441));
#6715=EDGE_LOOP('',(#1442));
#6716=EDGE_LOOP('',(#1443));
#6717=EDGE_LOOP('',(#1444));
#6718=EDGE_LOOP('',(#1445));
#6719=EDGE_LOOP('',(#1446));
#6720=EDGE_LOOP('',(#1447));
#6721=EDGE_LOOP('',(#1448));
#6722=EDGE_LOOP('',(#1449));
#6723=EDGE_LOOP('',(#1450));
#6724=EDGE_LOOP('',(#1451));
#6725=EDGE_LOOP('',(#1452));
#6726=EDGE_LOOP('',(#1453));
#6727=EDGE_LOOP('',(#1454));
#6728=EDGE_LOOP('',(#1455));
#6729=EDGE_LOOP('',(#1456));
#6730=EDGE_LOOP('',(#1457));
#6731=EDGE_LOOP('',(#1458));
#6732=EDGE_LOOP('',(#1459));
#6733=EDGE_LOOP('',(#1460));
#6734=EDGE_LOOP('',(#1461));
#6735=EDGE_LOOP('',(#1462));
#6736=EDGE_LOOP('',(#1463));
#6737=EDGE_LOOP('',(#1464));
#6738=EDGE_LOOP('',(#1465));
#6739=EDGE_LOOP('',(#1466));
#6740=EDGE_LOOP('',(#1467));
#6741=EDGE_LOOP('',(#1468));
#6742=EDGE_LOOP('',(#1469));
#6743=EDGE_LOOP('',(#1470));
#6744=EDGE_LOOP('',(#1471));
#6745=EDGE_LOOP('',(#1472));
#6746=EDGE_LOOP('',(#1473));
#6747=EDGE_LOOP('',(#1474));
#6748=EDGE_LOOP('',(#1475));
#6749=EDGE_LOOP('',(#1476));
#6750=EDGE_LOOP('',(#1477));
#6751=EDGE_LOOP('',(#1478));
#6752=EDGE_LOOP('',(#1479));
#6753=EDGE_LOOP('',(#1480));
#6754=EDGE_LOOP('',(#1481));
#6755=EDGE_LOOP('',(#1482));
#6756=EDGE_LOOP('',(#1483));
#6757=EDGE_LOOP('',(#1484));
#6758=EDGE_LOOP('',(#1485));
#6759=EDGE_LOOP('',(#1486));
#6760=EDGE_LOOP('',(#1487));
#6761=EDGE_LOOP('',(#1488));
#6762=EDGE_LOOP('',(#1489));
#6763=EDGE_LOOP('',(#1490));
#6764=EDGE_LOOP('',(#1491));
#6765=EDGE_LOOP('',(#1492));
#6766=EDGE_LOOP('',(#1493));
#6767=EDGE_LOOP('',(#1494));
#6768=EDGE_LOOP('',(#1495));
#6769=EDGE_LOOP('',(#1496));
#6770=EDGE_LOOP('',(#1497));
#6771=EDGE_LOOP('',(#1498));
#6772=EDGE_LOOP('',(#1499));
#6773=EDGE_LOOP('',(#1500));
#6774=EDGE_LOOP('',(#1501));
#6775=EDGE_LOOP('',(#1502));
#6776=EDGE_LOOP('',(#1503));
#6777=EDGE_LOOP('',(#1504));
#6778=EDGE_LOOP('',(#1505));
#6779=EDGE_LOOP('',(#1506));
#6780=EDGE_LOOP('',(#1507));
#6781=EDGE_LOOP('',(#1508));
#6782=EDGE_LOOP('',(#1509));
#6783=EDGE_LOOP('',(#1510));
#6784=EDGE_LOOP('',(#1511));
#6785=EDGE_LOOP('',(#1512));
#6786=EDGE_LOOP('',(#1513));
#6787=EDGE_LOOP('',(#1514));
#6788=EDGE_LOOP('',(#1515));
#6789=EDGE_LOOP('',(#1516));
#6790=EDGE_LOOP('',(#1517));
#6791=EDGE_LOOP('',(#1518));
#6792=EDGE_LOOP('',(#1519));
#6793=EDGE_LOOP('',(#1520));
#6794=EDGE_LOOP('',(#1521));
#6795=EDGE_LOOP('',(#1522));
#6796=EDGE_LOOP('',(#1523));
#6797=EDGE_LOOP('',(#1524));
#6798=EDGE_LOOP('',(#1525));
#6799=EDGE_LOOP('',(#1526));
#6800=EDGE_LOOP('',(#1527));
#6801=EDGE_LOOP('',(#1528));
#6802=EDGE_LOOP('',(#1529));
#6803=EDGE_LOOP('',(#1530));
#6804=EDGE_LOOP('',(#1531));
#6805=EDGE_LOOP('',(#1532));
#6806=EDGE_LOOP('',(#1533));
#6807=EDGE_LOOP('',(#1534));
#6808=EDGE_LOOP('',(#1535));
#6809=EDGE_LOOP('',(#1536));
#6810=EDGE_LOOP('',(#1537,#1538,#1539,#1540));
#6811=EDGE_LOOP('',(#1541));
#6812=EDGE_LOOP('',(#1542));
#6813=EDGE_LOOP('',(#1543));
#6814=EDGE_LOOP('',(#1544));
#6815=EDGE_LOOP('',(#1545));
#6816=EDGE_LOOP('',(#1546));
#6817=EDGE_LOOP('',(#1547));
#6818=EDGE_LOOP('',(#1548));
#6819=EDGE_LOOP('',(#1549));
#6820=EDGE_LOOP('',(#1550));
#6821=EDGE_LOOP('',(#1551));
#6822=EDGE_LOOP('',(#1552));
#6823=EDGE_LOOP('',(#1553));
#6824=EDGE_LOOP('',(#1554));
#6825=EDGE_LOOP('',(#1555));
#6826=EDGE_LOOP('',(#1556));
#6827=EDGE_LOOP('',(#1557));
#6828=EDGE_LOOP('',(#1558));
#6829=EDGE_LOOP('',(#1559));
#6830=EDGE_LOOP('',(#1560));
#6831=EDGE_LOOP('',(#1561));
#6832=EDGE_LOOP('',(#1562));
#6833=EDGE_LOOP('',(#1563));
#6834=EDGE_LOOP('',(#1564));
#6835=EDGE_LOOP('',(#1565));
#6836=EDGE_LOOP('',(#1566));
#6837=EDGE_LOOP('',(#1567));
#6838=EDGE_LOOP('',(#1568));
#6839=EDGE_LOOP('',(#1569));
#6840=EDGE_LOOP('',(#1570));
#6841=EDGE_LOOP('',(#1571));
#6842=EDGE_LOOP('',(#1572));
#6843=EDGE_LOOP('',(#1573));
#6844=EDGE_LOOP('',(#1574));
#6845=EDGE_LOOP('',(#1575));
#6846=EDGE_LOOP('',(#1576));
#6847=EDGE_LOOP('',(#1577));
#6848=EDGE_LOOP('',(#1578));
#6849=EDGE_LOOP('',(#1579));
#6850=EDGE_LOOP('',(#1580));
#6851=EDGE_LOOP('',(#1581));
#6852=EDGE_LOOP('',(#1582));
#6853=EDGE_LOOP('',(#1583));
#6854=EDGE_LOOP('',(#1584));
#6855=EDGE_LOOP('',(#1585));
#6856=EDGE_LOOP('',(#1586));
#6857=EDGE_LOOP('',(#1587));
#6858=EDGE_LOOP('',(#1588));
#6859=EDGE_LOOP('',(#1589));
#6860=EDGE_LOOP('',(#1590));
#6861=EDGE_LOOP('',(#1591));
#6862=EDGE_LOOP('',(#1592));
#6863=EDGE_LOOP('',(#1593));
#6864=EDGE_LOOP('',(#1594));
#6865=EDGE_LOOP('',(#1595));
#6866=EDGE_LOOP('',(#1596));
#6867=EDGE_LOOP('',(#1597));
#6868=EDGE_LOOP('',(#1598));
#6869=EDGE_LOOP('',(#1599));
#6870=EDGE_LOOP('',(#1600));
#6871=EDGE_LOOP('',(#1601));
#6872=EDGE_LOOP('',(#1602));
#6873=EDGE_LOOP('',(#1603));
#6874=EDGE_LOOP('',(#1604));
#6875=EDGE_LOOP('',(#1605));
#6876=EDGE_LOOP('',(#1606));
#6877=EDGE_LOOP('',(#1607));
#6878=EDGE_LOOP('',(#1608));
#6879=EDGE_LOOP('',(#1609));
#6880=EDGE_LOOP('',(#1610));
#6881=EDGE_LOOP('',(#1611));
#6882=EDGE_LOOP('',(#1612));
#6883=EDGE_LOOP('',(#1613));
#6884=EDGE_LOOP('',(#1614));
#6885=EDGE_LOOP('',(#1615));
#6886=EDGE_LOOP('',(#1616));
#6887=EDGE_LOOP('',(#1617));
#6888=EDGE_LOOP('',(#1618));
#6889=EDGE_LOOP('',(#1619));
#6890=EDGE_LOOP('',(#1620));
#6891=EDGE_LOOP('',(#1621));
#6892=EDGE_LOOP('',(#1622));
#6893=EDGE_LOOP('',(#1623));
#6894=EDGE_LOOP('',(#1624));
#6895=EDGE_LOOP('',(#1625));
#6896=EDGE_LOOP('',(#1626));
#6897=EDGE_LOOP('',(#1627));
#6898=EDGE_LOOP('',(#1628));
#6899=EDGE_LOOP('',(#1629));
#6900=EDGE_LOOP('',(#1630));
#6901=EDGE_LOOP('',(#1631));
#6902=EDGE_LOOP('',(#1632));
#6903=EDGE_LOOP('',(#1633));
#6904=EDGE_LOOP('',(#1634));
#6905=EDGE_LOOP('',(#1635));
#6906=EDGE_LOOP('',(#1636));
#6907=EDGE_LOOP('',(#1637));
#6908=EDGE_LOOP('',(#1638));
#6909=EDGE_LOOP('',(#1639));
#6910=EDGE_LOOP('',(#1640));
#6911=EDGE_LOOP('',(#1641));
#6912=EDGE_LOOP('',(#1642));
#6913=EDGE_LOOP('',(#1643));
#6914=EDGE_LOOP('',(#1644));
#6915=EDGE_LOOP('',(#1645));
#6916=EDGE_LOOP('',(#1646));
#6917=EDGE_LOOP('',(#1647));
#6918=EDGE_LOOP('',(#1648));
#6919=EDGE_LOOP('',(#1649));
#6920=EDGE_LOOP('',(#1650));
#6921=EDGE_LOOP('',(#1651));
#6922=EDGE_LOOP('',(#1652));
#6923=EDGE_LOOP('',(#1653));
#6924=EDGE_LOOP('',(#1654));
#6925=EDGE_LOOP('',(#1655));
#6926=EDGE_LOOP('',(#1656));
#6927=EDGE_LOOP('',(#1657));
#6928=EDGE_LOOP('',(#1658));
#6929=EDGE_LOOP('',(#1659));
#6930=EDGE_LOOP('',(#1660));
#6931=EDGE_LOOP('',(#1661));
#6932=EDGE_LOOP('',(#1662));
#6933=EDGE_LOOP('',(#1663));
#6934=EDGE_LOOP('',(#1664));
#6935=EDGE_LOOP('',(#1665));
#6936=EDGE_LOOP('',(#1666));
#6937=EDGE_LOOP('',(#1667));
#6938=EDGE_LOOP('',(#1668));
#6939=EDGE_LOOP('',(#1669));
#6940=EDGE_LOOP('',(#1670));
#6941=EDGE_LOOP('',(#1671,#1672,#1673,#1674));
#6942=EDGE_LOOP('',(#1675));
#6943=EDGE_LOOP('',(#1676));
#6944=EDGE_LOOP('',(#1677));
#6945=EDGE_LOOP('',(#1678));
#6946=EDGE_LOOP('',(#1679));
#6947=EDGE_LOOP('',(#1680));
#6948=EDGE_LOOP('',(#1681));
#6949=EDGE_LOOP('',(#1682));
#6950=EDGE_LOOP('',(#1683));
#6951=EDGE_LOOP('',(#1684));
#6952=EDGE_LOOP('',(#1685));
#6953=EDGE_LOOP('',(#1686));
#6954=EDGE_LOOP('',(#1687));
#6955=EDGE_LOOP('',(#1688));
#6956=EDGE_LOOP('',(#1689));
#6957=EDGE_LOOP('',(#1690));
#6958=EDGE_LOOP('',(#1691));
#6959=EDGE_LOOP('',(#1692));
#6960=EDGE_LOOP('',(#1693));
#6961=EDGE_LOOP('',(#1694));
#6962=EDGE_LOOP('',(#1695));
#6963=EDGE_LOOP('',(#1696));
#6964=EDGE_LOOP('',(#1697));
#6965=EDGE_LOOP('',(#1698));
#6966=EDGE_LOOP('',(#1699));
#6967=EDGE_LOOP('',(#1700));
#6968=EDGE_LOOP('',(#1701));
#6969=EDGE_LOOP('',(#1702));
#6970=EDGE_LOOP('',(#1703));
#6971=EDGE_LOOP('',(#1704));
#6972=EDGE_LOOP('',(#1705));
#6973=EDGE_LOOP('',(#1706));
#6974=EDGE_LOOP('',(#1707));
#6975=EDGE_LOOP('',(#1708));
#6976=EDGE_LOOP('',(#1709));
#6977=EDGE_LOOP('',(#1710));
#6978=EDGE_LOOP('',(#1711));
#6979=EDGE_LOOP('',(#1712));
#6980=EDGE_LOOP('',(#1713));
#6981=EDGE_LOOP('',(#1714));
#6982=EDGE_LOOP('',(#1715));
#6983=EDGE_LOOP('',(#1716));
#6984=EDGE_LOOP('',(#1717));
#6985=EDGE_LOOP('',(#1718));
#6986=EDGE_LOOP('',(#1719));
#6987=EDGE_LOOP('',(#1720));
#6988=EDGE_LOOP('',(#1721));
#6989=EDGE_LOOP('',(#1722));
#6990=EDGE_LOOP('',(#1723));
#6991=EDGE_LOOP('',(#1724));
#6992=EDGE_LOOP('',(#1725));
#6993=EDGE_LOOP('',(#1726));
#6994=EDGE_LOOP('',(#1727));
#6995=EDGE_LOOP('',(#1728));
#6996=EDGE_LOOP('',(#1729));
#6997=EDGE_LOOP('',(#1730));
#6998=EDGE_LOOP('',(#1731));
#6999=EDGE_LOOP('',(#1732));
#7000=EDGE_LOOP('',(#1733));
#7001=EDGE_LOOP('',(#1734));
#7002=EDGE_LOOP('',(#1735));
#7003=EDGE_LOOP('',(#1736));
#7004=EDGE_LOOP('',(#1737));
#7005=EDGE_LOOP('',(#1738));
#7006=EDGE_LOOP('',(#1739));
#7007=EDGE_LOOP('',(#1740));
#7008=EDGE_LOOP('',(#1741));
#7009=EDGE_LOOP('',(#1742));
#7010=EDGE_LOOP('',(#1743));
#7011=EDGE_LOOP('',(#1744));
#7012=EDGE_LOOP('',(#1745));
#7013=EDGE_LOOP('',(#1746));
#7014=EDGE_LOOP('',(#1747));
#7015=EDGE_LOOP('',(#1748));
#7016=EDGE_LOOP('',(#1749));
#7017=EDGE_LOOP('',(#1750));
#7018=EDGE_LOOP('',(#1751));
#7019=EDGE_LOOP('',(#1752));
#7020=EDGE_LOOP('',(#1753));
#7021=EDGE_LOOP('',(#1754));
#7022=EDGE_LOOP('',(#1755));
#7023=EDGE_LOOP('',(#1756));
#7024=EDGE_LOOP('',(#1757));
#7025=EDGE_LOOP('',(#1758));
#7026=EDGE_LOOP('',(#1759));
#7027=EDGE_LOOP('',(#1760));
#7028=EDGE_LOOP('',(#1761));
#7029=EDGE_LOOP('',(#1762));
#7030=EDGE_LOOP('',(#1763));
#7031=EDGE_LOOP('',(#1764));
#7032=EDGE_LOOP('',(#1765));
#7033=EDGE_LOOP('',(#1766));
#7034=EDGE_LOOP('',(#1767));
#7035=EDGE_LOOP('',(#1768));
#7036=EDGE_LOOP('',(#1769));
#7037=EDGE_LOOP('',(#1770));
#7038=EDGE_LOOP('',(#1771));
#7039=EDGE_LOOP('',(#1772));
#7040=EDGE_LOOP('',(#1773));
#7041=EDGE_LOOP('',(#1774));
#7042=EDGE_LOOP('',(#1775));
#7043=EDGE_LOOP('',(#1776));
#7044=EDGE_LOOP('',(#1777));
#7045=EDGE_LOOP('',(#1778));
#7046=EDGE_LOOP('',(#1779));
#7047=EDGE_LOOP('',(#1780));
#7048=EDGE_LOOP('',(#1781));
#7049=EDGE_LOOP('',(#1782));
#7050=EDGE_LOOP('',(#1783));
#7051=EDGE_LOOP('',(#1784));
#7052=EDGE_LOOP('',(#1785));
#7053=EDGE_LOOP('',(#1786));
#7054=EDGE_LOOP('',(#1787));
#7055=EDGE_LOOP('',(#1788));
#7056=EDGE_LOOP('',(#1789));
#7057=EDGE_LOOP('',(#1790));
#7058=EDGE_LOOP('',(#1791));
#7059=EDGE_LOOP('',(#1792));
#7060=EDGE_LOOP('',(#1793));
#7061=EDGE_LOOP('',(#1794));
#7062=EDGE_LOOP('',(#1795));
#7063=EDGE_LOOP('',(#1796));
#7064=EDGE_LOOP('',(#1797));
#7065=EDGE_LOOP('',(#1798));
#7066=EDGE_LOOP('',(#1799));
#7067=EDGE_LOOP('',(#1800));
#7068=EDGE_LOOP('',(#1801));
#7069=EDGE_LOOP('',(#1802));
#7070=EDGE_LOOP('',(#1803));
#7071=EDGE_LOOP('',(#1804));
#7072=EDGE_LOOP('',(#1805));
#7073=EDGE_LOOP('',(#1806));
#7074=EDGE_LOOP('',(#1807));
#7075=EDGE_LOOP('',(#1808));
#7076=EDGE_LOOP('',(#1809));
#7077=EDGE_LOOP('',(#1810));
#7078=EDGE_LOOP('',(#1811));
#7079=EDGE_LOOP('',(#1812));
#7080=EDGE_LOOP('',(#1813));
#7081=EDGE_LOOP('',(#1814));
#7082=EDGE_LOOP('',(#1815));
#7083=EDGE_LOOP('',(#1816));
#7084=EDGE_LOOP('',(#1817));
#7085=EDGE_LOOP('',(#1818));
#7086=EDGE_LOOP('',(#1819));
#7087=EDGE_LOOP('',(#1820));
#7088=EDGE_LOOP('',(#1821));
#7089=EDGE_LOOP('',(#1822));
#7090=EDGE_LOOP('',(#1823));
#7091=EDGE_LOOP('',(#1824));
#7092=EDGE_LOOP('',(#1825));
#7093=EDGE_LOOP('',(#1826));
#7094=EDGE_LOOP('',(#1827));
#7095=EDGE_LOOP('',(#1828));
#7096=EDGE_LOOP('',(#1829));
#7097=EDGE_LOOP('',(#1830));
#7098=EDGE_LOOP('',(#1831));
#7099=EDGE_LOOP('',(#1832));
#7100=EDGE_LOOP('',(#1833));
#7101=EDGE_LOOP('',(#1834));
#7102=EDGE_LOOP('',(#1835));
#7103=EDGE_LOOP('',(#1836));
#7104=EDGE_LOOP('',(#1837));
#7105=EDGE_LOOP('',(#1838));
#7106=EDGE_LOOP('',(#1839));
#7107=EDGE_LOOP('',(#1840));
#7108=EDGE_LOOP('',(#1841));
#7109=EDGE_LOOP('',(#1842));
#7110=EDGE_LOOP('',(#1843));
#7111=EDGE_LOOP('',(#1844));
#7112=EDGE_LOOP('',(#1845));
#7113=EDGE_LOOP('',(#1846));
#7114=EDGE_LOOP('',(#1847));
#7115=EDGE_LOOP('',(#1848));
#7116=EDGE_LOOP('',(#1849));
#7117=EDGE_LOOP('',(#1850));
#7118=EDGE_LOOP('',(#1851));
#7119=EDGE_LOOP('',(#1852));
#7120=EDGE_LOOP('',(#1853));
#7121=EDGE_LOOP('',(#1854));
#7122=EDGE_LOOP('',(#1855));
#7123=EDGE_LOOP('',(#1856));
#7124=EDGE_LOOP('',(#1857));
#7125=EDGE_LOOP('',(#1858));
#7126=EDGE_LOOP('',(#1859));
#7127=EDGE_LOOP('',(#1860));
#7128=EDGE_LOOP('',(#1861));
#7129=EDGE_LOOP('',(#1862));
#7130=EDGE_LOOP('',(#1863));
#7131=EDGE_LOOP('',(#1864));
#7132=EDGE_LOOP('',(#1865));
#7133=EDGE_LOOP('',(#1866));
#7134=EDGE_LOOP('',(#1867));
#7135=EDGE_LOOP('',(#1868));
#7136=EDGE_LOOP('',(#1869));
#7137=EDGE_LOOP('',(#1870));
#7138=EDGE_LOOP('',(#1871));
#7139=EDGE_LOOP('',(#1872));
#7140=EDGE_LOOP('',(#1873));
#7141=EDGE_LOOP('',(#1874));
#7142=EDGE_LOOP('',(#1875));
#7143=EDGE_LOOP('',(#1876));
#7144=EDGE_LOOP('',(#1877));
#7145=EDGE_LOOP('',(#1878));
#7146=EDGE_LOOP('',(#1879));
#7147=EDGE_LOOP('',(#1880));
#7148=EDGE_LOOP('',(#1881));
#7149=EDGE_LOOP('',(#1882));
#7150=EDGE_LOOP('',(#1883));
#7151=EDGE_LOOP('',(#1884));
#7152=EDGE_LOOP('',(#1885));
#7153=EDGE_LOOP('',(#1886));
#7154=EDGE_LOOP('',(#1887));
#7155=EDGE_LOOP('',(#1888));
#7156=EDGE_LOOP('',(#1889));
#7157=EDGE_LOOP('',(#1890));
#7158=EDGE_LOOP('',(#1891));
#7159=EDGE_LOOP('',(#1892));
#7160=EDGE_LOOP('',(#1893));
#7161=EDGE_LOOP('',(#1894));
#7162=EDGE_LOOP('',(#1895));
#7163=EDGE_LOOP('',(#1896));
#7164=EDGE_LOOP('',(#1897));
#7165=EDGE_LOOP('',(#1898));
#7166=EDGE_LOOP('',(#1899));
#7167=EDGE_LOOP('',(#1900));
#7168=EDGE_LOOP('',(#1901));
#7169=EDGE_LOOP('',(#1902));
#7170=EDGE_LOOP('',(#1903));
#7171=EDGE_LOOP('',(#1904));
#7172=EDGE_LOOP('',(#1905));
#7173=EDGE_LOOP('',(#1906));
#7174=EDGE_LOOP('',(#1907));
#7175=EDGE_LOOP('',(#1908));
#7176=EDGE_LOOP('',(#1909));
#7177=EDGE_LOOP('',(#1910));
#7178=EDGE_LOOP('',(#1911));
#7179=EDGE_LOOP('',(#1912));
#7180=EDGE_LOOP('',(#1913));
#7181=EDGE_LOOP('',(#1914));
#7182=EDGE_LOOP('',(#1915));
#7183=EDGE_LOOP('',(#1916));
#7184=EDGE_LOOP('',(#1917));
#7185=EDGE_LOOP('',(#1918));
#7186=EDGE_LOOP('',(#1919));
#7187=EDGE_LOOP('',(#1920));
#7188=EDGE_LOOP('',(#1921));
#7189=EDGE_LOOP('',(#1922));
#7190=EDGE_LOOP('',(#1923));
#7191=EDGE_LOOP('',(#1924));
#7192=EDGE_LOOP('',(#1925));
#7193=EDGE_LOOP('',(#1926));
#7194=EDGE_LOOP('',(#1927));
#7195=EDGE_LOOP('',(#1928));
#7196=EDGE_LOOP('',(#1929));
#7197=EDGE_LOOP('',(#1930));
#7198=EDGE_LOOP('',(#1931));
#7199=EDGE_LOOP('',(#1932));
#7200=EDGE_LOOP('',(#1933));
#7201=EDGE_LOOP('',(#1934));
#7202=EDGE_LOOP('',(#1935,#1936,#1937,#1938));
#7203=EDGE_LOOP('',(#1939,#1940,#1941));
#7204=EDGE_LOOP('',(#1942));
#7205=EDGE_LOOP('',(#1943));
#7206=EDGE_LOOP('',(#1944));
#7207=EDGE_LOOP('',(#1945));
#7208=EDGE_LOOP('',(#1946));
#7209=EDGE_LOOP('',(#1947));
#7210=EDGE_LOOP('',(#1948,#1949,#1950,#1951,#1952,#1953,#1954,#1955,#1956,
#1957,#1958,#1959,#1960,#1961,#1962,#1963,#1964,#1965,#1966,#1967));
#7211=EDGE_LOOP('',(#1968,#1969,#1970,#1971,#1972,#1973,#1974,#1975));
#7212=EDGE_LOOP('',(#1976,#1977,#1978,#1979,#1980,#1981,#1982,#1983));
#7213=EDGE_LOOP('',(#1984,#1985,#1986,#1987,#1988,#1989,#1990,#1991));
#7214=EDGE_LOOP('',(#1992,#1993,#1994,#1995,#1996,#1997,#1998,#1999));
#7215=EDGE_LOOP('',(#2000,#2001,#2002,#2003,#2004,#2005,#2006,#2007));
#7216=EDGE_LOOP('',(#2008,#2009,#2010,#2011,#2012,#2013,#2014,#2015));
#7217=EDGE_LOOP('',(#2016,#2017,#2018,#2019,#2020,#2021,#2022,#2023));
#7218=EDGE_LOOP('',(#2024,#2025,#2026,#2027,#2028,#2029,#2030,#2031));
#7219=EDGE_LOOP('',(#2032,#2033,#2034,#2035,#2036,#2037,#2038,#2039));
#7220=EDGE_LOOP('',(#2040,#2041,#2042,#2043,#2044,#2045,#2046,#2047));
#7221=EDGE_LOOP('',(#2048,#2049,#2050,#2051,#2052,#2053,#2054,#2055));
#7222=EDGE_LOOP('',(#2056,#2057,#2058,#2059,#2060,#2061,#2062,#2063));
#7223=EDGE_LOOP('',(#2064,#2065,#2066,#2067,#2068,#2069,#2070,#2071));
#7224=EDGE_LOOP('',(#2072,#2073,#2074,#2075,#2076,#2077,#2078,#2079));
#7225=EDGE_LOOP('',(#2080,#2081,#2082,#2083,#2084,#2085,#2086,#2087));
#7226=EDGE_LOOP('',(#2088,#2089,#2090,#2091,#2092,#2093,#2094,#2095));
#7227=EDGE_LOOP('',(#2096,#2097,#2098,#2099,#2100,#2101,#2102,#2103));
#7228=EDGE_LOOP('',(#2104));
#7229=EDGE_LOOP('',(#2105));
#7230=EDGE_LOOP('',(#2106));
#7231=EDGE_LOOP('',(#2107));
#7232=EDGE_LOOP('',(#2108));
#7233=EDGE_LOOP('',(#2109));
#7234=EDGE_LOOP('',(#2110,#2111,#2112,#2113,#2114,#2115,#2116,#2117));
#7235=EDGE_LOOP('',(#2118,#2119,#2120,#2121,#2122,#2123,#2124,#2125));
#7236=EDGE_LOOP('',(#2126,#2127,#2128,#2129,#2130,#2131,#2132,#2133));
#7237=EDGE_LOOP('',(#2134,#2135,#2136,#2137,#2138,#2139,#2140,#2141));
#7238=EDGE_LOOP('',(#2142,#2143,#2144,#2145,#2146,#2147,#2148,#2149));
#7239=EDGE_LOOP('',(#2150,#2151,#2152,#2153,#2154,#2155,#2156,#2157));
#7240=EDGE_LOOP('',(#2158,#2159,#2160,#2161,#2162,#2163,#2164,#2165));
#7241=EDGE_LOOP('',(#2166,#2167,#2168,#2169,#2170,#2171,#2172,#2173));
#7242=EDGE_LOOP('',(#2174,#2175,#2176,#2177,#2178,#2179,#2180,#2181,#2182,
#2183,#2184,#2185,#2186,#2187,#2188,#2189,#2190,#2191,#2192,#2193));
#7243=EDGE_LOOP('',(#2194,#2195,#2196,#2197,#2198,#2199,#2200,#2201));
#7244=EDGE_LOOP('',(#2202,#2203,#2204,#2205,#2206,#2207,#2208,#2209));
#7245=EDGE_LOOP('',(#2210,#2211,#2212,#2213,#2214,#2215,#2216,#2217));
#7246=EDGE_LOOP('',(#2218,#2219,#2220,#2221,#2222,#2223,#2224,#2225));
#7247=EDGE_LOOP('',(#2226,#2227,#2228,#2229,#2230,#2231,#2232,#2233));
#7248=EDGE_LOOP('',(#2234,#2235,#2236,#2237,#2238,#2239,#2240,#2241));
#7249=EDGE_LOOP('',(#2242,#2243,#2244,#2245,#2246,#2247,#2248,#2249));
#7250=EDGE_LOOP('',(#2250,#2251,#2252,#2253,#2254,#2255,#2256,#2257));
#7251=EDGE_LOOP('',(#2258,#2259,#2260,#2261,#2262,#2263,#2264,#2265));
#7252=EDGE_LOOP('',(#2266,#2267,#2268,#2269));
#7253=EDGE_LOOP('',(#2270,#2271,#2272,#2273));
#7254=EDGE_LOOP('',(#2274,#2275,#2276,#2277));
#7255=EDGE_LOOP('',(#2278,#2279,#2280,#2281));
#7256=EDGE_LOOP('',(#2282,#2283,#2284,#2285));
#7257=EDGE_LOOP('',(#2286,#2287,#2288,#2289,#2290,#2291));
#7258=EDGE_LOOP('',(#2292,#2293,#2294,#2295));
#7259=EDGE_LOOP('',(#2296,#2297,#2298,#2299));
#7260=EDGE_LOOP('',(#2300,#2301,#2302,#2303));
#7261=EDGE_LOOP('',(#2304,#2305,#2306,#2307));
#7262=EDGE_LOOP('',(#2308,#2309,#2310,#2311));
#7263=EDGE_LOOP('',(#2312,#2313,#2314,#2315));
#7264=EDGE_LOOP('',(#2316,#2317,#2318,#2319));
#7265=EDGE_LOOP('',(#2320,#2321,#2322,#2323));
#7266=EDGE_LOOP('',(#2324,#2325,#2326,#2327));
#7267=EDGE_LOOP('',(#2328,#2329,#2330,#2331));
#7268=EDGE_LOOP('',(#2332,#2333,#2334,#2335));
#7269=EDGE_LOOP('',(#2336,#2337,#2338,#2339));
#7270=EDGE_LOOP('',(#2340,#2341,#2342,#2343));
#7271=EDGE_LOOP('',(#2344,#2345,#2346,#2347));
#7272=EDGE_LOOP('',(#2348,#2349,#2350,#2351));
#7273=EDGE_LOOP('',(#2352,#2353,#2354,#2355));
#7274=EDGE_LOOP('',(#2356,#2357,#2358,#2359));
#7275=EDGE_LOOP('',(#2360,#2361,#2362,#2363));
#7276=EDGE_LOOP('',(#2364,#2365,#2366,#2367));
#7277=EDGE_LOOP('',(#2368,#2369,#2370,#2371));
#7278=EDGE_LOOP('',(#2372,#2373,#2374,#2375));
#7279=EDGE_LOOP('',(#2376,#2377,#2378,#2379));
#7280=EDGE_LOOP('',(#2380,#2381,#2382,#2383));
#7281=EDGE_LOOP('',(#2384,#2385,#2386,#2387));
#7282=EDGE_LOOP('',(#2388,#2389,#2390,#2391));
#7283=EDGE_LOOP('',(#2392,#2393,#2394,#2395));
#7284=EDGE_LOOP('',(#2396,#2397,#2398,#2399));
#7285=EDGE_LOOP('',(#2400,#2401,#2402,#2403));
#7286=EDGE_LOOP('',(#2404,#2405,#2406,#2407));
#7287=EDGE_LOOP('',(#2408,#2409,#2410,#2411));
#7288=EDGE_LOOP('',(#2412,#2413,#2414,#2415));
#7289=EDGE_LOOP('',(#2416,#2417,#2418,#2419));
#7290=EDGE_LOOP('',(#2420,#2421,#2422,#2423));
#7291=EDGE_LOOP('',(#2424,#2425,#2426,#2427));
#7292=EDGE_LOOP('',(#2428,#2429,#2430,#2431));
#7293=EDGE_LOOP('',(#2432,#2433,#2434,#2435));
#7294=EDGE_LOOP('',(#2436,#2437,#2438,#2439));
#7295=EDGE_LOOP('',(#2440,#2441,#2442,#2443));
#7296=EDGE_LOOP('',(#2444,#2445,#2446,#2447));
#7297=EDGE_LOOP('',(#2448,#2449,#2450,#2451));
#7298=EDGE_LOOP('',(#2452,#2453,#2454,#2455));
#7299=EDGE_LOOP('',(#2456,#2457,#2458,#2459));
#7300=EDGE_LOOP('',(#2460,#2461,#2462,#2463));
#7301=EDGE_LOOP('',(#2464,#2465,#2466,#2467));
#7302=EDGE_LOOP('',(#2468,#2469,#2470,#2471));
#7303=EDGE_LOOP('',(#2472,#2473,#2474,#2475));
#7304=EDGE_LOOP('',(#2476,#2477,#2478,#2479));
#7305=EDGE_LOOP('',(#2480,#2481,#2482,#2483));
#7306=EDGE_LOOP('',(#2484,#2485,#2486,#2487));
#7307=EDGE_LOOP('',(#2488,#2489,#2490,#2491));
#7308=EDGE_LOOP('',(#2492,#2493,#2494,#2495));
#7309=EDGE_LOOP('',(#2496,#2497,#2498,#2499));
#7310=EDGE_LOOP('',(#2500,#2501,#2502,#2503));
#7311=EDGE_LOOP('',(#2504,#2505,#2506,#2507));
#7312=EDGE_LOOP('',(#2508,#2509,#2510,#2511));
#7313=EDGE_LOOP('',(#2512,#2513,#2514,#2515));
#7314=EDGE_LOOP('',(#2516,#2517,#2518,#2519));
#7315=EDGE_LOOP('',(#2520,#2521,#2522,#2523));
#7316=EDGE_LOOP('',(#2524,#2525,#2526,#2527));
#7317=EDGE_LOOP('',(#2528,#2529,#2530,#2531));
#7318=EDGE_LOOP('',(#2532,#2533,#2534,#2535));
#7319=EDGE_LOOP('',(#2536,#2537,#2538,#2539));
#7320=EDGE_LOOP('',(#2540,#2541,#2542,#2543));
#7321=EDGE_LOOP('',(#2544,#2545,#2546,#2547));
#7322=EDGE_LOOP('',(#2548,#2549,#2550,#2551));
#7323=EDGE_LOOP('',(#2552,#2553,#2554,#2555));
#7324=EDGE_LOOP('',(#2556,#2557,#2558,#2559));
#7325=EDGE_LOOP('',(#2560,#2561,#2562,#2563));
#7326=EDGE_LOOP('',(#2564,#2565,#2566,#2567));
#7327=EDGE_LOOP('',(#2568,#2569,#2570,#2571));
#7328=EDGE_LOOP('',(#2572,#2573,#2574,#2575));
#7329=EDGE_LOOP('',(#2576,#2577,#2578,#2579));
#7330=EDGE_LOOP('',(#2580,#2581,#2582,#2583));
#7331=EDGE_LOOP('',(#2584,#2585,#2586,#2587));
#7332=EDGE_LOOP('',(#2588,#2589,#2590,#2591));
#7333=EDGE_LOOP('',(#2592,#2593,#2594,#2595));
#7334=EDGE_LOOP('',(#2596,#2597,#2598,#2599));
#7335=EDGE_LOOP('',(#2600,#2601,#2602,#2603));
#7336=EDGE_LOOP('',(#2604,#2605,#2606,#2607));
#7337=EDGE_LOOP('',(#2608,#2609,#2610,#2611));
#7338=EDGE_LOOP('',(#2612,#2613,#2614,#2615));
#7339=EDGE_LOOP('',(#2616,#2617,#2618,#2619));
#7340=EDGE_LOOP('',(#2620,#2621,#2622,#2623));
#7341=EDGE_LOOP('',(#2624,#2625,#2626,#2627));
#7342=EDGE_LOOP('',(#2628,#2629,#2630,#2631));
#7343=EDGE_LOOP('',(#2632,#2633,#2634,#2635));
#7344=EDGE_LOOP('',(#2636,#2637,#2638,#2639));
#7345=EDGE_LOOP('',(#2640,#2641,#2642,#2643));
#7346=EDGE_LOOP('',(#2644,#2645,#2646,#2647));
#7347=EDGE_LOOP('',(#2648,#2649,#2650,#2651));
#7348=EDGE_LOOP('',(#2652,#2653,#2654,#2655));
#7349=EDGE_LOOP('',(#2656,#2657,#2658,#2659));
#7350=EDGE_LOOP('',(#2660,#2661,#2662,#2663));
#7351=EDGE_LOOP('',(#2664,#2665,#2666,#2667));
#7352=EDGE_LOOP('',(#2668,#2669,#2670,#2671));
#7353=EDGE_LOOP('',(#2672,#2673,#2674,#2675));
#7354=EDGE_LOOP('',(#2676,#2677,#2678,#2679));
#7355=EDGE_LOOP('',(#2680,#2681,#2682,#2683));
#7356=EDGE_LOOP('',(#2684,#2685,#2686,#2687));
#7357=EDGE_LOOP('',(#2688,#2689,#2690,#2691));
#7358=EDGE_LOOP('',(#2692,#2693,#2694,#2695));
#7359=EDGE_LOOP('',(#2696,#2697,#2698,#2699));
#7360=EDGE_LOOP('',(#2700,#2701,#2702,#2703));
#7361=EDGE_LOOP('',(#2704,#2705,#2706,#2707));
#7362=EDGE_LOOP('',(#2708,#2709,#2710,#2711));
#7363=EDGE_LOOP('',(#2712,#2713,#2714,#2715));
#7364=EDGE_LOOP('',(#2716,#2717,#2718,#2719));
#7365=EDGE_LOOP('',(#2720,#2721,#2722,#2723));
#7366=EDGE_LOOP('',(#2724,#2725,#2726,#2727));
#7367=EDGE_LOOP('',(#2728,#2729,#2730,#2731));
#7368=EDGE_LOOP('',(#2732,#2733,#2734,#2735));
#7369=EDGE_LOOP('',(#2736,#2737,#2738,#2739));
#7370=EDGE_LOOP('',(#2740,#2741,#2742,#2743));
#7371=EDGE_LOOP('',(#2744,#2745,#2746,#2747));
#7372=EDGE_LOOP('',(#2748,#2749,#2750,#2751));
#7373=EDGE_LOOP('',(#2752,#2753,#2754,#2755));
#7374=EDGE_LOOP('',(#2756,#2757,#2758,#2759));
#7375=EDGE_LOOP('',(#2760,#2761,#2762,#2763));
#7376=EDGE_LOOP('',(#2764,#2765,#2766,#2767));
#7377=EDGE_LOOP('',(#2768,#2769,#2770,#2771));
#7378=EDGE_LOOP('',(#2772,#2773,#2774,#2775));
#7379=EDGE_LOOP('',(#2776,#2777,#2778,#2779));
#7380=EDGE_LOOP('',(#2780,#2781,#2782,#2783));
#7381=EDGE_LOOP('',(#2784,#2785,#2786,#2787));
#7382=EDGE_LOOP('',(#2788,#2789,#2790,#2791));
#7383=EDGE_LOOP('',(#2792,#2793,#2794,#2795));
#7384=EDGE_LOOP('',(#2796,#2797,#2798,#2799));
#7385=EDGE_LOOP('',(#2800,#2801,#2802,#2803));
#7386=EDGE_LOOP('',(#2804,#2805,#2806,#2807));
#7387=EDGE_LOOP('',(#2808,#2809,#2810,#2811));
#7388=EDGE_LOOP('',(#2812,#2813,#2814,#2815));
#7389=EDGE_LOOP('',(#2816,#2817,#2818,#2819));
#7390=EDGE_LOOP('',(#2820,#2821,#2822,#2823));
#7391=EDGE_LOOP('',(#2824,#2825,#2826,#2827));
#7392=EDGE_LOOP('',(#2828,#2829,#2830,#2831));
#7393=EDGE_LOOP('',(#2832,#2833,#2834,#2835));
#7394=EDGE_LOOP('',(#2836,#2837,#2838,#2839));
#7395=EDGE_LOOP('',(#2840,#2841,#2842,#2843));
#7396=EDGE_LOOP('',(#2844,#2845,#2846,#2847));
#7397=EDGE_LOOP('',(#2848,#2849,#2850,#2851));
#7398=EDGE_LOOP('',(#2852,#2853,#2854,#2855));
#7399=EDGE_LOOP('',(#2856,#2857,#2858,#2859));
#7400=EDGE_LOOP('',(#2860,#2861,#2862,#2863));
#7401=EDGE_LOOP('',(#2864,#2865,#2866,#2867));
#7402=EDGE_LOOP('',(#2868,#2869,#2870,#2871));
#7403=EDGE_LOOP('',(#2872,#2873,#2874,#2875));
#7404=EDGE_LOOP('',(#2876,#2877,#2878));
#7405=EDGE_LOOP('',(#2879,#2880,#2881,#2882,#2883,#2884));
#7406=EDGE_LOOP('',(#2885,#2886,#2887,#2888));
#7407=EDGE_LOOP('',(#2889));
#7408=EDGE_LOOP('',(#2890));
#7409=EDGE_LOOP('',(#2891));
#7410=EDGE_LOOP('',(#2892));
#7411=EDGE_LOOP('',(#2893));
#7412=EDGE_LOOP('',(#2894));
#7413=EDGE_LOOP('',(#2895));
#7414=EDGE_LOOP('',(#2896));
#7415=EDGE_LOOP('',(#2897));
#7416=EDGE_LOOP('',(#2898));
#7417=EDGE_LOOP('',(#2899));
#7418=EDGE_LOOP('',(#2900));
#7419=EDGE_LOOP('',(#2901,#2902,#2903,#2904));
#7420=EDGE_LOOP('',(#2905,#2906,#2907,#2908,#2909,#2910));
#7421=EDGE_LOOP('',(#2911,#2912,#2913,#2914));
#7422=EDGE_LOOP('',(#2915,#2916,#2917,#2918,#2919,#2920));
#7423=EDGE_LOOP('',(#2921,#2922,#2923,#2924));
#7424=EDGE_LOOP('',(#2925,#2926,#2927,#2928));
#7425=EDGE_LOOP('',(#2929,#2930,#2931,#2932));
#7426=EDGE_LOOP('',(#2933,#2934,#2935,#2936));
#7427=EDGE_LOOP('',(#2937,#2938,#2939,#2940,#2941,#2942,#2943,#2944,#2945,
#2946,#2947));
#7428=EDGE_LOOP('',(#2948,#2949,#2950,#2951));
#7429=EDGE_LOOP('',(#2952,#2953,#2954,#2955));
#7430=EDGE_LOOP('',(#2956,#2957,#2958,#2959,#2960,#2961,#2962,#2963,#2964,
#2965,#2966));
#7431=EDGE_LOOP('',(#2967,#2968,#2969,#2970,#2971,#2972,#2973,#2974,#2975,
#2976,#2977,#2978));
#7432=EDGE_LOOP('',(#2979,#2980,#2981,#2982));
#7433=EDGE_LOOP('',(#2983,#2984,#2985,#2986));
#7434=EDGE_LOOP('',(#2987,#2988,#2989,#2990));
#7435=EDGE_LOOP('',(#2991,#2992,#2993,#2994));
#7436=EDGE_LOOP('',(#2995,#2996,#2997,#2998));
#7437=EDGE_LOOP('',(#2999,#3000,#3001,#3002));
#7438=EDGE_LOOP('',(#3003,#3004,#3005,#3006,#3007,#3008));
#7439=EDGE_LOOP('',(#3009,#3010,#3011,#3012));
#7440=EDGE_LOOP('',(#3013,#3014,#3015,#3016));
#7441=EDGE_LOOP('',(#3017,#3018,#3019,#3020));
#7442=EDGE_LOOP('',(#3021,#3022,#3023,#3024));
#7443=EDGE_LOOP('',(#3025,#3026,#3027,#3028));
#7444=EDGE_LOOP('',(#3029,#3030,#3031,#3032));
#7445=EDGE_LOOP('',(#3033,#3034,#3035,#3036));
#7446=EDGE_LOOP('',(#3037,#3038,#3039,#3040));
#7447=EDGE_LOOP('',(#3041,#3042,#3043,#3044));
#7448=EDGE_LOOP('',(#3045,#3046,#3047,#3048));
#7449=EDGE_LOOP('',(#3049,#3050,#3051,#3052));
#7450=EDGE_LOOP('',(#3053,#3054,#3055,#3056));
#7451=EDGE_LOOP('',(#3057,#3058,#3059,#3060,#3061,#3062));
#7452=EDGE_LOOP('',(#3063,#3064,#3065,#3066));
#7453=EDGE_LOOP('',(#3067,#3068,#3069,#3070));
#7454=EDGE_LOOP('',(#3071));
#7455=EDGE_LOOP('',(#3072));
#7456=EDGE_LOOP('',(#3073));
#7457=EDGE_LOOP('',(#3074));
#7458=EDGE_LOOP('',(#3075));
#7459=EDGE_LOOP('',(#3076));
#7460=EDGE_LOOP('',(#3077));
#7461=EDGE_LOOP('',(#3078));
#7462=EDGE_LOOP('',(#3079));
#7463=EDGE_LOOP('',(#3080));
#7464=EDGE_LOOP('',(#3081));
#7465=EDGE_LOOP('',(#3082));
#7466=EDGE_LOOP('',(#3083));
#7467=EDGE_LOOP('',(#3084));
#7468=EDGE_LOOP('',(#3085));
#7469=EDGE_LOOP('',(#3086));
#7470=EDGE_LOOP('',(#3087));
#7471=EDGE_LOOP('',(#3088));
#7472=EDGE_LOOP('',(#3089));
#7473=EDGE_LOOP('',(#3090));
#7474=EDGE_LOOP('',(#3091));
#7475=EDGE_LOOP('',(#3092));
#7476=EDGE_LOOP('',(#3093));
#7477=EDGE_LOOP('',(#3094));
#7478=EDGE_LOOP('',(#3095));
#7479=EDGE_LOOP('',(#3096));
#7480=EDGE_LOOP('',(#3097));
#7481=EDGE_LOOP('',(#3098));
#7482=EDGE_LOOP('',(#3099));
#7483=EDGE_LOOP('',(#3100));
#7484=EDGE_LOOP('',(#3101));
#7485=EDGE_LOOP('',(#3102));
#7486=EDGE_LOOP('',(#3103));
#7487=EDGE_LOOP('',(#3104));
#7488=EDGE_LOOP('',(#3105,#3106,#3107,#3108,#3109,#3110,#3111,#3112));
#7489=EDGE_LOOP('',(#3113,#3114,#3115,#3116));
#7490=EDGE_LOOP('',(#3117,#3118,#3119,#3120));
#7491=EDGE_LOOP('',(#3121,#3122,#3123,#3124));
#7492=EDGE_LOOP('',(#3125,#3126,#3127,#3128));
#7493=EDGE_LOOP('',(#3129,#3130,#3131,#3132));
#7494=EDGE_LOOP('',(#3133,#3134,#3135,#3136));
#7495=EDGE_LOOP('',(#3137,#3138,#3139,#3140));
#7496=EDGE_LOOP('',(#3141,#3142,#3143,#3144));
#7497=EDGE_LOOP('',(#3145));
#7498=EDGE_LOOP('',(#3146));
#7499=EDGE_LOOP('',(#3147));
#7500=EDGE_LOOP('',(#3148));
#7501=EDGE_LOOP('',(#3149));
#7502=EDGE_LOOP('',(#3150));
#7503=EDGE_LOOP('',(#3151,#3152,#3153,#3154));
#7504=EDGE_LOOP('',(#3155,#3156,#3157,#3158,#3159,#3160,#3161,#3162));
#7505=EDGE_LOOP('',(#3163,#3164,#3165,#3166));
#7506=EDGE_LOOP('',(#3167,#3168,#3169,#3170));
#7507=EDGE_LOOP('',(#3171,#3172,#3173,#3174));
#7508=EDGE_LOOP('',(#3175,#3176,#3177,#3178));
#7509=EDGE_LOOP('',(#3179,#3180,#3181,#3182));
#7510=EDGE_LOOP('',(#3183));
#7511=EDGE_LOOP('',(#3184));
#7512=EDGE_LOOP('',(#3185));
#7513=EDGE_LOOP('',(#3186));
#7514=EDGE_LOOP('',(#3187));
#7515=EDGE_LOOP('',(#3188));
#7516=EDGE_LOOP('',(#3189));
#7517=EDGE_LOOP('',(#3190));
#7518=EDGE_LOOP('',(#3191));
#7519=EDGE_LOOP('',(#3192));
#7520=EDGE_LOOP('',(#3193));
#7521=EDGE_LOOP('',(#3194));
#7522=EDGE_LOOP('',(#3195));
#7523=EDGE_LOOP('',(#3196));
#7524=EDGE_LOOP('',(#3197));
#7525=EDGE_LOOP('',(#3198));
#7526=EDGE_LOOP('',(#3199));
#7527=EDGE_LOOP('',(#3200));
#7528=EDGE_LOOP('',(#3201));
#7529=EDGE_LOOP('',(#3202));
#7530=EDGE_LOOP('',(#3203));
#7531=EDGE_LOOP('',(#3204));
#7532=EDGE_LOOP('',(#3205));
#7533=EDGE_LOOP('',(#3206));
#7534=EDGE_LOOP('',(#3207));
#7535=EDGE_LOOP('',(#3208));
#7536=EDGE_LOOP('',(#3209));
#7537=EDGE_LOOP('',(#3210));
#7538=EDGE_LOOP('',(#3211));
#7539=EDGE_LOOP('',(#3212));
#7540=EDGE_LOOP('',(#3213));
#7541=EDGE_LOOP('',(#3214));
#7542=EDGE_LOOP('',(#3215));
#7543=EDGE_LOOP('',(#3216));
#7544=EDGE_LOOP('',(#3217));
#7545=EDGE_LOOP('',(#3218));
#7546=EDGE_LOOP('',(#3219,#3220,#3221,#3222,#3223,#3224,#3225,#3226,#3227,
#3228,#3229,#3230));
#7547=EDGE_LOOP('',(#3231,#3232,#3233,#3234));
#7548=EDGE_LOOP('',(#3235,#3236,#3237,#3238));
#7549=EDGE_LOOP('',(#3239,#3240,#3241,#3242));
#7550=EDGE_LOOP('',(#3243,#3244,#3245,#3246,#3247,#3248,#3249,#3250,#3251,
#3252,#3253,#3254));
#7551=EDGE_LOOP('',(#3255,#3256,#3257,#3258));
#7552=EDGE_LOOP('',(#3259,#3260,#3261,#3262));
#7553=EDGE_LOOP('',(#3263,#3264,#3265,#3266));
#7554=EDGE_LOOP('',(#3267,#3268,#3269,#3270,#3271,#3272,#3273,#3274));
#7555=EDGE_LOOP('',(#3275));
#7556=EDGE_LOOP('',(#3276));
#7557=EDGE_LOOP('',(#3277));
#7558=EDGE_LOOP('',(#3278));
#7559=EDGE_LOOP('',(#3279));
#7560=EDGE_LOOP('',(#3280));
#7561=EDGE_LOOP('',(#3281,#3282,#3283,#3284,#3285,#3286,#3287,#3288,#3289,
#3290,#3291,#3292,#3293,#3294,#3295,#3296));
#7562=EDGE_LOOP('',(#3297,#3298,#3299,#3300));
#7563=EDGE_LOOP('',(#3301,#3302,#3303,#3304));
#7564=EDGE_LOOP('',(#3305,#3306,#3307,#3308));
#7565=EDGE_LOOP('',(#3309,#3310,#3311,#3312));
#7566=EDGE_LOOP('',(#3313,#3314,#3315,#3316,#3317));
#7567=EDGE_LOOP('',(#3318,#3319,#3320,#3321,#3322,#3323,#3324,#3325));
#7568=EDGE_LOOP('',(#3326,#3327,#3328,#3329,#3330));
#7569=EDGE_LOOP('',(#3331,#3332,#3333,#3334));
#7570=EDGE_LOOP('',(#3335,#3336,#3337,#3338));
#7571=EDGE_LOOP('',(#3339,#3340,#3341));
#7572=EDGE_LOOP('',(#3342,#3343,#3344,#3345));
#7573=EDGE_LOOP('',(#3346,#3347,#3348));
#7574=EDGE_LOOP('',(#3349,#3350,#3351,#3352));
#7575=EDGE_LOOP('',(#3353,#3354,#3355));
#7576=EDGE_LOOP('',(#3356,#3357,#3358,#3359));
#7577=EDGE_LOOP('',(#3360,#3361,#3362));
#7578=EDGE_LOOP('',(#3363,#3364,#3365,#3366));
#7579=EDGE_LOOP('',(#3367,#3368,#3369,#3370));
#7580=EDGE_LOOP('',(#3371,#3372,#3373,#3374));
#7581=EDGE_LOOP('',(#3375,#3376,#3377,#3378));
#7582=EDGE_LOOP('',(#3379,#3380,#3381,#3382));
#7583=EDGE_LOOP('',(#3383,#3384,#3385,#3386));
#7584=EDGE_LOOP('',(#3387,#3388,#3389,#3390));
#7585=EDGE_LOOP('',(#3391));
#7586=EDGE_LOOP('',(#3392));
#7587=EDGE_LOOP('',(#3393));
#7588=EDGE_LOOP('',(#3394));
#7589=EDGE_LOOP('',(#3395));
#7590=EDGE_LOOP('',(#3396));
#7591=EDGE_LOOP('',(#3397));
#7592=EDGE_LOOP('',(#3398));
#7593=EDGE_LOOP('',(#3399));
#7594=EDGE_LOOP('',(#3400));
#7595=EDGE_LOOP('',(#3401));
#7596=EDGE_LOOP('',(#3402));
#7597=EDGE_LOOP('',(#3403));
#7598=EDGE_LOOP('',(#3404));
#7599=EDGE_LOOP('',(#3405));
#7600=EDGE_LOOP('',(#3406));
#7601=EDGE_LOOP('',(#3407));
#7602=EDGE_LOOP('',(#3408));
#7603=EDGE_LOOP('',(#3409,#3410,#3411,#3412));
#7604=EDGE_LOOP('',(#3413,#3414,#3415,#3416));
#7605=EDGE_LOOP('',(#3417,#3418,#3419,#3420));
#7606=EDGE_LOOP('',(#3421,#3422,#3423,#3424));
#7607=EDGE_LOOP('',(#3425,#3426,#3427,#3428));
#7608=EDGE_LOOP('',(#3429,#3430,#3431,#3432));
#7609=EDGE_LOOP('',(#3433,#3434,#3435,#3436));
#7610=EDGE_LOOP('',(#3437,#3438,#3439,#3440,#3441,#3442,#3443,#3444));
#7611=EDGE_LOOP('',(#3445,#3446,#3447,#3448));
#7612=EDGE_LOOP('',(#3449,#3450,#3451,#3452));
#7613=EDGE_LOOP('',(#3453,#3454,#3455,#3456));
#7614=EDGE_LOOP('',(#3457,#3458,#3459,#3460));
#7615=EDGE_LOOP('',(#3461,#3462,#3463,#3464));
#7616=EDGE_LOOP('',(#3465,#3466,#3467,#3468));
#7617=EDGE_LOOP('',(#3469));
#7618=EDGE_LOOP('',(#3470,#3471,#3472,#3473));
#7619=EDGE_LOOP('',(#3474,#3475));
#7620=EDGE_LOOP('',(#3476,#3477,#3478,#3479,#3480,#3481,#3482,#3483));
#7621=EDGE_LOOP('',(#3484,#3485,#3486,#3487,#3488,#3489,#3490,#3491,#3492,
#3493));
#7622=EDGE_LOOP('',(#3494));
#7623=EDGE_LOOP('',(#3495));
#7624=EDGE_LOOP('',(#3496,#3497,#3498,#3499));
#7625=EDGE_LOOP('',(#3500,#3501,#3502,#3503));
#7626=EDGE_LOOP('',(#3504,#3505,#3506,#3507));
#7627=EDGE_LOOP('',(#3508,#3509,#3510,#3511));
#7628=EDGE_LOOP('',(#3512,#3513,#3514,#3515));
#7629=EDGE_LOOP('',(#3516,#3517,#3518,#3519));
#7630=EDGE_LOOP('',(#3520,#3521,#3522,#3523,#3524,#3525,#3526,#3527,#3528,
#3529,#3530,#3531));
#7631=EDGE_LOOP('',(#3532,#3533,#3534,#3535,#3536,#3537,#3538,#3539,#3540,
#3541,#3542,#3543));
#7632=EDGE_LOOP('',(#3544));
#7633=EDGE_LOOP('',(#3545,#3546,#3547,#3548));
#7634=EDGE_LOOP('',(#3549,#3550,#3551,#3552));
#7635=EDGE_LOOP('',(#3553,#3554,#3555,#3556));
#7636=EDGE_LOOP('',(#3557,#3558,#3559,#3560));
#7637=EDGE_LOOP('',(#3561,#3562,#3563,#3564));
#7638=EDGE_LOOP('',(#3565,#3566,#3567,#3568));
#7639=EDGE_LOOP('',(#3569,#3570,#3571,#3572));
#7640=EDGE_LOOP('',(#3573,#3574,#3575,#3576));
#7641=EDGE_LOOP('',(#3577,#3578,#3579,#3580));
#7642=EDGE_LOOP('',(#3581,#3582,#3583,#3584));
#7643=EDGE_LOOP('',(#3585,#3586,#3587,#3588));
#7644=EDGE_LOOP('',(#3589,#3590,#3591,#3592));
#7645=EDGE_LOOP('',(#3593,#3594,#3595,#3596));
#7646=EDGE_LOOP('',(#3597,#3598,#3599,#3600));
#7647=EDGE_LOOP('',(#3601,#3602,#3603,#3604));
#7648=EDGE_LOOP('',(#3605,#3606,#3607,#3608));
#7649=EDGE_LOOP('',(#3609,#3610,#3611,#3612));
#7650=EDGE_LOOP('',(#3613,#3614,#3615,#3616));
#7651=EDGE_LOOP('',(#3617,#3618));
#7652=EDGE_LOOP('',(#3619,#3620,#3621,#3622,#3623,#3624,#3625,#3626,#3627,
#3628));
#7653=FACE_BOUND('',#6676,.T.);
#7654=FACE_BOUND('',#6677,.T.);
#7655=FACE_BOUND('',#6678,.T.);
#7656=FACE_BOUND('',#6679,.T.);
#7657=FACE_BOUND('',#6680,.T.);
#7658=FACE_BOUND('',#6681,.T.);
#7659=FACE_BOUND('',#6682,.T.);
#7660=FACE_BOUND('',#6683,.T.);
#7661=FACE_BOUND('',#6684,.T.);
#7662=FACE_BOUND('',#6685,.T.);
#7663=FACE_BOUND('',#6686,.T.);
#7664=FACE_BOUND('',#6687,.T.);
#7665=FACE_BOUND('',#6688,.T.);
#7666=FACE_BOUND('',#6689,.T.);
#7667=FACE_BOUND('',#6690,.T.);
#7668=FACE_BOUND('',#6691,.T.);
#7669=FACE_BOUND('',#6692,.T.);
#7670=FACE_BOUND('',#6693,.T.);
#7671=FACE_BOUND('',#6694,.T.);
#7672=FACE_BOUND('',#6695,.T.);
#7673=FACE_BOUND('',#6696,.T.);
#7674=FACE_BOUND('',#6697,.T.);
#7675=FACE_BOUND('',#6698,.T.);
#7676=FACE_BOUND('',#6699,.T.);
#7677=FACE_BOUND('',#6700,.T.);
#7678=FACE_BOUND('',#6701,.T.);
#7679=FACE_BOUND('',#6702,.T.);
#7680=FACE_BOUND('',#6703,.T.);
#7681=FACE_BOUND('',#6704,.T.);
#7682=FACE_BOUND('',#6705,.T.);
#7683=FACE_BOUND('',#6706,.T.);
#7684=FACE_BOUND('',#6707,.T.);
#7685=FACE_BOUND('',#6708,.T.);
#7686=FACE_BOUND('',#6709,.T.);
#7687=FACE_BOUND('',#6710,.T.);
#7688=FACE_BOUND('',#6711,.T.);
#7689=FACE_BOUND('',#6712,.T.);
#7690=FACE_BOUND('',#6713,.T.);
#7691=FACE_BOUND('',#6714,.T.);
#7692=FACE_BOUND('',#6715,.T.);
#7693=FACE_BOUND('',#6716,.T.);
#7694=FACE_BOUND('',#6717,.T.);
#7695=FACE_BOUND('',#6718,.T.);
#7696=FACE_BOUND('',#6719,.T.);
#7697=FACE_BOUND('',#6720,.T.);
#7698=FACE_BOUND('',#6721,.T.);
#7699=FACE_BOUND('',#6722,.T.);
#7700=FACE_BOUND('',#6723,.T.);
#7701=FACE_BOUND('',#6724,.T.);
#7702=FACE_BOUND('',#6725,.T.);
#7703=FACE_BOUND('',#6726,.T.);
#7704=FACE_BOUND('',#6727,.T.);
#7705=FACE_BOUND('',#6728,.T.);
#7706=FACE_BOUND('',#6729,.T.);
#7707=FACE_BOUND('',#6730,.T.);
#7708=FACE_BOUND('',#6731,.T.);
#7709=FACE_BOUND('',#6732,.T.);
#7710=FACE_BOUND('',#6733,.T.);
#7711=FACE_BOUND('',#6734,.T.);
#7712=FACE_BOUND('',#6735,.T.);
#7713=FACE_BOUND('',#6736,.T.);
#7714=FACE_BOUND('',#6737,.T.);
#7715=FACE_BOUND('',#6738,.T.);
#7716=FACE_BOUND('',#6739,.T.);
#7717=FACE_BOUND('',#6740,.T.);
#7718=FACE_BOUND('',#6741,.T.);
#7719=FACE_BOUND('',#6742,.T.);
#7720=FACE_BOUND('',#6743,.T.);
#7721=FACE_BOUND('',#6744,.T.);
#7722=FACE_BOUND('',#6745,.T.);
#7723=FACE_BOUND('',#6746,.T.);
#7724=FACE_BOUND('',#6747,.T.);
#7725=FACE_BOUND('',#6748,.T.);
#7726=FACE_BOUND('',#6749,.T.);
#7727=FACE_BOUND('',#6750,.T.);
#7728=FACE_BOUND('',#6751,.T.);
#7729=FACE_BOUND('',#6752,.T.);
#7730=FACE_BOUND('',#6753,.T.);
#7731=FACE_BOUND('',#6754,.T.);
#7732=FACE_BOUND('',#6755,.T.);
#7733=FACE_BOUND('',#6756,.T.);
#7734=FACE_BOUND('',#6757,.T.);
#7735=FACE_BOUND('',#6758,.T.);
#7736=FACE_BOUND('',#6759,.T.);
#7737=FACE_BOUND('',#6760,.T.);
#7738=FACE_BOUND('',#6761,.T.);
#7739=FACE_BOUND('',#6762,.T.);
#7740=FACE_BOUND('',#6763,.T.);
#7741=FACE_BOUND('',#6764,.T.);
#7742=FACE_BOUND('',#6765,.T.);
#7743=FACE_BOUND('',#6766,.T.);
#7744=FACE_BOUND('',#6767,.T.);
#7745=FACE_BOUND('',#6768,.T.);
#7746=FACE_BOUND('',#6769,.T.);
#7747=FACE_BOUND('',#6770,.T.);
#7748=FACE_BOUND('',#6771,.T.);
#7749=FACE_BOUND('',#6772,.T.);
#7750=FACE_BOUND('',#6773,.T.);
#7751=FACE_BOUND('',#6774,.T.);
#7752=FACE_BOUND('',#6775,.T.);
#7753=FACE_BOUND('',#6776,.T.);
#7754=FACE_BOUND('',#6777,.T.);
#7755=FACE_BOUND('',#6778,.T.);
#7756=FACE_BOUND('',#6779,.T.);
#7757=FACE_BOUND('',#6780,.T.);
#7758=FACE_BOUND('',#6781,.T.);
#7759=FACE_BOUND('',#6782,.T.);
#7760=FACE_BOUND('',#6783,.T.);
#7761=FACE_BOUND('',#6784,.T.);
#7762=FACE_BOUND('',#6785,.T.);
#7763=FACE_BOUND('',#6786,.T.);
#7764=FACE_BOUND('',#6787,.T.);
#7765=FACE_BOUND('',#6788,.T.);
#7766=FACE_BOUND('',#6789,.T.);
#7767=FACE_BOUND('',#6790,.T.);
#7768=FACE_BOUND('',#6791,.T.);
#7769=FACE_BOUND('',#6792,.T.);
#7770=FACE_BOUND('',#6793,.T.);
#7771=FACE_BOUND('',#6794,.T.);
#7772=FACE_BOUND('',#6795,.T.);
#7773=FACE_BOUND('',#6796,.T.);
#7774=FACE_BOUND('',#6797,.T.);
#7775=FACE_BOUND('',#6798,.T.);
#7776=FACE_BOUND('',#6799,.T.);
#7777=FACE_BOUND('',#6800,.T.);
#7778=FACE_BOUND('',#6801,.T.);
#7779=FACE_BOUND('',#6802,.T.);
#7780=FACE_BOUND('',#6803,.T.);
#7781=FACE_BOUND('',#6804,.T.);
#7782=FACE_BOUND('',#6805,.T.);
#7783=FACE_BOUND('',#6806,.T.);
#7784=FACE_BOUND('',#6807,.T.);
#7785=FACE_BOUND('',#6808,.T.);
#7786=FACE_BOUND('',#6809,.T.);
#7787=FACE_BOUND('',#6810,.T.);
#7788=FACE_BOUND('',#6811,.T.);
#7789=FACE_BOUND('',#6812,.T.);
#7790=FACE_BOUND('',#6813,.T.);
#7791=FACE_BOUND('',#6814,.T.);
#7792=FACE_BOUND('',#6815,.T.);
#7793=FACE_BOUND('',#6816,.T.);
#7794=FACE_BOUND('',#6817,.T.);
#7795=FACE_BOUND('',#6818,.T.);
#7796=FACE_BOUND('',#6819,.T.);
#7797=FACE_BOUND('',#6820,.T.);
#7798=FACE_BOUND('',#6821,.T.);
#7799=FACE_BOUND('',#6822,.T.);
#7800=FACE_BOUND('',#6823,.T.);
#7801=FACE_BOUND('',#6824,.T.);
#7802=FACE_BOUND('',#6825,.T.);
#7803=FACE_BOUND('',#6826,.T.);
#7804=FACE_BOUND('',#6827,.T.);
#7805=FACE_BOUND('',#6828,.T.);
#7806=FACE_BOUND('',#6829,.T.);
#7807=FACE_BOUND('',#6830,.T.);
#7808=FACE_BOUND('',#6831,.T.);
#7809=FACE_BOUND('',#6832,.T.);
#7810=FACE_BOUND('',#6833,.T.);
#7811=FACE_BOUND('',#6834,.T.);
#7812=FACE_BOUND('',#6835,.T.);
#7813=FACE_BOUND('',#6836,.T.);
#7814=FACE_BOUND('',#6837,.T.);
#7815=FACE_BOUND('',#6838,.T.);
#7816=FACE_BOUND('',#6839,.T.);
#7817=FACE_BOUND('',#6840,.T.);
#7818=FACE_BOUND('',#6841,.T.);
#7819=FACE_BOUND('',#6842,.T.);
#7820=FACE_BOUND('',#6843,.T.);
#7821=FACE_BOUND('',#6844,.T.);
#7822=FACE_BOUND('',#6845,.T.);
#7823=FACE_BOUND('',#6846,.T.);
#7824=FACE_BOUND('',#6847,.T.);
#7825=FACE_BOUND('',#6848,.T.);
#7826=FACE_BOUND('',#6849,.T.);
#7827=FACE_BOUND('',#6850,.T.);
#7828=FACE_BOUND('',#6851,.T.);
#7829=FACE_BOUND('',#6852,.T.);
#7830=FACE_BOUND('',#6853,.T.);
#7831=FACE_BOUND('',#6854,.T.);
#7832=FACE_BOUND('',#6855,.T.);
#7833=FACE_BOUND('',#6856,.T.);
#7834=FACE_BOUND('',#6857,.T.);
#7835=FACE_BOUND('',#6858,.T.);
#7836=FACE_BOUND('',#6859,.T.);
#7837=FACE_BOUND('',#6860,.T.);
#7838=FACE_BOUND('',#6861,.T.);
#7839=FACE_BOUND('',#6862,.T.);
#7840=FACE_BOUND('',#6863,.T.);
#7841=FACE_BOUND('',#6864,.T.);
#7842=FACE_BOUND('',#6865,.T.);
#7843=FACE_BOUND('',#6866,.T.);
#7844=FACE_BOUND('',#6867,.T.);
#7845=FACE_BOUND('',#6868,.T.);
#7846=FACE_BOUND('',#6869,.T.);
#7847=FACE_BOUND('',#6870,.T.);
#7848=FACE_BOUND('',#6871,.T.);
#7849=FACE_BOUND('',#6872,.T.);
#7850=FACE_BOUND('',#6873,.T.);
#7851=FACE_BOUND('',#6874,.T.);
#7852=FACE_BOUND('',#6875,.T.);
#7853=FACE_BOUND('',#6876,.T.);
#7854=FACE_BOUND('',#6877,.T.);
#7855=FACE_BOUND('',#6878,.T.);
#7856=FACE_BOUND('',#6879,.T.);
#7857=FACE_BOUND('',#6880,.T.);
#7858=FACE_BOUND('',#6881,.T.);
#7859=FACE_BOUND('',#6882,.T.);
#7860=FACE_BOUND('',#6883,.T.);
#7861=FACE_BOUND('',#6884,.T.);
#7862=FACE_BOUND('',#6885,.T.);
#7863=FACE_BOUND('',#6886,.T.);
#7864=FACE_BOUND('',#6887,.T.);
#7865=FACE_BOUND('',#6888,.T.);
#7866=FACE_BOUND('',#6889,.T.);
#7867=FACE_BOUND('',#6890,.T.);
#7868=FACE_BOUND('',#6891,.T.);
#7869=FACE_BOUND('',#6892,.T.);
#7870=FACE_BOUND('',#6893,.T.);
#7871=FACE_BOUND('',#6894,.T.);
#7872=FACE_BOUND('',#6895,.T.);
#7873=FACE_BOUND('',#6896,.T.);
#7874=FACE_BOUND('',#6897,.T.);
#7875=FACE_BOUND('',#6898,.T.);
#7876=FACE_BOUND('',#6899,.T.);
#7877=FACE_BOUND('',#6900,.T.);
#7878=FACE_BOUND('',#6901,.T.);
#7879=FACE_BOUND('',#6902,.T.);
#7880=FACE_BOUND('',#6903,.T.);
#7881=FACE_BOUND('',#6904,.T.);
#7882=FACE_BOUND('',#6905,.T.);
#7883=FACE_BOUND('',#6906,.T.);
#7884=FACE_BOUND('',#6907,.T.);
#7885=FACE_BOUND('',#6908,.T.);
#7886=FACE_BOUND('',#6909,.T.);
#7887=FACE_BOUND('',#6910,.T.);
#7888=FACE_BOUND('',#6911,.T.);
#7889=FACE_BOUND('',#6912,.T.);
#7890=FACE_BOUND('',#6913,.T.);
#7891=FACE_BOUND('',#6914,.T.);
#7892=FACE_BOUND('',#6915,.T.);
#7893=FACE_BOUND('',#6916,.T.);
#7894=FACE_BOUND('',#6917,.T.);
#7895=FACE_BOUND('',#6918,.T.);
#7896=FACE_BOUND('',#6919,.T.);
#7897=FACE_BOUND('',#6920,.T.);
#7898=FACE_BOUND('',#6921,.T.);
#7899=FACE_BOUND('',#6922,.T.);
#7900=FACE_BOUND('',#6923,.T.);
#7901=FACE_BOUND('',#6924,.T.);
#7902=FACE_BOUND('',#6925,.T.);
#7903=FACE_BOUND('',#6926,.T.);
#7904=FACE_BOUND('',#6927,.T.);
#7905=FACE_BOUND('',#6928,.T.);
#7906=FACE_BOUND('',#6929,.T.);
#7907=FACE_BOUND('',#6930,.T.);
#7908=FACE_BOUND('',#6931,.T.);
#7909=FACE_BOUND('',#6932,.T.);
#7910=FACE_BOUND('',#6933,.T.);
#7911=FACE_BOUND('',#6934,.T.);
#7912=FACE_BOUND('',#6935,.T.);
#7913=FACE_BOUND('',#6936,.T.);
#7914=FACE_BOUND('',#6937,.T.);
#7915=FACE_BOUND('',#6938,.T.);
#7916=FACE_BOUND('',#6939,.T.);
#7917=FACE_BOUND('',#6940,.T.);
#7918=FACE_BOUND('',#6941,.T.);
#7919=FACE_BOUND('',#6942,.T.);
#7920=FACE_BOUND('',#6943,.T.);
#7921=FACE_BOUND('',#6944,.T.);
#7922=FACE_BOUND('',#6945,.T.);
#7923=FACE_BOUND('',#6946,.T.);
#7924=FACE_BOUND('',#6947,.T.);
#7925=FACE_BOUND('',#6948,.T.);
#7926=FACE_BOUND('',#6949,.T.);
#7927=FACE_BOUND('',#6950,.T.);
#7928=FACE_BOUND('',#6951,.T.);
#7929=FACE_BOUND('',#6952,.T.);
#7930=FACE_BOUND('',#6953,.T.);
#7931=FACE_BOUND('',#6954,.T.);
#7932=FACE_BOUND('',#6955,.T.);
#7933=FACE_BOUND('',#6956,.T.);
#7934=FACE_BOUND('',#6957,.T.);
#7935=FACE_BOUND('',#6958,.T.);
#7936=FACE_BOUND('',#6959,.T.);
#7937=FACE_BOUND('',#6960,.T.);
#7938=FACE_BOUND('',#6961,.T.);
#7939=FACE_BOUND('',#6962,.T.);
#7940=FACE_BOUND('',#6963,.T.);
#7941=FACE_BOUND('',#6964,.T.);
#7942=FACE_BOUND('',#6965,.T.);
#7943=FACE_BOUND('',#6966,.T.);
#7944=FACE_BOUND('',#6967,.T.);
#7945=FACE_BOUND('',#6968,.T.);
#7946=FACE_BOUND('',#6969,.T.);
#7947=FACE_BOUND('',#6970,.T.);
#7948=FACE_BOUND('',#6971,.T.);
#7949=FACE_BOUND('',#6972,.T.);
#7950=FACE_BOUND('',#6973,.T.);
#7951=FACE_BOUND('',#6974,.T.);
#7952=FACE_BOUND('',#6975,.T.);
#7953=FACE_BOUND('',#6976,.T.);
#7954=FACE_BOUND('',#6977,.T.);
#7955=FACE_BOUND('',#6978,.T.);
#7956=FACE_BOUND('',#6979,.T.);
#7957=FACE_BOUND('',#6980,.T.);
#7958=FACE_BOUND('',#6981,.T.);
#7959=FACE_BOUND('',#6982,.T.);
#7960=FACE_BOUND('',#6983,.T.);
#7961=FACE_BOUND('',#6984,.T.);
#7962=FACE_BOUND('',#6985,.T.);
#7963=FACE_BOUND('',#6986,.T.);
#7964=FACE_BOUND('',#6987,.T.);
#7965=FACE_BOUND('',#6988,.T.);
#7966=FACE_BOUND('',#6989,.T.);
#7967=FACE_BOUND('',#6990,.T.);
#7968=FACE_BOUND('',#6991,.T.);
#7969=FACE_BOUND('',#6992,.T.);
#7970=FACE_BOUND('',#6993,.T.);
#7971=FACE_BOUND('',#6994,.T.);
#7972=FACE_BOUND('',#6995,.T.);
#7973=FACE_BOUND('',#6996,.T.);
#7974=FACE_BOUND('',#6997,.T.);
#7975=FACE_BOUND('',#6998,.T.);
#7976=FACE_BOUND('',#6999,.T.);
#7977=FACE_BOUND('',#7000,.T.);
#7978=FACE_BOUND('',#7001,.T.);
#7979=FACE_BOUND('',#7002,.T.);
#7980=FACE_BOUND('',#7003,.T.);
#7981=FACE_BOUND('',#7004,.T.);
#7982=FACE_BOUND('',#7005,.T.);
#7983=FACE_BOUND('',#7006,.T.);
#7984=FACE_BOUND('',#7007,.T.);
#7985=FACE_BOUND('',#7008,.T.);
#7986=FACE_BOUND('',#7009,.T.);
#7987=FACE_BOUND('',#7010,.T.);
#7988=FACE_BOUND('',#7011,.T.);
#7989=FACE_BOUND('',#7012,.T.);
#7990=FACE_BOUND('',#7013,.T.);
#7991=FACE_BOUND('',#7014,.T.);
#7992=FACE_BOUND('',#7015,.T.);
#7993=FACE_BOUND('',#7016,.T.);
#7994=FACE_BOUND('',#7017,.T.);
#7995=FACE_BOUND('',#7018,.T.);
#7996=FACE_BOUND('',#7019,.T.);
#7997=FACE_BOUND('',#7020,.T.);
#7998=FACE_BOUND('',#7021,.T.);
#7999=FACE_BOUND('',#7022,.T.);
#8000=FACE_BOUND('',#7023,.T.);
#8001=FACE_BOUND('',#7024,.T.);
#8002=FACE_BOUND('',#7025,.T.);
#8003=FACE_BOUND('',#7026,.T.);
#8004=FACE_BOUND('',#7027,.T.);
#8005=FACE_BOUND('',#7028,.T.);
#8006=FACE_BOUND('',#7029,.T.);
#8007=FACE_BOUND('',#7030,.T.);
#8008=FACE_BOUND('',#7031,.T.);
#8009=FACE_BOUND('',#7032,.T.);
#8010=FACE_BOUND('',#7033,.T.);
#8011=FACE_BOUND('',#7034,.T.);
#8012=FACE_BOUND('',#7035,.T.);
#8013=FACE_BOUND('',#7036,.T.);
#8014=FACE_BOUND('',#7037,.T.);
#8015=FACE_BOUND('',#7038,.T.);
#8016=FACE_BOUND('',#7039,.T.);
#8017=FACE_BOUND('',#7040,.T.);
#8018=FACE_BOUND('',#7041,.T.);
#8019=FACE_BOUND('',#7042,.T.);
#8020=FACE_BOUND('',#7043,.T.);
#8021=FACE_BOUND('',#7044,.T.);
#8022=FACE_BOUND('',#7045,.T.);
#8023=FACE_BOUND('',#7046,.T.);
#8024=FACE_BOUND('',#7047,.T.);
#8025=FACE_BOUND('',#7048,.T.);
#8026=FACE_BOUND('',#7049,.T.);
#8027=FACE_BOUND('',#7050,.T.);
#8028=FACE_BOUND('',#7051,.T.);
#8029=FACE_BOUND('',#7052,.T.);
#8030=FACE_BOUND('',#7053,.T.);
#8031=FACE_BOUND('',#7054,.T.);
#8032=FACE_BOUND('',#7055,.T.);
#8033=FACE_BOUND('',#7056,.T.);
#8034=FACE_BOUND('',#7057,.T.);
#8035=FACE_BOUND('',#7058,.T.);
#8036=FACE_BOUND('',#7059,.T.);
#8037=FACE_BOUND('',#7060,.T.);
#8038=FACE_BOUND('',#7061,.T.);
#8039=FACE_BOUND('',#7062,.T.);
#8040=FACE_BOUND('',#7063,.T.);
#8041=FACE_BOUND('',#7064,.T.);
#8042=FACE_BOUND('',#7065,.T.);
#8043=FACE_BOUND('',#7066,.T.);
#8044=FACE_BOUND('',#7067,.T.);
#8045=FACE_BOUND('',#7068,.T.);
#8046=FACE_BOUND('',#7069,.T.);
#8047=FACE_BOUND('',#7070,.T.);
#8048=FACE_BOUND('',#7071,.T.);
#8049=FACE_BOUND('',#7072,.T.);
#8050=FACE_BOUND('',#7073,.T.);
#8051=FACE_BOUND('',#7074,.T.);
#8052=FACE_BOUND('',#7075,.T.);
#8053=FACE_BOUND('',#7076,.T.);
#8054=FACE_BOUND('',#7077,.T.);
#8055=FACE_BOUND('',#7078,.T.);
#8056=FACE_BOUND('',#7079,.T.);
#8057=FACE_BOUND('',#7080,.T.);
#8058=FACE_BOUND('',#7081,.T.);
#8059=FACE_BOUND('',#7082,.T.);
#8060=FACE_BOUND('',#7083,.T.);
#8061=FACE_BOUND('',#7084,.T.);
#8062=FACE_BOUND('',#7085,.T.);
#8063=FACE_BOUND('',#7086,.T.);
#8064=FACE_BOUND('',#7087,.T.);
#8065=FACE_BOUND('',#7088,.T.);
#8066=FACE_BOUND('',#7089,.T.);
#8067=FACE_BOUND('',#7090,.T.);
#8068=FACE_BOUND('',#7091,.T.);
#8069=FACE_BOUND('',#7092,.T.);
#8070=FACE_BOUND('',#7093,.T.);
#8071=FACE_BOUND('',#7094,.T.);
#8072=FACE_BOUND('',#7095,.T.);
#8073=FACE_BOUND('',#7096,.T.);
#8074=FACE_BOUND('',#7097,.T.);
#8075=FACE_BOUND('',#7098,.T.);
#8076=FACE_BOUND('',#7099,.T.);
#8077=FACE_BOUND('',#7100,.T.);
#8078=FACE_BOUND('',#7101,.T.);
#8079=FACE_BOUND('',#7102,.T.);
#8080=FACE_BOUND('',#7103,.T.);
#8081=FACE_BOUND('',#7104,.T.);
#8082=FACE_BOUND('',#7105,.T.);
#8083=FACE_BOUND('',#7106,.T.);
#8084=FACE_BOUND('',#7107,.T.);
#8085=FACE_BOUND('',#7108,.T.);
#8086=FACE_BOUND('',#7109,.T.);
#8087=FACE_BOUND('',#7110,.T.);
#8088=FACE_BOUND('',#7111,.T.);
#8089=FACE_BOUND('',#7112,.T.);
#8090=FACE_BOUND('',#7113,.T.);
#8091=FACE_BOUND('',#7114,.T.);
#8092=FACE_BOUND('',#7115,.T.);
#8093=FACE_BOUND('',#7116,.T.);
#8094=FACE_BOUND('',#7117,.T.);
#8095=FACE_BOUND('',#7118,.T.);
#8096=FACE_BOUND('',#7119,.T.);
#8097=FACE_BOUND('',#7120,.T.);
#8098=FACE_BOUND('',#7121,.T.);
#8099=FACE_BOUND('',#7122,.T.);
#8100=FACE_BOUND('',#7123,.T.);
#8101=FACE_BOUND('',#7124,.T.);
#8102=FACE_BOUND('',#7125,.T.);
#8103=FACE_BOUND('',#7126,.T.);
#8104=FACE_BOUND('',#7127,.T.);
#8105=FACE_BOUND('',#7128,.T.);
#8106=FACE_BOUND('',#7129,.T.);
#8107=FACE_BOUND('',#7130,.T.);
#8108=FACE_BOUND('',#7131,.T.);
#8109=FACE_BOUND('',#7132,.T.);
#8110=FACE_BOUND('',#7133,.T.);
#8111=FACE_BOUND('',#7134,.T.);
#8112=FACE_BOUND('',#7135,.T.);
#8113=FACE_BOUND('',#7136,.T.);
#8114=FACE_BOUND('',#7137,.T.);
#8115=FACE_BOUND('',#7138,.T.);
#8116=FACE_BOUND('',#7139,.T.);
#8117=FACE_BOUND('',#7140,.T.);
#8118=FACE_BOUND('',#7141,.T.);
#8119=FACE_BOUND('',#7142,.T.);
#8120=FACE_BOUND('',#7143,.T.);
#8121=FACE_BOUND('',#7144,.T.);
#8122=FACE_BOUND('',#7145,.T.);
#8123=FACE_BOUND('',#7146,.T.);
#8124=FACE_BOUND('',#7147,.T.);
#8125=FACE_BOUND('',#7148,.T.);
#8126=FACE_BOUND('',#7149,.T.);
#8127=FACE_BOUND('',#7150,.T.);
#8128=FACE_BOUND('',#7151,.T.);
#8129=FACE_BOUND('',#7152,.T.);
#8130=FACE_BOUND('',#7153,.T.);
#8131=FACE_BOUND('',#7154,.T.);
#8132=FACE_BOUND('',#7155,.T.);
#8133=FACE_BOUND('',#7156,.T.);
#8134=FACE_BOUND('',#7157,.T.);
#8135=FACE_BOUND('',#7158,.T.);
#8136=FACE_BOUND('',#7159,.T.);
#8137=FACE_BOUND('',#7160,.T.);
#8138=FACE_BOUND('',#7161,.T.);
#8139=FACE_BOUND('',#7162,.T.);
#8140=FACE_BOUND('',#7163,.T.);
#8141=FACE_BOUND('',#7164,.T.);
#8142=FACE_BOUND('',#7165,.T.);
#8143=FACE_BOUND('',#7166,.T.);
#8144=FACE_BOUND('',#7167,.T.);
#8145=FACE_BOUND('',#7168,.T.);
#8146=FACE_BOUND('',#7169,.T.);
#8147=FACE_BOUND('',#7170,.T.);
#8148=FACE_BOUND('',#7171,.T.);
#8149=FACE_BOUND('',#7172,.T.);
#8150=FACE_BOUND('',#7173,.T.);
#8151=FACE_BOUND('',#7174,.T.);
#8152=FACE_BOUND('',#7175,.T.);
#8153=FACE_BOUND('',#7176,.T.);
#8154=FACE_BOUND('',#7177,.T.);
#8155=FACE_BOUND('',#7178,.T.);
#8156=FACE_BOUND('',#7179,.T.);
#8157=FACE_BOUND('',#7180,.T.);
#8158=FACE_BOUND('',#7181,.T.);
#8159=FACE_BOUND('',#7182,.T.);
#8160=FACE_BOUND('',#7183,.T.);
#8161=FACE_BOUND('',#7184,.T.);
#8162=FACE_BOUND('',#7185,.T.);
#8163=FACE_BOUND('',#7186,.T.);
#8164=FACE_BOUND('',#7187,.T.);
#8165=FACE_BOUND('',#7188,.T.);
#8166=FACE_BOUND('',#7189,.T.);
#8167=FACE_BOUND('',#7190,.T.);
#8168=FACE_BOUND('',#7191,.T.);
#8169=FACE_BOUND('',#7192,.T.);
#8170=FACE_BOUND('',#7193,.T.);
#8171=FACE_BOUND('',#7194,.T.);
#8172=FACE_BOUND('',#7195,.T.);
#8173=FACE_BOUND('',#7196,.T.);
#8174=FACE_BOUND('',#7197,.T.);
#8175=FACE_BOUND('',#7198,.T.);
#8176=FACE_BOUND('',#7199,.T.);
#8177=FACE_BOUND('',#7200,.T.);
#8178=FACE_BOUND('',#7201,.T.);
#8179=FACE_BOUND('',#7202,.T.);
#8180=FACE_BOUND('',#7203,.T.);
#8181=FACE_BOUND('',#7204,.T.);
#8182=FACE_BOUND('',#7205,.T.);
#8183=FACE_BOUND('',#7206,.T.);
#8184=FACE_BOUND('',#7207,.T.);
#8185=FACE_BOUND('',#7208,.T.);
#8186=FACE_BOUND('',#7209,.T.);
#8187=FACE_BOUND('',#7210,.T.);
#8188=FACE_BOUND('',#7211,.T.);
#8189=FACE_BOUND('',#7212,.T.);
#8190=FACE_BOUND('',#7213,.T.);
#8191=FACE_BOUND('',#7214,.T.);
#8192=FACE_BOUND('',#7215,.T.);
#8193=FACE_BOUND('',#7216,.T.);
#8194=FACE_BOUND('',#7217,.T.);
#8195=FACE_BOUND('',#7218,.T.);
#8196=FACE_BOUND('',#7219,.T.);
#8197=FACE_BOUND('',#7220,.T.);
#8198=FACE_BOUND('',#7221,.T.);
#8199=FACE_BOUND('',#7222,.T.);
#8200=FACE_BOUND('',#7223,.T.);
#8201=FACE_BOUND('',#7224,.T.);
#8202=FACE_BOUND('',#7225,.T.);
#8203=FACE_BOUND('',#7226,.T.);
#8204=FACE_BOUND('',#7227,.T.);
#8205=FACE_BOUND('',#7228,.T.);
#8206=FACE_BOUND('',#7229,.T.);
#8207=FACE_BOUND('',#7230,.T.);
#8208=FACE_BOUND('',#7231,.T.);
#8209=FACE_BOUND('',#7232,.T.);
#8210=FACE_BOUND('',#7233,.T.);
#8211=FACE_BOUND('',#7234,.T.);
#8212=FACE_BOUND('',#7235,.T.);
#8213=FACE_BOUND('',#7236,.T.);
#8214=FACE_BOUND('',#7237,.T.);
#8215=FACE_BOUND('',#7238,.T.);
#8216=FACE_BOUND('',#7239,.T.);
#8217=FACE_BOUND('',#7240,.T.);
#8218=FACE_BOUND('',#7241,.T.);
#8219=FACE_BOUND('',#7242,.T.);
#8220=FACE_BOUND('',#7243,.T.);
#8221=FACE_BOUND('',#7244,.T.);
#8222=FACE_BOUND('',#7245,.T.);
#8223=FACE_BOUND('',#7246,.T.);
#8224=FACE_BOUND('',#7247,.T.);
#8225=FACE_BOUND('',#7248,.T.);
#8226=FACE_BOUND('',#7249,.T.);
#8227=FACE_BOUND('',#7250,.T.);
#8228=FACE_BOUND('',#7251,.T.);
#8229=FACE_BOUND('',#7252,.T.);
#8230=FACE_BOUND('',#7253,.T.);
#8231=FACE_BOUND('',#7254,.T.);
#8232=FACE_BOUND('',#7255,.T.);
#8233=FACE_BOUND('',#7256,.T.);
#8234=FACE_BOUND('',#7257,.T.);
#8235=FACE_BOUND('',#7258,.T.);
#8236=FACE_BOUND('',#7259,.T.);
#8237=FACE_BOUND('',#7260,.T.);
#8238=FACE_BOUND('',#7261,.T.);
#8239=FACE_BOUND('',#7262,.T.);
#8240=FACE_BOUND('',#7263,.T.);
#8241=FACE_BOUND('',#7264,.T.);
#8242=FACE_BOUND('',#7265,.T.);
#8243=FACE_BOUND('',#7266,.T.);
#8244=FACE_BOUND('',#7267,.T.);
#8245=FACE_BOUND('',#7268,.T.);
#8246=FACE_BOUND('',#7269,.T.);
#8247=FACE_BOUND('',#7270,.T.);
#8248=FACE_BOUND('',#7271,.T.);
#8249=FACE_BOUND('',#7272,.T.);
#8250=FACE_BOUND('',#7273,.T.);
#8251=FACE_BOUND('',#7274,.T.);
#8252=FACE_BOUND('',#7275,.T.);
#8253=FACE_BOUND('',#7276,.T.);
#8254=FACE_BOUND('',#7277,.T.);
#8255=FACE_BOUND('',#7278,.T.);
#8256=FACE_BOUND('',#7279,.T.);
#8257=FACE_BOUND('',#7280,.T.);
#8258=FACE_BOUND('',#7281,.T.);
#8259=FACE_BOUND('',#7282,.T.);
#8260=FACE_BOUND('',#7283,.T.);
#8261=FACE_BOUND('',#7284,.T.);
#8262=FACE_BOUND('',#7285,.T.);
#8263=FACE_BOUND('',#7286,.T.);
#8264=FACE_BOUND('',#7287,.T.);
#8265=FACE_BOUND('',#7288,.T.);
#8266=FACE_BOUND('',#7289,.T.);
#8267=FACE_BOUND('',#7290,.T.);
#8268=FACE_BOUND('',#7291,.T.);
#8269=FACE_BOUND('',#7292,.T.);
#8270=FACE_BOUND('',#7293,.T.);
#8271=FACE_BOUND('',#7294,.T.);
#8272=FACE_BOUND('',#7295,.T.);
#8273=FACE_BOUND('',#7296,.T.);
#8274=FACE_BOUND('',#7297,.T.);
#8275=FACE_BOUND('',#7298,.T.);
#8276=FACE_BOUND('',#7299,.T.);
#8277=FACE_BOUND('',#7300,.T.);
#8278=FACE_BOUND('',#7301,.T.);
#8279=FACE_BOUND('',#7302,.T.);
#8280=FACE_BOUND('',#7303,.T.);
#8281=FACE_BOUND('',#7304,.T.);
#8282=FACE_BOUND('',#7305,.T.);
#8283=FACE_BOUND('',#7306,.T.);
#8284=FACE_BOUND('',#7307,.T.);
#8285=FACE_BOUND('',#7308,.T.);
#8286=FACE_BOUND('',#7309,.T.);
#8287=FACE_BOUND('',#7310,.T.);
#8288=FACE_BOUND('',#7311,.T.);
#8289=FACE_BOUND('',#7312,.T.);
#8290=FACE_BOUND('',#7313,.T.);
#8291=FACE_BOUND('',#7314,.T.);
#8292=FACE_BOUND('',#7315,.T.);
#8293=FACE_BOUND('',#7316,.T.);
#8294=FACE_BOUND('',#7317,.T.);
#8295=FACE_BOUND('',#7318,.T.);
#8296=FACE_BOUND('',#7319,.T.);
#8297=FACE_BOUND('',#7320,.T.);
#8298=FACE_BOUND('',#7321,.T.);
#8299=FACE_BOUND('',#7322,.T.);
#8300=FACE_BOUND('',#7323,.T.);
#8301=FACE_BOUND('',#7324,.T.);
#8302=FACE_BOUND('',#7325,.T.);
#8303=FACE_BOUND('',#7326,.T.);
#8304=FACE_BOUND('',#7327,.T.);
#8305=FACE_BOUND('',#7328,.T.);
#8306=FACE_BOUND('',#7329,.T.);
#8307=FACE_BOUND('',#7330,.T.);
#8308=FACE_BOUND('',#7331,.T.);
#8309=FACE_BOUND('',#7332,.T.);
#8310=FACE_BOUND('',#7333,.T.);
#8311=FACE_BOUND('',#7334,.T.);
#8312=FACE_BOUND('',#7335,.T.);
#8313=FACE_BOUND('',#7336,.T.);
#8314=FACE_BOUND('',#7337,.T.);
#8315=FACE_BOUND('',#7338,.T.);
#8316=FACE_BOUND('',#7339,.T.);
#8317=FACE_BOUND('',#7340,.T.);
#8318=FACE_BOUND('',#7341,.T.);
#8319=FACE_BOUND('',#7342,.T.);
#8320=FACE_BOUND('',#7343,.T.);
#8321=FACE_BOUND('',#7344,.T.);
#8322=FACE_BOUND('',#7345,.T.);
#8323=FACE_BOUND('',#7346,.T.);
#8324=FACE_BOUND('',#7347,.T.);
#8325=FACE_BOUND('',#7348,.T.);
#8326=FACE_BOUND('',#7349,.T.);
#8327=FACE_BOUND('',#7350,.T.);
#8328=FACE_BOUND('',#7351,.T.);
#8329=FACE_BOUND('',#7352,.T.);
#8330=FACE_BOUND('',#7353,.T.);
#8331=FACE_BOUND('',#7354,.T.);
#8332=FACE_BOUND('',#7355,.T.);
#8333=FACE_BOUND('',#7356,.T.);
#8334=FACE_BOUND('',#7357,.T.);
#8335=FACE_BOUND('',#7358,.T.);
#8336=FACE_BOUND('',#7359,.T.);
#8337=FACE_BOUND('',#7360,.T.);
#8338=FACE_BOUND('',#7361,.T.);
#8339=FACE_BOUND('',#7362,.T.);
#8340=FACE_BOUND('',#7363,.T.);
#8341=FACE_BOUND('',#7364,.T.);
#8342=FACE_BOUND('',#7365,.T.);
#8343=FACE_BOUND('',#7366,.T.);
#8344=FACE_BOUND('',#7367,.T.);
#8345=FACE_BOUND('',#7368,.T.);
#8346=FACE_BOUND('',#7369,.T.);
#8347=FACE_BOUND('',#7370,.T.);
#8348=FACE_BOUND('',#7371,.T.);
#8349=FACE_BOUND('',#7372,.T.);
#8350=FACE_BOUND('',#7373,.T.);
#8351=FACE_BOUND('',#7374,.T.);
#8352=FACE_BOUND('',#7375,.T.);
#8353=FACE_BOUND('',#7376,.T.);
#8354=FACE_BOUND('',#7377,.T.);
#8355=FACE_BOUND('',#7378,.T.);
#8356=FACE_BOUND('',#7379,.T.);
#8357=FACE_BOUND('',#7380,.T.);
#8358=FACE_BOUND('',#7381,.T.);
#8359=FACE_BOUND('',#7382,.T.);
#8360=FACE_BOUND('',#7383,.T.);
#8361=FACE_BOUND('',#7384,.T.);
#8362=FACE_BOUND('',#7385,.T.);
#8363=FACE_BOUND('',#7386,.T.);
#8364=FACE_BOUND('',#7387,.T.);
#8365=FACE_BOUND('',#7388,.T.);
#8366=FACE_BOUND('',#7389,.T.);
#8367=FACE_BOUND('',#7390,.T.);
#8368=FACE_BOUND('',#7391,.T.);
#8369=FACE_BOUND('',#7392,.T.);
#8370=FACE_BOUND('',#7393,.T.);
#8371=FACE_BOUND('',#7394,.T.);
#8372=FACE_BOUND('',#7395,.T.);
#8373=FACE_BOUND('',#7396,.T.);
#8374=FACE_BOUND('',#7397,.T.);
#8375=FACE_BOUND('',#7398,.T.);
#8376=FACE_BOUND('',#7399,.T.);
#8377=FACE_BOUND('',#7400,.T.);
#8378=FACE_BOUND('',#7401,.T.);
#8379=FACE_BOUND('',#7402,.T.);
#8380=FACE_BOUND('',#7403,.T.);
#8381=FACE_BOUND('',#7404,.T.);
#8382=FACE_BOUND('',#7405,.T.);
#8383=FACE_BOUND('',#7406,.T.);
#8384=FACE_BOUND('',#7407,.T.);
#8385=FACE_BOUND('',#7408,.T.);
#8386=FACE_BOUND('',#7409,.T.);
#8387=FACE_BOUND('',#7410,.T.);
#8388=FACE_BOUND('',#7411,.T.);
#8389=FACE_BOUND('',#7412,.T.);
#8390=FACE_BOUND('',#7413,.T.);
#8391=FACE_BOUND('',#7414,.T.);
#8392=FACE_BOUND('',#7415,.T.);
#8393=FACE_BOUND('',#7416,.T.);
#8394=FACE_BOUND('',#7417,.T.);
#8395=FACE_BOUND('',#7418,.T.);
#8396=FACE_BOUND('',#7419,.T.);
#8397=FACE_BOUND('',#7420,.T.);
#8398=FACE_BOUND('',#7421,.T.);
#8399=FACE_BOUND('',#7422,.T.);
#8400=FACE_BOUND('',#7423,.T.);
#8401=FACE_BOUND('',#7424,.T.);
#8402=FACE_BOUND('',#7425,.T.);
#8403=FACE_BOUND('',#7426,.T.);
#8404=FACE_BOUND('',#7427,.T.);
#8405=FACE_BOUND('',#7428,.T.);
#8406=FACE_BOUND('',#7429,.T.);
#8407=FACE_BOUND('',#7430,.T.);
#8408=FACE_BOUND('',#7431,.T.);
#8409=FACE_BOUND('',#7432,.T.);
#8410=FACE_BOUND('',#7433,.T.);
#8411=FACE_BOUND('',#7434,.T.);
#8412=FACE_BOUND('',#7435,.T.);
#8413=FACE_BOUND('',#7436,.T.);
#8414=FACE_BOUND('',#7437,.T.);
#8415=FACE_BOUND('',#7438,.T.);
#8416=FACE_BOUND('',#7439,.T.);
#8417=FACE_BOUND('',#7440,.T.);
#8418=FACE_BOUND('',#7441,.T.);
#8419=FACE_BOUND('',#7442,.T.);
#8420=FACE_BOUND('',#7443,.T.);
#8421=FACE_BOUND('',#7444,.T.);
#8422=FACE_BOUND('',#7445,.T.);
#8423=FACE_BOUND('',#7446,.T.);
#8424=FACE_BOUND('',#7447,.T.);
#8425=FACE_BOUND('',#7448,.T.);
#8426=FACE_BOUND('',#7449,.T.);
#8427=FACE_BOUND('',#7450,.T.);
#8428=FACE_BOUND('',#7451,.T.);
#8429=FACE_BOUND('',#7452,.T.);
#8430=FACE_BOUND('',#7453,.T.);
#8431=FACE_BOUND('',#7454,.T.);
#8432=FACE_BOUND('',#7455,.T.);
#8433=FACE_BOUND('',#7456,.T.);
#8434=FACE_BOUND('',#7457,.T.);
#8435=FACE_BOUND('',#7458,.T.);
#8436=FACE_BOUND('',#7459,.T.);
#8437=FACE_BOUND('',#7460,.T.);
#8438=FACE_BOUND('',#7461,.T.);
#8439=FACE_BOUND('',#7462,.T.);
#8440=FACE_BOUND('',#7463,.T.);
#8441=FACE_BOUND('',#7464,.T.);
#8442=FACE_BOUND('',#7465,.T.);
#8443=FACE_BOUND('',#7466,.T.);
#8444=FACE_BOUND('',#7467,.T.);
#8445=FACE_BOUND('',#7468,.T.);
#8446=FACE_BOUND('',#7469,.T.);
#8447=FACE_BOUND('',#7470,.T.);
#8448=FACE_BOUND('',#7471,.T.);
#8449=FACE_BOUND('',#7472,.T.);
#8450=FACE_BOUND('',#7473,.T.);
#8451=FACE_BOUND('',#7474,.T.);
#8452=FACE_BOUND('',#7475,.T.);
#8453=FACE_BOUND('',#7476,.T.);
#8454=FACE_BOUND('',#7477,.T.);
#8455=FACE_BOUND('',#7478,.T.);
#8456=FACE_BOUND('',#7479,.T.);
#8457=FACE_BOUND('',#7480,.T.);
#8458=FACE_BOUND('',#7481,.T.);
#8459=FACE_BOUND('',#7482,.T.);
#8460=FACE_BOUND('',#7483,.T.);
#8461=FACE_BOUND('',#7484,.T.);
#8462=FACE_BOUND('',#7485,.T.);
#8463=FACE_BOUND('',#7486,.T.);
#8464=FACE_BOUND('',#7487,.T.);
#8465=FACE_BOUND('',#7488,.T.);
#8466=FACE_BOUND('',#7489,.T.);
#8467=FACE_BOUND('',#7490,.T.);
#8468=FACE_BOUND('',#7491,.T.);
#8469=FACE_BOUND('',#7492,.T.);
#8470=FACE_BOUND('',#7493,.T.);
#8471=FACE_BOUND('',#7494,.T.);
#8472=FACE_BOUND('',#7495,.T.);
#8473=FACE_BOUND('',#7496,.T.);
#8474=FACE_BOUND('',#7497,.T.);
#8475=FACE_BOUND('',#7498,.T.);
#8476=FACE_BOUND('',#7499,.T.);
#8477=FACE_BOUND('',#7500,.T.);
#8478=FACE_BOUND('',#7501,.T.);
#8479=FACE_BOUND('',#7502,.T.);
#8480=FACE_BOUND('',#7503,.T.);
#8481=FACE_BOUND('',#7504,.T.);
#8482=FACE_BOUND('',#7505,.T.);
#8483=FACE_BOUND('',#7506,.T.);
#8484=FACE_BOUND('',#7507,.T.);
#8485=FACE_BOUND('',#7508,.T.);
#8486=FACE_BOUND('',#7509,.T.);
#8487=FACE_BOUND('',#7510,.T.);
#8488=FACE_BOUND('',#7511,.T.);
#8489=FACE_BOUND('',#7512,.T.);
#8490=FACE_BOUND('',#7513,.T.);
#8491=FACE_BOUND('',#7514,.T.);
#8492=FACE_BOUND('',#7515,.T.);
#8493=FACE_BOUND('',#7516,.T.);
#8494=FACE_BOUND('',#7517,.T.);
#8495=FACE_BOUND('',#7518,.T.);
#8496=FACE_BOUND('',#7519,.T.);
#8497=FACE_BOUND('',#7520,.T.);
#8498=FACE_BOUND('',#7521,.T.);
#8499=FACE_BOUND('',#7522,.T.);
#8500=FACE_BOUND('',#7523,.T.);
#8501=FACE_BOUND('',#7524,.T.);
#8502=FACE_BOUND('',#7525,.T.);
#8503=FACE_BOUND('',#7526,.T.);
#8504=FACE_BOUND('',#7527,.T.);
#8505=FACE_BOUND('',#7528,.T.);
#8506=FACE_BOUND('',#7529,.T.);
#8507=FACE_BOUND('',#7530,.T.);
#8508=FACE_BOUND('',#7531,.T.);
#8509=FACE_BOUND('',#7532,.T.);
#8510=FACE_BOUND('',#7533,.T.);
#8511=FACE_BOUND('',#7534,.T.);
#8512=FACE_BOUND('',#7535,.T.);
#8513=FACE_BOUND('',#7536,.T.);
#8514=FACE_BOUND('',#7537,.T.);
#8515=FACE_BOUND('',#7538,.T.);
#8516=FACE_BOUND('',#7539,.T.);
#8517=FACE_BOUND('',#7540,.T.);
#8518=FACE_BOUND('',#7541,.T.);
#8519=FACE_BOUND('',#7542,.T.);
#8520=FACE_BOUND('',#7543,.T.);
#8521=FACE_BOUND('',#7544,.T.);
#8522=FACE_BOUND('',#7545,.T.);
#8523=FACE_BOUND('',#7546,.T.);
#8524=FACE_BOUND('',#7547,.T.);
#8525=FACE_BOUND('',#7548,.T.);
#8526=FACE_BOUND('',#7549,.T.);
#8527=FACE_BOUND('',#7550,.T.);
#8528=FACE_BOUND('',#7551,.T.);
#8529=FACE_BOUND('',#7552,.T.);
#8530=FACE_BOUND('',#7553,.T.);
#8531=FACE_BOUND('',#7554,.T.);
#8532=FACE_BOUND('',#7555,.T.);
#8533=FACE_BOUND('',#7556,.T.);
#8534=FACE_BOUND('',#7557,.T.);
#8535=FACE_BOUND('',#7558,.T.);
#8536=FACE_BOUND('',#7559,.T.);
#8537=FACE_BOUND('',#7560,.T.);
#8538=FACE_BOUND('',#7561,.T.);
#8539=FACE_BOUND('',#7562,.T.);
#8540=FACE_BOUND('',#7563,.T.);
#8541=FACE_BOUND('',#7564,.T.);
#8542=FACE_BOUND('',#7565,.T.);
#8543=FACE_BOUND('',#7566,.T.);
#8544=FACE_BOUND('',#7567,.T.);
#8545=FACE_BOUND('',#7568,.T.);
#8546=FACE_BOUND('',#7569,.T.);
#8547=FACE_BOUND('',#7570,.T.);
#8548=FACE_BOUND('',#7571,.T.);
#8549=FACE_BOUND('',#7572,.T.);
#8550=FACE_BOUND('',#7573,.T.);
#8551=FACE_BOUND('',#7574,.T.);
#8552=FACE_BOUND('',#7575,.T.);
#8553=FACE_BOUND('',#7576,.T.);
#8554=FACE_BOUND('',#7577,.T.);
#8555=FACE_BOUND('',#7578,.T.);
#8556=FACE_BOUND('',#7579,.T.);
#8557=FACE_BOUND('',#7580,.T.);
#8558=FACE_BOUND('',#7581,.T.);
#8559=FACE_BOUND('',#7582,.T.);
#8560=FACE_BOUND('',#7583,.T.);
#8561=FACE_BOUND('',#7584,.T.);
#8562=FACE_BOUND('',#13,.T.);
#8563=FACE_BOUND('',#7585,.T.);
#8564=FACE_BOUND('',#7586,.T.);
#8565=FACE_BOUND('',#7587,.T.);
#8566=FACE_BOUND('',#14,.T.);
#8567=FACE_BOUND('',#7588,.T.);
#8568=FACE_BOUND('',#7589,.T.);
#8569=FACE_BOUND('',#7590,.T.);
#8570=FACE_BOUND('',#15,.T.);
#8571=FACE_BOUND('',#7591,.T.);
#8572=FACE_BOUND('',#7592,.T.);
#8573=FACE_BOUND('',#7593,.T.);
#8574=FACE_BOUND('',#16,.T.);
#8575=FACE_BOUND('',#7594,.T.);
#8576=FACE_BOUND('',#7595,.T.);
#8577=FACE_BOUND('',#7596,.T.);
#8578=FACE_BOUND('',#17,.T.);
#8579=FACE_BOUND('',#7597,.T.);
#8580=FACE_BOUND('',#7598,.T.);
#8581=FACE_BOUND('',#7599,.T.);
#8582=FACE_BOUND('',#18,.T.);
#8583=FACE_BOUND('',#7600,.T.);
#8584=FACE_BOUND('',#7601,.T.);
#8585=FACE_BOUND('',#7602,.T.);
#8586=FACE_BOUND('',#7603,.T.);
#8587=FACE_BOUND('',#7604,.T.);
#8588=FACE_BOUND('',#7605,.T.);
#8589=FACE_BOUND('',#7606,.T.);
#8590=FACE_BOUND('',#7607,.T.);
#8591=FACE_BOUND('',#7608,.T.);
#8592=FACE_BOUND('',#7609,.T.);
#8593=FACE_BOUND('',#7610,.T.);
#8594=FACE_BOUND('',#7611,.T.);
#8595=FACE_BOUND('',#7612,.T.);
#8596=FACE_BOUND('',#7613,.T.);
#8597=FACE_BOUND('',#7614,.T.);
#8598=FACE_BOUND('',#7615,.T.);
#8599=FACE_BOUND('',#7616,.T.);
#8600=FACE_BOUND('',#7617,.T.);
#8601=FACE_BOUND('',#7618,.T.);
#8602=FACE_BOUND('',#7619,.T.);
#8603=FACE_BOUND('',#7620,.T.);
#8604=FACE_BOUND('',#7621,.T.);
#8605=FACE_BOUND('',#7622,.T.);
#8606=FACE_BOUND('',#7623,.T.);
#8607=FACE_BOUND('',#7624,.T.);
#8608=FACE_BOUND('',#7625,.T.);
#8609=FACE_BOUND('',#7626,.T.);
#8610=FACE_BOUND('',#7627,.T.);
#8611=FACE_BOUND('',#7628,.T.);
#8612=FACE_BOUND('',#7629,.T.);
#8613=FACE_BOUND('',#7630,.T.);
#8614=FACE_BOUND('',#7631,.T.);
#8615=FACE_BOUND('',#7632,.T.);
#8616=FACE_BOUND('',#7633,.T.);
#8617=FACE_BOUND('',#7634,.T.);
#8618=FACE_BOUND('',#7635,.T.);
#8619=FACE_BOUND('',#7636,.T.);
#8620=FACE_BOUND('',#7637,.T.);
#8621=FACE_BOUND('',#7638,.T.);
#8622=FACE_BOUND('',#7639,.T.);
#8623=FACE_BOUND('',#7640,.T.);
#8624=FACE_BOUND('',#7641,.T.);
#8625=FACE_BOUND('',#7642,.T.);
#8626=FACE_BOUND('',#7643,.T.);
#8627=FACE_BOUND('',#7644,.T.);
#8628=FACE_BOUND('',#7645,.T.);
#8629=FACE_BOUND('',#7646,.T.);
#8630=FACE_BOUND('',#7647,.T.);
#8631=FACE_BOUND('',#7648,.T.);
#8632=FACE_BOUND('',#7649,.T.);
#8633=FACE_BOUND('',#7650,.T.);
#8634=FACE_BOUND('',#7651,.T.);
#8635=FACE_BOUND('',#7652,.T.);
#8636=PLANE('',#9510);
#8637=PLANE('',#9511);
#8638=PLANE('',#9512);
#8639=PLANE('',#9513);
#8640=PLANE('',#9644);
#8641=PLANE('',#9775);
#8642=PLANE('',#9907);
#8643=PLANE('',#9909);
#8644=PLANE('',#9911);
#8645=PLANE('',#9994);
#8646=PLANE('',#10077);
#8647=PLANE('',#10079);
#8648=PLANE('',#10080);
#8649=PLANE('',#10081);
#8650=PLANE('',#10082);
#8651=PLANE('',#10085);
#8652=PLANE('',#10087);
#8653=PLANE('',#10089);
#8654=PLANE('',#10091);
#8655=PLANE('',#10093);
#8656=PLANE('',#10095);
#8657=PLANE('',#10097);
#8658=PLANE('',#10099);
#8659=PLANE('',#10101);
#8660=PLANE('',#10103);
#8661=PLANE('',#10105);
#8662=PLANE('',#10107);
#8663=PLANE('',#10109);
#8664=PLANE('',#10111);
#8665=PLANE('',#10113);
#8666=PLANE('',#10115);
#8667=PLANE('',#10117);
#8668=PLANE('',#10119);
#8669=PLANE('',#10121);
#8670=PLANE('',#10123);
#8671=PLANE('',#10125);
#8672=PLANE('',#10127);
#8673=PLANE('',#10129);
#8674=PLANE('',#10131);
#8675=PLANE('',#10133);
#8676=PLANE('',#10135);
#8677=PLANE('',#10137);
#8678=PLANE('',#10139);
#8679=PLANE('',#10141);
#8680=PLANE('',#10143);
#8681=PLANE('',#10145);
#8682=PLANE('',#10147);
#8683=PLANE('',#10149);
#8684=PLANE('',#10151);
#8685=PLANE('',#10153);
#8686=PLANE('',#10155);
#8687=PLANE('',#10157);
#8688=PLANE('',#10159);
#8689=PLANE('',#10161);
#8690=PLANE('',#10163);
#8691=PLANE('',#10165);
#8692=PLANE('',#10167);
#8693=PLANE('',#10169);
#8694=PLANE('',#10171);
#8695=PLANE('',#10173);
#8696=PLANE('',#10175);
#8697=PLANE('',#10177);
#8698=PLANE('',#10179);
#8699=PLANE('',#10181);
#8700=PLANE('',#10183);
#8701=PLANE('',#10185);
#8702=PLANE('',#10187);
#8703=PLANE('',#10189);
#8704=PLANE('',#10191);
#8705=PLANE('',#10193);
#8706=PLANE('',#10195);
#8707=PLANE('',#10197);
#8708=PLANE('',#10199);
#8709=PLANE('',#10201);
#8710=PLANE('',#10203);
#8711=PLANE('',#10205);
#8712=PLANE('',#10207);
#8713=PLANE('',#10209);
#8714=PLANE('',#10211);
#8715=PLANE('',#10213);
#8716=PLANE('',#10215);
#8717=PLANE('',#10217);
#8718=PLANE('',#10219);
#8719=PLANE('',#10221);
#8720=PLANE('',#10223);
#8721=PLANE('',#10225);
#8722=PLANE('',#10231);
#8723=PLANE('',#10242);
#8724=PLANE('',#10243);
#8725=PLANE('',#10246);
#8726=PLANE('',#10247);
#8727=PLANE('',#10250);
#8728=PLANE('',#10251);
#8729=PLANE('',#10255);
#8730=PLANE('',#10259);
#8731=PLANE('',#10260);
#8732=PLANE('',#10261);
#8733=PLANE('',#10265);
#8734=PLANE('',#10266);
#8735=PLANE('',#10267);
#8736=PLANE('',#10269);
#8737=PLANE('',#10270);
#8738=PLANE('',#10302);
#8739=PLANE('',#10304);
#8740=PLANE('',#10314);
#8741=PLANE('',#10315);
#8742=PLANE('',#10328);
#8743=PLANE('',#10329);
#8744=PLANE('',#10332);
#8745=PLANE('',#10343);
#8746=PLANE('',#10344);
#8747=PLANE('',#10345);
#8748=PLANE('',#10346);
#8749=PLANE('',#10347);
#8750=PLANE('',#10348);
#8751=PLANE('',#10349);
#8752=PLANE('',#10350);
#8753=PLANE('',#10351);
#8754=PLANE('',#10362);
#8755=PLANE('',#10369);
#8756=PLANE('',#10374);
#8757=PLANE('',#10379);
#8758=PLANE('',#10384);
#8759=PLANE('',#10389);
#8760=PLANE('',#10394);
#8761=PLANE('',#10425);
#8762=PLANE('',#10430);
#8763=PLANE('',#10431);
#8764=PLANE('',#10432);
#8765=PLANE('',#10433);
#8766=PLANE('',#10438);
#8767=PLANE('',#10439);
#8768=PLANE('',#10440);
#8769=PLANE('',#10441);
#8770=PLANE('',#10442);
#8771=PLANE('',#10483);
#8772=PLANE('',#10485);
#8773=PLANE('',#10487);
#8774=PLANE('',#10529);
#8775=PLANE('',#10530);
#8776=PLANE('',#10535);
#8777=PLANE('',#10538);
#8778=PLANE('',#10540);
#8779=PLANE('',#10542);
#8780=PLANE('',#10543);
#8781=PLANE('',#10544);
#8782=PLANE('',#10545);
#8783=PLANE('',#10546);
#8784=PLANE('',#10551);
#8785=PLANE('',#10552);
#8786=PLANE('',#10553);
#8787=PLANE('',#10554);
#8788=PLANE('',#10555);
#8789=PLANE('',#10556);
#8790=PLANE('',#10557);
#8791=PLANE('',#10558);
#8792=PLANE('',#10559);
#8793=PLANE('',#10560);
#8794=PLANE('',#10561);
#8795=PLANE('',#10562);
#8796=PLANE('',#10563);
#8797=PLANE('',#10564);
#8798=PLANE('',#10565);
#8799=PLANE('',#10566);
#8800=PLANE('',#10567);
#8801=PLANE('',#10568);
#8802=PLANE('',#10569);
#8803=PLANE('',#10570);
#8804=PLANE('',#10571);
#8805=PLANE('',#10572);
#8806=PLANE('',#10573);
#8807=PLANE('',#10574);
#8808=PLANE('',#10575);
#8809=PLANE('',#10576);
#8810=ADVANCED_FACE('',(#7653),#8636,.T.);
#8811=ADVANCED_FACE('',(#7654),#8637,.T.);
#8812=ADVANCED_FACE('',(#7655),#8638,.T.);
#8813=ADVANCED_FACE('',(#7656,#7657,#7658,#7659,#7660,#7661,#7662,#7663,
#7664,#7665,#7666,#7667,#7668,#7669,#7670,#7671,#7672,#7673,#7674,#7675,
#7676,#7677,#7678,#7679,#7680,#7681,#7682,#7683,#7684,#7685,#7686,#7687,
#7688,#7689,#7690,#7691,#7692,#7693,#7694,#7695,#7696,#7697,#7698,#7699,
#7700,#7701,#7702,#7703,#7704,#7705,#7706,#7707,#7708,#7709,#7710,#7711,
#7712,#7713,#7714,#7715,#7716,#7717,#7718,#7719,#7720,#7721,#7722,#7723,
#7724,#7725,#7726,#7727,#7728,#7729,#7730,#7731,#7732,#7733,#7734,#7735,
#7736,#7737,#7738,#7739,#7740,#7741,#7742,#7743,#7744,#7745,#7746,#7747,
#7748,#7749,#7750,#7751,#7752,#7753,#7754,#7755,#7756,#7757,#7758,#7759,
#7760,#7761,#7762,#7763,#7764,#7765,#7766,#7767,#7768,#7769,#7770,#7771,
#7772,#7773,#7774,#7775,#7776,#7777,#7778,#7779,#7780,#7781,#7782,#7783,
#7784,#7785,#7786),#8639,.F.);
#8814=ADVANCED_FACE('',(#7787,#7788,#7789,#7790,#7791,#7792,#7793,#7794,
#7795,#7796,#7797,#7798,#7799,#7800,#7801,#7802,#7803,#7804,#7805,#7806,
#7807,#7808,#7809,#7810,#7811,#7812,#7813,#7814,#7815,#7816,#7817,#7818,
#7819,#7820,#7821,#7822,#7823,#7824,#7825,#7826,#7827,#7828,#7829,#7830,
#7831,#7832,#7833,#7834,#7835,#7836,#7837,#7838,#7839,#7840,#7841,#7842,
#7843,#7844,#7845,#7846,#7847,#7848,#7849,#7850,#7851,#7852,#7853,#7854,
#7855,#7856,#7857,#7858,#7859,#7860,#7861,#7862,#7863,#7864,#7865,#7866,
#7867,#7868,#7869,#7870,#7871,#7872,#7873,#7874,#7875,#7876,#7877,#7878,
#7879,#7880,#7881,#7882,#7883,#7884,#7885,#7886,#7887,#7888,#7889,#7890,
#7891,#7892,#7893,#7894,#7895,#7896,#7897,#7898,#7899,#7900,#7901,#7902,
#7903,#7904,#7905,#7906,#7907,#7908,#7909,#7910,#7911,#7912,#7913,#7914,
#7915,#7916,#7917),#8640,.T.);
#8815=ADVANCED_FACE('',(#7918),#8641,.T.);
#8816=ADVANCED_FACE('',(#7919,#7920),#590,.F.);
#8817=ADVANCED_FACE('',(#7921,#7922),#591,.F.);
#8818=ADVANCED_FACE('',(#7923,#7924),#592,.F.);
#8819=ADVANCED_FACE('',(#7925,#7926),#593,.F.);
#8820=ADVANCED_FACE('',(#7927,#7928),#594,.F.);
#8821=ADVANCED_FACE('',(#7929,#7930),#595,.F.);
#8822=ADVANCED_FACE('',(#7931,#7932),#596,.F.);
#8823=ADVANCED_FACE('',(#7933,#7934),#597,.F.);
#8824=ADVANCED_FACE('',(#7935,#7936),#598,.F.);
#8825=ADVANCED_FACE('',(#7937,#7938),#599,.F.);
#8826=ADVANCED_FACE('',(#7939,#7940),#600,.F.);
#8827=ADVANCED_FACE('',(#7941,#7942),#601,.F.);
#8828=ADVANCED_FACE('',(#7943,#7944),#602,.F.);
#8829=ADVANCED_FACE('',(#7945,#7946),#603,.F.);
#8830=ADVANCED_FACE('',(#7947,#7948),#604,.F.);
#8831=ADVANCED_FACE('',(#7949,#7950),#605,.F.);
#8832=ADVANCED_FACE('',(#7951,#7952),#606,.F.);
#8833=ADVANCED_FACE('',(#7953,#7954),#607,.F.);
#8834=ADVANCED_FACE('',(#7955,#7956),#608,.F.);
#8835=ADVANCED_FACE('',(#7957,#7958),#609,.F.);
#8836=ADVANCED_FACE('',(#7959,#7960),#610,.F.);
#8837=ADVANCED_FACE('',(#7961,#7962),#611,.F.);
#8838=ADVANCED_FACE('',(#7963,#7964),#612,.F.);
#8839=ADVANCED_FACE('',(#7965,#7966),#613,.F.);
#8840=ADVANCED_FACE('',(#7967,#7968),#614,.F.);
#8841=ADVANCED_FACE('',(#7969,#7970),#615,.F.);
#8842=ADVANCED_FACE('',(#7971,#7972),#616,.F.);
#8843=ADVANCED_FACE('',(#7973,#7974),#617,.F.);
#8844=ADVANCED_FACE('',(#7975,#7976),#618,.F.);
#8845=ADVANCED_FACE('',(#7977,#7978),#619,.F.);
#8846=ADVANCED_FACE('',(#7979,#7980),#620,.F.);
#8847=ADVANCED_FACE('',(#7981,#7982),#621,.F.);
#8848=ADVANCED_FACE('',(#7983,#7984),#622,.F.);
#8849=ADVANCED_FACE('',(#7985,#7986),#623,.F.);
#8850=ADVANCED_FACE('',(#7987,#7988),#624,.F.);
#8851=ADVANCED_FACE('',(#7989,#7990),#625,.F.);
#8852=ADVANCED_FACE('',(#7991,#7992),#626,.F.);
#8853=ADVANCED_FACE('',(#7993,#7994),#627,.F.);
#8854=ADVANCED_FACE('',(#7995,#7996),#628,.F.);
#8855=ADVANCED_FACE('',(#7997,#7998),#629,.F.);
#8856=ADVANCED_FACE('',(#7999,#8000),#630,.F.);
#8857=ADVANCED_FACE('',(#8001,#8002),#631,.F.);
#8858=ADVANCED_FACE('',(#8003,#8004),#632,.F.);
#8859=ADVANCED_FACE('',(#8005,#8006),#633,.F.);
#8860=ADVANCED_FACE('',(#8007,#8008),#634,.F.);
#8861=ADVANCED_FACE('',(#8009,#8010),#635,.F.);
#8862=ADVANCED_FACE('',(#8011,#8012),#636,.F.);
#8863=ADVANCED_FACE('',(#8013,#8014),#637,.F.);
#8864=ADVANCED_FACE('',(#8015,#8016),#638,.F.);
#8865=ADVANCED_FACE('',(#8017,#8018),#639,.F.);
#8866=ADVANCED_FACE('',(#8019,#8020),#640,.F.);
#8867=ADVANCED_FACE('',(#8021,#8022),#641,.F.);
#8868=ADVANCED_FACE('',(#8023,#8024),#642,.F.);
#8869=ADVANCED_FACE('',(#8025,#8026),#643,.F.);
#8870=ADVANCED_FACE('',(#8027,#8028),#644,.F.);
#8871=ADVANCED_FACE('',(#8029,#8030),#645,.F.);
#8872=ADVANCED_FACE('',(#8031,#8032),#646,.F.);
#8873=ADVANCED_FACE('',(#8033,#8034),#647,.F.);
#8874=ADVANCED_FACE('',(#8035,#8036),#648,.F.);
#8875=ADVANCED_FACE('',(#8037,#8038),#649,.F.);
#8876=ADVANCED_FACE('',(#8039,#8040),#650,.F.);
#8877=ADVANCED_FACE('',(#8041,#8042),#651,.F.);
#8878=ADVANCED_FACE('',(#8043,#8044),#652,.F.);
#8879=ADVANCED_FACE('',(#8045,#8046),#653,.F.);
#8880=ADVANCED_FACE('',(#8047,#8048),#654,.F.);
#8881=ADVANCED_FACE('',(#8049,#8050),#655,.F.);
#8882=ADVANCED_FACE('',(#8051,#8052),#656,.F.);
#8883=ADVANCED_FACE('',(#8053,#8054),#657,.F.);
#8884=ADVANCED_FACE('',(#8055,#8056),#658,.F.);
#8885=ADVANCED_FACE('',(#8057,#8058),#659,.F.);
#8886=ADVANCED_FACE('',(#8059,#8060),#660,.F.);
#8887=ADVANCED_FACE('',(#8061,#8062),#661,.F.);
#8888=ADVANCED_FACE('',(#8063,#8064),#662,.F.);
#8889=ADVANCED_FACE('',(#8065,#8066),#663,.F.);
#8890=ADVANCED_FACE('',(#8067,#8068),#664,.F.);
#8891=ADVANCED_FACE('',(#8069,#8070),#665,.F.);
#8892=ADVANCED_FACE('',(#8071,#8072),#666,.F.);
#8893=ADVANCED_FACE('',(#8073,#8074),#667,.F.);
#8894=ADVANCED_FACE('',(#8075,#8076),#668,.F.);
#8895=ADVANCED_FACE('',(#8077,#8078),#669,.F.);
#8896=ADVANCED_FACE('',(#8079,#8080),#670,.F.);
#8897=ADVANCED_FACE('',(#8081,#8082),#671,.F.);
#8898=ADVANCED_FACE('',(#8083,#8084),#672,.F.);
#8899=ADVANCED_FACE('',(#8085,#8086),#673,.F.);
#8900=ADVANCED_FACE('',(#8087,#8088),#674,.F.);
#8901=ADVANCED_FACE('',(#8089,#8090),#675,.F.);
#8902=ADVANCED_FACE('',(#8091,#8092),#676,.F.);
#8903=ADVANCED_FACE('',(#8093,#8094),#677,.F.);
#8904=ADVANCED_FACE('',(#8095,#8096),#678,.F.);
#8905=ADVANCED_FACE('',(#8097,#8098),#679,.F.);
#8906=ADVANCED_FACE('',(#8099,#8100),#680,.F.);
#8907=ADVANCED_FACE('',(#8101,#8102),#681,.F.);
#8908=ADVANCED_FACE('',(#8103,#8104),#682,.F.);
#8909=ADVANCED_FACE('',(#8105,#8106),#683,.F.);
#8910=ADVANCED_FACE('',(#8107,#8108),#684,.F.);
#8911=ADVANCED_FACE('',(#8109,#8110),#685,.F.);
#8912=ADVANCED_FACE('',(#8111,#8112),#686,.F.);
#8913=ADVANCED_FACE('',(#8113,#8114),#687,.F.);
#8914=ADVANCED_FACE('',(#8115,#8116),#688,.F.);
#8915=ADVANCED_FACE('',(#8117,#8118),#689,.F.);
#8916=ADVANCED_FACE('',(#8119,#8120),#690,.F.);
#8917=ADVANCED_FACE('',(#8121,#8122),#691,.F.);
#8918=ADVANCED_FACE('',(#8123,#8124),#692,.F.);
#8919=ADVANCED_FACE('',(#8125,#8126),#693,.F.);
#8920=ADVANCED_FACE('',(#8127,#8128),#694,.F.);
#8921=ADVANCED_FACE('',(#8129,#8130),#695,.F.);
#8922=ADVANCED_FACE('',(#8131,#8132),#696,.F.);
#8923=ADVANCED_FACE('',(#8133,#8134),#697,.F.);
#8924=ADVANCED_FACE('',(#8135,#8136),#698,.F.);
#8925=ADVANCED_FACE('',(#8137,#8138),#699,.F.);
#8926=ADVANCED_FACE('',(#8139,#8140),#700,.F.);
#8927=ADVANCED_FACE('',(#8141,#8142),#701,.F.);
#8928=ADVANCED_FACE('',(#8143,#8144),#702,.F.);
#8929=ADVANCED_FACE('',(#8145,#8146),#703,.F.);
#8930=ADVANCED_FACE('',(#8147,#8148),#704,.F.);
#8931=ADVANCED_FACE('',(#8149,#8150),#705,.F.);
#8932=ADVANCED_FACE('',(#8151,#8152),#706,.F.);
#8933=ADVANCED_FACE('',(#8153,#8154),#707,.F.);
#8934=ADVANCED_FACE('',(#8155,#8156),#708,.F.);
#8935=ADVANCED_FACE('',(#8157,#8158),#709,.F.);
#8936=ADVANCED_FACE('',(#8159,#8160),#710,.F.);
#8937=ADVANCED_FACE('',(#8161,#8162),#711,.F.);
#8938=ADVANCED_FACE('',(#8163,#8164),#712,.F.);
#8939=ADVANCED_FACE('',(#8165,#8166),#713,.F.);
#8940=ADVANCED_FACE('',(#8167,#8168),#714,.F.);
#8941=ADVANCED_FACE('',(#8169,#8170),#715,.F.);
#8942=ADVANCED_FACE('',(#8171,#8172),#716,.F.);
#8943=ADVANCED_FACE('',(#8173,#8174),#717,.F.);
#8944=ADVANCED_FACE('',(#8175,#8176),#718,.F.);
#8945=ADVANCED_FACE('',(#8177,#8178),#719,.F.);
#8946=ADVANCED_FACE('',(#8179),#8642,.T.);
#8947=ADVANCED_FACE('',(#8180),#8643,.T.);
#8948=ADVANCED_FACE('',(#8181,#8182,#8183,#8184,#8185,#8186,#8187,#8188,
#8189,#8190,#8191,#8192,#8193,#8194,#8195,#8196,#8197,#8198,#8199,#8200,
#8201,#8202,#8203,#8204),#8644,.T.);
#8949=ADVANCED_FACE('',(#8205,#8206,#8207,#8208,#8209,#8210,#8211,#8212,
#8213,#8214,#8215,#8216,#8217,#8218,#8219,#8220,#8221,#8222,#8223,#8224,
#8225,#8226,#8227,#8228),#8645,.F.);
#8950=ADVANCED_FACE('',(#8229),#8646,.T.);
#8951=ADVANCED_FACE('',(#8230),#8647,.F.);
#8952=ADVANCED_FACE('',(#8231),#8648,.F.);
#8953=ADVANCED_FACE('',(#8232),#8649,.T.);
#8954=ADVANCED_FACE('',(#8233),#8650,.T.);
#8955=ADVANCED_FACE('',(#8234),#720,.F.);
#8956=ADVANCED_FACE('',(#8235),#8651,.F.);
#8957=ADVANCED_FACE('',(#8236),#721,.F.);
#8958=ADVANCED_FACE('',(#8237),#8652,.F.);
#8959=ADVANCED_FACE('',(#8238),#722,.F.);
#8960=ADVANCED_FACE('',(#8239),#8653,.T.);
#8961=ADVANCED_FACE('',(#8240),#723,.F.);
#8962=ADVANCED_FACE('',(#8241),#8654,.T.);
#8963=ADVANCED_FACE('',(#8242),#724,.F.);
#8964=ADVANCED_FACE('',(#8243),#8655,.F.);
#8965=ADVANCED_FACE('',(#8244),#725,.F.);
#8966=ADVANCED_FACE('',(#8245),#8656,.F.);
#8967=ADVANCED_FACE('',(#8246),#726,.F.);
#8968=ADVANCED_FACE('',(#8247),#8657,.T.);
#8969=ADVANCED_FACE('',(#8248),#727,.F.);
#8970=ADVANCED_FACE('',(#8249),#8658,.T.);
#8971=ADVANCED_FACE('',(#8250),#728,.F.);
#8972=ADVANCED_FACE('',(#8251),#8659,.F.);
#8973=ADVANCED_FACE('',(#8252),#729,.F.);
#8974=ADVANCED_FACE('',(#8253),#8660,.F.);
#8975=ADVANCED_FACE('',(#8254),#730,.F.);
#8976=ADVANCED_FACE('',(#8255),#8661,.T.);
#8977=ADVANCED_FACE('',(#8256),#731,.F.);
#8978=ADVANCED_FACE('',(#8257),#8662,.T.);
#8979=ADVANCED_FACE('',(#8258),#732,.F.);
#8980=ADVANCED_FACE('',(#8259),#8663,.F.);
#8981=ADVANCED_FACE('',(#8260),#733,.F.);
#8982=ADVANCED_FACE('',(#8261),#8664,.F.);
#8983=ADVANCED_FACE('',(#8262),#734,.F.);
#8984=ADVANCED_FACE('',(#8263),#8665,.T.);
#8985=ADVANCED_FACE('',(#8264),#735,.F.);
#8986=ADVANCED_FACE('',(#8265),#8666,.T.);
#8987=ADVANCED_FACE('',(#8266),#736,.F.);
#8988=ADVANCED_FACE('',(#8267),#8667,.F.);
#8989=ADVANCED_FACE('',(#8268),#737,.F.);
#8990=ADVANCED_FACE('',(#8269),#8668,.F.);
#8991=ADVANCED_FACE('',(#8270),#738,.F.);
#8992=ADVANCED_FACE('',(#8271),#8669,.T.);
#8993=ADVANCED_FACE('',(#8272),#739,.F.);
#8994=ADVANCED_FACE('',(#8273),#8670,.T.);
#8995=ADVANCED_FACE('',(#8274),#740,.F.);
#8996=ADVANCED_FACE('',(#8275),#8671,.F.);
#8997=ADVANCED_FACE('',(#8276),#741,.F.);
#8998=ADVANCED_FACE('',(#8277),#8672,.F.);
#8999=ADVANCED_FACE('',(#8278),#742,.F.);
#9000=ADVANCED_FACE('',(#8279),#8673,.T.);
#9001=ADVANCED_FACE('',(#8280),#743,.F.);
#9002=ADVANCED_FACE('',(#8281),#8674,.T.);
#9003=ADVANCED_FACE('',(#8282),#744,.F.);
#9004=ADVANCED_FACE('',(#8283),#8675,.F.);
#9005=ADVANCED_FACE('',(#8284),#745,.F.);
#9006=ADVANCED_FACE('',(#8285),#8676,.F.);
#9007=ADVANCED_FACE('',(#8286),#746,.F.);
#9008=ADVANCED_FACE('',(#8287),#8677,.T.);
#9009=ADVANCED_FACE('',(#8288),#747,.F.);
#9010=ADVANCED_FACE('',(#8289),#8678,.T.);
#9011=ADVANCED_FACE('',(#8290),#748,.F.);
#9012=ADVANCED_FACE('',(#8291),#8679,.F.);
#9013=ADVANCED_FACE('',(#8292),#749,.F.);
#9014=ADVANCED_FACE('',(#8293),#8680,.F.);
#9015=ADVANCED_FACE('',(#8294),#750,.F.);
#9016=ADVANCED_FACE('',(#8295),#8681,.T.);
#9017=ADVANCED_FACE('',(#8296),#751,.F.);
#9018=ADVANCED_FACE('',(#8297),#8682,.T.);
#9019=ADVANCED_FACE('',(#8298),#752,.F.);
#9020=ADVANCED_FACE('',(#8299),#8683,.F.);
#9021=ADVANCED_FACE('',(#8300),#753,.F.);
#9022=ADVANCED_FACE('',(#8301),#8684,.F.);
#9023=ADVANCED_FACE('',(#8302),#754,.F.);
#9024=ADVANCED_FACE('',(#8303),#8685,.T.);
#9025=ADVANCED_FACE('',(#8304),#755,.F.);
#9026=ADVANCED_FACE('',(#8305),#8686,.T.);
#9027=ADVANCED_FACE('',(#8306),#756,.F.);
#9028=ADVANCED_FACE('',(#8307),#8687,.F.);
#9029=ADVANCED_FACE('',(#8308),#757,.F.);
#9030=ADVANCED_FACE('',(#8309),#8688,.F.);
#9031=ADVANCED_FACE('',(#8310),#758,.F.);
#9032=ADVANCED_FACE('',(#8311),#8689,.T.);
#9033=ADVANCED_FACE('',(#8312),#759,.F.);
#9034=ADVANCED_FACE('',(#8313),#8690,.T.);
#9035=ADVANCED_FACE('',(#8314),#760,.F.);
#9036=ADVANCED_FACE('',(#8315),#8691,.F.);
#9037=ADVANCED_FACE('',(#8316),#761,.F.);
#9038=ADVANCED_FACE('',(#8317),#8692,.F.);
#9039=ADVANCED_FACE('',(#8318),#762,.F.);
#9040=ADVANCED_FACE('',(#8319),#8693,.T.);
#9041=ADVANCED_FACE('',(#8320),#763,.F.);
#9042=ADVANCED_FACE('',(#8321),#8694,.T.);
#9043=ADVANCED_FACE('',(#8322),#764,.F.);
#9044=ADVANCED_FACE('',(#8323),#8695,.F.);
#9045=ADVANCED_FACE('',(#8324),#765,.F.);
#9046=ADVANCED_FACE('',(#8325),#8696,.F.);
#9047=ADVANCED_FACE('',(#8326),#766,.F.);
#9048=ADVANCED_FACE('',(#8327),#8697,.T.);
#9049=ADVANCED_FACE('',(#8328),#767,.F.);
#9050=ADVANCED_FACE('',(#8329),#8698,.T.);
#9051=ADVANCED_FACE('',(#8330),#768,.F.);
#9052=ADVANCED_FACE('',(#8331),#8699,.F.);
#9053=ADVANCED_FACE('',(#8332),#769,.F.);
#9054=ADVANCED_FACE('',(#8333),#8700,.F.);
#9055=ADVANCED_FACE('',(#8334),#770,.F.);
#9056=ADVANCED_FACE('',(#8335),#8701,.T.);
#9057=ADVANCED_FACE('',(#8336),#771,.F.);
#9058=ADVANCED_FACE('',(#8337),#8702,.T.);
#9059=ADVANCED_FACE('',(#8338),#772,.F.);
#9060=ADVANCED_FACE('',(#8339),#8703,.F.);
#9061=ADVANCED_FACE('',(#8340),#773,.F.);
#9062=ADVANCED_FACE('',(#8341),#8704,.F.);
#9063=ADVANCED_FACE('',(#8342),#774,.F.);
#9064=ADVANCED_FACE('',(#8343),#8705,.T.);
#9065=ADVANCED_FACE('',(#8344),#775,.F.);
#9066=ADVANCED_FACE('',(#8345),#8706,.T.);
#9067=ADVANCED_FACE('',(#8346),#776,.F.);
#9068=ADVANCED_FACE('',(#8347),#8707,.F.);
#9069=ADVANCED_FACE('',(#8348),#777,.F.);
#9070=ADVANCED_FACE('',(#8349),#8708,.F.);
#9071=ADVANCED_FACE('',(#8350),#778,.F.);
#9072=ADVANCED_FACE('',(#8351),#8709,.T.);
#9073=ADVANCED_FACE('',(#8352),#779,.F.);
#9074=ADVANCED_FACE('',(#8353),#8710,.T.);
#9075=ADVANCED_FACE('',(#8354),#780,.F.);
#9076=ADVANCED_FACE('',(#8355),#8711,.F.);
#9077=ADVANCED_FACE('',(#8356),#781,.F.);
#9078=ADVANCED_FACE('',(#8357),#8712,.F.);
#9079=ADVANCED_FACE('',(#8358),#782,.F.);
#9080=ADVANCED_FACE('',(#8359),#8713,.T.);
#9081=ADVANCED_FACE('',(#8360),#783,.F.);
#9082=ADVANCED_FACE('',(#8361),#8714,.T.);
#9083=ADVANCED_FACE('',(#8362),#784,.F.);
#9084=ADVANCED_FACE('',(#8363),#8715,.F.);
#9085=ADVANCED_FACE('',(#8364),#785,.F.);
#9086=ADVANCED_FACE('',(#8365),#8716,.F.);
#9087=ADVANCED_FACE('',(#8366),#786,.F.);
#9088=ADVANCED_FACE('',(#8367),#8717,.T.);
#9089=ADVANCED_FACE('',(#8368),#787,.F.);
#9090=ADVANCED_FACE('',(#8369),#8718,.T.);
#9091=ADVANCED_FACE('',(#8370),#788,.F.);
#9092=ADVANCED_FACE('',(#8371),#8719,.F.);
#9093=ADVANCED_FACE('',(#8372),#789,.F.);
#9094=ADVANCED_FACE('',(#8373),#8720,.F.);
#9095=ADVANCED_FACE('',(#8374),#790,.F.);
#9096=ADVANCED_FACE('',(#8375),#8721,.T.);
#9097=ADVANCED_FACE('',(#8376),#791,.F.);
#9098=ADVANCED_FACE('',(#8377),#792,.T.);
#9099=ADVANCED_FACE('',(#8378),#793,.T.);
#9100=ADVANCED_FACE('',(#8379),#794,.T.);
#9101=ADVANCED_FACE('',(#8380),#795,.T.);
#9102=ADVANCED_FACE('',(#8381),#8722,.T.);
#9103=ADVANCED_FACE('',(#8382),#796,.F.);
#9104=ADVANCED_FACE('',(#8383),#797,.F.);
#9105=ADVANCED_FACE('',(#8384,#8385),#798,.F.);
#9106=ADVANCED_FACE('',(#8386,#8387),#799,.F.);
#9107=ADVANCED_FACE('',(#8388,#8389),#800,.F.);
#9108=ADVANCED_FACE('',(#8390,#8391),#801,.F.);
#9109=ADVANCED_FACE('',(#8392,#8393),#802,.F.);
#9110=ADVANCED_FACE('',(#8394,#8395),#803,.F.);
#9111=ADVANCED_FACE('',(#8396),#8723,.F.);
#9112=ADVANCED_FACE('',(#8397),#8724,.F.);
#9113=ADVANCED_FACE('',(#8398),#8725,.F.);
#9114=ADVANCED_FACE('',(#8399),#8726,.F.);
#9115=ADVANCED_FACE('',(#8400),#8727,.T.);
#9116=ADVANCED_FACE('',(#8401),#8728,.F.);
#9117=ADVANCED_FACE('',(#8402),#804,.T.);
#9118=ADVANCED_FACE('',(#8403),#805,.T.);
#9119=ADVANCED_FACE('',(#8404),#8729,.F.);
#9120=ADVANCED_FACE('',(#8405),#8730,.F.);
#9121=ADVANCED_FACE('',(#8406),#8731,.F.);
#9122=ADVANCED_FACE('',(#8407),#8732,.F.);
#9123=ADVANCED_FACE('',(#8408),#8733,.T.);
#9124=ADVANCED_FACE('',(#8409),#8734,.F.);
#9125=ADVANCED_FACE('',(#8410),#8735,.F.);
#9126=ADVANCED_FACE('',(#8411),#806,.T.);
#9127=ADVANCED_FACE('',(#8412),#8736,.T.);
#9128=ADVANCED_FACE('',(#8413),#8737,.F.);
#9129=ADVANCED_FACE('',(#8414),#807,.T.);
#9130=ADVANCED_FACE('',(#8415),#50,.T.);
#9131=ADVANCED_FACE('',(#8416),#808,.F.);
#9132=ADVANCED_FACE('',(#8417),#51,.T.);
#9133=ADVANCED_FACE('',(#8418),#809,.T.);
#9134=ADVANCED_FACE('',(#8419),#46,.F.);
#9135=ADVANCED_FACE('',(#8420),#47,.F.);
#9136=ADVANCED_FACE('',(#8421),#810,.F.);
#9137=ADVANCED_FACE('',(#8422),#48,.T.);
#9138=ADVANCED_FACE('',(#8423),#811,.F.);
#9139=ADVANCED_FACE('',(#8424),#52,.F.);
#9140=ADVANCED_FACE('',(#8425),#812,.T.);
#9141=ADVANCED_FACE('',(#8426),#813,.T.);
#9142=ADVANCED_FACE('',(#8427),#53,.F.);
#9143=ADVANCED_FACE('',(#8428),#49,.T.);
#9144=ADVANCED_FACE('',(#8429),#814,.F.);
#9145=ADVANCED_FACE('',(#8430),#54,.F.);
#9146=ADVANCED_FACE('',(#8431,#8432),#815,.T.);
#9147=ADVANCED_FACE('',(#8433,#8434),#8738,.F.);
#9148=ADVANCED_FACE('',(#8435,#8436),#8739,.T.);
#9149=ADVANCED_FACE('',(#8437,#8438),#816,.T.);
#9150=ADVANCED_FACE('',(#8439,#8440),#817,.T.);
#9151=ADVANCED_FACE('',(#8441,#8442),#55,.T.);
#9152=ADVANCED_FACE('',(#8443,#8444),#56,.T.);
#9153=ADVANCED_FACE('',(#8445),#8740,.F.);
#9154=ADVANCED_FACE('',(#8446),#8741,.T.);
#9155=ADVANCED_FACE('',(#8447,#8448),#818,.T.);
#9156=ADVANCED_FACE('',(#8449,#8450),#57,.T.);
#9157=ADVANCED_FACE('',(#8451,#8452),#819,.T.);
#9158=ADVANCED_FACE('',(#8453,#8454),#58,.T.);
#9159=ADVANCED_FACE('',(#8455,#8456),#820,.T.);
#9160=ADVANCED_FACE('',(#8457),#8742,.T.);
#9161=ADVANCED_FACE('',(#8458),#8743,.F.);
#9162=ADVANCED_FACE('',(#8459,#8460,#8461,#8462,#8463,#8464,#8465),#8744,
 .F.);
#9163=ADVANCED_FACE('',(#8466),#8745,.F.);
#9164=ADVANCED_FACE('',(#8467),#8746,.T.);
#9165=ADVANCED_FACE('',(#8468),#8747,.T.);
#9166=ADVANCED_FACE('',(#8469),#8748,.F.);
#9167=ADVANCED_FACE('',(#8470),#8749,.T.);
#9168=ADVANCED_FACE('',(#8471),#8750,.F.);
#9169=ADVANCED_FACE('',(#8472),#8751,.F.);
#9170=ADVANCED_FACE('',(#8473),#8752,.T.);
#9171=ADVANCED_FACE('',(#8474,#8475,#8476,#8477,#8478,#8479,#8480,#8481),
#8753,.T.);
#9172=ADVANCED_FACE('',(#8482),#8754,.T.);
#9173=ADVANCED_FACE('',(#8483),#821,.T.);
#9174=ADVANCED_FACE('',(#8484),#822,.T.);
#9175=ADVANCED_FACE('',(#8485),#823,.T.);
#9176=ADVANCED_FACE('',(#8486),#824,.T.);
#9177=ADVANCED_FACE('',(#8487,#8488),#825,.F.);
#9178=ADVANCED_FACE('',(#8489,#8490),#8755,.T.);
#9179=ADVANCED_FACE('',(#8491,#8492),#826,.F.);
#9180=ADVANCED_FACE('',(#8493,#8494),#827,.F.);
#9181=ADVANCED_FACE('',(#8495,#8496),#8756,.T.);
#9182=ADVANCED_FACE('',(#8497,#8498),#828,.F.);
#9183=ADVANCED_FACE('',(#8499,#8500),#829,.F.);
#9184=ADVANCED_FACE('',(#8501,#8502),#8757,.T.);
#9185=ADVANCED_FACE('',(#8503,#8504),#830,.F.);
#9186=ADVANCED_FACE('',(#8505,#8506),#831,.F.);
#9187=ADVANCED_FACE('',(#8507,#8508),#8758,.T.);
#9188=ADVANCED_FACE('',(#8509,#8510),#832,.F.);
#9189=ADVANCED_FACE('',(#8511,#8512),#833,.F.);
#9190=ADVANCED_FACE('',(#8513,#8514),#8759,.T.);
#9191=ADVANCED_FACE('',(#8515,#8516),#834,.F.);
#9192=ADVANCED_FACE('',(#8517,#8518),#835,.F.);
#9193=ADVANCED_FACE('',(#8519,#8520),#8760,.T.);
#9194=ADVANCED_FACE('',(#8521,#8522),#836,.F.);
#9195=ADVANCED_FACE('',(#8523),#8761,.T.);
#9196=ADVANCED_FACE('',(#8524),#8762,.F.);
#9197=ADVANCED_FACE('',(#8525),#8763,.F.);
#9198=ADVANCED_FACE('',(#8526),#8764,.T.);
#9199=ADVANCED_FACE('',(#8527),#8765,.F.);
#9200=ADVANCED_FACE('',(#8528),#8766,.F.);
#9201=ADVANCED_FACE('',(#8529),#8767,.T.);
#9202=ADVANCED_FACE('',(#8530),#8768,.T.);
#9203=ADVANCED_FACE('',(#8531),#8769,.T.);
#9204=ADVANCED_FACE('',(#8532,#8533,#8534,#8535,#8536,#8537,#8538),#8770,
 .F.);
#9205=ADVANCED_FACE('',(#8539),#837,.T.);
#9206=ADVANCED_FACE('',(#8540),#838,.T.);
#9207=ADVANCED_FACE('',(#8541),#839,.T.);
#9208=ADVANCED_FACE('',(#8542),#840,.T.);
#9209=ADVANCED_FACE('',(#8543),#841,.T.);
#9210=ADVANCED_FACE('',(#8544),#842,.T.);
#9211=ADVANCED_FACE('',(#8545),#843,.T.);
#9212=ADVANCED_FACE('',(#8546),#844,.T.);
#9213=ADVANCED_FACE('',(#8547),#845,.T.);
#9214=ADVANCED_FACE('',(#8548),#25,.T.);
#9215=ADVANCED_FACE('',(#8549),#846,.T.);
#9216=ADVANCED_FACE('',(#8550),#26,.T.);
#9217=ADVANCED_FACE('',(#8551),#847,.T.);
#9218=ADVANCED_FACE('',(#8552),#27,.T.);
#9219=ADVANCED_FACE('',(#8553),#848,.T.);
#9220=ADVANCED_FACE('',(#8554),#28,.T.);
#9221=ADVANCED_FACE('',(#8555),#8771,.T.);
#9222=ADVANCED_FACE('',(#8556),#849,.F.);
#9223=ADVANCED_FACE('',(#8557),#8772,.T.);
#9224=ADVANCED_FACE('',(#8558),#850,.F.);
#9225=ADVANCED_FACE('',(#8559),#8773,.F.);
#9226=ADVANCED_FACE('',(#8560),#851,.F.);
#9227=ADVANCED_FACE('',(#8561),#852,.F.);
#9228=ADVANCED_FACE('',(#8562,#8563),#19,.F.);
#9229=ADVANCED_FACE('',(#8564,#8565),#853,.F.);
#9230=ADVANCED_FACE('',(#8566,#8567),#20,.F.);
#9231=ADVANCED_FACE('',(#8568,#8569),#854,.F.);
#9232=ADVANCED_FACE('',(#8570,#8571),#21,.F.);
#9233=ADVANCED_FACE('',(#8572,#8573),#855,.F.);
#9234=ADVANCED_FACE('',(#8574,#8575),#22,.F.);
#9235=ADVANCED_FACE('',(#8576,#8577),#856,.F.);
#9236=ADVANCED_FACE('',(#8578,#8579),#23,.F.);
#9237=ADVANCED_FACE('',(#8580,#8581),#857,.F.);
#9238=ADVANCED_FACE('',(#8582,#8583),#24,.F.);
#9239=ADVANCED_FACE('',(#8584,#8585),#858,.F.);
#9240=ADVANCED_FACE('',(#8586),#8774,.T.);
#9241=ADVANCED_FACE('',(#8587),#8775,.T.);
#9242=ADVANCED_FACE('',(#8588),#859,.T.);
#9243=ADVANCED_FACE('',(#8589),#860,.T.);
#9244=ADVANCED_FACE('',(#8590),#8776,.T.);
#9245=ADVANCED_FACE('',(#8591),#861,.T.);
#9246=ADVANCED_FACE('',(#8592,#8593),#8777,.F.);
#9247=ADVANCED_FACE('',(#8594),#8778,.T.);
#9248=ADVANCED_FACE('',(#8595),#862,.T.);
#9249=ADVANCED_FACE('',(#8596),#8779,.F.);
#9250=ADVANCED_FACE('',(#8597),#8780,.F.);
#9251=ADVANCED_FACE('',(#8598),#8781,.F.);
#9252=ADVANCED_FACE('',(#8599),#8782,.F.);
#9253=ADVANCED_FACE('',(#8600,#8601),#8783,.F.);
#9254=ADVANCED_FACE('',(#8602),#12,.F.);
#9255=ADVANCED_FACE('',(#8603,#8604),#10,.F.);
#9256=ADVANCED_FACE('',(#8605,#8606),#863,.T.);
#9257=ADVANCED_FACE('',(#8607),#8784,.T.);
#9258=ADVANCED_FACE('',(#8608),#8785,.T.);
#9259=ADVANCED_FACE('',(#8609),#8786,.T.);
#9260=ADVANCED_FACE('',(#8610),#8787,.T.);
#9261=ADVANCED_FACE('',(#8611),#8788,.T.);
#9262=ADVANCED_FACE('',(#8612),#8789,.T.);
#9263=ADVANCED_FACE('',(#8613),#8790,.T.);
#9264=ADVANCED_FACE('',(#8614,#8615),#8791,.F.);
#9265=ADVANCED_FACE('',(#8616),#8792,.T.);
#9266=ADVANCED_FACE('',(#8617),#8793,.T.);
#9267=ADVANCED_FACE('',(#8618),#8794,.T.);
#9268=ADVANCED_FACE('',(#8619),#8795,.T.);
#9269=ADVANCED_FACE('',(#8620),#8796,.T.);
#9270=ADVANCED_FACE('',(#8621),#8797,.T.);
#9271=ADVANCED_FACE('',(#8622),#8798,.T.);
#9272=ADVANCED_FACE('',(#8623),#8799,.T.);
#9273=ADVANCED_FACE('',(#8624),#8800,.T.);
#9274=ADVANCED_FACE('',(#8625),#8801,.T.);
#9275=ADVANCED_FACE('',(#8626),#8802,.T.);
#9276=ADVANCED_FACE('',(#8627),#8803,.T.);
#9277=ADVANCED_FACE('',(#8628),#8804,.T.);
#9278=ADVANCED_FACE('',(#8629),#8805,.T.);
#9279=ADVANCED_FACE('',(#8630),#8806,.T.);
#9280=ADVANCED_FACE('',(#8631),#8807,.T.);
#9281=ADVANCED_FACE('',(#8632),#8808,.T.);
#9282=ADVANCED_FACE('',(#8633),#8809,.T.);
#9283=ADVANCED_FACE('',(#8634,#8635),#11,.F.);
#9284=CLOSED_SHELL('',(#8810,#8811,#8812,#8813,#8814,#8815,#8816,#8817,
#8818,#8819,#8820,#8821,#8822,#8823,#8824,#8825,#8826,#8827,#8828,#8829,
#8830,#8831,#8832,#8833,#8834,#8835,#8836,#8837,#8838,#8839,#8840,#8841,
#8842,#8843,#8844,#8845,#8846,#8847,#8848,#8849,#8850,#8851,#8852,#8853,
#8854,#8855,#8856,#8857,#8858,#8859,#8860,#8861,#8862,#8863,#8864,#8865,
#8866,#8867,#8868,#8869,#8870,#8871,#8872,#8873,#8874,#8875,#8876,#8877,
#8878,#8879,#8880,#8881,#8882,#8883,#8884,#8885,#8886,#8887,#8888,#8889,
#8890,#8891,#8892,#8893,#8894,#8895,#8896,#8897,#8898,#8899,#8900,#8901,
#8902,#8903,#8904,#8905,#8906,#8907,#8908,#8909,#8910,#8911,#8912,#8913,
#8914,#8915,#8916,#8917,#8918,#8919,#8920,#8921,#8922,#8923,#8924,#8925,
#8926,#8927,#8928,#8929,#8930,#8931,#8932,#8933,#8934,#8935,#8936,#8937,
#8938,#8939,#8940,#8941,#8942,#8943,#8944,#8945));
#9285=CLOSED_SHELL('',(#8946,#8947,#8948,#8949,#8950,#8951,#8952,#8953,
#8954,#8955,#8956,#8957,#8958,#8959,#8960,#8961,#8962,#8963,#8964,#8965,
#8966,#8967,#8968,#8969,#8970,#8971,#8972,#8973,#8974,#8975,#8976,#8977,
#8978,#8979,#8980,#8981,#8982,#8983,#8984,#8985,#8986,#8987,#8988,#8989,
#8990,#8991,#8992,#8993,#8994,#8995,#8996,#8997,#8998,#8999,#9000,#9001,
#9002,#9003,#9004,#9005,#9006,#9007,#9008,#9009,#9010,#9011,#9012,#9013,
#9014,#9015,#9016,#9017,#9018,#9019,#9020,#9021,#9022,#9023,#9024,#9025,
#9026,#9027,#9028,#9029,#9030,#9031,#9032,#9033,#9034,#9035,#9036,#9037,
#9038,#9039,#9040,#9041,#9042,#9043,#9044,#9045,#9046,#9047,#9048,#9049,
#9050,#9051,#9052,#9053,#9054,#9055,#9056,#9057,#9058,#9059,#9060,#9061,
#9062,#9063,#9064,#9065,#9066,#9067,#9068,#9069,#9070,#9071,#9072,#9073,
#9074,#9075,#9076,#9077,#9078,#9079,#9080,#9081,#9082,#9083,#9084,#9085,
#9086,#9087,#9088,#9089,#9090,#9091,#9092,#9093,#9094,#9095,#9096,#9097,
#9098,#9099,#9100,#9101,#9102,#9103,#9104,#9105,#9106,#9107,#9108,#9109,
#9110));
#9286=CLOSED_SHELL('',(#9111,#9112,#9113,#9114,#9115,#9116,#9117,#9118));
#9287=CLOSED_SHELL('',(#9119,#9120,#9121,#9122,#9123,#9124,#9125,#9126,
#9127,#9128,#9129,#9130,#9131,#9132,#9133,#9134,#9135,#9136,#9137,#9138,
#9139,#9140,#9141,#9142,#9143,#9144,#9145));
#9288=CLOSED_SHELL('',(#9146,#9147,#9148,#9149,#9150,#9151,#9152,#9153,
#9154));
#9289=CLOSED_SHELL('',(#9155,#9156,#9157,#9158,#9159,#9160,#9161));
#9290=CLOSED_SHELL('',(#9162,#9163,#9164,#9165,#9166,#9167,#9168,#9169,
#9170,#9171,#9172,#9173,#9174,#9175,#9176,#9177,#9178,#9179,#9180,#9181,
#9182,#9183,#9184,#9185,#9186,#9187,#9188,#9189,#9190,#9191,#9192,#9193,
#9194));
#9291=CLOSED_SHELL('',(#9195,#9196,#9197,#9198,#9199,#9200,#9201,#9202,
#9203,#9204,#9205,#9206,#9207,#9208,#9209,#9210,#9211,#9212,#9213,#9214,
#9215,#9216,#9217,#9218,#9219,#9220,#9221,#9222,#9223,#9224,#9225,#9226,
#9227,#9228,#9229,#9230,#9231,#9232,#9233,#9234,#9235,#9236,#9237,#9238,
#9239));
#9292=CLOSED_SHELL('',(#9240,#9241,#9242,#9243,#9244,#9245,#9246,#9247,
#9248,#9249,#9250,#9251,#9252,#9253,#9254,#9255,#9256,#9257,#9258,#9259,
#9260,#9261,#9262,#9263,#9264,#9265,#9266,#9267,#9268,#9269,#9270,#9271,
#9272,#9273,#9274,#9275,#9276,#9277,#9278,#9279,#9280,#9281,#9282,#9283));
#9293=STYLED_ITEM('',(#9302),#9382);
#9294=STYLED_ITEM('',(#9303),#9383);
#9295=STYLED_ITEM('',(#9304),#9384);
#9296=STYLED_ITEM('',(#9305),#9385);
#9297=STYLED_ITEM('',(#9306),#9386);
#9298=STYLED_ITEM('',(#9310),#9387);
#9299=STYLED_ITEM('',(#9311),#9388);
#9300=STYLED_ITEM('',(#9312),#9389);
#9301=STYLED_ITEM('',(#9313),#9390);
#9302=PRESENTATION_STYLE_ASSIGNMENT((#9314));
#9303=PRESENTATION_STYLE_ASSIGNMENT((#9315));
#9304=PRESENTATION_STYLE_ASSIGNMENT((#9316));
#9305=PRESENTATION_STYLE_ASSIGNMENT((#9317));
#9306=PRESENTATION_STYLE_ASSIGNMENT((#9318));
#9307=PRESENTATION_STYLE_ASSIGNMENT((#9319));
#9308=PRESENTATION_STYLE_ASSIGNMENT((#9320));
#9309=PRESENTATION_STYLE_ASSIGNMENT((#9321));
#9310=PRESENTATION_STYLE_ASSIGNMENT((#9322));
#9311=PRESENTATION_STYLE_ASSIGNMENT((#9323));
#9312=PRESENTATION_STYLE_ASSIGNMENT((#9324));
#9313=PRESENTATION_STYLE_ASSIGNMENT((#9325));
#9314=SURFACE_STYLE_USAGE(.BOTH.,#9326);
#9315=SURFACE_STYLE_USAGE(.BOTH.,#9327);
#9316=SURFACE_STYLE_USAGE(.BOTH.,#9328);
#9317=SURFACE_STYLE_USAGE(.BOTH.,#9329);
#9318=SURFACE_STYLE_USAGE(.BOTH.,#9330);
#9319=SURFACE_STYLE_USAGE(.BOTH.,#9331);
#9320=SURFACE_STYLE_USAGE(.BOTH.,#9332);
#9321=SURFACE_STYLE_USAGE(.BOTH.,#9333);
#9322=SURFACE_STYLE_USAGE(.BOTH.,#9334);
#9323=SURFACE_STYLE_USAGE(.BOTH.,#9335);
#9324=SURFACE_STYLE_USAGE(.BOTH.,#9336);
#9325=SURFACE_STYLE_USAGE(.BOTH.,#9337);
#9326=SURFACE_SIDE_STYLE('',(#9338));
#9327=SURFACE_SIDE_STYLE('',(#9339));
#9328=SURFACE_SIDE_STYLE('',(#9340));
#9329=SURFACE_SIDE_STYLE('',(#9341));
#9330=SURFACE_SIDE_STYLE('',(#9342));
#9331=SURFACE_SIDE_STYLE('',(#9343));
#9332=SURFACE_SIDE_STYLE('',(#9344));
#9333=SURFACE_SIDE_STYLE('',(#9345));
#9334=SURFACE_SIDE_STYLE('',(#9346));
#9335=SURFACE_SIDE_STYLE('',(#9347));
#9336=SURFACE_SIDE_STYLE('',(#9348));
#9337=SURFACE_SIDE_STYLE('',(#9349));
#9338=SURFACE_STYLE_FILL_AREA(#9350);
#9339=SURFACE_STYLE_FILL_AREA(#9351);
#9340=SURFACE_STYLE_FILL_AREA(#9352);
#9341=SURFACE_STYLE_FILL_AREA(#9353);
#9342=SURFACE_STYLE_FILL_AREA(#9354);
#9343=SURFACE_STYLE_FILL_AREA(#9355);
#9344=SURFACE_STYLE_FILL_AREA(#9356);
#9345=SURFACE_STYLE_FILL_AREA(#9357);
#9346=SURFACE_STYLE_FILL_AREA(#9358);
#9347=SURFACE_STYLE_FILL_AREA(#9359);
#9348=SURFACE_STYLE_FILL_AREA(#9360);
#9349=SURFACE_STYLE_FILL_AREA(#9361);
#9350=FILL_AREA_STYLE('',(#9362));
#9351=FILL_AREA_STYLE('',(#9363));
#9352=FILL_AREA_STYLE('',(#9364));
#9353=FILL_AREA_STYLE('',(#9365));
#9354=FILL_AREA_STYLE('',(#9366));
#9355=FILL_AREA_STYLE('',(#9367));
#9356=FILL_AREA_STYLE('',(#9368));
#9357=FILL_AREA_STYLE('',(#9369));
#9358=FILL_AREA_STYLE('',(#9370));
#9359=FILL_AREA_STYLE('',(#9371));
#9360=FILL_AREA_STYLE('',(#9372));
#9361=FILL_AREA_STYLE('',(#9373));
#9362=FILL_AREA_STYLE_COLOUR('',#9374);
#9363=FILL_AREA_STYLE_COLOUR('',#9375);
#9364=FILL_AREA_STYLE_COLOUR('',#59);
#9365=FILL_AREA_STYLE_COLOUR('',#59);
#9366=FILL_AREA_STYLE_COLOUR('',#9376);
#9367=FILL_AREA_STYLE_COLOUR('',#9377);
#9368=FILL_AREA_STYLE_COLOUR('',#9377);
#9369=FILL_AREA_STYLE_COLOUR('',#9377);
#9370=FILL_AREA_STYLE_COLOUR('',#9378);
#9371=FILL_AREA_STYLE_COLOUR('',#9379);
#9372=FILL_AREA_STYLE_COLOUR('',#9380);
#9373=FILL_AREA_STYLE_COLOUR('',#9381);
#9374=COLOUR_RGB('',0.313725490196078,0.486274509803922,0.411764705882353);
#9375=COLOUR_RGB('',0.647058823529412,0.647058823529412,0.647058823529412);
#9376=COLOUR_RGB('',0.,0.631372549019608,0.749019607843137);
#9377=COLOUR_RGB('',0.698039215686275,0.101960784313725,0.0509803921568627);
#9378=COLOUR_RGB('',0.823529411764706,0.819607843137255,0.780392156862745);
#9379=COLOUR_RGB('',0.615686274509804,0.811764705882353,0.929411764705882);
#9380=COLOUR_RGB('',0.231372549019608,0.380392156862745,0.705882352941177);
#9381=COLOUR_RGB('',0.964705882352941,0.964705882352941,0.952941176470588);
#9382=MANIFOLD_SOLID_BREP('Duskpad_PCB',#9284);
#9383=MANIFOLD_SOLID_BREP('Part 2',#9285);
#9384=MANIFOLD_SOLID_BREP('\X2\05AB00BD011F\X0\__\X2\012C024F\X0\__\X\A8
\X\A8_',#9286);
#9385=MANIFOLD_SOLID_BREP('\X2\05AB00BD011F\X0\__\X2\012C024F\X0\__\X\A8
\X\A8_',#9287);
#9386=MANIFOLD_SOLID_BREP('D_DO-35_SOD27_P7.62mm_Horizontal',#9288);
#9387=MANIFOLD_SOLID_BREP('D_DO-35_SOD27_P7.62mm_Horizontal',#9289);
#9388=MANIFOLD_SOLID_BREP('Part 1',#9290);
#9389=MANIFOLD_SOLID_BREP('Part 3',#9291);
#9390=MANIFOLD_SOLID_BREP('DSA 1u v2',#9292);
#9391=SHAPE_DEFINITION_REPRESENTATION(#16956,#9450);
#9392=SHAPE_DEFINITION_REPRESENTATION(#16957,#9451);
#9393=SHAPE_DEFINITION_REPRESENTATION(#16959,#9452);
#9394=SHAPE_DEFINITION_REPRESENTATION(#16961,#9453);
#9395=SHAPE_DEFINITION_REPRESENTATION(#16962,#9454);
#9396=SHAPE_DEFINITION_REPRESENTATION(#16963,#9455);
#9397=SHAPE_DEFINITION_REPRESENTATION(#16965,#9456);
#9398=SHAPE_DEFINITION_REPRESENTATION(#16969,#9457);
#9399=SHAPE_DEFINITION_REPRESENTATION(#16970,#9458);
#9400=SHAPE_DEFINITION_REPRESENTATION(#16972,#9459);
#9401=SHAPE_DEFINITION_REPRESENTATION(#16975,#9460);
#9402=SHAPE_DEFINITION_REPRESENTATION(#16977,#9461);
#9403=SHAPE_DEFINITION_REPRESENTATION(#16978,#9462);
#9404=SHAPE_DEFINITION_REPRESENTATION(#16983,#9463);
#9405=SHAPE_DEFINITION_REPRESENTATION(#16984,#9464);
#9406=SHAPE_DEFINITION_REPRESENTATION(#16989,#9465);
#9407=SHAPE_DEFINITION_REPRESENTATION(#16990,#9466);
#9408=SHAPE_DEFINITION_REPRESENTATION(#16995,#9467);
#9409=SHAPE_DEFINITION_REPRESENTATION(#16996,#9468);
#9410=SHAPE_DEFINITION_REPRESENTATION(#17001,#9469);
#9411=SHAPE_DEFINITION_REPRESENTATION(#17002,#9470);
#9412=SHAPE_DEFINITION_REPRESENTATION(#17007,#9471);
#9413=SHAPE_DEFINITION_REPRESENTATION(#17011,#9472);
#9414=SHAPE_DEFINITION_REPRESENTATION(#17012,#9473);
#9415=SHAPE_DEFINITION_REPRESENTATION(#17017,#9474);
#9416=SHAPE_DEFINITION_REPRESENTATION(#17019,#9475);
#9417=SHAPE_DEFINITION_REPRESENTATION(#17023,#9476);
#9418=SHAPE_DEFINITION_REPRESENTATION(#17027,#9477);
#9419=SHAPE_DEFINITION_REPRESENTATION(#17028,#9478);
#9420=SHAPE_DEFINITION_REPRESENTATION(#17033,#9479);
#9421=SHAPE_DEFINITION_REPRESENTATION(#17037,#9480);
#9422=SHAPE_DEFINITION_REPRESENTATION(#17038,#9481);
#9423=SHAPE_DEFINITION_REPRESENTATION(#17043,#9482);
#9424=SHAPE_DEFINITION_REPRESENTATION(#17047,#9483);
#9425=SHAPE_DEFINITION_REPRESENTATION(#17048,#9484);
#9426=SHAPE_DEFINITION_REPRESENTATION(#17051,#9485);
#9427=SHAPE_DEFINITION_REPRESENTATION(#17055,#9486);
#9428=SHAPE_DEFINITION_REPRESENTATION(#17056,#9487);
#9429=SHAPE_DEFINITION_REPRESENTATION(#17061,#9488);
#9430=SHAPE_DEFINITION_REPRESENTATION(#17062,#9489);
#9431=SHAPE_DEFINITION_REPRESENTATION(#17067,#9490);
#9432=SHAPE_DEFINITION_REPRESENTATION(#17071,#9491);
#9433=SHAPE_DEFINITION_REPRESENTATION(#17075,#9492);
#9434=SHAPE_DEFINITION_REPRESENTATION(#17079,#9493);
#9435=SHAPE_DEFINITION_REPRESENTATION(#17080,#9494);
#9436=SHAPE_DEFINITION_REPRESENTATION(#17085,#9495);
#9437=SHAPE_DEFINITION_REPRESENTATION(#17089,#9496);
#9438=SHAPE_DEFINITION_REPRESENTATION(#17090,#9497);
#9439=SHAPE_DEFINITION_REPRESENTATION(#17095,#9498);
#9440=SHAPE_DEFINITION_REPRESENTATION(#17096,#9499);
#9441=SHAPE_DEFINITION_REPRESENTATION(#17101,#9500);
#9442=SHAPE_DEFINITION_REPRESENTATION(#17105,#9501);
#9443=SHAPE_DEFINITION_REPRESENTATION(#17109,#9502);
#9444=SHAPE_DEFINITION_REPRESENTATION(#17110,#9503);
#9445=SHAPE_DEFINITION_REPRESENTATION(#17115,#9504);
#9446=SHAPE_DEFINITION_REPRESENTATION(#17116,#9505);
#9447=SHAPE_DEFINITION_REPRESENTATION(#17121,#9506);
#9448=SHAPE_DEFINITION_REPRESENTATION(#17125,#9507);
#9449=SHAPE_DEFINITION_REPRESENTATION(#17129,#9508);
#9450=SHAPE_REPRESENTATION('Duskpad_pcb 1',(#9509,#9906,#10241,#10298,#10331,
#10397,#10401,#10405,#10409,#10413,#10417,#10420,#10424,#10508,#10511,#10514,
#10518,#10521,#10525,#10528,#10578,#10581,#10585,#10589,#10592,#10595,#10598,
#10602,#10605,#10609,#10613,#10616,#10619,#10623,#10627,#10630,#10633,#10636),
#16835);
#9451=SHAPE_REPRESENTATION('Duskpad_PCB',(#9509),#16836);
#9452=SHAPE_REPRESENTATION('Part 2',(#9509),#16837);
#9453=SHAPE_REPRESENTATION('MX (13) <1>',(#9509,#10297),#16838);
#9454=SHAPE_REPRESENTATION('MX \X\B0\X\B4\X\BC\X\FC_\X\A8\X\B9_\X\A1\X\A7
1 (13) <1>',(#9509,#10254,#10296),#16839);
#9455=SHAPE_REPRESENTATION('\X2\05AB00BD011F\X0\__\X2\012C024F\X0\__\X\A8
\X\A8_',(#9509),#16840);
#9456=SHAPE_REPRESENTATION('\X2\05AB00BD011F\X0\__\X2\012C024F\X0\__\X\A8
\X\A8_',(#9509),#16841);
#9457=SHAPE_REPRESENTATION('D_DO-35_SOD27_P7.62mm_Horizontal (7) <1>',(#9509,
#10316,#10330),#16842);
#9458=SHAPE_REPRESENTATION('D_DO-35_SOD27_P7.62mm_Horizontal',(#9509),#16843);
#9459=SHAPE_REPRESENTATION('D_DO-35_SOD27_P7.62mm_Horizontal',(#9509),#16844);
#9460=SHAPE_REPRESENTATION('Part 1',(#9509),#16845);
#9461=SHAPE_REPRESENTATION('MX (2) <1>',(#9509,#10400),#16846);
#9462=SHAPE_REPRESENTATION('MX \X\B0\X\B4\X\BC\X\FC_\X\A8\X\B9_\X\A1\X\A7
1 (2) <1>',(#9509,#10398,#10399),#16847);
#9463=SHAPE_REPRESENTATION('MX (5) <1>',(#9509,#10404),#16848);
#9464=SHAPE_REPRESENTATION('MX \X\B0\X\B4\X\BC\X\FC_\X\A8\X\B9_\X\A1\X\A7
1 (5) <1>',(#9509,#10402,#10403),#16849);
#9465=SHAPE_REPRESENTATION('MX (11) <1>',(#9509,#10408),#16850);
#9466=SHAPE_REPRESENTATION('MX \X\B0\X\B4\X\BC\X\FC_\X\A8\X\B9_\X\A1\X\A7
1 (11) <1>',(#9509,#10406,#10407),#16851);
#9467=SHAPE_REPRESENTATION('MX (12) <1>',(#9509,#10412),#16852);
#9468=SHAPE_REPRESENTATION('MX \X\B0\X\B4\X\BC\X\FC_\X\A8\X\B9_\X\A1\X\A7
1 (12) <1>',(#9509,#10410,#10411),#16853);
#9469=SHAPE_REPRESENTATION('MX (8) <1>',(#9509,#10416),#16854);
#9470=SHAPE_REPRESENTATION('MX \X\B0\X\B4\X\BC\X\FC_\X\A8\X\B9_\X\A1\X\A7
1 (8) <1>',(#9509,#10414,#10415),#16855);
#9471=SHAPE_REPRESENTATION('D_DO-35_SOD27_P7.62mm_Horizontal (15) <1>',
(#9509,#10418,#10419),#16856);
#9472=SHAPE_REPRESENTATION('MX (3) <1>',(#9509,#10423),#16857);
#9473=SHAPE_REPRESENTATION('MX \X\B0\X\B4\X\BC\X\FC_\X\A8\X\B9_\X\A1\X\A7
1 (3) <1>',(#9509,#10421,#10422),#16858);
#9474=SHAPE_REPRESENTATION('Part 3',(#9509),#16859);
#9475=SHAPE_REPRESENTATION('D_DO-35_SOD27_P7.62mm_Horizontal (1) <1>',(#9509,
#10509,#10510),#16860);
#9476=SHAPE_REPRESENTATION('D_DO-35_SOD27_P7.62mm_Horizontal (12) <1>',
(#9509,#10512,#10513),#16861);
#9477=SHAPE_REPRESENTATION('MX (10) <1>',(#9509,#10517),#16862);
#9478=SHAPE_REPRESENTATION('MX \X\B0\X\B4\X\BC\X\FC_\X\A8\X\B9_\X\A1\X\A7
1 (10) <1>',(#9509,#10515,#10516),#16863);
#9479=SHAPE_REPRESENTATION('D_DO-35_SOD27_P7.62mm_Horizontal (8) <1>',(#9509,
#10519,#10520),#16864);
#9480=SHAPE_REPRESENTATION('MX (9) <1>',(#9509,#10524),#16865);
#9481=SHAPE_REPRESENTATION('MX \X\B0\X\B4\X\BC\X\FC_\X\A8\X\B9_\X\A1\X\A7
1 (9) <1>',(#9509,#10522,#10523),#16866);
#9482=SHAPE_REPRESENTATION('D_DO-35_SOD27_P7.62mm_Horizontal (10) <1>',
(#9509,#10526,#10527),#16867);
#9483=SHAPE_REPRESENTATION('DSA 1u v2 <2>',(#9509,#10577),#16868);
#9484=SHAPE_REPRESENTATION('DSA 1u v2',(#9509),#16869);
#9485=SHAPE_REPRESENTATION('D_DO-35_SOD27_P7.62mm_Horizontal (11) <1>',
(#9509,#10579,#10580),#16870);
#9486=SHAPE_REPRESENTATION('MX (4) <1>',(#9509,#10584),#16871);
#9487=SHAPE_REPRESENTATION('MX \X\B0\X\B4\X\BC\X\FC_\X\A8\X\B9_\X\A1\X\A7
1 (4) <1>',(#9509,#10582,#10583),#16872);
#9488=SHAPE_REPRESENTATION('MX <1>',(#9509,#10588),#16873);
#9489=SHAPE_REPRESENTATION('MX \X\B0\X\B4\X\BC\X\FC_\X\A8\X\B9_\X\A1\X\A7
1 <1>',(#9509,#10586,#10587),#16874);
#9490=SHAPE_REPRESENTATION('D_DO-35_SOD27_P7.62mm_Horizontal (5) <1>',(#9509,
#10590,#10591),#16875);
#9491=SHAPE_REPRESENTATION('D_DO-35_SOD27_P7.62mm_Horizontal (4) <1>',(#9509,
#10593,#10594),#16876);
#9492=SHAPE_REPRESENTATION('D_DO-35_SOD27_P7.62mm_Horizontal (6) <1>',(#9509,
#10596,#10597),#16877);
#9493=SHAPE_REPRESENTATION('MX (14) <1>',(#9509,#10601),#16878);
#9494=SHAPE_REPRESENTATION('MX \X\B0\X\B4\X\BC\X\FC_\X\A8\X\B9_\X\A1\X\A7
1 (14) <1>',(#9509,#10599,#10600),#16879);
#9495=SHAPE_REPRESENTATION('D_DO-35_SOD27_P7.62mm_Horizontal (9) <1>',(#9509,
#10603,#10604),#16880);
#9496=SHAPE_REPRESENTATION('MX (1) <1>',(#9509,#10608),#16881);
#9497=SHAPE_REPRESENTATION('MX \X\B0\X\B4\X\BC\X\FC_\X\A8\X\B9_\X\A1\X\A7
1 (1) <1>',(#9509,#10606,#10607),#16882);
#9498=SHAPE_REPRESENTATION('MX (7) <1>',(#9509,#10612),#16883);
#9499=SHAPE_REPRESENTATION('MX \X\B0\X\B4\X\BC\X\FC_\X\A8\X\B9_\X\A1\X\A7
1 (7) <1>',(#9509,#10610,#10611),#16884);
#9500=SHAPE_REPRESENTATION('D_DO-35_SOD27_P7.62mm_Horizontal (13) <1>',
(#9509,#10614,#10615),#16885);
#9501=SHAPE_REPRESENTATION('D_DO-35_SOD27_P7.62mm_Horizontal (2) <1>',(#9509,
#10617,#10618),#16886);
#9502=SHAPE_REPRESENTATION('MX (15) <1>',(#9509,#10622),#16887);
#9503=SHAPE_REPRESENTATION('MX \X\B0\X\B4\X\BC\X\FC_\X\A8\X\B9_\X\A1\X\A7
1 (15) <1>',(#9509,#10620,#10621),#16888);
#9504=SHAPE_REPRESENTATION('MX (6) <1>',(#9509,#10626),#16889);
#9505=SHAPE_REPRESENTATION('MX \X\B0\X\B4\X\BC\X\FC_\X\A8\X\B9_\X\A1\X\A7
1 (6) <1>',(#9509,#10624,#10625),#16890);
#9506=SHAPE_REPRESENTATION('D_DO-35_SOD27_P7.62mm_Horizontal (14) <1>',
(#9509,#10628,#10629),#16891);
#9507=SHAPE_REPRESENTATION('D_DO-35_SOD27_P7.62mm_Horizontal <1>',(#9509,
#10631,#10632),#16892);
#9508=SHAPE_REPRESENTATION('D_DO-35_SOD27_P7.62mm_Horizontal (3) <1>',(#9509,
#10634,#10635),#16893);
#9509=AXIS2_PLACEMENT_3D('',#13431,#10637,#10638);
#9510=AXIS2_PLACEMENT_3D('',#13432,#10639,#10640);
#9511=AXIS2_PLACEMENT_3D('',#13441,#10645,#10646);
#9512=AXIS2_PLACEMENT_3D('',#13447,#10650,#10651);
#9513=AXIS2_PLACEMENT_3D('',#13453,#10655,#10656);
#9514=AXIS2_PLACEMENT_3D('',#13455,#10658,#10659);
#9515=AXIS2_PLACEMENT_3D('',#13457,#10660,#10661);
#9516=AXIS2_PLACEMENT_3D('',#13459,#10662,#10663);
#9517=AXIS2_PLACEMENT_3D('',#13461,#10664,#10665);
#9518=AXIS2_PLACEMENT_3D('',#13463,#10666,#10667);
#9519=AXIS2_PLACEMENT_3D('',#13465,#10668,#10669);
#9520=AXIS2_PLACEMENT_3D('',#13467,#10670,#10671);
#9521=AXIS2_PLACEMENT_3D('',#13469,#10672,#10673);
#9522=AXIS2_PLACEMENT_3D('',#13471,#10674,#10675);
#9523=AXIS2_PLACEMENT_3D('',#13473,#10676,#10677);
#9524=AXIS2_PLACEMENT_3D('',#13475,#10678,#10679);
#9525=AXIS2_PLACEMENT_3D('',#13477,#10680,#10681);
#9526=AXIS2_PLACEMENT_3D('',#13479,#10682,#10683);
#9527=AXIS2_PLACEMENT_3D('',#13481,#10684,#10685);
#9528=AXIS2_PLACEMENT_3D('',#13483,#10686,#10687);
#9529=AXIS2_PLACEMENT_3D('',#13485,#10688,#10689);
#9530=AXIS2_PLACEMENT_3D('',#13487,#10690,#10691);
#9531=AXIS2_PLACEMENT_3D('',#13489,#10692,#10693);
#9532=AXIS2_PLACEMENT_3D('',#13491,#10694,#10695);
#9533=AXIS2_PLACEMENT_3D('',#13493,#10696,#10697);
#9534=AXIS2_PLACEMENT_3D('',#13495,#10698,#10699);
#9535=AXIS2_PLACEMENT_3D('',#13497,#10700,#10701);
#9536=AXIS2_PLACEMENT_3D('',#13499,#10702,#10703);
#9537=AXIS2_PLACEMENT_3D('',#13501,#10704,#10705);
#9538=AXIS2_PLACEMENT_3D('',#13503,#10706,#10707);
#9539=AXIS2_PLACEMENT_3D('',#13505,#10708,#10709);
#9540=AXIS2_PLACEMENT_3D('',#13507,#10710,#10711);
#9541=AXIS2_PLACEMENT_3D('',#13509,#10712,#10713);
#9542=AXIS2_PLACEMENT_3D('',#13511,#10714,#10715);
#9543=AXIS2_PLACEMENT_3D('',#13513,#10716,#10717);
#9544=AXIS2_PLACEMENT_3D('',#13515,#10718,#10719);
#9545=AXIS2_PLACEMENT_3D('',#13517,#10720,#10721);
#9546=AXIS2_PLACEMENT_3D('',#13519,#10722,#10723);
#9547=AXIS2_PLACEMENT_3D('',#13521,#10724,#10725);
#9548=AXIS2_PLACEMENT_3D('',#13523,#10726,#10727);
#9549=AXIS2_PLACEMENT_3D('',#13525,#10728,#10729);
#9550=AXIS2_PLACEMENT_3D('',#13527,#10730,#10731);
#9551=AXIS2_PLACEMENT_3D('',#13529,#10732,#10733);
#9552=AXIS2_PLACEMENT_3D('',#13531,#10734,#10735);
#9553=AXIS2_PLACEMENT_3D('',#13533,#10736,#10737);
#9554=AXIS2_PLACEMENT_3D('',#13535,#10738,#10739);
#9555=AXIS2_PLACEMENT_3D('',#13537,#10740,#10741);
#9556=AXIS2_PLACEMENT_3D('',#13539,#10742,#10743);
#9557=AXIS2_PLACEMENT_3D('',#13541,#10744,#10745);
#9558=AXIS2_PLACEMENT_3D('',#13543,#10746,#10747);
#9559=AXIS2_PLACEMENT_3D('',#13545,#10748,#10749);
#9560=AXIS2_PLACEMENT_3D('',#13547,#10750,#10751);
#9561=AXIS2_PLACEMENT_3D('',#13549,#10752,#10753);
#9562=AXIS2_PLACEMENT_3D('',#13551,#10754,#10755);
#9563=AXIS2_PLACEMENT_3D('',#13553,#10756,#10757);
#9564=AXIS2_PLACEMENT_3D('',#13555,#10758,#10759);
#9565=AXIS2_PLACEMENT_3D('',#13557,#10760,#10761);
#9566=AXIS2_PLACEMENT_3D('',#13559,#10762,#10763);
#9567=AXIS2_PLACEMENT_3D('',#13561,#10764,#10765);
#9568=AXIS2_PLACEMENT_3D('',#13563,#10766,#10767);
#9569=AXIS2_PLACEMENT_3D('',#13565,#10768,#10769);
#9570=AXIS2_PLACEMENT_3D('',#13567,#10770,#10771);
#9571=AXIS2_PLACEMENT_3D('',#13569,#10772,#10773);
#9572=AXIS2_PLACEMENT_3D('',#13571,#10774,#10775);
#9573=AXIS2_PLACEMENT_3D('',#13573,#10776,#10777);
#9574=AXIS2_PLACEMENT_3D('',#13575,#10778,#10779);
#9575=AXIS2_PLACEMENT_3D('',#13577,#10780,#10781);
#9576=AXIS2_PLACEMENT_3D('',#13579,#10782,#10783);
#9577=AXIS2_PLACEMENT_3D('',#13581,#10784,#10785);
#9578=AXIS2_PLACEMENT_3D('',#13583,#10786,#10787);
#9579=AXIS2_PLACEMENT_3D('',#13585,#10788,#10789);
#9580=AXIS2_PLACEMENT_3D('',#13587,#10790,#10791);
#9581=AXIS2_PLACEMENT_3D('',#13589,#10792,#10793);
#9582=AXIS2_PLACEMENT_3D('',#13591,#10794,#10795);
#9583=AXIS2_PLACEMENT_3D('',#13593,#10796,#10797);
#9584=AXIS2_PLACEMENT_3D('',#13595,#10798,#10799);
#9585=AXIS2_PLACEMENT_3D('',#13597,#10800,#10801);
#9586=AXIS2_PLACEMENT_3D('',#13599,#10802,#10803);
#9587=AXIS2_PLACEMENT_3D('',#13601,#10804,#10805);
#9588=AXIS2_PLACEMENT_3D('',#13603,#10806,#10807);
#9589=AXIS2_PLACEMENT_3D('',#13605,#10808,#10809);
#9590=AXIS2_PLACEMENT_3D('',#13607,#10810,#10811);
#9591=AXIS2_PLACEMENT_3D('',#13609,#10812,#10813);
#9592=AXIS2_PLACEMENT_3D('',#13611,#10814,#10815);
#9593=AXIS2_PLACEMENT_3D('',#13613,#10816,#10817);
#9594=AXIS2_PLACEMENT_3D('',#13615,#10818,#10819);
#9595=AXIS2_PLACEMENT_3D('',#13617,#10820,#10821);
#9596=AXIS2_PLACEMENT_3D('',#13619,#10822,#10823);
#9597=AXIS2_PLACEMENT_3D('',#13621,#10824,#10825);
#9598=AXIS2_PLACEMENT_3D('',#13623,#10826,#10827);
#9599=AXIS2_PLACEMENT_3D('',#13625,#10828,#10829);
#9600=AXIS2_PLACEMENT_3D('',#13627,#10830,#10831);
#9601=AXIS2_PLACEMENT_3D('',#13629,#10832,#10833);
#9602=AXIS2_PLACEMENT_3D('',#13631,#10834,#10835);
#9603=AXIS2_PLACEMENT_3D('',#13633,#10836,#10837);
#9604=AXIS2_PLACEMENT_3D('',#13635,#10838,#10839);
#9605=AXIS2_PLACEMENT_3D('',#13637,#10840,#10841);
#9606=AXIS2_PLACEMENT_3D('',#13639,#10842,#10843);
#9607=AXIS2_PLACEMENT_3D('',#13641,#10844,#10845);
#9608=AXIS2_PLACEMENT_3D('',#13643,#10846,#10847);
#9609=AXIS2_PLACEMENT_3D('',#13645,#10848,#10849);
#9610=AXIS2_PLACEMENT_3D('',#13647,#10850,#10851);
#9611=AXIS2_PLACEMENT_3D('',#13649,#10852,#10853);
#9612=AXIS2_PLACEMENT_3D('',#13651,#10854,#10855);
#9613=AXIS2_PLACEMENT_3D('',#13653,#10856,#10857);
#9614=AXIS2_PLACEMENT_3D('',#13655,#10858,#10859);
#9615=AXIS2_PLACEMENT_3D('',#13657,#10860,#10861);
#9616=AXIS2_PLACEMENT_3D('',#13659,#10862,#10863);
#9617=AXIS2_PLACEMENT_3D('',#13661,#10864,#10865);
#9618=AXIS2_PLACEMENT_3D('',#13663,#10866,#10867);
#9619=AXIS2_PLACEMENT_3D('',#13665,#10868,#10869);
#9620=AXIS2_PLACEMENT_3D('',#13667,#10870,#10871);
#9621=AXIS2_PLACEMENT_3D('',#13669,#10872,#10873);
#9622=AXIS2_PLACEMENT_3D('',#13671,#10874,#10875);
#9623=AXIS2_PLACEMENT_3D('',#13673,#10876,#10877);
#9624=AXIS2_PLACEMENT_3D('',#13675,#10878,#10879);
#9625=AXIS2_PLACEMENT_3D('',#13677,#10880,#10881);
#9626=AXIS2_PLACEMENT_3D('',#13679,#10882,#10883);
#9627=AXIS2_PLACEMENT_3D('',#13681,#10884,#10885);
#9628=AXIS2_PLACEMENT_3D('',#13683,#10886,#10887);
#9629=AXIS2_PLACEMENT_3D('',#13685,#10888,#10889);
#9630=AXIS2_PLACEMENT_3D('',#13687,#10890,#10891);
#9631=AXIS2_PLACEMENT_3D('',#13689,#10892,#10893);
#9632=AXIS2_PLACEMENT_3D('',#13691,#10894,#10895);
#9633=AXIS2_PLACEMENT_3D('',#13693,#10896,#10897);
#9634=AXIS2_PLACEMENT_3D('',#13695,#10898,#10899);
#9635=AXIS2_PLACEMENT_3D('',#13697,#10900,#10901);
#9636=AXIS2_PLACEMENT_3D('',#13699,#10902,#10903);
#9637=AXIS2_PLACEMENT_3D('',#13701,#10904,#10905);
#9638=AXIS2_PLACEMENT_3D('',#13703,#10906,#10907);
#9639=AXIS2_PLACEMENT_3D('',#13705,#10908,#10909);
#9640=AXIS2_PLACEMENT_3D('',#13707,#10910,#10911);
#9641=AXIS2_PLACEMENT_3D('',#13709,#10912,#10913);
#9642=AXIS2_PLACEMENT_3D('',#13711,#10914,#10915);
#9643=AXIS2_PLACEMENT_3D('',#13713,#10916,#10917);
#9644=AXIS2_PLACEMENT_3D('',#13715,#10918,#10919);
#9645=AXIS2_PLACEMENT_3D('',#13717,#10921,#10922);
#9646=AXIS2_PLACEMENT_3D('',#13719,#10923,#10924);
#9647=AXIS2_PLACEMENT_3D('',#13721,#10925,#10926);
#9648=AXIS2_PLACEMENT_3D('',#13723,#10927,#10928);
#9649=AXIS2_PLACEMENT_3D('',#13725,#10929,#10930);
#9650=AXIS2_PLACEMENT_3D('',#13727,#10931,#10932);
#9651=AXIS2_PLACEMENT_3D('',#13729,#10933,#10934);
#9652=AXIS2_PLACEMENT_3D('',#13731,#10935,#10936);
#9653=AXIS2_PLACEMENT_3D('',#13733,#10937,#10938);
#9654=AXIS2_PLACEMENT_3D('',#13735,#10939,#10940);
#9655=AXIS2_PLACEMENT_3D('',#13737,#10941,#10942);
#9656=AXIS2_PLACEMENT_3D('',#13739,#10943,#10944);
#9657=AXIS2_PLACEMENT_3D('',#13741,#10945,#10946);
#9658=AXIS2_PLACEMENT_3D('',#13743,#10947,#10948);
#9659=AXIS2_PLACEMENT_3D('',#13745,#10949,#10950);
#9660=AXIS2_PLACEMENT_3D('',#13747,#10951,#10952);
#9661=AXIS2_PLACEMENT_3D('',#13749,#10953,#10954);
#9662=AXIS2_PLACEMENT_3D('',#13751,#10955,#10956);
#9663=AXIS2_PLACEMENT_3D('',#13753,#10957,#10958);
#9664=AXIS2_PLACEMENT_3D('',#13755,#10959,#10960);
#9665=AXIS2_PLACEMENT_3D('',#13757,#10961,#10962);
#9666=AXIS2_PLACEMENT_3D('',#13759,#10963,#10964);
#9667=AXIS2_PLACEMENT_3D('',#13761,#10965,#10966);
#9668=AXIS2_PLACEMENT_3D('',#13763,#10967,#10968);
#9669=AXIS2_PLACEMENT_3D('',#13765,#10969,#10970);
#9670=AXIS2_PLACEMENT_3D('',#13767,#10971,#10972);
#9671=AXIS2_PLACEMENT_3D('',#13769,#10973,#10974);
#9672=AXIS2_PLACEMENT_3D('',#13771,#10975,#10976);
#9673=AXIS2_PLACEMENT_3D('',#13773,#10977,#10978);
#9674=AXIS2_PLACEMENT_3D('',#13775,#10979,#10980);
#9675=AXIS2_PLACEMENT_3D('',#13777,#10981,#10982);
#9676=AXIS2_PLACEMENT_3D('',#13779,#10983,#10984);
#9677=AXIS2_PLACEMENT_3D('',#13781,#10985,#10986);
#9678=AXIS2_PLACEMENT_3D('',#13783,#10987,#10988);
#9679=AXIS2_PLACEMENT_3D('',#13785,#10989,#10990);
#9680=AXIS2_PLACEMENT_3D('',#13787,#10991,#10992);
#9681=AXIS2_PLACEMENT_3D('',#13789,#10993,#10994);
#9682=AXIS2_PLACEMENT_3D('',#13791,#10995,#10996);
#9683=AXIS2_PLACEMENT_3D('',#13793,#10997,#10998);
#9684=AXIS2_PLACEMENT_3D('',#13795,#10999,#11000);
#9685=AXIS2_PLACEMENT_3D('',#13797,#11001,#11002);
#9686=AXIS2_PLACEMENT_3D('',#13799,#11003,#11004);
#9687=AXIS2_PLACEMENT_3D('',#13801,#11005,#11006);
#9688=AXIS2_PLACEMENT_3D('',#13803,#11007,#11008);
#9689=AXIS2_PLACEMENT_3D('',#13805,#11009,#11010);
#9690=AXIS2_PLACEMENT_3D('',#13807,#11011,#11012);
#9691=AXIS2_PLACEMENT_3D('',#13809,#11013,#11014);
#9692=AXIS2_PLACEMENT_3D('',#13811,#11015,#11016);
#9693=AXIS2_PLACEMENT_3D('',#13813,#11017,#11018);
#9694=AXIS2_PLACEMENT_3D('',#13815,#11019,#11020);
#9695=AXIS2_PLACEMENT_3D('',#13817,#11021,#11022);
#9696=AXIS2_PLACEMENT_3D('',#13819,#11023,#11024);
#9697=AXIS2_PLACEMENT_3D('',#13821,#11025,#11026);
#9698=AXIS2_PLACEMENT_3D('',#13823,#11027,#11028);
#9699=AXIS2_PLACEMENT_3D('',#13825,#11029,#11030);
#9700=AXIS2_PLACEMENT_3D('',#13827,#11031,#11032);
#9701=AXIS2_PLACEMENT_3D('',#13829,#11033,#11034);
#9702=AXIS2_PLACEMENT_3D('',#13831,#11035,#11036);
#9703=AXIS2_PLACEMENT_3D('',#13833,#11037,#11038);
#9704=AXIS2_PLACEMENT_3D('',#13835,#11039,#11040);
#9705=AXIS2_PLACEMENT_3D('',#13837,#11041,#11042);
#9706=AXIS2_PLACEMENT_3D('',#13839,#11043,#11044);
#9707=AXIS2_PLACEMENT_3D('',#13841,#11045,#11046);
#9708=AXIS2_PLACEMENT_3D('',#13843,#11047,#11048);
#9709=AXIS2_PLACEMENT_3D('',#13845,#11049,#11050);
#9710=AXIS2_PLACEMENT_3D('',#13847,#11051,#11052);
#9711=AXIS2_PLACEMENT_3D('',#13849,#11053,#11054);
#9712=AXIS2_PLACEMENT_3D('',#13851,#11055,#11056);
#9713=AXIS2_PLACEMENT_3D('',#13853,#11057,#11058);
#9714=AXIS2_PLACEMENT_3D('',#13855,#11059,#11060);
#9715=AXIS2_PLACEMENT_3D('',#13857,#11061,#11062);
#9716=AXIS2_PLACEMENT_3D('',#13859,#11063,#11064);
#9717=AXIS2_PLACEMENT_3D('',#13861,#11065,#11066);
#9718=AXIS2_PLACEMENT_3D('',#13863,#11067,#11068);
#9719=AXIS2_PLACEMENT_3D('',#13865,#11069,#11070);
#9720=AXIS2_PLACEMENT_3D('',#13867,#11071,#11072);
#9721=AXIS2_PLACEMENT_3D('',#13869,#11073,#11074);
#9722=AXIS2_PLACEMENT_3D('',#13871,#11075,#11076);
#9723=AXIS2_PLACEMENT_3D('',#13873,#11077,#11078);
#9724=AXIS2_PLACEMENT_3D('',#13875,#11079,#11080);
#9725=AXIS2_PLACEMENT_3D('',#13877,#11081,#11082);
#9726=AXIS2_PLACEMENT_3D('',#13879,#11083,#11084);
#9727=AXIS2_PLACEMENT_3D('',#13881,#11085,#11086);
#9728=AXIS2_PLACEMENT_3D('',#13883,#11087,#11088);
#9729=AXIS2_PLACEMENT_3D('',#13885,#11089,#11090);
#9730=AXIS2_PLACEMENT_3D('',#13887,#11091,#11092);
#9731=AXIS2_PLACEMENT_3D('',#13889,#11093,#11094);
#9732=AXIS2_PLACEMENT_3D('',#13891,#11095,#11096);
#9733=AXIS2_PLACEMENT_3D('',#13893,#11097,#11098);
#9734=AXIS2_PLACEMENT_3D('',#13895,#11099,#11100);
#9735=AXIS2_PLACEMENT_3D('',#13897,#11101,#11102);
#9736=AXIS2_PLACEMENT_3D('',#13899,#11103,#11104);
#9737=AXIS2_PLACEMENT_3D('',#13901,#11105,#11106);
#9738=AXIS2_PLACEMENT_3D('',#13903,#11107,#11108);
#9739=AXIS2_PLACEMENT_3D('',#13905,#11109,#11110);
#9740=AXIS2_PLACEMENT_3D('',#13907,#11111,#11112);
#9741=AXIS2_PLACEMENT_3D('',#13909,#11113,#11114);
#9742=AXIS2_PLACEMENT_3D('',#13911,#11115,#11116);
#9743=AXIS2_PLACEMENT_3D('',#13913,#11117,#11118);
#9744=AXIS2_PLACEMENT_3D('',#13915,#11119,#11120);
#9745=AXIS2_PLACEMENT_3D('',#13917,#11121,#11122);
#9746=AXIS2_PLACEMENT_3D('',#13919,#11123,#11124);
#9747=AXIS2_PLACEMENT_3D('',#13921,#11125,#11126);
#9748=AXIS2_PLACEMENT_3D('',#13923,#11127,#11128);
#9749=AXIS2_PLACEMENT_3D('',#13925,#11129,#11130);
#9750=AXIS2_PLACEMENT_3D('',#13927,#11131,#11132);
#9751=AXIS2_PLACEMENT_3D('',#13929,#11133,#11134);
#9752=AXIS2_PLACEMENT_3D('',#13931,#11135,#11136);
#9753=AXIS2_PLACEMENT_3D('',#13933,#11137,#11138);
#9754=AXIS2_PLACEMENT_3D('',#13935,#11139,#11140);
#9755=AXIS2_PLACEMENT_3D('',#13937,#11141,#11142);
#9756=AXIS2_PLACEMENT_3D('',#13939,#11143,#11144);
#9757=AXIS2_PLACEMENT_3D('',#13941,#11145,#11146);
#9758=AXIS2_PLACEMENT_3D('',#13943,#11147,#11148);
#9759=AXIS2_PLACEMENT_3D('',#13945,#11149,#11150);
#9760=AXIS2_PLACEMENT_3D('',#13947,#11151,#11152);
#9761=AXIS2_PLACEMENT_3D('',#13949,#11153,#11154);
#9762=AXIS2_PLACEMENT_3D('',#13951,#11155,#11156);
#9763=AXIS2_PLACEMENT_3D('',#13953,#11157,#11158);
#9764=AXIS2_PLACEMENT_3D('',#13955,#11159,#11160);
#9765=AXIS2_PLACEMENT_3D('',#13957,#11161,#11162);
#9766=AXIS2_PLACEMENT_3D('',#13959,#11163,#11164);
#9767=AXIS2_PLACEMENT_3D('',#13961,#11165,#11166);
#9768=AXIS2_PLACEMENT_3D('',#13963,#11167,#11168);
#9769=AXIS2_PLACEMENT_3D('',#13965,#11169,#11170);
#9770=AXIS2_PLACEMENT_3D('',#13967,#11171,#11172);
#9771=AXIS2_PLACEMENT_3D('',#13969,#11173,#11174);
#9772=AXIS2_PLACEMENT_3D('',#13971,#11175,#11176);
#9773=AXIS2_PLACEMENT_3D('',#13973,#11177,#11178);
#9774=AXIS2_PLACEMENT_3D('',#13975,#11179,#11180);
#9775=AXIS2_PLACEMENT_3D('',#13977,#11181,#11182);
#9776=AXIS2_PLACEMENT_3D('',#13978,#11183,#11184);
#9777=AXIS2_PLACEMENT_3D('',#13979,#11185,#11186);
#9778=AXIS2_PLACEMENT_3D('',#13980,#11187,#11188);
#9779=AXIS2_PLACEMENT_3D('',#13981,#11189,#11190);
#9780=AXIS2_PLACEMENT_3D('',#13982,#11191,#11192);
#9781=AXIS2_PLACEMENT_3D('',#13983,#11193,#11194);
#9782=AXIS2_PLACEMENT_3D('',#13984,#11195,#11196);
#9783=AXIS2_PLACEMENT_3D('',#13985,#11197,#11198);
#9784=AXIS2_PLACEMENT_3D('',#13986,#11199,#11200);
#9785=AXIS2_PLACEMENT_3D('',#13987,#11201,#11202);
#9786=AXIS2_PLACEMENT_3D('',#13988,#11203,#11204);
#9787=AXIS2_PLACEMENT_3D('',#13989,#11205,#11206);
#9788=AXIS2_PLACEMENT_3D('',#13990,#11207,#11208);
#9789=AXIS2_PLACEMENT_3D('',#13991,#11209,#11210);
#9790=AXIS2_PLACEMENT_3D('',#13992,#11211,#11212);
#9791=AXIS2_PLACEMENT_3D('',#13993,#11213,#11214);
#9792=AXIS2_PLACEMENT_3D('',#13994,#11215,#11216);
#9793=AXIS2_PLACEMENT_3D('',#13995,#11217,#11218);
#9794=AXIS2_PLACEMENT_3D('',#13996,#11219,#11220);
#9795=AXIS2_PLACEMENT_3D('',#13997,#11221,#11222);
#9796=AXIS2_PLACEMENT_3D('',#13998,#11223,#11224);
#9797=AXIS2_PLACEMENT_3D('',#13999,#11225,#11226);
#9798=AXIS2_PLACEMENT_3D('',#14000,#11227,#11228);
#9799=AXIS2_PLACEMENT_3D('',#14001,#11229,#11230);
#9800=AXIS2_PLACEMENT_3D('',#14002,#11231,#11232);
#9801=AXIS2_PLACEMENT_3D('',#14003,#11233,#11234);
#9802=AXIS2_PLACEMENT_3D('',#14004,#11235,#11236);
#9803=AXIS2_PLACEMENT_3D('',#14005,#11237,#11238);
#9804=AXIS2_PLACEMENT_3D('',#14006,#11239,#11240);
#9805=AXIS2_PLACEMENT_3D('',#14007,#11241,#11242);
#9806=AXIS2_PLACEMENT_3D('',#14008,#11243,#11244);
#9807=AXIS2_PLACEMENT_3D('',#14009,#11245,#11246);
#9808=AXIS2_PLACEMENT_3D('',#14010,#11247,#11248);
#9809=AXIS2_PLACEMENT_3D('',#14011,#11249,#11250);
#9810=AXIS2_PLACEMENT_3D('',#14012,#11251,#11252);
#9811=AXIS2_PLACEMENT_3D('',#14013,#11253,#11254);
#9812=AXIS2_PLACEMENT_3D('',#14014,#11255,#11256);
#9813=AXIS2_PLACEMENT_3D('',#14015,#11257,#11258);
#9814=AXIS2_PLACEMENT_3D('',#14016,#11259,#11260);
#9815=AXIS2_PLACEMENT_3D('',#14017,#11261,#11262);
#9816=AXIS2_PLACEMENT_3D('',#14018,#11263,#11264);
#9817=AXIS2_PLACEMENT_3D('',#14019,#11265,#11266);
#9818=AXIS2_PLACEMENT_3D('',#14020,#11267,#11268);
#9819=AXIS2_PLACEMENT_3D('',#14021,#11269,#11270);
#9820=AXIS2_PLACEMENT_3D('',#14022,#11271,#11272);
#9821=AXIS2_PLACEMENT_3D('',#14023,#11273,#11274);
#9822=AXIS2_PLACEMENT_3D('',#14024,#11275,#11276);
#9823=AXIS2_PLACEMENT_3D('',#14025,#11277,#11278);
#9824=AXIS2_PLACEMENT_3D('',#14026,#11279,#11280);
#9825=AXIS2_PLACEMENT_3D('',#14027,#11281,#11282);
#9826=AXIS2_PLACEMENT_3D('',#14028,#11283,#11284);
#9827=AXIS2_PLACEMENT_3D('',#14029,#11285,#11286);
#9828=AXIS2_PLACEMENT_3D('',#14030,#11287,#11288);
#9829=AXIS2_PLACEMENT_3D('',#14031,#11289,#11290);
#9830=AXIS2_PLACEMENT_3D('',#14032,#11291,#11292);
#9831=AXIS2_PLACEMENT_3D('',#14033,#11293,#11294);
#9832=AXIS2_PLACEMENT_3D('',#14034,#11295,#11296);
#9833=AXIS2_PLACEMENT_3D('',#14035,#11297,#11298);
#9834=AXIS2_PLACEMENT_3D('',#14036,#11299,#11300);
#9835=AXIS2_PLACEMENT_3D('',#14037,#11301,#11302);
#9836=AXIS2_PLACEMENT_3D('',#14038,#11303,#11304);
#9837=AXIS2_PLACEMENT_3D('',#14039,#11305,#11306);
#9838=AXIS2_PLACEMENT_3D('',#14040,#11307,#11308);
#9839=AXIS2_PLACEMENT_3D('',#14041,#11309,#11310);
#9840=AXIS2_PLACEMENT_3D('',#14042,#11311,#11312);
#9841=AXIS2_PLACEMENT_3D('',#14043,#11313,#11314);
#9842=AXIS2_PLACEMENT_3D('',#14044,#11315,#11316);
#9843=AXIS2_PLACEMENT_3D('',#14045,#11317,#11318);
#9844=AXIS2_PLACEMENT_3D('',#14046,#11319,#11320);
#9845=AXIS2_PLACEMENT_3D('',#14047,#11321,#11322);
#9846=AXIS2_PLACEMENT_3D('',#14048,#11323,#11324);
#9847=AXIS2_PLACEMENT_3D('',#14049,#11325,#11326);
#9848=AXIS2_PLACEMENT_3D('',#14050,#11327,#11328);
#9849=AXIS2_PLACEMENT_3D('',#14051,#11329,#11330);
#9850=AXIS2_PLACEMENT_3D('',#14052,#11331,#11332);
#9851=AXIS2_PLACEMENT_3D('',#14053,#11333,#11334);
#9852=AXIS2_PLACEMENT_3D('',#14054,#11335,#11336);
#9853=AXIS2_PLACEMENT_3D('',#14055,#11337,#11338);
#9854=AXIS2_PLACEMENT_3D('',#14056,#11339,#11340);
#9855=AXIS2_PLACEMENT_3D('',#14057,#11341,#11342);
#9856=AXIS2_PLACEMENT_3D('',#14058,#11343,#11344);
#9857=AXIS2_PLACEMENT_3D('',#14059,#11345,#11346);
#9858=AXIS2_PLACEMENT_3D('',#14060,#11347,#11348);
#9859=AXIS2_PLACEMENT_3D('',#14061,#11349,#11350);
#9860=AXIS2_PLACEMENT_3D('',#14062,#11351,#11352);
#9861=AXIS2_PLACEMENT_3D('',#14063,#11353,#11354);
#9862=AXIS2_PLACEMENT_3D('',#14064,#11355,#11356);
#9863=AXIS2_PLACEMENT_3D('',#14065,#11357,#11358);
#9864=AXIS2_PLACEMENT_3D('',#14066,#11359,#11360);
#9865=AXIS2_PLACEMENT_3D('',#14067,#11361,#11362);
#9866=AXIS2_PLACEMENT_3D('',#14068,#11363,#11364);
#9867=AXIS2_PLACEMENT_3D('',#14069,#11365,#11366);
#9868=AXIS2_PLACEMENT_3D('',#14070,#11367,#11368);
#9869=AXIS2_PLACEMENT_3D('',#14071,#11369,#11370);
#9870=AXIS2_PLACEMENT_3D('',#14072,#11371,#11372);
#9871=AXIS2_PLACEMENT_3D('',#14073,#11373,#11374);
#9872=AXIS2_PLACEMENT_3D('',#14074,#11375,#11376);
#9873=AXIS2_PLACEMENT_3D('',#14075,#11377,#11378);
#9874=AXIS2_PLACEMENT_3D('',#14076,#11379,#11380);
#9875=AXIS2_PLACEMENT_3D('',#14077,#11381,#11382);
#9876=AXIS2_PLACEMENT_3D('',#14078,#11383,#11384);
#9877=AXIS2_PLACEMENT_3D('',#14079,#11385,#11386);
#9878=AXIS2_PLACEMENT_3D('',#14080,#11387,#11388);
#9879=AXIS2_PLACEMENT_3D('',#14081,#11389,#11390);
#9880=AXIS2_PLACEMENT_3D('',#14082,#11391,#11392);
#9881=AXIS2_PLACEMENT_3D('',#14083,#11393,#11394);
#9882=AXIS2_PLACEMENT_3D('',#14084,#11395,#11396);
#9883=AXIS2_PLACEMENT_3D('',#14085,#11397,#11398);
#9884=AXIS2_PLACEMENT_3D('',#14086,#11399,#11400);
#9885=AXIS2_PLACEMENT_3D('',#14087,#11401,#11402);
#9886=AXIS2_PLACEMENT_3D('',#14088,#11403,#11404);
#9887=AXIS2_PLACEMENT_3D('',#14089,#11405,#11406);
#9888=AXIS2_PLACEMENT_3D('',#14090,#11407,#11408);
#9889=AXIS2_PLACEMENT_3D('',#14091,#11409,#11410);
#9890=AXIS2_PLACEMENT_3D('',#14092,#11411,#11412);
#9891=AXIS2_PLACEMENT_3D('',#14093,#11413,#11414);
#9892=AXIS2_PLACEMENT_3D('',#14094,#11415,#11416);
#9893=AXIS2_PLACEMENT_3D('',#14095,#11417,#11418);
#9894=AXIS2_PLACEMENT_3D('',#14096,#11419,#11420);
#9895=AXIS2_PLACEMENT_3D('',#14097,#11421,#11422);
#9896=AXIS2_PLACEMENT_3D('',#14098,#11423,#11424);
#9897=AXIS2_PLACEMENT_3D('',#14099,#11425,#11426);
#9898=AXIS2_PLACEMENT_3D('',#14100,#11427,#11428);
#9899=AXIS2_PLACEMENT_3D('',#14101,#11429,#11430);
#9900=AXIS2_PLACEMENT_3D('',#14102,#11431,#11432);
#9901=AXIS2_PLACEMENT_3D('',#14103,#11433,#11434);
#9902=AXIS2_PLACEMENT_3D('',#14104,#11435,#11436);
#9903=AXIS2_PLACEMENT_3D('',#14105,#11437,#11438);
#9904=AXIS2_PLACEMENT_3D('',#14106,#11439,#11440);
#9905=AXIS2_PLACEMENT_3D('',#14107,#11441,#11442);
#9906=AXIS2_PLACEMENT_3D('',#14108,#11443,#11444);
#9907=AXIS2_PLACEMENT_3D('',#14109,#11445,#11446);
#9908=AXIS2_PLACEMENT_3D('',#14110,#11447,#11448);
#9909=AXIS2_PLACEMENT_3D('',#14118,#11452,#11453);
#9910=AXIS2_PLACEMENT_3D('',#14119,#11454,#11455);
#9911=AXIS2_PLACEMENT_3D('',#14125,#11458,#11459);
#9912=AXIS2_PLACEMENT_3D('',#14126,#11460,#11461);
#9913=AXIS2_PLACEMENT_3D('',#14128,#11462,#11463);
#9914=AXIS2_PLACEMENT_3D('',#14130,#11464,#11465);
#9915=AXIS2_PLACEMENT_3D('',#14132,#11466,#11467);
#9916=AXIS2_PLACEMENT_3D('',#14134,#11468,#11469);
#9917=AXIS2_PLACEMENT_3D('',#14136,#11470,#11471);
#9918=AXIS2_PLACEMENT_3D('',#14143,#11474,#11475);
#9919=AXIS2_PLACEMENT_3D('',#14147,#11477,#11478);
#9920=AXIS2_PLACEMENT_3D('',#14151,#11480,#11481);
#9921=AXIS2_PLACEMENT_3D('',#14155,#11483,#11484);
#9922=AXIS2_PLACEMENT_3D('',#14160,#11487,#11488);
#9923=AXIS2_PLACEMENT_3D('',#14164,#11490,#11491);
#9924=AXIS2_PLACEMENT_3D('',#14168,#11493,#11494);
#9925=AXIS2_PLACEMENT_3D('',#14172,#11496,#11497);
#9926=AXIS2_PLACEMENT_3D('',#14175,#11499,#11500);
#9927=AXIS2_PLACEMENT_3D('',#14180,#11502,#11503);
#9928=AXIS2_PLACEMENT_3D('',#14184,#11505,#11506);
#9929=AXIS2_PLACEMENT_3D('',#14188,#11508,#11509);
#9930=AXIS2_PLACEMENT_3D('',#14191,#11511,#11512);
#9931=AXIS2_PLACEMENT_3D('',#14196,#11514,#11515);
#9932=AXIS2_PLACEMENT_3D('',#14200,#11517,#11518);
#9933=AXIS2_PLACEMENT_3D('',#14204,#11520,#11521);
#9934=AXIS2_PLACEMENT_3D('',#14207,#11523,#11524);
#9935=AXIS2_PLACEMENT_3D('',#14212,#11526,#11527);
#9936=AXIS2_PLACEMENT_3D('',#14216,#11529,#11530);
#9937=AXIS2_PLACEMENT_3D('',#14220,#11532,#11533);
#9938=AXIS2_PLACEMENT_3D('',#14223,#11535,#11536);
#9939=AXIS2_PLACEMENT_3D('',#14228,#11538,#11539);
#9940=AXIS2_PLACEMENT_3D('',#14232,#11541,#11542);
#9941=AXIS2_PLACEMENT_3D('',#14236,#11544,#11545);
#9942=AXIS2_PLACEMENT_3D('',#14239,#11547,#11548);
#9943=AXIS2_PLACEMENT_3D('',#14244,#11550,#11551);
#9944=AXIS2_PLACEMENT_3D('',#14248,#11553,#11554);
#9945=AXIS2_PLACEMENT_3D('',#14252,#11556,#11557);
#9946=AXIS2_PLACEMENT_3D('',#14255,#11559,#11560);
#9947=AXIS2_PLACEMENT_3D('',#14260,#11562,#11563);
#9948=AXIS2_PLACEMENT_3D('',#14264,#11565,#11566);
#9949=AXIS2_PLACEMENT_3D('',#14268,#11568,#11569);
#9950=AXIS2_PLACEMENT_3D('',#14271,#11571,#11572);
#9951=AXIS2_PLACEMENT_3D('',#14276,#11574,#11575);
#9952=AXIS2_PLACEMENT_3D('',#14280,#11577,#11578);
#9953=AXIS2_PLACEMENT_3D('',#14284,#11580,#11581);
#9954=AXIS2_PLACEMENT_3D('',#14287,#11583,#11584);
#9955=AXIS2_PLACEMENT_3D('',#14292,#11586,#11587);
#9956=AXIS2_PLACEMENT_3D('',#14296,#11589,#11590);
#9957=AXIS2_PLACEMENT_3D('',#14300,#11592,#11593);
#9958=AXIS2_PLACEMENT_3D('',#14303,#11595,#11596);
#9959=AXIS2_PLACEMENT_3D('',#14308,#11598,#11599);
#9960=AXIS2_PLACEMENT_3D('',#14312,#11601,#11602);
#9961=AXIS2_PLACEMENT_3D('',#14316,#11604,#11605);
#9962=AXIS2_PLACEMENT_3D('',#14319,#11607,#11608);
#9963=AXIS2_PLACEMENT_3D('',#14324,#11610,#11611);
#9964=AXIS2_PLACEMENT_3D('',#14328,#11613,#11614);
#9965=AXIS2_PLACEMENT_3D('',#14332,#11616,#11617);
#9966=AXIS2_PLACEMENT_3D('',#14335,#11619,#11620);
#9967=AXIS2_PLACEMENT_3D('',#14340,#11622,#11623);
#9968=AXIS2_PLACEMENT_3D('',#14344,#11625,#11626);
#9969=AXIS2_PLACEMENT_3D('',#14348,#11628,#11629);
#9970=AXIS2_PLACEMENT_3D('',#14351,#11631,#11632);
#9971=AXIS2_PLACEMENT_3D('',#14356,#11634,#11635);
#9972=AXIS2_PLACEMENT_3D('',#14360,#11637,#11638);
#9973=AXIS2_PLACEMENT_3D('',#14364,#11640,#11641);
#9974=AXIS2_PLACEMENT_3D('',#14367,#11643,#11644);
#9975=AXIS2_PLACEMENT_3D('',#14372,#11646,#11647);
#9976=AXIS2_PLACEMENT_3D('',#14376,#11649,#11650);
#9977=AXIS2_PLACEMENT_3D('',#14380,#11652,#11653);
#9978=AXIS2_PLACEMENT_3D('',#14383,#11655,#11656);
#9979=AXIS2_PLACEMENT_3D('',#14388,#11658,#11659);
#9980=AXIS2_PLACEMENT_3D('',#14392,#11661,#11662);
#9981=AXIS2_PLACEMENT_3D('',#14396,#11664,#11665);
#9982=AXIS2_PLACEMENT_3D('',#14399,#11667,#11668);
#9983=AXIS2_PLACEMENT_3D('',#14404,#11670,#11671);
#9984=AXIS2_PLACEMENT_3D('',#14408,#11673,#11674);
#9985=AXIS2_PLACEMENT_3D('',#14412,#11676,#11677);
#9986=AXIS2_PLACEMENT_3D('',#14415,#11679,#11680);
#9987=AXIS2_PLACEMENT_3D('',#14420,#11682,#11683);
#9988=AXIS2_PLACEMENT_3D('',#14424,#11685,#11686);
#9989=AXIS2_PLACEMENT_3D('',#14428,#11688,#11689);
#9990=AXIS2_PLACEMENT_3D('',#14431,#11691,#11692);
#9991=AXIS2_PLACEMENT_3D('',#14436,#11694,#11695);
#9992=AXIS2_PLACEMENT_3D('',#14440,#11697,#11698);
#9993=AXIS2_PLACEMENT_3D('',#14444,#11700,#11701);
#9994=AXIS2_PLACEMENT_3D('',#14447,#11703,#11704);
#9995=AXIS2_PLACEMENT_3D('',#14448,#11705,#11706);
#9996=AXIS2_PLACEMENT_3D('',#14450,#11707,#11708);
#9997=AXIS2_PLACEMENT_3D('',#14452,#11709,#11710);
#9998=AXIS2_PLACEMENT_3D('',#14454,#11711,#11712);
#9999=AXIS2_PLACEMENT_3D('',#14456,#11713,#11714);
#10000=AXIS2_PLACEMENT_3D('',#14458,#11715,#11716);
#10001=AXIS2_PLACEMENT_3D('',#14463,#11718,#11719);
#10002=AXIS2_PLACEMENT_3D('',#14467,#11721,#11722);
#10003=AXIS2_PLACEMENT_3D('',#14471,#11724,#11725);
#10004=AXIS2_PLACEMENT_3D('',#14475,#11727,#11728);
#10005=AXIS2_PLACEMENT_3D('',#14479,#11730,#11731);
#10006=AXIS2_PLACEMENT_3D('',#14483,#11733,#11734);
#10007=AXIS2_PLACEMENT_3D('',#14487,#11736,#11737);
#10008=AXIS2_PLACEMENT_3D('',#14491,#11739,#11740);
#10009=AXIS2_PLACEMENT_3D('',#14495,#11742,#11743);
#10010=AXIS2_PLACEMENT_3D('',#14499,#11745,#11746);
#10011=AXIS2_PLACEMENT_3D('',#14503,#11748,#11749);
#10012=AXIS2_PLACEMENT_3D('',#14507,#11751,#11752);
#10013=AXIS2_PLACEMENT_3D('',#14511,#11754,#11755);
#10014=AXIS2_PLACEMENT_3D('',#14515,#11757,#11758);
#10015=AXIS2_PLACEMENT_3D('',#14519,#11760,#11761);
#10016=AXIS2_PLACEMENT_3D('',#14523,#11763,#11764);
#10017=AXIS2_PLACEMENT_3D('',#14527,#11766,#11767);
#10018=AXIS2_PLACEMENT_3D('',#14531,#11769,#11770);
#10019=AXIS2_PLACEMENT_3D('',#14535,#11772,#11773);
#10020=AXIS2_PLACEMENT_3D('',#14539,#11775,#11776);
#10021=AXIS2_PLACEMENT_3D('',#14543,#11778,#11779);
#10022=AXIS2_PLACEMENT_3D('',#14547,#11781,#11782);
#10023=AXIS2_PLACEMENT_3D('',#14551,#11784,#11785);
#10024=AXIS2_PLACEMENT_3D('',#14555,#11787,#11788);
#10025=AXIS2_PLACEMENT_3D('',#14559,#11790,#11791);
#10026=AXIS2_PLACEMENT_3D('',#14563,#11793,#11794);
#10027=AXIS2_PLACEMENT_3D('',#14567,#11796,#11797);
#10028=AXIS2_PLACEMENT_3D('',#14571,#11799,#11800);
#10029=AXIS2_PLACEMENT_3D('',#14575,#11802,#11803);
#10030=AXIS2_PLACEMENT_3D('',#14579,#11805,#11806);
#10031=AXIS2_PLACEMENT_3D('',#14583,#11808,#11809);
#10032=AXIS2_PLACEMENT_3D('',#14587,#11811,#11812);
#10033=AXIS2_PLACEMENT_3D('',#14595,#11816,#11817);
#10034=AXIS2_PLACEMENT_3D('',#14599,#11819,#11820);
#10035=AXIS2_PLACEMENT_3D('',#14603,#11822,#11823);
#10036=AXIS2_PLACEMENT_3D('',#14607,#11825,#11826);
#10037=AXIS2_PLACEMENT_3D('',#14609,#11828,#11829);
#10038=AXIS2_PLACEMENT_3D('',#14613,#11831,#11832);
#10039=AXIS2_PLACEMENT_3D('',#14617,#11834,#11835);
#10040=AXIS2_PLACEMENT_3D('',#14621,#11837,#11838);
#10041=AXIS2_PLACEMENT_3D('',#14625,#11840,#11841);
#10042=AXIS2_PLACEMENT_3D('',#14629,#11843,#11844);
#10043=AXIS2_PLACEMENT_3D('',#14633,#11846,#11847);
#10044=AXIS2_PLACEMENT_3D('',#14637,#11849,#11850);
#10045=AXIS2_PLACEMENT_3D('',#14641,#11852,#11853);
#10046=AXIS2_PLACEMENT_3D('',#14645,#11855,#11856);
#10047=AXIS2_PLACEMENT_3D('',#14649,#11858,#11859);
#10048=AXIS2_PLACEMENT_3D('',#14653,#11861,#11862);
#10049=AXIS2_PLACEMENT_3D('',#14657,#11864,#11865);
#10050=AXIS2_PLACEMENT_3D('',#14661,#11867,#11868);
#10051=AXIS2_PLACEMENT_3D('',#14665,#11870,#11871);
#10052=AXIS2_PLACEMENT_3D('',#14669,#11873,#11874);
#10053=AXIS2_PLACEMENT_3D('',#14673,#11876,#11877);
#10054=AXIS2_PLACEMENT_3D('',#14677,#11879,#11880);
#10055=AXIS2_PLACEMENT_3D('',#14681,#11882,#11883);
#10056=AXIS2_PLACEMENT_3D('',#14685,#11885,#11886);
#10057=AXIS2_PLACEMENT_3D('',#14689,#11888,#11889);
#10058=AXIS2_PLACEMENT_3D('',#14693,#11891,#11892);
#10059=AXIS2_PLACEMENT_3D('',#14697,#11894,#11895);
#10060=AXIS2_PLACEMENT_3D('',#14701,#11897,#11898);
#10061=AXIS2_PLACEMENT_3D('',#14705,#11900,#11901);
#10062=AXIS2_PLACEMENT_3D('',#14709,#11903,#11904);
#10063=AXIS2_PLACEMENT_3D('',#14713,#11906,#11907);
#10064=AXIS2_PLACEMENT_3D('',#14717,#11909,#11910);
#10065=AXIS2_PLACEMENT_3D('',#14721,#11912,#11913);
#10066=AXIS2_PLACEMENT_3D('',#14725,#11915,#11916);
#10067=AXIS2_PLACEMENT_3D('',#14729,#11918,#11919);
#10068=AXIS2_PLACEMENT_3D('',#14733,#11921,#11922);
#10069=AXIS2_PLACEMENT_3D('',#14737,#11924,#11925);
#10070=AXIS2_PLACEMENT_3D('',#14741,#11927,#11928);
#10071=AXIS2_PLACEMENT_3D('',#14745,#11930,#11931);
#10072=AXIS2_PLACEMENT_3D('',#14749,#11933,#11934);
#10073=AXIS2_PLACEMENT_3D('',#14753,#11936,#11937);
#10074=AXIS2_PLACEMENT_3D('',#14757,#11939,#11940);
#10075=AXIS2_PLACEMENT_3D('',#14761,#11942,#11943);
#10076=AXIS2_PLACEMENT_3D('',#14765,#11945,#11946);
#10077=AXIS2_PLACEMENT_3D('',#14766,#11947,#11948);
#10078=AXIS2_PLACEMENT_3D('',#14767,#11949,#11950);
#10079=AXIS2_PLACEMENT_3D('',#14769,#11952,#11953);
#10080=AXIS2_PLACEMENT_3D('',#14772,#11956,#11957);
#10081=AXIS2_PLACEMENT_3D('',#14775,#11960,#11961);
#10082=AXIS2_PLACEMENT_3D('',#14778,#11964,#11965);
#10083=AXIS2_PLACEMENT_3D('',#14779,#11966,#11967);
#10084=AXIS2_PLACEMENT_3D('',#14781,#11969,#11970);
#10085=AXIS2_PLACEMENT_3D('',#14789,#11973,#11974);
#10086=AXIS2_PLACEMENT_3D('',#14791,#11976,#11977);
#10087=AXIS2_PLACEMENT_3D('',#14793,#11979,#11980);
#10088=AXIS2_PLACEMENT_3D('',#14795,#11982,#11983);
#10089=AXIS2_PLACEMENT_3D('',#14797,#11985,#11986);
#10090=AXIS2_PLACEMENT_3D('',#14799,#11988,#11989);
#10091=AXIS2_PLACEMENT_3D('',#14800,#11990,#11991);
#10092=AXIS2_PLACEMENT_3D('',#14803,#11994,#11995);
#10093=AXIS2_PLACEMENT_3D('',#14805,#11997,#11998);
#10094=AXIS2_PLACEMENT_3D('',#14807,#12000,#12001);
#10095=AXIS2_PLACEMENT_3D('',#14809,#12003,#12004);
#10096=AXIS2_PLACEMENT_3D('',#14811,#12006,#12007);
#10097=AXIS2_PLACEMENT_3D('',#14813,#12009,#12010);
#10098=AXIS2_PLACEMENT_3D('',#14815,#12012,#12013);
#10099=AXIS2_PLACEMENT_3D('',#14816,#12014,#12015);
#10100=AXIS2_PLACEMENT_3D('',#14819,#12018,#12019);
#10101=AXIS2_PLACEMENT_3D('',#14821,#12021,#12022);
#10102=AXIS2_PLACEMENT_3D('',#14823,#12024,#12025);
#10103=AXIS2_PLACEMENT_3D('',#14825,#12027,#12028);
#10104=AXIS2_PLACEMENT_3D('',#14827,#12030,#12031);
#10105=AXIS2_PLACEMENT_3D('',#14829,#12033,#12034);
#10106=AXIS2_PLACEMENT_3D('',#14831,#12036,#12037);
#10107=AXIS2_PLACEMENT_3D('',#14832,#12038,#12039);
#10108=AXIS2_PLACEMENT_3D('',#14835,#12042,#12043);
#10109=AXIS2_PLACEMENT_3D('',#14837,#12045,#12046);
#10110=AXIS2_PLACEMENT_3D('',#14839,#12048,#12049);
#10111=AXIS2_PLACEMENT_3D('',#14841,#12051,#12052);
#10112=AXIS2_PLACEMENT_3D('',#14843,#12054,#12055);
#10113=AXIS2_PLACEMENT_3D('',#14845,#12057,#12058);
#10114=AXIS2_PLACEMENT_3D('',#14847,#12060,#12061);
#10115=AXIS2_PLACEMENT_3D('',#14848,#12062,#12063);
#10116=AXIS2_PLACEMENT_3D('',#14851,#12066,#12067);
#10117=AXIS2_PLACEMENT_3D('',#14853,#12069,#12070);
#10118=AXIS2_PLACEMENT_3D('',#14855,#12072,#12073);
#10119=AXIS2_PLACEMENT_3D('',#14857,#12075,#12076);
#10120=AXIS2_PLACEMENT_3D('',#14859,#12078,#12079);
#10121=AXIS2_PLACEMENT_3D('',#14861,#12081,#12082);
#10122=AXIS2_PLACEMENT_3D('',#14863,#12084,#12085);
#10123=AXIS2_PLACEMENT_3D('',#14864,#12086,#12087);
#10124=AXIS2_PLACEMENT_3D('',#14867,#12090,#12091);
#10125=AXIS2_PLACEMENT_3D('',#14869,#12093,#12094);
#10126=AXIS2_PLACEMENT_3D('',#14871,#12096,#12097);
#10127=AXIS2_PLACEMENT_3D('',#14873,#12099,#12100);
#10128=AXIS2_PLACEMENT_3D('',#14875,#12102,#12103);
#10129=AXIS2_PLACEMENT_3D('',#14877,#12105,#12106);
#10130=AXIS2_PLACEMENT_3D('',#14879,#12108,#12109);
#10131=AXIS2_PLACEMENT_3D('',#14880,#12110,#12111);
#10132=AXIS2_PLACEMENT_3D('',#14883,#12114,#12115);
#10133=AXIS2_PLACEMENT_3D('',#14885,#12117,#12118);
#10134=AXIS2_PLACEMENT_3D('',#14887,#12120,#12121);
#10135=AXIS2_PLACEMENT_3D('',#14889,#12123,#12124);
#10136=AXIS2_PLACEMENT_3D('',#14891,#12126,#12127);
#10137=AXIS2_PLACEMENT_3D('',#14893,#12129,#12130);
#10138=AXIS2_PLACEMENT_3D('',#14895,#12132,#12133);
#10139=AXIS2_PLACEMENT_3D('',#14896,#12134,#12135);
#10140=AXIS2_PLACEMENT_3D('',#14899,#12138,#12139);
#10141=AXIS2_PLACEMENT_3D('',#14901,#12141,#12142);
#10142=AXIS2_PLACEMENT_3D('',#14903,#12144,#12145);
#10143=AXIS2_PLACEMENT_3D('',#14905,#12147,#12148);
#10144=AXIS2_PLACEMENT_3D('',#14907,#12150,#12151);
#10145=AXIS2_PLACEMENT_3D('',#14909,#12153,#12154);
#10146=AXIS2_PLACEMENT_3D('',#14911,#12156,#12157);
#10147=AXIS2_PLACEMENT_3D('',#14912,#12158,#12159);
#10148=AXIS2_PLACEMENT_3D('',#14915,#12162,#12163);
#10149=AXIS2_PLACEMENT_3D('',#14917,#12165,#12166);
#10150=AXIS2_PLACEMENT_3D('',#14919,#12168,#12169);
#10151=AXIS2_PLACEMENT_3D('',#14921,#12171,#12172);
#10152=AXIS2_PLACEMENT_3D('',#14923,#12174,#12175);
#10153=AXIS2_PLACEMENT_3D('',#14925,#12177,#12178);
#10154=AXIS2_PLACEMENT_3D('',#14927,#12180,#12181);
#10155=AXIS2_PLACEMENT_3D('',#14928,#12182,#12183);
#10156=AXIS2_PLACEMENT_3D('',#14931,#12186,#12187);
#10157=AXIS2_PLACEMENT_3D('',#14933,#12189,#12190);
#10158=AXIS2_PLACEMENT_3D('',#14935,#12192,#12193);
#10159=AXIS2_PLACEMENT_3D('',#14937,#12195,#12196);
#10160=AXIS2_PLACEMENT_3D('',#14939,#12198,#12199);
#10161=AXIS2_PLACEMENT_3D('',#14941,#12201,#12202);
#10162=AXIS2_PLACEMENT_3D('',#14943,#12204,#12205);
#10163=AXIS2_PLACEMENT_3D('',#14944,#12206,#12207);
#10164=AXIS2_PLACEMENT_3D('',#14947,#12210,#12211);
#10165=AXIS2_PLACEMENT_3D('',#14949,#12213,#12214);
#10166=AXIS2_PLACEMENT_3D('',#14951,#12216,#12217);
#10167=AXIS2_PLACEMENT_3D('',#14953,#12219,#12220);
#10168=AXIS2_PLACEMENT_3D('',#14955,#12222,#12223);
#10169=AXIS2_PLACEMENT_3D('',#14957,#12225,#12226);
#10170=AXIS2_PLACEMENT_3D('',#14959,#12228,#12229);
#10171=AXIS2_PLACEMENT_3D('',#14960,#12230,#12231);
#10172=AXIS2_PLACEMENT_3D('',#14963,#12234,#12235);
#10173=AXIS2_PLACEMENT_3D('',#14965,#12237,#12238);
#10174=AXIS2_PLACEMENT_3D('',#14967,#12240,#12241);
#10175=AXIS2_PLACEMENT_3D('',#14969,#12243,#12244);
#10176=AXIS2_PLACEMENT_3D('',#14971,#12246,#12247);
#10177=AXIS2_PLACEMENT_3D('',#14973,#12249,#12250);
#10178=AXIS2_PLACEMENT_3D('',#14975,#12252,#12253);
#10179=AXIS2_PLACEMENT_3D('',#14976,#12254,#12255);
#10180=AXIS2_PLACEMENT_3D('',#14979,#12258,#12259);
#10181=AXIS2_PLACEMENT_3D('',#14981,#12261,#12262);
#10182=AXIS2_PLACEMENT_3D('',#14983,#12264,#12265);
#10183=AXIS2_PLACEMENT_3D('',#14985,#12267,#12268);
#10184=AXIS2_PLACEMENT_3D('',#14987,#12270,#12271);
#10185=AXIS2_PLACEMENT_3D('',#14989,#12273,#12274);
#10186=AXIS2_PLACEMENT_3D('',#14991,#12276,#12277);
#10187=AXIS2_PLACEMENT_3D('',#14992,#12278,#12279);
#10188=AXIS2_PLACEMENT_3D('',#14995,#12282,#12283);
#10189=AXIS2_PLACEMENT_3D('',#14997,#12285,#12286);
#10190=AXIS2_PLACEMENT_3D('',#14999,#12288,#12289);
#10191=AXIS2_PLACEMENT_3D('',#15001,#12291,#12292);
#10192=AXIS2_PLACEMENT_3D('',#15003,#12294,#12295);
#10193=AXIS2_PLACEMENT_3D('',#15005,#12297,#12298);
#10194=AXIS2_PLACEMENT_3D('',#15007,#12300,#12301);
#10195=AXIS2_PLACEMENT_3D('',#15008,#12302,#12303);
#10196=AXIS2_PLACEMENT_3D('',#15011,#12306,#12307);
#10197=AXIS2_PLACEMENT_3D('',#15013,#12309,#12310);
#10198=AXIS2_PLACEMENT_3D('',#15015,#12312,#12313);
#10199=AXIS2_PLACEMENT_3D('',#15017,#12315,#12316);
#10200=AXIS2_PLACEMENT_3D('',#15019,#12318,#12319);
#10201=AXIS2_PLACEMENT_3D('',#15021,#12321,#12322);
#10202=AXIS2_PLACEMENT_3D('',#15023,#12324,#12325);
#10203=AXIS2_PLACEMENT_3D('',#15024,#12326,#12327);
#10204=AXIS2_PLACEMENT_3D('',#15027,#12330,#12331);
#10205=AXIS2_PLACEMENT_3D('',#15029,#12333,#12334);
#10206=AXIS2_PLACEMENT_3D('',#15031,#12336,#12337);
#10207=AXIS2_PLACEMENT_3D('',#15033,#12339,#12340);
#10208=AXIS2_PLACEMENT_3D('',#15035,#12342,#12343);
#10209=AXIS2_PLACEMENT_3D('',#15037,#12345,#12346);
#10210=AXIS2_PLACEMENT_3D('',#15039,#12348,#12349);
#10211=AXIS2_PLACEMENT_3D('',#15040,#12350,#12351);
#10212=AXIS2_PLACEMENT_3D('',#15043,#12354,#12355);
#10213=AXIS2_PLACEMENT_3D('',#15045,#12357,#12358);
#10214=AXIS2_PLACEMENT_3D('',#15047,#12360,#12361);
#10215=AXIS2_PLACEMENT_3D('',#15049,#12363,#12364);
#10216=AXIS2_PLACEMENT_3D('',#15051,#12366,#12367);
#10217=AXIS2_PLACEMENT_3D('',#15053,#12369,#12370);
#10218=AXIS2_PLACEMENT_3D('',#15055,#12372,#12373);
#10219=AXIS2_PLACEMENT_3D('',#15056,#12374,#12375);
#10220=AXIS2_PLACEMENT_3D('',#15059,#12378,#12379);
#10221=AXIS2_PLACEMENT_3D('',#15061,#12381,#12382);
#10222=AXIS2_PLACEMENT_3D('',#15063,#12384,#12385);
#10223=AXIS2_PLACEMENT_3D('',#15065,#12387,#12388);
#10224=AXIS2_PLACEMENT_3D('',#15067,#12390,#12391);
#10225=AXIS2_PLACEMENT_3D('',#15069,#12393,#12394);
#10226=AXIS2_PLACEMENT_3D('',#15071,#12396,#12397);
#10227=AXIS2_PLACEMENT_3D('',#15072,#12398,#12399);
#10228=AXIS2_PLACEMENT_3D('',#15073,#12400,#12401);
#10229=AXIS2_PLACEMENT_3D('',#15074,#12402,#12403);
#10230=AXIS2_PLACEMENT_3D('',#15075,#12404,#12405);
#10231=AXIS2_PLACEMENT_3D('',#15076,#12406,#12407);
#10232=AXIS2_PLACEMENT_3D('',#15077,#12408,#12409);
#10233=AXIS2_PLACEMENT_3D('',#15078,#12410,#12411);
#10234=AXIS2_PLACEMENT_3D('',#15079,#12412,#12413);
#10235=AXIS2_PLACEMENT_3D('',#15080,#12414,#12415);
#10236=AXIS2_PLACEMENT_3D('',#15081,#12416,#12417);
#10237=AXIS2_PLACEMENT_3D('',#15082,#12418,#12419);
#10238=AXIS2_PLACEMENT_3D('',#15083,#12420,#12421);
#10239=AXIS2_PLACEMENT_3D('',#15084,#12422,#12423);
#10240=AXIS2_PLACEMENT_3D('',#15085,#12424,#12425);
#10241=AXIS2_PLACEMENT_3D('',#15086,#12426,#12427);
#10242=AXIS2_PLACEMENT_3D('',#15087,#12428,#12429);
#10243=AXIS2_PLACEMENT_3D('',#15096,#12434,#12435);
#10244=AXIS2_PLACEMENT_3D('',#15097,#12436,#12437);
#10245=AXIS2_PLACEMENT_3D('',#15101,#12439,#12440);
#10246=AXIS2_PLACEMENT_3D('',#15106,#12443,#12444);
#10247=AXIS2_PLACEMENT_3D('',#15112,#12448,#12449);
#10248=AXIS2_PLACEMENT_3D('',#15116,#12451,#12452);
#10249=AXIS2_PLACEMENT_3D('',#15118,#12454,#12455);
#10250=AXIS2_PLACEMENT_3D('',#15119,#12456,#12457);
#10251=AXIS2_PLACEMENT_3D('',#15120,#12458,#12459);
#10252=AXIS2_PLACEMENT_3D('',#15123,#12462,#12463);
#10253=AXIS2_PLACEMENT_3D('',#15124,#12464,#12465);
#10254=AXIS2_PLACEMENT_3D('',#15125,#12466,#12467);
#10255=AXIS2_PLACEMENT_3D('',#15126,#12468,#12469);
#10256=AXIS2_PLACEMENT_3D('',#15130,#12471,#12472);
#10257=AXIS2_PLACEMENT_3D('',#15144,#12479,#12480);
#10258=AXIS2_PLACEMENT_3D('',#15148,#12482,#12483);
#10259=AXIS2_PLACEMENT_3D('',#15149,#12484,#12485);
#10260=AXIS2_PLACEMENT_3D('',#15155,#12489,#12490);
#10261=AXIS2_PLACEMENT_3D('',#15161,#12494,#12495);
#10262=AXIS2_PLACEMENT_3D('',#15165,#12497,#12498);
#10263=AXIS2_PLACEMENT_3D('',#15173,#12503,#12504);
#10264=AXIS2_PLACEMENT_3D('',#15177,#12506,#12507);
#10265=AXIS2_PLACEMENT_3D('',#15178,#12508,#12509);
#10266=AXIS2_PLACEMENT_3D('',#15206,#12512,#12513);
#10267=AXIS2_PLACEMENT_3D('',#15208,#12515,#12516);
#10268=AXIS2_PLACEMENT_3D('',#15209,#12517,#12518);
#10269=AXIS2_PLACEMENT_3D('',#15214,#12519,#12520);
#10270=AXIS2_PLACEMENT_3D('',#15231,#12523,#12524);
#10271=AXIS2_PLACEMENT_3D('',#15248,#12527,#12528);
#10272=AXIS2_PLACEMENT_3D('',#15249,#12529,#12530);
#10273=AXIS2_PLACEMENT_3D('',#15251,#12531,#12532);
#10274=AXIS2_PLACEMENT_3D('',#15254,#12534,#12535);
#10275=AXIS2_PLACEMENT_3D('',#15255,#12536,#12537);
#10276=AXIS2_PLACEMENT_3D('',#15262,#12538,#12539);
#10277=AXIS2_PLACEMENT_3D('',#15271,#12540,#12541);
#10278=AXIS2_PLACEMENT_3D('',#15272,#12542,#12543);
#10279=AXIS2_PLACEMENT_3D('',#15279,#12544,#12545);
#10280=AXIS2_PLACEMENT_3D('',#15281,#12547,#12548);
#10281=AXIS2_PLACEMENT_3D('',#15286,#12549,#12550);
#10282=AXIS2_PLACEMENT_3D('',#15291,#12551,#12552);
#10283=AXIS2_PLACEMENT_3D('',#15292,#12553,#12554);
#10284=AXIS2_PLACEMENT_3D('',#15308,#12555,#12556);
#10285=AXIS2_PLACEMENT_3D('',#15309,#12557,#12558);
#10286=AXIS2_PLACEMENT_3D('',#15310,#12559,#12560);
#10287=AXIS2_PLACEMENT_3D('',#15313,#12562,#12563);
#10288=AXIS2_PLACEMENT_3D('',#15318,#12564,#12565);
#10289=AXIS2_PLACEMENT_3D('',#15323,#12566,#12567);
#10290=AXIS2_PLACEMENT_3D('',#15330,#12569,#12570);
#10291=AXIS2_PLACEMENT_3D('',#15331,#12571,#12572);
#10292=AXIS2_PLACEMENT_3D('',#15332,#12573,#12574);
#10293=AXIS2_PLACEMENT_3D('',#15337,#12575,#12576);
#10294=AXIS2_PLACEMENT_3D('',#15338,#12577,#12578);
#10295=AXIS2_PLACEMENT_3D('',#15339,#12579,#12580);
#10296=AXIS2_PLACEMENT_3D('',#15340,#12581,#12582);
#10297=AXIS2_PLACEMENT_3D('',#15341,#12583,#12584);
#10298=AXIS2_PLACEMENT_3D('',#15342,#12585,#12586);
#10299=AXIS2_PLACEMENT_3D('',#15343,#12587,#12588);
#10300=AXIS2_PLACEMENT_3D('',#15344,#12589,#12590);
#10301=AXIS2_PLACEMENT_3D('',#15346,#12591,#12592);
#10302=AXIS2_PLACEMENT_3D('',#15348,#12593,#12594);
#10303=AXIS2_PLACEMENT_3D('',#15349,#12595,#12596);
#10304=AXIS2_PLACEMENT_3D('',#15351,#12597,#12598);
#10305=AXIS2_PLACEMENT_3D('',#15352,#12599,#12600);
#10306=AXIS2_PLACEMENT_3D('',#15354,#12601,#12602);
#10307=AXIS2_PLACEMENT_3D('',#15355,#12603,#12604);
#10308=AXIS2_PLACEMENT_3D('',#15357,#12605,#12606);
#10309=AXIS2_PLACEMENT_3D('',#15358,#12607,#12608);
#10310=AXIS2_PLACEMENT_3D('',#15360,#12609,#12610);
#10311=AXIS2_PLACEMENT_3D('',#15361,#12611,#12612);
#10312=AXIS2_PLACEMENT_3D('',#15363,#12613,#12614);
#10313=AXIS2_PLACEMENT_3D('',#15364,#12615,#12616);
#10314=AXIS2_PLACEMENT_3D('',#15366,#12617,#12618);
#10315=AXIS2_PLACEMENT_3D('',#15367,#12619,#12620);
#10316=AXIS2_PLACEMENT_3D('',#15368,#12621,#12622);
#10317=AXIS2_PLACEMENT_3D('',#15369,#12623,#12624);
#10318=AXIS2_PLACEMENT_3D('',#15370,#12625,#12626);
#10319=AXIS2_PLACEMENT_3D('',#15372,#12627,#12628);
#10320=AXIS2_PLACEMENT_3D('',#15374,#12629,#12630);
#10321=AXIS2_PLACEMENT_3D('',#15375,#12631,#12632);
#10322=AXIS2_PLACEMENT_3D('',#15377,#12633,#12634);
#10323=AXIS2_PLACEMENT_3D('',#15378,#12635,#12636);
#10324=AXIS2_PLACEMENT_3D('',#15380,#12637,#12638);
#10325=AXIS2_PLACEMENT_3D('',#15381,#12639,#12640);
#10326=AXIS2_PLACEMENT_3D('',#15383,#12641,#12642);
#10327=AXIS2_PLACEMENT_3D('',#15384,#12643,#12644);
#10328=AXIS2_PLACEMENT_3D('',#15386,#12645,#12646);
#10329=AXIS2_PLACEMENT_3D('',#15387,#12647,#12648);
#10330=AXIS2_PLACEMENT_3D('',#15388,#12649,#12650);
#10331=AXIS2_PLACEMENT_3D('',#15389,#12651,#12652);
#10332=AXIS2_PLACEMENT_3D('',#15390,#12653,#12654);
#10333=AXIS2_PLACEMENT_3D('',#15391,#12655,#12656);
#10334=AXIS2_PLACEMENT_3D('',#15393,#12657,#12658);
#10335=AXIS2_PLACEMENT_3D('',#15395,#12659,#12660);
#10336=AXIS2_PLACEMENT_3D('',#15397,#12661,#12662);
#10337=AXIS2_PLACEMENT_3D('',#15399,#12663,#12664);
#10338=AXIS2_PLACEMENT_3D('',#15401,#12665,#12666);
#10339=AXIS2_PLACEMENT_3D('',#15406,#12668,#12669);
#10340=AXIS2_PLACEMENT_3D('',#15410,#12671,#12672);
#10341=AXIS2_PLACEMENT_3D('',#15414,#12674,#12675);
#10342=AXIS2_PLACEMENT_3D('',#15418,#12677,#12678);
#10343=AXIS2_PLACEMENT_3D('',#15419,#12679,#12680);
#10344=AXIS2_PLACEMENT_3D('',#15428,#12685,#12686);
#10345=AXIS2_PLACEMENT_3D('',#15434,#12690,#12691);
#10346=AXIS2_PLACEMENT_3D('',#15440,#12695,#12696);
#10347=AXIS2_PLACEMENT_3D('',#15443,#12699,#12700);
#10348=AXIS2_PLACEMENT_3D('',#15449,#12704,#12705);
#10349=AXIS2_PLACEMENT_3D('',#15455,#12709,#12710);
#10350=AXIS2_PLACEMENT_3D('',#15461,#12714,#12715);
#10351=AXIS2_PLACEMENT_3D('',#15467,#12719,#12720);
#10352=AXIS2_PLACEMENT_3D('',#15468,#12721,#12722);
#10353=AXIS2_PLACEMENT_3D('',#15470,#12723,#12724);
#10354=AXIS2_PLACEMENT_3D('',#15472,#12725,#12726);
#10355=AXIS2_PLACEMENT_3D('',#15474,#12727,#12728);
#10356=AXIS2_PLACEMENT_3D('',#15476,#12729,#12730);
#10357=AXIS2_PLACEMENT_3D('',#15478,#12731,#12732);
#10358=AXIS2_PLACEMENT_3D('',#15480,#12733,#12734);
#10359=AXIS2_PLACEMENT_3D('',#15481,#12735,#12736);
#10360=AXIS2_PLACEMENT_3D('',#15482,#12737,#12738);
#10361=AXIS2_PLACEMENT_3D('',#15483,#12739,#12740);
#10362=AXIS2_PLACEMENT_3D('',#15484,#12741,#12742);
#10363=AXIS2_PLACEMENT_3D('',#15485,#12743,#12744);
#10364=AXIS2_PLACEMENT_3D('',#15486,#12745,#12746);
#10365=AXIS2_PLACEMENT_3D('',#15487,#12747,#12748);
#10366=AXIS2_PLACEMENT_3D('',#15488,#12749,#12750);
#10367=AXIS2_PLACEMENT_3D('',#15489,#12751,#12752);
#10368=AXIS2_PLACEMENT_3D('',#15490,#12753,#12754);
#10369=AXIS2_PLACEMENT_3D('',#15492,#12755,#12756);
#10370=AXIS2_PLACEMENT_3D('',#15493,#12757,#12758);
#10371=AXIS2_PLACEMENT_3D('',#15495,#12759,#12760);
#10372=AXIS2_PLACEMENT_3D('',#15496,#12761,#12762);
#10373=AXIS2_PLACEMENT_3D('',#15497,#12763,#12764);
#10374=AXIS2_PLACEMENT_3D('',#15499,#12765,#12766);
#10375=AXIS2_PLACEMENT_3D('',#15500,#12767,#12768);
#10376=AXIS2_PLACEMENT_3D('',#15502,#12769,#12770);
#10377=AXIS2_PLACEMENT_3D('',#15503,#12771,#12772);
#10378=AXIS2_PLACEMENT_3D('',#15504,#12773,#12774);
#10379=AXIS2_PLACEMENT_3D('',#15506,#12775,#12776);
#10380=AXIS2_PLACEMENT_3D('',#15507,#12777,#12778);
#10381=AXIS2_PLACEMENT_3D('',#15509,#12779,#12780);
#10382=AXIS2_PLACEMENT_3D('',#15510,#12781,#12782);
#10383=AXIS2_PLACEMENT_3D('',#15511,#12783,#12784);
#10384=AXIS2_PLACEMENT_3D('',#15513,#12785,#12786);
#10385=AXIS2_PLACEMENT_3D('',#15514,#12787,#12788);
#10386=AXIS2_PLACEMENT_3D('',#15516,#12789,#12790);
#10387=AXIS2_PLACEMENT_3D('',#15517,#12791,#12792);
#10388=AXIS2_PLACEMENT_3D('',#15518,#12793,#12794);
#10389=AXIS2_PLACEMENT_3D('',#15520,#12795,#12796);
#10390=AXIS2_PLACEMENT_3D('',#15521,#12797,#12798);
#10391=AXIS2_PLACEMENT_3D('',#15523,#12799,#12800);
#10392=AXIS2_PLACEMENT_3D('',#15524,#12801,#12802);
#10393=AXIS2_PLACEMENT_3D('',#15525,#12803,#12804);
#10394=AXIS2_PLACEMENT_3D('',#15527,#12805,#12806);
#10395=AXIS2_PLACEMENT_3D('',#15528,#12807,#12808);
#10396=AXIS2_PLACEMENT_3D('',#15530,#12809,#12810);
#10397=AXIS2_PLACEMENT_3D('',#15531,#12811,#12812);
#10398=AXIS2_PLACEMENT_3D('',#15532,#12813,#12814);
#10399=AXIS2_PLACEMENT_3D('',#15533,#12815,#12816);
#10400=AXIS2_PLACEMENT_3D('',#15534,#12817,#12818);
#10401=AXIS2_PLACEMENT_3D('',#15535,#12819,#12820);
#10402=AXIS2_PLACEMENT_3D('',#15536,#12821,#12822);
#10403=AXIS2_PLACEMENT_3D('',#15537,#12823,#12824);
#10404=AXIS2_PLACEMENT_3D('',#15538,#12825,#12826);
#10405=AXIS2_PLACEMENT_3D('',#15539,#12827,#12828);
#10406=AXIS2_PLACEMENT_3D('',#15540,#12829,#12830);
#10407=AXIS2_PLACEMENT_3D('',#15541,#12831,#12832);
#10408=AXIS2_PLACEMENT_3D('',#15542,#12833,#12834);
#10409=AXIS2_PLACEMENT_3D('',#15543,#12835,#12836);
#10410=AXIS2_PLACEMENT_3D('',#15544,#12837,#12838);
#10411=AXIS2_PLACEMENT_3D('',#15545,#12839,#12840);
#10412=AXIS2_PLACEMENT_3D('',#15546,#12841,#12842);
#10413=AXIS2_PLACEMENT_3D('',#15547,#12843,#12844);
#10414=AXIS2_PLACEMENT_3D('',#15548,#12845,#12846);
#10415=AXIS2_PLACEMENT_3D('',#15549,#12847,#12848);
#10416=AXIS2_PLACEMENT_3D('',#15550,#12849,#12850);
#10417=AXIS2_PLACEMENT_3D('',#15551,#12851,#12852);
#10418=AXIS2_PLACEMENT_3D('',#15552,#12853,#12854);
#10419=AXIS2_PLACEMENT_3D('',#15553,#12855,#12856);
#10420=AXIS2_PLACEMENT_3D('',#15554,#12857,#12858);
#10421=AXIS2_PLACEMENT_3D('',#15555,#12859,#12860);
#10422=AXIS2_PLACEMENT_3D('',#15556,#12861,#12862);
#10423=AXIS2_PLACEMENT_3D('',#15557,#12863,#12864);
#10424=AXIS2_PLACEMENT_3D('',#15558,#12865,#12866);
#10425=AXIS2_PLACEMENT_3D('',#15559,#12867,#12868);
#10426=AXIS2_PLACEMENT_3D('',#15560,#12869,#12870);
#10427=AXIS2_PLACEMENT_3D('',#15573,#12876,#12877);
#10428=AXIS2_PLACEMENT_3D('',#15577,#12879,#12880);
#10429=AXIS2_PLACEMENT_3D('',#15581,#12882,#12883);
#10430=AXIS2_PLACEMENT_3D('',#15584,#12885,#12886);
#10431=AXIS2_PLACEMENT_3D('',#15593,#12891,#12892);
#10432=AXIS2_PLACEMENT_3D('',#15602,#12897,#12898);
#10433=AXIS2_PLACEMENT_3D('',#15611,#12903,#12904);
#10434=AXIS2_PLACEMENT_3D('',#15614,#12906,#12907);
#10435=AXIS2_PLACEMENT_3D('',#15618,#12909,#12910);
#10436=AXIS2_PLACEMENT_3D('',#15622,#12912,#12913);
#10437=AXIS2_PLACEMENT_3D('',#15626,#12915,#12916);
#10438=AXIS2_PLACEMENT_3D('',#15633,#12920,#12921);
#10439=AXIS2_PLACEMENT_3D('',#15639,#12925,#12926);
#10440=AXIS2_PLACEMENT_3D('',#15642,#12929,#12930);
#10441=AXIS2_PLACEMENT_3D('',#15651,#12935,#12936);
#10442=AXIS2_PLACEMENT_3D('',#15668,#12945,#12946);
#10443=AXIS2_PLACEMENT_3D('',#15669,#12947,#12948);
#10444=AXIS2_PLACEMENT_3D('',#15671,#12949,#12950);
#10445=AXIS2_PLACEMENT_3D('',#15673,#12951,#12952);
#10446=AXIS2_PLACEMENT_3D('',#15675,#12953,#12954);
#10447=AXIS2_PLACEMENT_3D('',#15677,#12955,#12956);
#10448=AXIS2_PLACEMENT_3D('',#15679,#12957,#12958);
#10449=AXIS2_PLACEMENT_3D('',#15683,#12961,#12962);
#10450=AXIS2_PLACEMENT_3D('',#15684,#12963,#12964);
#10451=AXIS2_PLACEMENT_3D('',#15685,#12965,#12966);
#10452=AXIS2_PLACEMENT_3D('',#15686,#12967,#12968);
#10453=AXIS2_PLACEMENT_3D('',#15687,#12969,#12970);
#10454=AXIS2_PLACEMENT_3D('',#15688,#12971,#12972);
#10455=AXIS2_PLACEMENT_3D('',#15689,#12973,#12974);
#10456=AXIS2_PLACEMENT_3D('',#15690,#12975,#12976);
#10457=AXIS2_PLACEMENT_3D('',#15691,#12977,#12978);
#10458=AXIS2_PLACEMENT_3D('',#15692,#12979,#12980);
#10459=AXIS2_PLACEMENT_3D('',#15693,#12981,#12982);
#10460=AXIS2_PLACEMENT_3D('',#15694,#12983,#12984);
#10461=AXIS2_PLACEMENT_3D('',#15695,#12985,#12986);
#10462=AXIS2_PLACEMENT_3D('',#15696,#12987,#12988);
#10463=AXIS2_PLACEMENT_3D('',#15697,#12989,#12990);
#10464=AXIS2_PLACEMENT_3D('',#15698,#12991,#12992);
#10465=AXIS2_PLACEMENT_3D('',#15699,#12993,#12994);
#10466=AXIS2_PLACEMENT_3D('',#15700,#12995,#12996);
#10467=AXIS2_PLACEMENT_3D('',#15702,#12997,#12998);
#10468=AXIS2_PLACEMENT_3D('',#15703,#12999,#13000);
#10469=AXIS2_PLACEMENT_3D('',#15704,#13001,#13002);
#10470=AXIS2_PLACEMENT_3D('',#15707,#13004,#13005);
#10471=AXIS2_PLACEMENT_3D('',#15708,#13006,#13007);
#10472=AXIS2_PLACEMENT_3D('',#15709,#13008,#13009);
#10473=AXIS2_PLACEMENT_3D('',#15710,#13010,#13011);
#10474=AXIS2_PLACEMENT_3D('',#15711,#13012,#13013);
#10475=AXIS2_PLACEMENT_3D('',#15712,#13014,#13015);
#10476=AXIS2_PLACEMENT_3D('',#15713,#13016,#13017);
#10477=AXIS2_PLACEMENT_3D('',#15735,#13018,#13019);
#10478=AXIS2_PLACEMENT_3D('',#15736,#13020,#13021);
#10479=AXIS2_PLACEMENT_3D('',#15758,#13022,#13023);
#10480=AXIS2_PLACEMENT_3D('',#15759,#13024,#13025);
#10481=AXIS2_PLACEMENT_3D('',#15781,#13026,#13027);
#10482=AXIS2_PLACEMENT_3D('',#15782,#13028,#13029);
#10483=AXIS2_PLACEMENT_3D('',#15804,#13030,#13031);
#10484=AXIS2_PLACEMENT_3D('',#15807,#13034,#13035);
#10485=AXIS2_PLACEMENT_3D('',#15809,#13037,#13038);
#10486=AXIS2_PLACEMENT_3D('',#15811,#13040,#13041);
#10487=AXIS2_PLACEMENT_3D('',#15813,#13043,#13044);
#10488=AXIS2_PLACEMENT_3D('',#15815,#13046,#13047);
#10489=AXIS2_PLACEMENT_3D('',#15816,#13048,#13049);
#10490=AXIS2_PLACEMENT_3D('',#15817,#13050,#13051);
#10491=AXIS2_PLACEMENT_3D('',#15819,#13052,#13053);
#10492=AXIS2_PLACEMENT_3D('',#15821,#13054,#13055);
#10493=AXIS2_PLACEMENT_3D('',#15822,#13056,#13057);
#10494=AXIS2_PLACEMENT_3D('',#15824,#13058,#13059);
#10495=AXIS2_PLACEMENT_3D('',#15826,#13060,#13061);
#10496=AXIS2_PLACEMENT_3D('',#15827,#13062,#13063);
#10497=AXIS2_PLACEMENT_3D('',#15829,#13064,#13065);
#10498=AXIS2_PLACEMENT_3D('',#15831,#13066,#13067);
#10499=AXIS2_PLACEMENT_3D('',#15832,#13068,#13069);
#10500=AXIS2_PLACEMENT_3D('',#15834,#13070,#13071);
#10501=AXIS2_PLACEMENT_3D('',#15836,#13072,#13073);
#10502=AXIS2_PLACEMENT_3D('',#15837,#13074,#13075);
#10503=AXIS2_PLACEMENT_3D('',#15839,#13076,#13077);
#10504=AXIS2_PLACEMENT_3D('',#15841,#13078,#13079);
#10505=AXIS2_PLACEMENT_3D('',#15842,#13080,#13081);
#10506=AXIS2_PLACEMENT_3D('',#15844,#13082,#13083);
#10507=AXIS2_PLACEMENT_3D('',#15846,#13084,#13085);
#10508=AXIS2_PLACEMENT_3D('',#15847,#13086,#13087);
#10509=AXIS2_PLACEMENT_3D('',#15848,#13088,#13089);
#10510=AXIS2_PLACEMENT_3D('',#15849,#13090,#13091);
#10511=AXIS2_PLACEMENT_3D('',#15850,#13092,#13093);
#10512=AXIS2_PLACEMENT_3D('',#15851,#13094,#13095);
#10513=AXIS2_PLACEMENT_3D('',#15852,#13096,#13097);
#10514=AXIS2_PLACEMENT_3D('',#15853,#13098,#13099);
#10515=AXIS2_PLACEMENT_3D('',#15854,#13100,#13101);
#10516=AXIS2_PLACEMENT_3D('',#15855,#13102,#13103);
#10517=AXIS2_PLACEMENT_3D('',#15856,#13104,#13105);
#10518=AXIS2_PLACEMENT_3D('',#15857,#13106,#13107);
#10519=AXIS2_PLACEMENT_3D('',#15858,#13108,#13109);
#10520=AXIS2_PLACEMENT_3D('',#15859,#13110,#13111);
#10521=AXIS2_PLACEMENT_3D('',#15860,#13112,#13113);
#10522=AXIS2_PLACEMENT_3D('',#15861,#13114,#13115);
#10523=AXIS2_PLACEMENT_3D('',#15862,#13116,#13117);
#10524=AXIS2_PLACEMENT_3D('',#15863,#13118,#13119);
#10525=AXIS2_PLACEMENT_3D('',#15864,#13120,#13121);
#10526=AXIS2_PLACEMENT_3D('',#15865,#13122,#13123);
#10527=AXIS2_PLACEMENT_3D('',#15866,#13124,#13125);
#10528=AXIS2_PLACEMENT_3D('',#15867,#13126,#13127);
#10529=AXIS2_PLACEMENT_3D('',#15868,#13128,#13129);
#10530=AXIS2_PLACEMENT_3D('',#15877,#13134,#13135);
#10531=AXIS2_PLACEMENT_3D('',#15886,#13140,#13141);
#10532=AXIS2_PLACEMENT_3D('',#15894,#13143,#13144);
#10533=AXIS2_PLACEMENT_3D('',#15895,#13145,#13146);
#10534=AXIS2_PLACEMENT_3D('',#15901,#13147,#13148);
#10535=AXIS2_PLACEMENT_3D('',#15904,#13150,#13151);
#10536=AXIS2_PLACEMENT_3D('',#15913,#13154,#13155);
#10537=AXIS2_PLACEMENT_3D('',#15918,#13156,#13157);
#10538=AXIS2_PLACEMENT_3D('',#15919,#13158,#13159);
#10539=AXIS2_PLACEMENT_3D('',#15928,#13164,#13165);
#10540=AXIS2_PLACEMENT_3D('',#15931,#13167,#13168);
#10541=AXIS2_PLACEMENT_3D('',#15935,#13171,#13172);
#10542=AXIS2_PLACEMENT_3D('',#15940,#13173,#13174);
#10543=AXIS2_PLACEMENT_3D('',#15946,#13178,#13179);
#10544=AXIS2_PLACEMENT_3D('',#15950,#13182,#13183);
#10545=AXIS2_PLACEMENT_3D('',#15954,#13186,#13187);
#10546=AXIS2_PLACEMENT_3D('',#15956,#13189,#13190);
#10547=AXIS2_PLACEMENT_3D('',#15957,#13191,#13192);
#10548=AXIS2_PLACEMENT_3D('',#15959,#13193,#13194);
#10549=AXIS2_PLACEMENT_3D('',#16414,#13195,#13196);
#10550=AXIS2_PLACEMENT_3D('',#16415,#13197,#13198);
#10551=AXIS2_PLACEMENT_3D('',#16417,#13199,#13200);
#10552=AXIS2_PLACEMENT_3D('',#16426,#13205,#13206);
#10553=AXIS2_PLACEMENT_3D('',#16432,#13210,#13211);
#10554=AXIS2_PLACEMENT_3D('',#16441,#13216,#13217);
#10555=AXIS2_PLACEMENT_3D('',#16447,#13221,#13222);
#10556=AXIS2_PLACEMENT_3D('',#16453,#13226,#13227);
#10557=AXIS2_PLACEMENT_3D('',#16456,#13230,#13231);
#10558=AXIS2_PLACEMENT_3D('',#16468,#13238,#13239);
#10559=AXIS2_PLACEMENT_3D('',#16493,#13252,#13253);
#10560=AXIS2_PLACEMENT_3D('',#16497,#13256,#13257);
#10561=AXIS2_PLACEMENT_3D('',#16501,#13260,#13261);
#10562=AXIS2_PLACEMENT_3D('',#16505,#13264,#13265);
#10563=AXIS2_PLACEMENT_3D('',#16509,#13268,#13269);
#10564=AXIS2_PLACEMENT_3D('',#16513,#13272,#13273);
#10565=AXIS2_PLACEMENT_3D('',#16515,#13275,#13276);
#10566=AXIS2_PLACEMENT_3D('',#16518,#13279,#13280);
#10567=AXIS2_PLACEMENT_3D('',#16520,#13282,#13283);
#10568=AXIS2_PLACEMENT_3D('',#16522,#13285,#13286);
#10569=AXIS2_PLACEMENT_3D('',#16525,#13289,#13290);
#10570=AXIS2_PLACEMENT_3D('',#16527,#13292,#13293);
#10571=AXIS2_PLACEMENT_3D('',#16529,#13295,#13296);
#10572=AXIS2_PLACEMENT_3D('',#16531,#13298,#13299);
#10573=AXIS2_PLACEMENT_3D('',#16533,#13301,#13302);
#10574=AXIS2_PLACEMENT_3D('',#16535,#13304,#13305);
#10575=AXIS2_PLACEMENT_3D('',#16537,#13307,#13308);
#10576=AXIS2_PLACEMENT_3D('',#16538,#13309,#13310);
#10577=AXIS2_PLACEMENT_3D('',#16774,#13311,#13312);
#10578=AXIS2_PLACEMENT_3D('',#16775,#13313,#13314);
#10579=AXIS2_PLACEMENT_3D('',#16776,#13315,#13316);
#10580=AXIS2_PLACEMENT_3D('',#16777,#13317,#13318);
#10581=AXIS2_PLACEMENT_3D('',#16778,#13319,#13320);
#10582=AXIS2_PLACEMENT_3D('',#16779,#13321,#13322);
#10583=AXIS2_PLACEMENT_3D('',#16780,#13323,#13324);
#10584=AXIS2_PLACEMENT_3D('',#16781,#13325,#13326);
#10585=AXIS2_PLACEMENT_3D('',#16782,#13327,#13328);
#10586=AXIS2_PLACEMENT_3D('',#16783,#13329,#13330);
#10587=AXIS2_PLACEMENT_3D('',#16784,#13331,#13332);
#10588=AXIS2_PLACEMENT_3D('',#16785,#13333,#13334);
#10589=AXIS2_PLACEMENT_3D('',#16786,#13335,#13336);
#10590=AXIS2_PLACEMENT_3D('',#16787,#13337,#13338);
#10591=AXIS2_PLACEMENT_3D('',#16788,#13339,#13340);
#10592=AXIS2_PLACEMENT_3D('',#16789,#13341,#13342);
#10593=AXIS2_PLACEMENT_3D('',#16790,#13343,#13344);
#10594=AXIS2_PLACEMENT_3D('',#16791,#13345,#13346);
#10595=AXIS2_PLACEMENT_3D('',#16792,#13347,#13348);
#10596=AXIS2_PLACEMENT_3D('',#16793,#13349,#13350);
#10597=AXIS2_PLACEMENT_3D('',#16794,#13351,#13352);
#10598=AXIS2_PLACEMENT_3D('',#16795,#13353,#13354);
#10599=AXIS2_PLACEMENT_3D('',#16796,#13355,#13356);
#10600=AXIS2_PLACEMENT_3D('',#16797,#13357,#13358);
#10601=AXIS2_PLACEMENT_3D('',#16798,#13359,#13360);
#10602=AXIS2_PLACEMENT_3D('',#16799,#13361,#13362);
#10603=AXIS2_PLACEMENT_3D('',#16800,#13363,#13364);
#10604=AXIS2_PLACEMENT_3D('',#16801,#13365,#13366);
#10605=AXIS2_PLACEMENT_3D('',#16802,#13367,#13368);
#10606=AXIS2_PLACEMENT_3D('',#16803,#13369,#13370);
#10607=AXIS2_PLACEMENT_3D('',#16804,#13371,#13372);
#10608=AXIS2_PLACEMENT_3D('',#16805,#13373,#13374);
#10609=AXIS2_PLACEMENT_3D('',#16806,#13375,#13376);
#10610=AXIS2_PLACEMENT_3D('',#16807,#13377,#13378);
#10611=AXIS2_PLACEMENT_3D('',#16808,#13379,#13380);
#10612=AXIS2_PLACEMENT_3D('',#16809,#13381,#13382);
#10613=AXIS2_PLACEMENT_3D('',#16810,#13383,#13384);
#10614=AXIS2_PLACEMENT_3D('',#16811,#13385,#13386);
#10615=AXIS2_PLACEMENT_3D('',#16812,#13387,#13388);
#10616=AXIS2_PLACEMENT_3D('',#16813,#13389,#13390);
#10617=AXIS2_PLACEMENT_3D('',#16814,#13391,#13392);
#10618=AXIS2_PLACEMENT_3D('',#16815,#13393,#13394);
#10619=AXIS2_PLACEMENT_3D('',#16816,#13395,#13396);
#10620=AXIS2_PLACEMENT_3D('',#16817,#13397,#13398);
#10621=AXIS2_PLACEMENT_3D('',#16818,#13399,#13400);
#10622=AXIS2_PLACEMENT_3D('',#16819,#13401,#13402);
#10623=AXIS2_PLACEMENT_3D('',#16820,#13403,#13404);
#10624=AXIS2_PLACEMENT_3D('',#16821,#13405,#13406);
#10625=AXIS2_PLACEMENT_3D('',#16822,#13407,#13408);
#10626=AXIS2_PLACEMENT_3D('',#16823,#13409,#13410);
#10627=AXIS2_PLACEMENT_3D('',#16824,#13411,#13412);
#10628=AXIS2_PLACEMENT_3D('',#16825,#13413,#13414);
#10629=AXIS2_PLACEMENT_3D('',#16826,#13415,#13416);
#10630=AXIS2_PLACEMENT_3D('',#16827,#13417,#13418);
#10631=AXIS2_PLACEMENT_3D('',#16828,#13419,#13420);
#10632=AXIS2_PLACEMENT_3D('',#16829,#13421,#13422);
#10633=AXIS2_PLACEMENT_3D('',#16830,#13423,#13424);
#10634=AXIS2_PLACEMENT_3D('',#16831,#13425,#13426);
#10635=AXIS2_PLACEMENT_3D('',#16832,#13427,#13428);
#10636=AXIS2_PLACEMENT_3D('',#16833,#13429,#13430);
#10637=DIRECTION('',(0.,0.,1.));
#10638=DIRECTION('',(1.,0.,0.));
#10639=DIRECTION('',(0.,-1.,0.));
#10640=DIRECTION('',(-1.,0.,0.));
#10641=DIRECTION('',(0.,0.,-1.));
#10642=DIRECTION('',(-1.,0.,0.));
#10643=DIRECTION('',(0.,0.,-1.));
#10644=DIRECTION('',(1.,0.,0.));
#10645=DIRECTION('',(1.,0.,0.));
#10646=DIRECTION('',(0.,-1.,0.));
#10647=DIRECTION('',(0.,0.,-1.));
#10648=DIRECTION('',(0.,-1.,0.));
#10649=DIRECTION('',(0.,1.,0.));
#10650=DIRECTION('',(-1.,0.,0.));
#10651=DIRECTION('',(0.,1.,0.));
#10652=DIRECTION('',(0.,1.,0.));
#10653=DIRECTION('',(0.,0.,-1.));
#10654=DIRECTION('',(0.,1.,0.));
#10655=DIRECTION('',(0.,0.,1.));
#10656=DIRECTION('',(1.,0.,0.));
#10657=DIRECTION('',(1.,0.,0.));
#10658=DIRECTION('',(0.,0.,-1.));
#10659=DIRECTION('',(-1.,0.,0.));
#10660=DIRECTION('',(0.,0.,-1.));
#10661=DIRECTION('',(-1.,0.,0.));
#10662=DIRECTION('',(0.,0.,-1.));
#10663=DIRECTION('',(-1.,0.,0.));
#10664=DIRECTION('',(0.,0.,-1.));
#10665=DIRECTION('',(-1.,0.,0.));
#10666=DIRECTION('',(0.,0.,-1.));
#10667=DIRECTION('',(-1.,0.,0.));
#10668=DIRECTION('',(0.,0.,-1.));
#10669=DIRECTION('',(-1.,0.,0.));
#10670=DIRECTION('',(0.,0.,-1.));
#10671=DIRECTION('',(-1.,0.,0.));
#10672=DIRECTION('',(0.,0.,-1.));
#10673=DIRECTION('',(-1.,0.,0.));
#10674=DIRECTION('',(0.,0.,-1.));
#10675=DIRECTION('',(-1.,0.,0.));
#10676=DIRECTION('',(0.,0.,-1.));
#10677=DIRECTION('',(-1.,0.,0.));
#10678=DIRECTION('',(0.,0.,-1.));
#10679=DIRECTION('',(-1.,0.,0.));
#10680=DIRECTION('',(0.,0.,-1.));
#10681=DIRECTION('',(-1.,0.,0.));
#10682=DIRECTION('',(0.,0.,-1.));
#10683=DIRECTION('',(-1.,0.,0.));
#10684=DIRECTION('',(0.,0.,-1.));
#10685=DIRECTION('',(-1.,0.,0.));
#10686=DIRECTION('',(0.,0.,-1.));
#10687=DIRECTION('',(-1.,0.,0.));
#10688=DIRECTION('',(0.,0.,-1.));
#10689=DIRECTION('',(-1.,0.,0.));
#10690=DIRECTION('',(0.,0.,-1.));
#10691=DIRECTION('',(-1.,0.,0.));
#10692=DIRECTION('',(0.,0.,-1.));
#10693=DIRECTION('',(-1.,0.,0.));
#10694=DIRECTION('',(0.,0.,-1.));
#10695=DIRECTION('',(-1.,0.,0.));
#10696=DIRECTION('',(0.,0.,-1.));
#10697=DIRECTION('',(-1.,0.,0.));
#10698=DIRECTION('',(0.,0.,-1.));
#10699=DIRECTION('',(-1.,0.,0.));
#10700=DIRECTION('',(0.,0.,-1.));
#10701=DIRECTION('',(-1.,0.,0.));
#10702=DIRECTION('',(0.,0.,-1.));
#10703=DIRECTION('',(-1.,0.,0.));
#10704=DIRECTION('',(0.,0.,-1.));
#10705=DIRECTION('',(-1.,0.,0.));
#10706=DIRECTION('',(0.,0.,-1.));
#10707=DIRECTION('',(-1.,0.,0.));
#10708=DIRECTION('',(0.,0.,-1.));
#10709=DIRECTION('',(-1.,0.,0.));
#10710=DIRECTION('',(0.,0.,-1.));
#10711=DIRECTION('',(-1.,0.,0.));
#10712=DIRECTION('',(0.,0.,-1.));
#10713=DIRECTION('',(-1.,0.,0.));
#10714=DIRECTION('',(0.,0.,-1.));
#10715=DIRECTION('',(-1.,0.,0.));
#10716=DIRECTION('',(0.,0.,-1.));
#10717=DIRECTION('',(-1.,0.,0.));
#10718=DIRECTION('',(0.,0.,-1.));
#10719=DIRECTION('',(-1.,0.,0.));
#10720=DIRECTION('',(0.,0.,-1.));
#10721=DIRECTION('',(-1.,0.,0.));
#10722=DIRECTION('',(0.,0.,-1.));
#10723=DIRECTION('',(-1.,0.,0.));
#10724=DIRECTION('',(0.,0.,-1.));
#10725=DIRECTION('',(-1.,0.,0.));
#10726=DIRECTION('',(0.,0.,-1.));
#10727=DIRECTION('',(-1.,0.,0.));
#10728=DIRECTION('',(0.,0.,-1.));
#10729=DIRECTION('',(-1.,0.,0.));
#10730=DIRECTION('',(0.,0.,-1.));
#10731=DIRECTION('',(-1.,0.,0.));
#10732=DIRECTION('',(0.,0.,-1.));
#10733=DIRECTION('',(-1.,0.,0.));
#10734=DIRECTION('',(0.,0.,-1.));
#10735=DIRECTION('',(-1.,0.,0.));
#10736=DIRECTION('',(0.,0.,-1.));
#10737=DIRECTION('',(-1.,0.,0.));
#10738=DIRECTION('',(0.,0.,-1.));
#10739=DIRECTION('',(-1.,0.,0.));
#10740=DIRECTION('',(0.,0.,-1.));
#10741=DIRECTION('',(-1.,0.,0.));
#10742=DIRECTION('',(0.,0.,-1.));
#10743=DIRECTION('',(-1.,0.,0.));
#10744=DIRECTION('',(0.,0.,-1.));
#10745=DIRECTION('',(-1.,0.,0.));
#10746=DIRECTION('',(0.,0.,-1.));
#10747=DIRECTION('',(-1.,0.,0.));
#10748=DIRECTION('',(0.,0.,-1.));
#10749=DIRECTION('',(-1.,0.,0.));
#10750=DIRECTION('',(0.,0.,-1.));
#10751=DIRECTION('',(-1.,0.,0.));
#10752=DIRECTION('',(0.,0.,-1.));
#10753=DIRECTION('',(-1.,0.,0.));
#10754=DIRECTION('',(0.,0.,-1.));
#10755=DIRECTION('',(-1.,0.,0.));
#10756=DIRECTION('',(0.,0.,-1.));
#10757=DIRECTION('',(-1.,0.,0.));
#10758=DIRECTION('',(0.,0.,-1.));
#10759=DIRECTION('',(-1.,0.,0.));
#10760=DIRECTION('',(0.,0.,-1.));
#10761=DIRECTION('',(-1.,0.,0.));
#10762=DIRECTION('',(0.,0.,-1.));
#10763=DIRECTION('',(-1.,0.,0.));
#10764=DIRECTION('',(0.,0.,-1.));
#10765=DIRECTION('',(-1.,0.,0.));
#10766=DIRECTION('',(0.,0.,-1.));
#10767=DIRECTION('',(-1.,0.,0.));
#10768=DIRECTION('',(0.,0.,-1.));
#10769=DIRECTION('',(-1.,0.,0.));
#10770=DIRECTION('',(0.,0.,-1.));
#10771=DIRECTION('',(-1.,0.,0.));
#10772=DIRECTION('',(0.,0.,-1.));
#10773=DIRECTION('',(-1.,0.,0.));
#10774=DIRECTION('',(0.,0.,-1.));
#10775=DIRECTION('',(-1.,0.,0.));
#10776=DIRECTION('',(0.,0.,-1.));
#10777=DIRECTION('',(-1.,0.,0.));
#10778=DIRECTION('',(0.,0.,-1.));
#10779=DIRECTION('',(-1.,0.,0.));
#10780=DIRECTION('',(0.,0.,-1.));
#10781=DIRECTION('',(-1.,0.,0.));
#10782=DIRECTION('',(0.,0.,-1.));
#10783=DIRECTION('',(-1.,0.,0.));
#10784=DIRECTION('',(0.,0.,-1.));
#10785=DIRECTION('',(-1.,0.,0.));
#10786=DIRECTION('',(0.,0.,-1.));
#10787=DIRECTION('',(-1.,0.,0.));
#10788=DIRECTION('',(0.,0.,-1.));
#10789=DIRECTION('',(-1.,0.,0.));
#10790=DIRECTION('',(0.,0.,-1.));
#10791=DIRECTION('',(-1.,0.,0.));
#10792=DIRECTION('',(0.,0.,-1.));
#10793=DIRECTION('',(-1.,0.,0.));
#10794=DIRECTION('',(0.,0.,-1.));
#10795=DIRECTION('',(-1.,0.,0.));
#10796=DIRECTION('',(0.,0.,-1.));
#10797=DIRECTION('',(-1.,0.,0.));
#10798=DIRECTION('',(0.,0.,-1.));
#10799=DIRECTION('',(-1.,0.,0.));
#10800=DIRECTION('',(0.,0.,-1.));
#10801=DIRECTION('',(-1.,0.,0.));
#10802=DIRECTION('',(0.,0.,-1.));
#10803=DIRECTION('',(-1.,0.,0.));
#10804=DIRECTION('',(0.,0.,-1.));
#10805=DIRECTION('',(-1.,0.,0.));
#10806=DIRECTION('',(0.,0.,-1.));
#10807=DIRECTION('',(-1.,0.,0.));
#10808=DIRECTION('',(0.,0.,-1.));
#10809=DIRECTION('',(-1.,0.,0.));
#10810=DIRECTION('',(0.,0.,-1.));
#10811=DIRECTION('',(-1.,0.,0.));
#10812=DIRECTION('',(0.,0.,-1.));
#10813=DIRECTION('',(-1.,0.,0.));
#10814=DIRECTION('',(0.,0.,-1.));
#10815=DIRECTION('',(-1.,0.,0.));
#10816=DIRECTION('',(0.,0.,-1.));
#10817=DIRECTION('',(-1.,0.,0.));
#10818=DIRECTION('',(0.,0.,-1.));
#10819=DIRECTION('',(-1.,0.,0.));
#10820=DIRECTION('',(0.,0.,-1.));
#10821=DIRECTION('',(-1.,0.,0.));
#10822=DIRECTION('',(0.,0.,-1.));
#10823=DIRECTION('',(-1.,0.,0.));
#10824=DIRECTION('',(0.,0.,-1.));
#10825=DIRECTION('',(-1.,0.,0.));
#10826=DIRECTION('',(0.,0.,-1.));
#10827=DIRECTION('',(-1.,0.,0.));
#10828=DIRECTION('',(0.,0.,-1.));
#10829=DIRECTION('',(-1.,0.,0.));
#10830=DIRECTION('',(0.,0.,-1.));
#10831=DIRECTION('',(-1.,0.,0.));
#10832=DIRECTION('',(0.,0.,-1.));
#10833=DIRECTION('',(-1.,0.,0.));
#10834=DIRECTION('',(0.,0.,-1.));
#10835=DIRECTION('',(-1.,0.,0.));
#10836=DIRECTION('',(0.,0.,-1.));
#10837=DIRECTION('',(-1.,0.,0.));
#10838=DIRECTION('',(0.,0.,-1.));
#10839=DIRECTION('',(-1.,0.,0.));
#10840=DIRECTION('',(0.,0.,-1.));
#10841=DIRECTION('',(-1.,0.,0.));
#10842=DIRECTION('',(0.,0.,-1.));
#10843=DIRECTION('',(-1.,0.,0.));
#10844=DIRECTION('',(0.,0.,-1.));
#10845=DIRECTION('',(-1.,0.,0.));
#10846=DIRECTION('',(0.,0.,-1.));
#10847=DIRECTION('',(-1.,0.,0.));
#10848=DIRECTION('',(0.,0.,-1.));
#10849=DIRECTION('',(-1.,0.,0.));
#10850=DIRECTION('',(0.,0.,-1.));
#10851=DIRECTION('',(-1.,0.,0.));
#10852=DIRECTION('',(0.,0.,-1.));
#10853=DIRECTION('',(-1.,0.,0.));
#10854=DIRECTION('',(0.,0.,-1.));
#10855=DIRECTION('',(-1.,0.,0.));
#10856=DIRECTION('',(0.,0.,-1.));
#10857=DIRECTION('',(-1.,0.,0.));
#10858=DIRECTION('',(0.,0.,-1.));
#10859=DIRECTION('',(-1.,0.,0.));
#10860=DIRECTION('',(0.,0.,-1.));
#10861=DIRECTION('',(-1.,0.,0.));
#10862=DIRECTION('',(0.,0.,-1.));
#10863=DIRECTION('',(-1.,0.,0.));
#10864=DIRECTION('',(0.,0.,-1.));
#10865=DIRECTION('',(-1.,0.,0.));
#10866=DIRECTION('',(0.,0.,-1.));
#10867=DIRECTION('',(-1.,0.,0.));
#10868=DIRECTION('',(0.,0.,-1.));
#10869=DIRECTION('',(-1.,0.,0.));
#10870=DIRECTION('',(0.,0.,-1.));
#10871=DIRECTION('',(-1.,0.,0.));
#10872=DIRECTION('',(0.,0.,-1.));
#10873=DIRECTION('',(-1.,0.,0.));
#10874=DIRECTION('',(0.,0.,-1.));
#10875=DIRECTION('',(-1.,0.,0.));
#10876=DIRECTION('',(0.,0.,-1.));
#10877=DIRECTION('',(-1.,0.,0.));
#10878=DIRECTION('',(0.,0.,-1.));
#10879=DIRECTION('',(-1.,0.,0.));
#10880=DIRECTION('',(0.,0.,-1.));
#10881=DIRECTION('',(-1.,0.,0.));
#10882=DIRECTION('',(0.,0.,-1.));
#10883=DIRECTION('',(-1.,0.,0.));
#10884=DIRECTION('',(0.,0.,-1.));
#10885=DIRECTION('',(-1.,0.,0.));
#10886=DIRECTION('',(0.,0.,-1.));
#10887=DIRECTION('',(-1.,0.,0.));
#10888=DIRECTION('',(0.,0.,-1.));
#10889=DIRECTION('',(-1.,0.,0.));
#10890=DIRECTION('',(0.,0.,-1.));
#10891=DIRECTION('',(-1.,0.,0.));
#10892=DIRECTION('',(0.,0.,-1.));
#10893=DIRECTION('',(-1.,0.,0.));
#10894=DIRECTION('',(0.,0.,-1.));
#10895=DIRECTION('',(-1.,0.,0.));
#10896=DIRECTION('',(0.,0.,-1.));
#10897=DIRECTION('',(-1.,0.,0.));
#10898=DIRECTION('',(0.,0.,-1.));
#10899=DIRECTION('',(-1.,0.,0.));
#10900=DIRECTION('',(0.,0.,-1.));
#10901=DIRECTION('',(-1.,0.,0.));
#10902=DIRECTION('',(0.,0.,-1.));
#10903=DIRECTION('',(-1.,0.,0.));
#10904=DIRECTION('',(0.,0.,-1.));
#10905=DIRECTION('',(-1.,0.,0.));
#10906=DIRECTION('',(0.,0.,-1.));
#10907=DIRECTION('',(-1.,0.,0.));
#10908=DIRECTION('',(0.,0.,-1.));
#10909=DIRECTION('',(-1.,0.,0.));
#10910=DIRECTION('',(0.,0.,-1.));
#10911=DIRECTION('',(-1.,0.,0.));
#10912=DIRECTION('',(0.,0.,-1.));
#10913=DIRECTION('',(-1.,0.,0.));
#10914=DIRECTION('',(0.,0.,-1.));
#10915=DIRECTION('',(-1.,0.,0.));
#10916=DIRECTION('',(0.,0.,-1.));
#10917=DIRECTION('',(-1.,0.,0.));
#10918=DIRECTION('',(0.,0.,1.));
#10919=DIRECTION('',(1.,0.,0.));
#10920=DIRECTION('',(1.,0.,0.));
#10921=DIRECTION('',(0.,0.,-1.));
#10922=DIRECTION('',(-1.,0.,0.));
#10923=DIRECTION('',(0.,0.,-1.));
#10924=DIRECTION('',(-1.,0.,0.));
#10925=DIRECTION('',(0.,0.,-1.));
#10926=DIRECTION('',(-1.,0.,0.));
#10927=DIRECTION('',(0.,0.,-1.));
#10928=DIRECTION('',(-1.,0.,0.));
#10929=DIRECTION('',(0.,0.,-1.));
#10930=DIRECTION('',(-1.,0.,0.));
#10931=DIRECTION('',(0.,0.,-1.));
#10932=DIRECTION('',(-1.,0.,0.));
#10933=DIRECTION('',(0.,0.,-1.));
#10934=DIRECTION('',(-1.,0.,0.));
#10935=DIRECTION('',(0.,0.,-1.));
#10936=DIRECTION('',(-1.,0.,0.));
#10937=DIRECTION('',(0.,0.,-1.));
#10938=DIRECTION('',(-1.,0.,0.));
#10939=DIRECTION('',(0.,0.,-1.));
#10940=DIRECTION('',(-1.,0.,0.));
#10941=DIRECTION('',(0.,0.,-1.));
#10942=DIRECTION('',(-1.,0.,0.));
#10943=DIRECTION('',(0.,0.,-1.));
#10944=DIRECTION('',(-1.,0.,0.));
#10945=DIRECTION('',(0.,0.,-1.));
#10946=DIRECTION('',(-1.,0.,0.));
#10947=DIRECTION('',(0.,0.,-1.));
#10948=DIRECTION('',(-1.,0.,0.));
#10949=DIRECTION('',(0.,0.,-1.));
#10950=DIRECTION('',(-1.,0.,0.));
#10951=DIRECTION('',(0.,0.,-1.));
#10952=DIRECTION('',(-1.,0.,0.));
#10953=DIRECTION('',(0.,0.,-1.));
#10954=DIRECTION('',(-1.,0.,0.));
#10955=DIRECTION('',(0.,0.,-1.));
#10956=DIRECTION('',(-1.,0.,0.));
#10957=DIRECTION('',(0.,0.,-1.));
#10958=DIRECTION('',(-1.,0.,0.));
#10959=DIRECTION('',(0.,0.,-1.));
#10960=DIRECTION('',(-1.,0.,0.));
#10961=DIRECTION('',(0.,0.,-1.));
#10962=DIRECTION('',(-1.,0.,0.));
#10963=DIRECTION('',(0.,0.,-1.));
#10964=DIRECTION('',(-1.,0.,0.));
#10965=DIRECTION('',(0.,0.,-1.));
#10966=DIRECTION('',(-1.,0.,0.));
#10967=DIRECTION('',(0.,0.,-1.));
#10968=DIRECTION('',(-1.,0.,0.));
#10969=DIRECTION('',(0.,0.,-1.));
#10970=DIRECTION('',(-1.,0.,0.));
#10971=DIRECTION('',(0.,0.,-1.));
#10972=DIRECTION('',(-1.,0.,0.));
#10973=DIRECTION('',(0.,0.,-1.));
#10974=DIRECTION('',(-1.,0.,0.));
#10975=DIRECTION('',(0.,0.,-1.));
#10976=DIRECTION('',(-1.,0.,0.));
#10977=DIRECTION('',(0.,0.,-1.));
#10978=DIRECTION('',(-1.,0.,0.));
#10979=DIRECTION('',(0.,0.,-1.));
#10980=DIRECTION('',(-1.,0.,0.));
#10981=DIRECTION('',(0.,0.,-1.));
#10982=DIRECTION('',(-1.,0.,0.));
#10983=DIRECTION('',(0.,0.,-1.));
#10984=DIRECTION('',(-1.,0.,0.));
#10985=DIRECTION('',(0.,0.,-1.));
#10986=DIRECTION('',(-1.,0.,0.));
#10987=DIRECTION('',(0.,0.,-1.));
#10988=DIRECTION('',(-1.,0.,0.));
#10989=DIRECTION('',(0.,0.,-1.));
#10990=DIRECTION('',(-1.,0.,0.));
#10991=DIRECTION('',(0.,0.,-1.));
#10992=DIRECTION('',(-1.,0.,0.));
#10993=DIRECTION('',(0.,0.,-1.));
#10994=DIRECTION('',(-1.,0.,0.));
#10995=DIRECTION('',(0.,0.,-1.));
#10996=DIRECTION('',(-1.,0.,0.));
#10997=DIRECTION('',(0.,0.,-1.));
#10998=DIRECTION('',(-1.,0.,0.));
#10999=DIRECTION('',(0.,0.,-1.));
#11000=DIRECTION('',(-1.,0.,0.));
#11001=DIRECTION('',(0.,0.,-1.));
#11002=DIRECTION('',(-1.,0.,0.));
#11003=DIRECTION('',(0.,0.,-1.));
#11004=DIRECTION('',(-1.,0.,0.));
#11005=DIRECTION('',(0.,0.,-1.));
#11006=DIRECTION('',(-1.,0.,0.));
#11007=DIRECTION('',(0.,0.,-1.));
#11008=DIRECTION('',(-1.,0.,0.));
#11009=DIRECTION('',(0.,0.,-1.));
#11010=DIRECTION('',(-1.,0.,0.));
#11011=DIRECTION('',(0.,0.,-1.));
#11012=DIRECTION('',(-1.,0.,0.));
#11013=DIRECTION('',(0.,0.,-1.));
#11014=DIRECTION('',(-1.,0.,0.));
#11015=DIRECTION('',(0.,0.,-1.));
#11016=DIRECTION('',(-1.,0.,0.));
#11017=DIRECTION('',(0.,0.,-1.));
#11018=DIRECTION('',(-1.,0.,0.));
#11019=DIRECTION('',(0.,0.,-1.));
#11020=DIRECTION('',(-1.,0.,0.));
#11021=DIRECTION('',(0.,0.,-1.));
#11022=DIRECTION('',(-1.,0.,0.));
#11023=DIRECTION('',(0.,0.,-1.));
#11024=DIRECTION('',(-1.,0.,0.));
#11025=DIRECTION('',(0.,0.,-1.));
#11026=DIRECTION('',(-1.,0.,0.));
#11027=DIRECTION('',(0.,0.,-1.));
#11028=DIRECTION('',(-1.,0.,0.));
#11029=DIRECTION('',(0.,0.,-1.));
#11030=DIRECTION('',(-1.,0.,0.));
#11031=DIRECTION('',(0.,0.,-1.));
#11032=DIRECTION('',(-1.,0.,0.));
#11033=DIRECTION('',(0.,0.,-1.));
#11034=DIRECTION('',(-1.,0.,0.));
#11035=DIRECTION('',(0.,0.,-1.));
#11036=DIRECTION('',(-1.,0.,0.));
#11037=DIRECTION('',(0.,0.,-1.));
#11038=DIRECTION('',(-1.,0.,0.));
#11039=DIRECTION('',(0.,0.,-1.));
#11040=DIRECTION('',(-1.,0.,0.));
#11041=DIRECTION('',(0.,0.,-1.));
#11042=DIRECTION('',(-1.,0.,0.));
#11043=DIRECTION('',(0.,0.,-1.));
#11044=DIRECTION('',(-1.,0.,0.));
#11045=DIRECTION('',(0.,0.,-1.));
#11046=DIRECTION('',(-1.,0.,0.));
#11047=DIRECTION('',(0.,0.,-1.));
#11048=DIRECTION('',(-1.,0.,0.));
#11049=DIRECTION('',(0.,0.,-1.));
#11050=DIRECTION('',(-1.,0.,0.));
#11051=DIRECTION('',(0.,0.,-1.));
#11052=DIRECTION('',(-1.,0.,0.));
#11053=DIRECTION('',(0.,0.,-1.));
#11054=DIRECTION('',(-1.,0.,0.));
#11055=DIRECTION('',(0.,0.,-1.));
#11056=DIRECTION('',(-1.,0.,0.));
#11057=DIRECTION('',(0.,0.,-1.));
#11058=DIRECTION('',(-1.,0.,0.));
#11059=DIRECTION('',(0.,0.,-1.));
#11060=DIRECTION('',(-1.,0.,0.));
#11061=DIRECTION('',(0.,0.,-1.));
#11062=DIRECTION('',(-1.,0.,0.));
#11063=DIRECTION('',(0.,0.,-1.));
#11064=DIRECTION('',(-1.,0.,0.));
#11065=DIRECTION('',(0.,0.,-1.));
#11066=DIRECTION('',(-1.,0.,0.));
#11067=DIRECTION('',(0.,0.,-1.));
#11068=DIRECTION('',(-1.,0.,0.));
#11069=DIRECTION('',(0.,0.,-1.));
#11070=DIRECTION('',(-1.,0.,0.));
#11071=DIRECTION('',(0.,0.,-1.));
#11072=DIRECTION('',(-1.,0.,0.));
#11073=DIRECTION('',(0.,0.,-1.));
#11074=DIRECTION('',(-1.,0.,0.));
#11075=DIRECTION('',(0.,0.,-1.));
#11076=DIRECTION('',(-1.,0.,0.));
#11077=DIRECTION('',(0.,0.,-1.));
#11078=DIRECTION('',(-1.,0.,0.));
#11079=DIRECTION('',(0.,0.,-1.));
#11080=DIRECTION('',(-1.,0.,0.));
#11081=DIRECTION('',(0.,0.,-1.));
#11082=DIRECTION('',(-1.,0.,0.));
#11083=DIRECTION('',(0.,0.,-1.));
#11084=DIRECTION('',(-1.,0.,0.));
#11085=DIRECTION('',(0.,0.,-1.));
#11086=DIRECTION('',(-1.,0.,0.));
#11087=DIRECTION('',(0.,0.,-1.));
#11088=DIRECTION('',(-1.,0.,0.));
#11089=DIRECTION('',(0.,0.,-1.));
#11090=DIRECTION('',(-1.,0.,0.));
#11091=DIRECTION('',(0.,0.,-1.));
#11092=DIRECTION('',(-1.,0.,0.));
#11093=DIRECTION('',(0.,0.,-1.));
#11094=DIRECTION('',(-1.,0.,0.));
#11095=DIRECTION('',(0.,0.,-1.));
#11096=DIRECTION('',(-1.,0.,0.));
#11097=DIRECTION('',(0.,0.,-1.));
#11098=DIRECTION('',(-1.,0.,0.));
#11099=DIRECTION('',(0.,0.,-1.));
#11100=DIRECTION('',(-1.,0.,0.));
#11101=DIRECTION('',(0.,0.,-1.));
#11102=DIRECTION('',(-1.,0.,0.));
#11103=DIRECTION('',(0.,0.,-1.));
#11104=DIRECTION('',(-1.,0.,0.));
#11105=DIRECTION('',(0.,0.,-1.));
#11106=DIRECTION('',(-1.,0.,0.));
#11107=DIRECTION('',(0.,0.,-1.));
#11108=DIRECTION('',(-1.,0.,0.));
#11109=DIRECTION('',(0.,0.,-1.));
#11110=DIRECTION('',(-1.,0.,0.));
#11111=DIRECTION('',(0.,0.,-1.));
#11112=DIRECTION('',(-1.,0.,0.));
#11113=DIRECTION('',(0.,0.,-1.));
#11114=DIRECTION('',(-1.,0.,0.));
#11115=DIRECTION('',(0.,0.,-1.));
#11116=DIRECTION('',(-1.,0.,0.));
#11117=DIRECTION('',(0.,0.,-1.));
#11118=DIRECTION('',(-1.,0.,0.));
#11119=DIRECTION('',(0.,0.,-1.));
#11120=DIRECTION('',(-1.,0.,0.));
#11121=DIRECTION('',(0.,0.,-1.));
#11122=DIRECTION('',(-1.,0.,0.));
#11123=DIRECTION('',(0.,0.,-1.));
#11124=DIRECTION('',(-1.,0.,0.));
#11125=DIRECTION('',(0.,0.,-1.));
#11126=DIRECTION('',(-1.,0.,0.));
#11127=DIRECTION('',(0.,0.,-1.));
#11128=DIRECTION('',(-1.,0.,0.));
#11129=DIRECTION('',(0.,0.,-1.));
#11130=DIRECTION('',(-1.,0.,0.));
#11131=DIRECTION('',(0.,0.,-1.));
#11132=DIRECTION('',(-1.,0.,0.));
#11133=DIRECTION('',(0.,0.,-1.));
#11134=DIRECTION('',(-1.,0.,0.));
#11135=DIRECTION('',(0.,0.,-1.));
#11136=DIRECTION('',(-1.,0.,0.));
#11137=DIRECTION('',(0.,0.,-1.));
#11138=DIRECTION('',(-1.,0.,0.));
#11139=DIRECTION('',(0.,0.,-1.));
#11140=DIRECTION('',(-1.,0.,0.));
#11141=DIRECTION('',(0.,0.,-1.));
#11142=DIRECTION('',(-1.,0.,0.));
#11143=DIRECTION('',(0.,0.,-1.));
#11144=DIRECTION('',(-1.,0.,0.));
#11145=DIRECTION('',(0.,0.,-1.));
#11146=DIRECTION('',(-1.,0.,0.));
#11147=DIRECTION('',(0.,0.,-1.));
#11148=DIRECTION('',(-1.,0.,0.));
#11149=DIRECTION('',(0.,0.,-1.));
#11150=DIRECTION('',(-1.,0.,0.));
#11151=DIRECTION('',(0.,0.,-1.));
#11152=DIRECTION('',(-1.,0.,0.));
#11153=DIRECTION('',(0.,0.,-1.));
#11154=DIRECTION('',(-1.,0.,0.));
#11155=DIRECTION('',(0.,0.,-1.));
#11156=DIRECTION('',(-1.,0.,0.));
#11157=DIRECTION('',(0.,0.,-1.));
#11158=DIRECTION('',(-1.,0.,0.));
#11159=DIRECTION('',(0.,0.,-1.));
#11160=DIRECTION('',(-1.,0.,0.));
#11161=DIRECTION('',(0.,0.,-1.));
#11162=DIRECTION('',(-1.,0.,0.));
#11163=DIRECTION('',(0.,0.,-1.));
#11164=DIRECTION('',(-1.,0.,0.));
#11165=DIRECTION('',(0.,0.,-1.));
#11166=DIRECTION('',(-1.,0.,0.));
#11167=DIRECTION('',(0.,0.,-1.));
#11168=DIRECTION('',(-1.,0.,0.));
#11169=DIRECTION('',(0.,0.,-1.));
#11170=DIRECTION('',(-1.,0.,0.));
#11171=DIRECTION('',(0.,0.,-1.));
#11172=DIRECTION('',(-1.,0.,0.));
#11173=DIRECTION('',(0.,0.,-1.));
#11174=DIRECTION('',(-1.,0.,0.));
#11175=DIRECTION('',(0.,0.,-1.));
#11176=DIRECTION('',(-1.,0.,0.));
#11177=DIRECTION('',(0.,0.,-1.));
#11178=DIRECTION('',(-1.,0.,0.));
#11179=DIRECTION('',(0.,0.,-1.));
#11180=DIRECTION('',(-1.,0.,0.));
#11181=DIRECTION('',(0.,1.,0.));
#11182=DIRECTION('',(1.,0.,0.));
#11183=DIRECTION('',(0.,0.,-1.));
#11184=DIRECTION('',(0.,-1.,0.));
#11185=DIRECTION('',(0.,0.,-1.));
#11186=DIRECTION('',(0.,-1.,0.));
#11187=DIRECTION('',(0.,0.,-1.));
#11188=DIRECTION('',(0.,-1.,0.));
#11189=DIRECTION('',(0.,0.,-1.));
#11190=DIRECTION('',(0.,-1.,0.));
#11191=DIRECTION('',(0.,0.,-1.));
#11192=DIRECTION('',(0.,-1.,0.));
#11193=DIRECTION('',(0.,0.,-1.));
#11194=DIRECTION('',(0.,-1.,0.));
#11195=DIRECTION('',(0.,0.,-1.));
#11196=DIRECTION('',(0.,-1.,0.));
#11197=DIRECTION('',(0.,0.,-1.));
#11198=DIRECTION('',(0.,-1.,0.));
#11199=DIRECTION('',(0.,0.,-1.));
#11200=DIRECTION('',(-1.671865260612E-14,-1.,0.));
#11201=DIRECTION('',(0.,0.,-1.));
#11202=DIRECTION('',(0.,-1.,0.));
#11203=DIRECTION('',(0.,0.,-1.));
#11204=DIRECTION('',(0.,-1.,0.));
#11205=DIRECTION('',(0.,0.,-1.));
#11206=DIRECTION('',(0.,-1.,0.));
#11207=DIRECTION('',(0.,0.,-1.));
#11208=DIRECTION('',(0.,-1.,0.));
#11209=DIRECTION('',(0.,0.,-1.));
#11210=DIRECTION('',(0.,-1.,0.));
#11211=DIRECTION('',(0.,0.,-1.));
#11212=DIRECTION('',(0.,-1.,0.));
#11213=DIRECTION('',(0.,0.,-1.));
#11214=DIRECTION('',(0.,-1.,0.));
#11215=DIRECTION('',(0.,0.,-1.));
#11216=DIRECTION('',(0.,-1.,0.));
#11217=DIRECTION('',(0.,0.,-1.));
#11218=DIRECTION('',(0.,-1.,0.));
#11219=DIRECTION('',(0.,0.,-1.));
#11220=DIRECTION('',(0.,-1.,0.));
#11221=DIRECTION('',(0.,0.,-1.));
#11222=DIRECTION('',(0.,-1.,0.));
#11223=DIRECTION('',(0.,0.,-1.));
#11224=DIRECTION('',(0.,-1.,0.));
#11225=DIRECTION('',(0.,0.,-1.));
#11226=DIRECTION('',(0.,-1.,0.));
#11227=DIRECTION('',(0.,0.,-1.));
#11228=DIRECTION('',(0.,-1.,0.));
#11229=DIRECTION('',(0.,0.,-1.));
#11230=DIRECTION('',(0.,-1.,0.));
#11231=DIRECTION('',(0.,0.,-1.));
#11232=DIRECTION('',(0.,-1.,0.));
#11233=DIRECTION('',(0.,0.,-1.));
#11234=DIRECTION('',(0.,-1.,0.));
#11235=DIRECTION('',(0.,0.,-1.));
#11236=DIRECTION('',(0.,-1.,0.));
#11237=DIRECTION('',(0.,0.,-1.));
#11238=DIRECTION('',(0.,-1.,0.));
#11239=DIRECTION('',(0.,0.,-1.));
#11240=DIRECTION('',(-1.671865260612E-14,-1.,0.));
#11241=DIRECTION('',(0.,0.,-1.));
#11242=DIRECTION('',(0.,-1.,0.));
#11243=DIRECTION('',(0.,0.,-1.));
#11244=DIRECTION('',(0.,-1.,0.));
#11245=DIRECTION('',(0.,0.,-1.));
#11246=DIRECTION('',(0.,-1.,0.));
#11247=DIRECTION('',(0.,0.,-1.));
#11248=DIRECTION('',(0.,-1.,0.));
#11249=DIRECTION('',(0.,0.,-1.));
#11250=DIRECTION('',(0.,-1.,0.));
#11251=DIRECTION('',(0.,0.,-1.));
#11252=DIRECTION('',(-1.671865260612E-14,-1.,0.));
#11253=DIRECTION('',(0.,0.,-1.));
#11254=DIRECTION('',(0.,-1.,0.));
#11255=DIRECTION('',(0.,0.,-1.));
#11256=DIRECTION('',(0.,-1.,0.));
#11257=DIRECTION('',(0.,0.,-1.));
#11258=DIRECTION('',(0.,-1.,0.));
#11259=DIRECTION('',(0.,0.,-1.));
#11260=DIRECTION('',(0.,-1.,0.));
#11261=DIRECTION('',(0.,0.,-1.));
#11262=DIRECTION('',(0.,-1.,0.));
#11263=DIRECTION('',(0.,0.,-1.));
#11264=DIRECTION('',(1.671865260612E-14,-1.,0.));
#11265=DIRECTION('',(0.,0.,-1.));
#11266=DIRECTION('',(0.,-1.,0.));
#11267=DIRECTION('',(0.,0.,-1.));
#11268=DIRECTION('',(0.,-1.,0.));
#11269=DIRECTION('',(0.,0.,-1.));
#11270=DIRECTION('',(1.671865260612E-14,-1.,0.));
#11271=DIRECTION('',(0.,0.,-1.));
#11272=DIRECTION('',(0.,-1.,0.));
#11273=DIRECTION('',(0.,0.,-1.));
#11274=DIRECTION('',(0.,-1.,0.));
#11275=DIRECTION('',(0.,0.,-1.));
#11276=DIRECTION('',(0.,-1.,0.));
#11277=DIRECTION('',(0.,0.,-1.));
#11278=DIRECTION('',(0.,-1.,0.));
#11279=DIRECTION('',(0.,0.,-1.));
#11280=DIRECTION('',(0.,-1.,0.));
#11281=DIRECTION('',(0.,0.,-1.));
#11282=DIRECTION('',(0.,-1.,0.));
#11283=DIRECTION('',(0.,0.,-1.));
#11284=DIRECTION('',(0.,-1.,0.));
#11285=DIRECTION('',(0.,0.,-1.));
#11286=DIRECTION('',(0.,-1.,0.));
#11287=DIRECTION('',(0.,0.,-1.));
#11288=DIRECTION('',(0.,-1.,0.));
#11289=DIRECTION('',(0.,0.,-1.));
#11290=DIRECTION('',(0.,-1.,0.));
#11291=DIRECTION('',(0.,0.,-1.));
#11292=DIRECTION('',(0.,-1.,0.));
#11293=DIRECTION('',(0.,0.,-1.));
#11294=DIRECTION('',(0.,-1.,0.));
#11295=DIRECTION('',(0.,0.,-1.));
#11296=DIRECTION('',(1.671865260612E-14,-1.,0.));
#11297=DIRECTION('',(0.,0.,-1.));
#11298=DIRECTION('',(0.,-1.,0.));
#11299=DIRECTION('',(0.,0.,-1.));
#11300=DIRECTION('',(0.,-1.,0.));
#11301=DIRECTION('',(0.,0.,-1.));
#11302=DIRECTION('',(1.671865260612E-14,-1.,0.));
#11303=DIRECTION('',(0.,0.,-1.));
#11304=DIRECTION('',(0.,-1.,0.));
#11305=DIRECTION('',(0.,0.,-1.));
#11306=DIRECTION('',(0.,-1.,0.));
#11307=DIRECTION('',(0.,0.,-1.));
#11308=DIRECTION('',(1.671865260612E-14,-1.,0.));
#11309=DIRECTION('',(0.,0.,-1.));
#11310=DIRECTION('',(0.,-1.,0.));
#11311=DIRECTION('',(0.,0.,-1.));
#11312=DIRECTION('',(0.,-1.,0.));
#11313=DIRECTION('',(0.,0.,-1.));
#11314=DIRECTION('',(0.,-1.,0.));
#11315=DIRECTION('',(0.,0.,-1.));
#11316=DIRECTION('',(1.671865260612E-14,-1.,0.));
#11317=DIRECTION('',(0.,0.,-1.));
#11318=DIRECTION('',(0.,-1.,0.));
#11319=DIRECTION('',(0.,0.,-1.));
#11320=DIRECTION('',(0.,-1.,0.));
#11321=DIRECTION('',(0.,0.,-1.));
#11322=DIRECTION('',(0.,-1.,0.));
#11323=DIRECTION('',(0.,0.,-1.));
#11324=DIRECTION('',(0.,-1.,0.));
#11325=DIRECTION('',(0.,0.,-1.));
#11326=DIRECTION('',(0.,-1.,0.));
#11327=DIRECTION('',(0.,0.,-1.));
#11328=DIRECTION('',(0.,-1.,0.));
#11329=DIRECTION('',(0.,0.,-1.));
#11330=DIRECTION('',(0.,-1.,0.));
#11331=DIRECTION('',(0.,0.,-1.));
#11332=DIRECTION('',(0.,-1.,0.));
#11333=DIRECTION('',(0.,0.,-1.));
#11334=DIRECTION('',(0.,-1.,0.));
#11335=DIRECTION('',(0.,0.,-1.));
#11336=DIRECTION('',(0.,-1.,0.));
#11337=DIRECTION('',(0.,0.,-1.));
#11338=DIRECTION('',(0.,-1.,0.));
#11339=DIRECTION('',(0.,0.,-1.));
#11340=DIRECTION('',(0.,-1.,0.));
#11341=DIRECTION('',(0.,0.,-1.));
#11342=DIRECTION('',(0.,-1.,0.));
#11343=DIRECTION('',(0.,0.,-1.));
#11344=DIRECTION('',(0.,-1.,0.));
#11345=DIRECTION('',(0.,0.,-1.));
#11346=DIRECTION('',(0.,-1.,0.));
#11347=DIRECTION('',(0.,0.,-1.));
#11348=DIRECTION('',(0.,-1.,0.));
#11349=DIRECTION('',(0.,0.,-1.));
#11350=DIRECTION('',(0.,-1.,0.));
#11351=DIRECTION('',(0.,0.,-1.));
#11352=DIRECTION('',(0.,-1.,0.));
#11353=DIRECTION('',(0.,0.,-1.));
#11354=DIRECTION('',(0.,-1.,0.));
#11355=DIRECTION('',(0.,0.,-1.));
#11356=DIRECTION('',(0.,-1.,0.));
#11357=DIRECTION('',(0.,0.,-1.));
#11358=DIRECTION('',(0.,-1.,0.));
#11359=DIRECTION('',(0.,0.,-1.));
#11360=DIRECTION('',(0.,-1.,0.));
#11361=DIRECTION('',(0.,0.,-1.));
#11362=DIRECTION('',(0.,-1.,0.));
#11363=DIRECTION('',(0.,0.,-1.));
#11364=DIRECTION('',(-1.671865260612E-14,-1.,0.));
#11365=DIRECTION('',(0.,0.,-1.));
#11366=DIRECTION('',(0.,-1.,0.));
#11367=DIRECTION('',(0.,0.,-1.));
#11368=DIRECTION('',(0.,-1.,0.));
#11369=DIRECTION('',(0.,0.,-1.));
#11370=DIRECTION('',(0.,-1.,0.));
#11371=DIRECTION('',(0.,0.,-1.));
#11372=DIRECTION('',(0.,-1.,0.));
#11373=DIRECTION('',(0.,0.,-1.));
#11374=DIRECTION('',(0.,-1.,0.));
#11375=DIRECTION('',(0.,0.,-1.));
#11376=DIRECTION('',(0.,-1.,0.));
#11377=DIRECTION('',(0.,0.,-1.));
#11378=DIRECTION('',(0.,-1.,0.));
#11379=DIRECTION('',(0.,0.,-1.));
#11380=DIRECTION('',(0.,-1.,0.));
#11381=DIRECTION('',(0.,0.,-1.));
#11382=DIRECTION('',(0.,-1.,0.));
#11383=DIRECTION('',(0.,0.,-1.));
#11384=DIRECTION('',(0.,-1.,0.));
#11385=DIRECTION('',(0.,0.,-1.));
#11386=DIRECTION('',(0.,-1.,0.));
#11387=DIRECTION('',(0.,0.,-1.));
#11388=DIRECTION('',(0.,-1.,0.));
#11389=DIRECTION('',(0.,0.,-1.));
#11390=DIRECTION('',(0.,-1.,0.));
#11391=DIRECTION('',(0.,0.,-1.));
#11392=DIRECTION('',(0.,-1.,0.));
#11393=DIRECTION('',(0.,0.,-1.));
#11394=DIRECTION('',(0.,-1.,0.));
#11395=DIRECTION('',(0.,0.,-1.));
#11396=DIRECTION('',(0.,-1.,0.));
#11397=DIRECTION('',(0.,0.,-1.));
#11398=DIRECTION('',(0.,-1.,0.));
#11399=DIRECTION('',(0.,0.,-1.));
#11400=DIRECTION('',(0.,-1.,0.));
#11401=DIRECTION('',(0.,0.,-1.));
#11402=DIRECTION('',(0.,-1.,0.));
#11403=DIRECTION('',(0.,0.,-1.));
#11404=DIRECTION('',(0.,-1.,0.));
#11405=DIRECTION('',(0.,0.,-1.));
#11406=DIRECTION('',(0.,-1.,0.));
#11407=DIRECTION('',(0.,0.,-1.));
#11408=DIRECTION('',(1.671865260612E-14,-1.,0.));
#11409=DIRECTION('',(0.,0.,-1.));
#11410=DIRECTION('',(0.,-1.,0.));
#11411=DIRECTION('',(0.,0.,-1.));
#11412=DIRECTION('',(0.,-1.,0.));
#11413=DIRECTION('',(0.,0.,-1.));
#11414=DIRECTION('',(1.671865260612E-14,-1.,0.));
#11415=DIRECTION('',(0.,0.,-1.));
#11416=DIRECTION('',(0.,-1.,0.));
#11417=DIRECTION('',(0.,0.,-1.));
#11418=DIRECTION('',(0.,-1.,0.));
#11419=DIRECTION('',(0.,0.,-1.));
#11420=DIRECTION('',(0.,-1.,0.));
#11421=DIRECTION('',(0.,0.,-1.));
#11422=DIRECTION('',(0.,-1.,0.));
#11423=DIRECTION('',(0.,0.,-1.));
#11424=DIRECTION('',(0.,-1.,0.));
#11425=DIRECTION('',(0.,0.,-1.));
#11426=DIRECTION('',(0.,-1.,0.));
#11427=DIRECTION('',(0.,0.,-1.));
#11428=DIRECTION('',(0.,-1.,0.));
#11429=DIRECTION('',(0.,0.,-1.));
#11430=DIRECTION('',(0.,-1.,0.));
#11431=DIRECTION('',(0.,0.,-1.));
#11432=DIRECTION('',(0.,-1.,0.));
#11433=DIRECTION('',(0.,0.,-1.));
#11434=DIRECTION('',(0.,-1.,0.));
#11435=DIRECTION('',(0.,0.,-1.));
#11436=DIRECTION('',(0.,-1.,0.));
#11437=DIRECTION('',(0.,0.,-1.));
#11438=DIRECTION('',(0.,-1.,0.));
#11439=DIRECTION('',(0.,0.,-1.));
#11440=DIRECTION('',(0.,-1.,0.));
#11441=DIRECTION('',(0.,0.,-1.));
#11442=DIRECTION('',(0.,-1.,0.));
#11443=DIRECTION('',(0.,0.,1.));
#11444=DIRECTION('',(1.,0.,0.));
#11445=DIRECTION('',(0.,1.,0.));
#11446=DIRECTION('',(0.,0.,1.));
#11447=DIRECTION('',(0.,1.,0.));
#11448=DIRECTION('',(0.,0.,1.));
#11449=DIRECTION('',(1.,0.,0.));
#11450=DIRECTION('',(0.,0.,-1.));
#11451=DIRECTION('',(1.,0.,0.));
#11452=DIRECTION('',(0.,-1.,0.));
#11453=DIRECTION('',(0.,0.,-1.));
#11454=DIRECTION('',(0.,-1.,0.));
#11455=DIRECTION('',(0.,0.,-1.));
#11456=DIRECTION('',(0.,0.,1.));
#11457=DIRECTION('',(1.,0.,0.));
#11458=DIRECTION('',(0.,0.,1.));
#11459=DIRECTION('',(1.,0.,0.));
#11460=DIRECTION('',(0.,0.,1.));
#11461=DIRECTION('',(1.,0.,0.));
#11462=DIRECTION('',(0.,0.,1.));
#11463=DIRECTION('',(1.,0.,0.));
#11464=DIRECTION('',(0.,0.,1.));
#11465=DIRECTION('',(1.,0.,0.));
#11466=DIRECTION('',(0.,0.,1.));
#11467=DIRECTION('',(1.,0.,0.));
#11468=DIRECTION('',(0.,0.,1.));
#11469=DIRECTION('',(1.,0.,0.));
#11470=DIRECTION('',(0.,0.,1.));
#11471=DIRECTION('',(1.,0.,0.));
#11472=DIRECTION('',(0.,1.,0.));
#11473=DIRECTION('',(1.,0.,0.));
#11474=DIRECTION('',(0.,0.,1.));
#11475=DIRECTION('',(1.,0.,0.));
#11476=DIRECTION('',(0.,-1.,0.));
#11477=DIRECTION('',(0.,0.,1.));
#11478=DIRECTION('',(1.,0.,0.));
#11479=DIRECTION('',(1.,0.,0.));
#11480=DIRECTION('',(0.,0.,1.));
#11481=DIRECTION('',(1.,0.,0.));
#11482=DIRECTION('',(0.,-1.,0.));
#11483=DIRECTION('',(0.,0.,1.));
#11484=DIRECTION('',(1.,0.,0.));
#11485=DIRECTION('',(-1.,0.,0.));
#11486=DIRECTION('',(0.,1.,0.));
#11487=DIRECTION('',(0.,0.,1.));
#11488=DIRECTION('',(1.,0.,0.));
#11489=DIRECTION('',(-1.4557120078127E-16,-1.,0.));
#11490=DIRECTION('',(0.,0.,1.));
#11491=DIRECTION('',(1.,0.,0.));
#11492=DIRECTION('',(1.,0.,0.));
#11493=DIRECTION('',(0.,0.,1.));
#11494=DIRECTION('',(1.,0.,0.));
#11495=DIRECTION('',(-1.4557120078127E-16,-1.,0.));
#11496=DIRECTION('',(0.,0.,1.));
#11497=DIRECTION('',(1.,0.,0.));
#11498=DIRECTION('',(1.,0.,0.));
#11499=DIRECTION('',(0.,0.,1.));
#11500=DIRECTION('',(1.,0.,0.));
#11501=DIRECTION('',(1.,0.,0.));
#11502=DIRECTION('',(0.,0.,1.));
#11503=DIRECTION('',(1.,0.,0.));
#11504=DIRECTION('',(0.,-1.,0.));
#11505=DIRECTION('',(0.,0.,1.));
#11506=DIRECTION('',(1.,0.,0.));
#11507=DIRECTION('',(1.,0.,0.));
#11508=DIRECTION('',(0.,0.,1.));
#11509=DIRECTION('',(1.,0.,0.));
#11510=DIRECTION('',(0.,-1.,0.));
#11511=DIRECTION('',(0.,0.,1.));
#11512=DIRECTION('',(1.,0.,0.));
#11513=DIRECTION('',(1.,0.,0.));
#11514=DIRECTION('',(0.,0.,1.));
#11515=DIRECTION('',(1.,0.,0.));
#11516=DIRECTION('',(0.,-1.,0.));
#11517=DIRECTION('',(0.,0.,1.));
#11518=DIRECTION('',(1.,0.,0.));
#11519=DIRECTION('',(1.,0.,0.));
#11520=DIRECTION('',(0.,0.,1.));
#11521=DIRECTION('',(1.,0.,0.));
#11522=DIRECTION('',(0.,-1.,0.));
#11523=DIRECTION('',(0.,0.,1.));
#11524=DIRECTION('',(1.,0.,0.));
#11525=DIRECTION('',(1.,0.,0.));
#11526=DIRECTION('',(0.,0.,1.));
#11527=DIRECTION('',(1.,0.,0.));
#11528=DIRECTION('',(0.,-1.,0.));
#11529=DIRECTION('',(0.,0.,1.));
#11530=DIRECTION('',(1.,0.,0.));
#11531=DIRECTION('',(1.,0.,0.));
#11532=DIRECTION('',(0.,0.,1.));
#11533=DIRECTION('',(1.,0.,0.));
#11534=DIRECTION('',(0.,-1.,0.));
#11535=DIRECTION('',(0.,0.,1.));
#11536=DIRECTION('',(1.,0.,0.));
#11537=DIRECTION('',(1.,0.,0.));
#11538=DIRECTION('',(0.,0.,1.));
#11539=DIRECTION('',(1.,0.,0.));
#11540=DIRECTION('',(0.,-1.,0.));
#11541=DIRECTION('',(0.,0.,1.));
#11542=DIRECTION('',(1.,0.,0.));
#11543=DIRECTION('',(1.,0.,0.));
#11544=DIRECTION('',(0.,0.,1.));
#11545=DIRECTION('',(1.,0.,0.));
#11546=DIRECTION('',(0.,-1.,0.));
#11547=DIRECTION('',(0.,0.,1.));
#11548=DIRECTION('',(1.,0.,0.));
#11549=DIRECTION('',(1.,0.,0.));
#11550=DIRECTION('',(0.,0.,1.));
#11551=DIRECTION('',(1.,0.,0.));
#11552=DIRECTION('',(0.,-1.,0.));
#11553=DIRECTION('',(0.,0.,1.));
#11554=DIRECTION('',(1.,0.,0.));
#11555=DIRECTION('',(1.,0.,0.));
#11556=DIRECTION('',(0.,0.,1.));
#11557=DIRECTION('',(1.,0.,0.));
#11558=DIRECTION('',(0.,-1.,0.));
#11559=DIRECTION('',(0.,0.,1.));
#11560=DIRECTION('',(1.,0.,0.));
#11561=DIRECTION('',(1.,0.,0.));
#11562=DIRECTION('',(0.,0.,1.));
#11563=DIRECTION('',(1.,0.,0.));
#11564=DIRECTION('',(0.,-1.,0.));
#11565=DIRECTION('',(0.,0.,1.));
#11566=DIRECTION('',(1.,0.,0.));
#11567=DIRECTION('',(1.,0.,0.));
#11568=DIRECTION('',(0.,0.,1.));
#11569=DIRECTION('',(1.,0.,0.));
#11570=DIRECTION('',(0.,-1.,0.));
#11571=DIRECTION('',(0.,0.,1.));
#11572=DIRECTION('',(1.,0.,0.));
#11573=DIRECTION('',(1.,0.,0.));
#11574=DIRECTION('',(0.,0.,1.));
#11575=DIRECTION('',(1.,0.,0.));
#11576=DIRECTION('',(0.,-1.,0.));
#11577=DIRECTION('',(0.,0.,1.));
#11578=DIRECTION('',(1.,0.,0.));
#11579=DIRECTION('',(1.,0.,0.));
#11580=DIRECTION('',(0.,0.,1.));
#11581=DIRECTION('',(1.,0.,0.));
#11582=DIRECTION('',(0.,-1.,0.));
#11583=DIRECTION('',(0.,0.,1.));
#11584=DIRECTION('',(1.,0.,0.));
#11585=DIRECTION('',(1.,0.,0.));
#11586=DIRECTION('',(0.,0.,1.));
#11587=DIRECTION('',(1.,0.,0.));
#11588=DIRECTION('',(0.,-1.,0.));
#11589=DIRECTION('',(0.,0.,1.));
#11590=DIRECTION('',(1.,0.,0.));
#11591=DIRECTION('',(1.,0.,0.));
#11592=DIRECTION('',(0.,0.,1.));
#11593=DIRECTION('',(1.,0.,0.));
#11594=DIRECTION('',(0.,-1.,0.));
#11595=DIRECTION('',(0.,0.,1.));
#11596=DIRECTION('',(1.,0.,0.));
#11597=DIRECTION('',(1.,0.,0.));
#11598=DIRECTION('',(0.,0.,1.));
#11599=DIRECTION('',(1.,0.,0.));
#11600=DIRECTION('',(0.,-1.,0.));
#11601=DIRECTION('',(0.,0.,1.));
#11602=DIRECTION('',(1.,0.,0.));
#11603=DIRECTION('',(1.,0.,0.));
#11604=DIRECTION('',(0.,0.,1.));
#11605=DIRECTION('',(1.,0.,0.));
#11606=DIRECTION('',(0.,-1.,0.));
#11607=DIRECTION('',(0.,0.,1.));
#11608=DIRECTION('',(1.,0.,0.));
#11609=DIRECTION('',(1.,0.,0.));
#11610=DIRECTION('',(0.,0.,1.));
#11611=DIRECTION('',(1.,0.,0.));
#11612=DIRECTION('',(0.,-1.,0.));
#11613=DIRECTION('',(0.,0.,1.));
#11614=DIRECTION('',(1.,0.,0.));
#11615=DIRECTION('',(1.,0.,0.));
#11616=DIRECTION('',(0.,0.,1.));
#11617=DIRECTION('',(1.,0.,0.));
#11618=DIRECTION('',(0.,-1.,0.));
#11619=DIRECTION('',(0.,0.,1.));
#11620=DIRECTION('',(1.,0.,0.));
#11621=DIRECTION('',(1.,0.,0.));
#11622=DIRECTION('',(0.,0.,1.));
#11623=DIRECTION('',(1.,0.,0.));
#11624=DIRECTION('',(0.,-1.,0.));
#11625=DIRECTION('',(0.,0.,1.));
#11626=DIRECTION('',(1.,0.,0.));
#11627=DIRECTION('',(1.,0.,0.));
#11628=DIRECTION('',(0.,0.,1.));
#11629=DIRECTION('',(1.,0.,0.));
#11630=DIRECTION('',(0.,-1.,0.));
#11631=DIRECTION('',(0.,0.,1.));
#11632=DIRECTION('',(1.,0.,0.));
#11633=DIRECTION('',(1.,0.,0.));
#11634=DIRECTION('',(0.,0.,1.));
#11635=DIRECTION('',(1.,0.,0.));
#11636=DIRECTION('',(0.,-1.,0.));
#11637=DIRECTION('',(0.,0.,1.));
#11638=DIRECTION('',(1.,0.,0.));
#11639=DIRECTION('',(1.,0.,0.));
#11640=DIRECTION('',(0.,0.,1.));
#11641=DIRECTION('',(1.,0.,0.));
#11642=DIRECTION('',(0.,-1.,0.));
#11643=DIRECTION('',(0.,0.,1.));
#11644=DIRECTION('',(1.,0.,0.));
#11645=DIRECTION('',(1.,0.,0.));
#11646=DIRECTION('',(0.,0.,1.));
#11647=DIRECTION('',(1.,0.,0.));
#11648=DIRECTION('',(0.,-1.,0.));
#11649=DIRECTION('',(0.,0.,1.));
#11650=DIRECTION('',(1.,0.,0.));
#11651=DIRECTION('',(1.,0.,0.));
#11652=DIRECTION('',(0.,0.,1.));
#11653=DIRECTION('',(1.,0.,0.));
#11654=DIRECTION('',(0.,-1.,0.));
#11655=DIRECTION('',(0.,0.,1.));
#11656=DIRECTION('',(1.,0.,0.));
#11657=DIRECTION('',(1.,0.,0.));
#11658=DIRECTION('',(0.,0.,1.));
#11659=DIRECTION('',(1.,0.,0.));
#11660=DIRECTION('',(0.,-1.,0.));
#11661=DIRECTION('',(0.,0.,1.));
#11662=DIRECTION('',(1.,0.,0.));
#11663=DIRECTION('',(1.,0.,0.));
#11664=DIRECTION('',(0.,0.,1.));
#11665=DIRECTION('',(1.,0.,0.));
#11666=DIRECTION('',(0.,-1.,0.));
#11667=DIRECTION('',(0.,0.,1.));
#11668=DIRECTION('',(1.,0.,0.));
#11669=DIRECTION('',(1.,0.,0.));
#11670=DIRECTION('',(0.,0.,1.));
#11671=DIRECTION('',(1.,0.,0.));
#11672=DIRECTION('',(0.,-1.,0.));
#11673=DIRECTION('',(0.,0.,1.));
#11674=DIRECTION('',(1.,0.,0.));
#11675=DIRECTION('',(1.,0.,0.));
#11676=DIRECTION('',(0.,0.,1.));
#11677=DIRECTION('',(1.,0.,0.));
#11678=DIRECTION('',(0.,-1.,0.));
#11679=DIRECTION('',(0.,0.,1.));
#11680=DIRECTION('',(1.,0.,0.));
#11681=DIRECTION('',(1.,0.,0.));
#11682=DIRECTION('',(0.,0.,1.));
#11683=DIRECTION('',(1.,0.,0.));
#11684=DIRECTION('',(0.,-1.,0.));
#11685=DIRECTION('',(0.,0.,1.));
#11686=DIRECTION('',(1.,0.,0.));
#11687=DIRECTION('',(1.,0.,0.));
#11688=DIRECTION('',(0.,0.,1.));
#11689=DIRECTION('',(1.,0.,0.));
#11690=DIRECTION('',(0.,-1.,0.));
#11691=DIRECTION('',(0.,0.,1.));
#11692=DIRECTION('',(1.,0.,0.));
#11693=DIRECTION('',(1.,0.,0.));
#11694=DIRECTION('',(0.,0.,1.));
#11695=DIRECTION('',(1.,0.,0.));
#11696=DIRECTION('',(0.,-1.,0.));
#11697=DIRECTION('',(0.,0.,1.));
#11698=DIRECTION('',(1.,0.,0.));
#11699=DIRECTION('',(1.,0.,0.));
#11700=DIRECTION('',(0.,0.,1.));
#11701=DIRECTION('',(1.,0.,0.));
#11702=DIRECTION('',(0.,-1.,0.));
#11703=DIRECTION('',(0.,0.,1.));
#11704=DIRECTION('',(1.,0.,0.));
#11705=DIRECTION('',(0.,0.,1.));
#11706=DIRECTION('',(1.,0.,0.));
#11707=DIRECTION('',(0.,0.,1.));
#11708=DIRECTION('',(1.,0.,0.));
#11709=DIRECTION('',(0.,0.,1.));
#11710=DIRECTION('',(1.,0.,0.));
#11711=DIRECTION('',(0.,0.,1.));
#11712=DIRECTION('',(1.,0.,0.));
#11713=DIRECTION('',(0.,0.,1.));
#11714=DIRECTION('',(1.,0.,0.));
#11715=DIRECTION('',(0.,0.,1.));
#11716=DIRECTION('',(1.,0.,0.));
#11717=DIRECTION('',(1.,0.,0.));
#11718=DIRECTION('',(0.,0.,1.));
#11719=DIRECTION('',(1.,0.,0.));
#11720=DIRECTION('',(0.,-1.,0.));
#11721=DIRECTION('',(0.,0.,1.));
#11722=DIRECTION('',(1.,0.,0.));
#11723=DIRECTION('',(1.,0.,0.));
#11724=DIRECTION('',(0.,0.,1.));
#11725=DIRECTION('',(1.,0.,0.));
#11726=DIRECTION('',(0.,-1.,0.));
#11727=DIRECTION('',(0.,0.,1.));
#11728=DIRECTION('',(1.,0.,0.));
#11729=DIRECTION('',(1.,0.,0.));
#11730=DIRECTION('',(0.,0.,1.));
#11731=DIRECTION('',(1.,0.,0.));
#11732=DIRECTION('',(0.,-1.,0.));
#11733=DIRECTION('',(0.,0.,1.));
#11734=DIRECTION('',(1.,0.,0.));
#11735=DIRECTION('',(1.,0.,0.));
#11736=DIRECTION('',(0.,0.,1.));
#11737=DIRECTION('',(1.,0.,0.));
#11738=DIRECTION('',(0.,-1.,0.));
#11739=DIRECTION('',(0.,0.,1.));
#11740=DIRECTION('',(1.,0.,0.));
#11741=DIRECTION('',(1.,0.,0.));
#11742=DIRECTION('',(0.,0.,1.));
#11743=DIRECTION('',(1.,0.,0.));
#11744=DIRECTION('',(0.,-1.,0.));
#11745=DIRECTION('',(0.,0.,1.));
#11746=DIRECTION('',(1.,0.,0.));
#11747=DIRECTION('',(1.,0.,0.));
#11748=DIRECTION('',(0.,0.,1.));
#11749=DIRECTION('',(1.,0.,0.));
#11750=DIRECTION('',(0.,-1.,0.));
#11751=DIRECTION('',(0.,0.,1.));
#11752=DIRECTION('',(1.,0.,0.));
#11753=DIRECTION('',(1.,0.,0.));
#11754=DIRECTION('',(0.,0.,1.));
#11755=DIRECTION('',(1.,0.,0.));
#11756=DIRECTION('',(0.,-1.,0.));
#11757=DIRECTION('',(0.,0.,1.));
#11758=DIRECTION('',(1.,0.,0.));
#11759=DIRECTION('',(1.,0.,0.));
#11760=DIRECTION('',(0.,0.,1.));
#11761=DIRECTION('',(1.,0.,0.));
#11762=DIRECTION('',(0.,-1.,0.));
#11763=DIRECTION('',(0.,0.,1.));
#11764=DIRECTION('',(1.,0.,0.));
#11765=DIRECTION('',(1.,0.,0.));
#11766=DIRECTION('',(0.,0.,1.));
#11767=DIRECTION('',(1.,0.,0.));
#11768=DIRECTION('',(0.,-1.,0.));
#11769=DIRECTION('',(0.,0.,1.));
#11770=DIRECTION('',(1.,0.,0.));
#11771=DIRECTION('',(1.,0.,0.));
#11772=DIRECTION('',(0.,0.,1.));
#11773=DIRECTION('',(1.,0.,0.));
#11774=DIRECTION('',(0.,-1.,0.));
#11775=DIRECTION('',(0.,0.,1.));
#11776=DIRECTION('',(1.,0.,0.));
#11777=DIRECTION('',(1.,0.,0.));
#11778=DIRECTION('',(0.,0.,1.));
#11779=DIRECTION('',(1.,0.,0.));
#11780=DIRECTION('',(0.,-1.,0.));
#11781=DIRECTION('',(0.,0.,1.));
#11782=DIRECTION('',(1.,0.,0.));
#11783=DIRECTION('',(1.,0.,0.));
#11784=DIRECTION('',(0.,0.,1.));
#11785=DIRECTION('',(1.,0.,0.));
#11786=DIRECTION('',(0.,-1.,0.));
#11787=DIRECTION('',(0.,0.,1.));
#11788=DIRECTION('',(1.,0.,0.));
#11789=DIRECTION('',(1.,0.,0.));
#11790=DIRECTION('',(0.,0.,1.));
#11791=DIRECTION('',(1.,0.,0.));
#11792=DIRECTION('',(0.,-1.,0.));
#11793=DIRECTION('',(0.,0.,1.));
#11794=DIRECTION('',(1.,0.,0.));
#11795=DIRECTION('',(1.,0.,0.));
#11796=DIRECTION('',(0.,0.,1.));
#11797=DIRECTION('',(1.,0.,0.));
#11798=DIRECTION('',(0.,-1.,0.));
#11799=DIRECTION('',(0.,0.,1.));
#11800=DIRECTION('',(1.,0.,0.));
#11801=DIRECTION('',(1.,0.,0.));
#11802=DIRECTION('',(0.,0.,1.));
#11803=DIRECTION('',(1.,0.,0.));
#11804=DIRECTION('',(0.,-1.,0.));
#11805=DIRECTION('',(0.,0.,1.));
#11806=DIRECTION('',(1.,0.,0.));
#11807=DIRECTION('',(1.,0.,0.));
#11808=DIRECTION('',(0.,0.,1.));
#11809=DIRECTION('',(1.,0.,0.));
#11810=DIRECTION('',(0.,-1.,0.));
#11811=DIRECTION('',(0.,0.,1.));
#11812=DIRECTION('',(1.,0.,0.));
#11813=DIRECTION('',(1.,0.,0.));
#11814=DIRECTION('',(0.,1.,0.));
#11815=DIRECTION('',(1.,0.,0.));
#11816=DIRECTION('',(0.,0.,1.));
#11817=DIRECTION('',(1.,0.,0.));
#11818=DIRECTION('',(-1.4557120078127E-16,-1.,0.));
#11819=DIRECTION('',(0.,0.,1.));
#11820=DIRECTION('',(1.,0.,0.));
#11821=DIRECTION('',(1.,0.,0.));
#11822=DIRECTION('',(0.,0.,1.));
#11823=DIRECTION('',(1.,0.,0.));
#11824=DIRECTION('',(-1.4557120078127E-16,-1.,0.));
#11825=DIRECTION('',(0.,0.,1.));
#11826=DIRECTION('',(1.,0.,0.));
#11827=DIRECTION('',(0.,1.,0.));
#11828=DIRECTION('',(0.,0.,1.));
#11829=DIRECTION('',(1.,0.,0.));
#11830=DIRECTION('',(0.,-1.,0.));
#11831=DIRECTION('',(0.,0.,1.));
#11832=DIRECTION('',(1.,0.,0.));
#11833=DIRECTION('',(1.,0.,0.));
#11834=DIRECTION('',(0.,0.,1.));
#11835=DIRECTION('',(1.,0.,0.));
#11836=DIRECTION('',(0.,-1.,0.));
#11837=DIRECTION('',(0.,0.,1.));
#11838=DIRECTION('',(1.,0.,0.));
#11839=DIRECTION('',(1.,0.,0.));
#11840=DIRECTION('',(0.,0.,1.));
#11841=DIRECTION('',(1.,0.,0.));
#11842=DIRECTION('',(0.,-1.,0.));
#11843=DIRECTION('',(0.,0.,1.));
#11844=DIRECTION('',(1.,0.,0.));
#11845=DIRECTION('',(1.,0.,0.));
#11846=DIRECTION('',(0.,0.,1.));
#11847=DIRECTION('',(1.,0.,0.));
#11848=DIRECTION('',(0.,-1.,0.));
#11849=DIRECTION('',(0.,0.,1.));
#11850=DIRECTION('',(1.,0.,0.));
#11851=DIRECTION('',(1.,0.,0.));
#11852=DIRECTION('',(0.,0.,1.));
#11853=DIRECTION('',(1.,0.,0.));
#11854=DIRECTION('',(0.,-1.,0.));
#11855=DIRECTION('',(0.,0.,1.));
#11856=DIRECTION('',(1.,0.,0.));
#11857=DIRECTION('',(1.,0.,0.));
#11858=DIRECTION('',(0.,0.,1.));
#11859=DIRECTION('',(1.,0.,0.));
#11860=DIRECTION('',(0.,-1.,0.));
#11861=DIRECTION('',(0.,0.,1.));
#11862=DIRECTION('',(1.,0.,0.));
#11863=DIRECTION('',(1.,0.,0.));
#11864=DIRECTION('',(0.,0.,1.));
#11865=DIRECTION('',(1.,0.,0.));
#11866=DIRECTION('',(0.,-1.,0.));
#11867=DIRECTION('',(0.,0.,1.));
#11868=DIRECTION('',(1.,0.,0.));
#11869=DIRECTION('',(1.,0.,0.));
#11870=DIRECTION('',(0.,0.,1.));
#11871=DIRECTION('',(1.,0.,0.));
#11872=DIRECTION('',(0.,-1.,0.));
#11873=DIRECTION('',(0.,0.,1.));
#11874=DIRECTION('',(1.,0.,0.));
#11875=DIRECTION('',(1.,0.,0.));
#11876=DIRECTION('',(0.,0.,1.));
#11877=DIRECTION('',(1.,0.,0.));
#11878=DIRECTION('',(0.,-1.,0.));
#11879=DIRECTION('',(0.,0.,1.));
#11880=DIRECTION('',(1.,0.,0.));
#11881=DIRECTION('',(1.,0.,0.));
#11882=DIRECTION('',(0.,0.,1.));
#11883=DIRECTION('',(1.,0.,0.));
#11884=DIRECTION('',(0.,-1.,0.));
#11885=DIRECTION('',(0.,0.,1.));
#11886=DIRECTION('',(1.,0.,0.));
#11887=DIRECTION('',(1.,0.,0.));
#11888=DIRECTION('',(0.,0.,1.));
#11889=DIRECTION('',(1.,0.,0.));
#11890=DIRECTION('',(0.,-1.,0.));
#11891=DIRECTION('',(0.,0.,1.));
#11892=DIRECTION('',(1.,0.,0.));
#11893=DIRECTION('',(1.,0.,0.));
#11894=DIRECTION('',(0.,0.,1.));
#11895=DIRECTION('',(1.,0.,0.));
#11896=DIRECTION('',(0.,-1.,0.));
#11897=DIRECTION('',(0.,0.,1.));
#11898=DIRECTION('',(1.,0.,0.));
#11899=DIRECTION('',(1.,0.,0.));
#11900=DIRECTION('',(0.,0.,1.));
#11901=DIRECTION('',(1.,0.,0.));
#11902=DIRECTION('',(0.,-1.,0.));
#11903=DIRECTION('',(0.,0.,1.));
#11904=DIRECTION('',(1.,0.,0.));
#11905=DIRECTION('',(1.,0.,0.));
#11906=DIRECTION('',(0.,0.,1.));
#11907=DIRECTION('',(1.,0.,0.));
#11908=DIRECTION('',(0.,-1.,0.));
#11909=DIRECTION('',(0.,0.,1.));
#11910=DIRECTION('',(1.,0.,0.));
#11911=DIRECTION('',(1.,0.,0.));
#11912=DIRECTION('',(0.,0.,1.));
#11913=DIRECTION('',(1.,0.,0.));
#11914=DIRECTION('',(0.,-1.,0.));
#11915=DIRECTION('',(0.,0.,1.));
#11916=DIRECTION('',(1.,0.,0.));
#11917=DIRECTION('',(1.,0.,0.));
#11918=DIRECTION('',(0.,0.,1.));
#11919=DIRECTION('',(1.,0.,0.));
#11920=DIRECTION('',(0.,-1.,0.));
#11921=DIRECTION('',(0.,0.,1.));
#11922=DIRECTION('',(1.,0.,0.));
#11923=DIRECTION('',(1.,0.,0.));
#11924=DIRECTION('',(0.,0.,1.));
#11925=DIRECTION('',(1.,0.,0.));
#11926=DIRECTION('',(0.,-1.,0.));
#11927=DIRECTION('',(0.,0.,1.));
#11928=DIRECTION('',(1.,0.,0.));
#11929=DIRECTION('',(1.,0.,0.));
#11930=DIRECTION('',(0.,0.,1.));
#11931=DIRECTION('',(1.,0.,0.));
#11932=DIRECTION('',(0.,-1.,0.));
#11933=DIRECTION('',(0.,0.,1.));
#11934=DIRECTION('',(1.,0.,0.));
#11935=DIRECTION('',(1.,0.,0.));
#11936=DIRECTION('',(0.,0.,1.));
#11937=DIRECTION('',(1.,0.,0.));
#11938=DIRECTION('',(0.,-1.,0.));
#11939=DIRECTION('',(0.,0.,1.));
#11940=DIRECTION('',(1.,0.,0.));
#11941=DIRECTION('',(1.,0.,0.));
#11942=DIRECTION('',(0.,0.,1.));
#11943=DIRECTION('',(1.,0.,0.));
#11944=DIRECTION('',(0.,-1.,0.));
#11945=DIRECTION('',(0.,0.,1.));
#11946=DIRECTION('',(1.,0.,0.));
#11947=DIRECTION('',(0.,1.,0.));
#11948=DIRECTION('',(0.,0.,1.));
#11949=DIRECTION('',(0.,1.,0.));
#11950=DIRECTION('',(0.,0.,1.));
#11951=DIRECTION('',(0.,0.,-1.));
#11952=DIRECTION('',(1.,-1.4557120078127E-16,0.));
#11953=DIRECTION('',(1.4557120078127E-16,1.,0.));
#11954=DIRECTION('',(0.,0.,-1.));
#11955=DIRECTION('',(0.,0.,-1.));
#11956=DIRECTION('',(0.,1.,0.));
#11957=DIRECTION('',(0.,0.,1.));
#11958=DIRECTION('',(0.,0.,-1.));
#11959=DIRECTION('',(0.,0.,-1.));
#11960=DIRECTION('',(1.,-1.4557120078127E-16,0.));
#11961=DIRECTION('',(1.4557120078127E-16,1.,0.));
#11962=DIRECTION('',(0.,0.,-1.));
#11963=DIRECTION('',(0.,0.,-1.));
#11964=DIRECTION('',(0.,-1.,0.));
#11965=DIRECTION('',(0.,0.,-1.));
#11966=DIRECTION('',(0.,-1.,0.));
#11967=DIRECTION('',(0.,0.,-1.));
#11968=DIRECTION('',(0.,0.,1.));
#11969=DIRECTION('',(0.,0.,1.));
#11970=DIRECTION('',(1.,0.,0.));
#11971=DIRECTION('',(0.,0.,1.));
#11972=DIRECTION('',(0.,0.,1.));
#11973=DIRECTION('',(-1.,0.,0.));
#11974=DIRECTION('',(0.,0.,1.));
#11975=DIRECTION('',(0.,0.,1.));
#11976=DIRECTION('',(0.,0.,1.));
#11977=DIRECTION('',(1.,0.,0.));
#11978=DIRECTION('',(0.,0.,1.));
#11979=DIRECTION('',(0.,-1.,0.));
#11980=DIRECTION('',(0.,0.,-1.));
#11981=DIRECTION('',(0.,0.,1.));
#11982=DIRECTION('',(0.,0.,1.));
#11983=DIRECTION('',(1.,0.,0.));
#11984=DIRECTION('',(0.,0.,1.));
#11985=DIRECTION('',(-1.,0.,0.));
#11986=DIRECTION('',(0.,0.,1.));
#11987=DIRECTION('',(0.,0.,1.));
#11988=DIRECTION('',(0.,0.,1.));
#11989=DIRECTION('',(1.,0.,0.));
#11990=DIRECTION('',(0.,-1.,0.));
#11991=DIRECTION('',(0.,0.,-1.));
#11992=DIRECTION('',(0.,0.,1.));
#11993=DIRECTION('',(0.,0.,1.));
#11994=DIRECTION('',(0.,0.,1.));
#11995=DIRECTION('',(1.,0.,0.));
#11996=DIRECTION('',(0.,0.,1.));
#11997=DIRECTION('',(-1.,0.,0.));
#11998=DIRECTION('',(0.,0.,1.));
#11999=DIRECTION('',(0.,0.,1.));
#12000=DIRECTION('',(0.,0.,1.));
#12001=DIRECTION('',(1.,0.,0.));
#12002=DIRECTION('',(0.,0.,1.));
#12003=DIRECTION('',(0.,-1.,0.));
#12004=DIRECTION('',(0.,0.,-1.));
#12005=DIRECTION('',(0.,0.,1.));
#12006=DIRECTION('',(0.,0.,1.));
#12007=DIRECTION('',(1.,0.,0.));
#12008=DIRECTION('',(0.,0.,1.));
#12009=DIRECTION('',(-1.,0.,0.));
#12010=DIRECTION('',(0.,0.,1.));
#12011=DIRECTION('',(0.,0.,1.));
#12012=DIRECTION('',(0.,0.,1.));
#12013=DIRECTION('',(1.,0.,0.));
#12014=DIRECTION('',(0.,-1.,0.));
#12015=DIRECTION('',(0.,0.,-1.));
#12016=DIRECTION('',(0.,0.,1.));
#12017=DIRECTION('',(0.,0.,1.));
#12018=DIRECTION('',(0.,0.,1.));
#12019=DIRECTION('',(1.,0.,0.));
#12020=DIRECTION('',(0.,0.,1.));
#12021=DIRECTION('',(-1.,0.,0.));
#12022=DIRECTION('',(0.,0.,1.));
#12023=DIRECTION('',(0.,0.,1.));
#12024=DIRECTION('',(0.,0.,1.));
#12025=DIRECTION('',(1.,0.,0.));
#12026=DIRECTION('',(0.,0.,1.));
#12027=DIRECTION('',(0.,-1.,0.));
#12028=DIRECTION('',(0.,0.,-1.));
#12029=DIRECTION('',(0.,0.,1.));
#12030=DIRECTION('',(0.,0.,1.));
#12031=DIRECTION('',(1.,0.,0.));
#12032=DIRECTION('',(0.,0.,1.));
#12033=DIRECTION('',(-1.,0.,0.));
#12034=DIRECTION('',(0.,0.,1.));
#12035=DIRECTION('',(0.,0.,1.));
#12036=DIRECTION('',(0.,0.,1.));
#12037=DIRECTION('',(1.,0.,0.));
#12038=DIRECTION('',(0.,-1.,0.));
#12039=DIRECTION('',(0.,0.,-1.));
#12040=DIRECTION('',(0.,0.,1.));
#12041=DIRECTION('',(0.,0.,1.));
#12042=DIRECTION('',(0.,0.,1.));
#12043=DIRECTION('',(1.,0.,0.));
#12044=DIRECTION('',(0.,0.,1.));
#12045=DIRECTION('',(-1.,0.,0.));
#12046=DIRECTION('',(0.,0.,1.));
#12047=DIRECTION('',(0.,0.,1.));
#12048=DIRECTION('',(0.,0.,1.));
#12049=DIRECTION('',(1.,0.,0.));
#12050=DIRECTION('',(0.,0.,1.));
#12051=DIRECTION('',(0.,-1.,0.));
#12052=DIRECTION('',(0.,0.,-1.));
#12053=DIRECTION('',(0.,0.,1.));
#12054=DIRECTION('',(0.,0.,1.));
#12055=DIRECTION('',(1.,0.,0.));
#12056=DIRECTION('',(0.,0.,1.));
#12057=DIRECTION('',(-1.,0.,0.));
#12058=DIRECTION('',(0.,0.,1.));
#12059=DIRECTION('',(0.,0.,1.));
#12060=DIRECTION('',(0.,0.,1.));
#12061=DIRECTION('',(1.,0.,0.));
#12062=DIRECTION('',(0.,-1.,0.));
#12063=DIRECTION('',(0.,0.,-1.));
#12064=DIRECTION('',(0.,0.,1.));
#12065=DIRECTION('',(0.,0.,1.));
#12066=DIRECTION('',(0.,0.,1.));
#12067=DIRECTION('',(1.,0.,0.));
#12068=DIRECTION('',(0.,0.,1.));
#12069=DIRECTION('',(-1.,0.,0.));
#12070=DIRECTION('',(0.,0.,1.));
#12071=DIRECTION('',(0.,0.,1.));
#12072=DIRECTION('',(0.,0.,1.));
#12073=DIRECTION('',(1.,0.,0.));
#12074=DIRECTION('',(0.,0.,1.));
#12075=DIRECTION('',(0.,-1.,0.));
#12076=DIRECTION('',(0.,0.,-1.));
#12077=DIRECTION('',(0.,0.,1.));
#12078=DIRECTION('',(0.,0.,1.));
#12079=DIRECTION('',(1.,0.,0.));
#12080=DIRECTION('',(0.,0.,1.));
#12081=DIRECTION('',(-1.,0.,0.));
#12082=DIRECTION('',(0.,0.,1.));
#12083=DIRECTION('',(0.,0.,1.));
#12084=DIRECTION('',(0.,0.,1.));
#12085=DIRECTION('',(1.,0.,0.));
#12086=DIRECTION('',(0.,-1.,0.));
#12087=DIRECTION('',(0.,0.,-1.));
#12088=DIRECTION('',(0.,0.,1.));
#12089=DIRECTION('',(0.,0.,1.));
#12090=DIRECTION('',(0.,0.,1.));
#12091=DIRECTION('',(1.,0.,0.));
#12092=DIRECTION('',(0.,0.,1.));
#12093=DIRECTION('',(-1.,0.,0.));
#12094=DIRECTION('',(0.,0.,1.));
#12095=DIRECTION('',(0.,0.,1.));
#12096=DIRECTION('',(0.,0.,1.));
#12097=DIRECTION('',(1.,0.,0.));
#12098=DIRECTION('',(0.,0.,1.));
#12099=DIRECTION('',(0.,-1.,0.));
#12100=DIRECTION('',(0.,0.,-1.));
#12101=DIRECTION('',(0.,0.,1.));
#12102=DIRECTION('',(0.,0.,1.));
#12103=DIRECTION('',(1.,0.,0.));
#12104=DIRECTION('',(0.,0.,1.));
#12105=DIRECTION('',(-1.,0.,0.));
#12106=DIRECTION('',(0.,0.,1.));
#12107=DIRECTION('',(0.,0.,1.));
#12108=DIRECTION('',(0.,0.,1.));
#12109=DIRECTION('',(1.,0.,0.));
#12110=DIRECTION('',(0.,-1.,0.));
#12111=DIRECTION('',(0.,0.,-1.));
#12112=DIRECTION('',(0.,0.,1.));
#12113=DIRECTION('',(0.,0.,1.));
#12114=DIRECTION('',(0.,0.,1.));
#12115=DIRECTION('',(1.,0.,0.));
#12116=DIRECTION('',(0.,0.,1.));
#12117=DIRECTION('',(-1.,0.,0.));
#12118=DIRECTION('',(0.,0.,1.));
#12119=DIRECTION('',(0.,0.,1.));
#12120=DIRECTION('',(0.,0.,1.));
#12121=DIRECTION('',(1.,0.,0.));
#12122=DIRECTION('',(0.,0.,1.));
#12123=DIRECTION('',(0.,-1.,0.));
#12124=DIRECTION('',(0.,0.,-1.));
#12125=DIRECTION('',(0.,0.,1.));
#12126=DIRECTION('',(0.,0.,1.));
#12127=DIRECTION('',(1.,0.,0.));
#12128=DIRECTION('',(0.,0.,1.));
#12129=DIRECTION('',(-1.,0.,0.));
#12130=DIRECTION('',(0.,0.,1.));
#12131=DIRECTION('',(0.,0.,1.));
#12132=DIRECTION('',(0.,0.,1.));
#12133=DIRECTION('',(1.,0.,0.));
#12134=DIRECTION('',(0.,-1.,0.));
#12135=DIRECTION('',(0.,0.,-1.));
#12136=DIRECTION('',(0.,0.,1.));
#12137=DIRECTION('',(0.,0.,1.));
#12138=DIRECTION('',(0.,0.,1.));
#12139=DIRECTION('',(1.,0.,0.));
#12140=DIRECTION('',(0.,0.,1.));
#12141=DIRECTION('',(-1.,0.,0.));
#12142=DIRECTION('',(0.,0.,1.));
#12143=DIRECTION('',(0.,0.,1.));
#12144=DIRECTION('',(0.,0.,1.));
#12145=DIRECTION('',(1.,0.,0.));
#12146=DIRECTION('',(0.,0.,1.));
#12147=DIRECTION('',(0.,-1.,0.));
#12148=DIRECTION('',(0.,0.,-1.));
#12149=DIRECTION('',(0.,0.,1.));
#12150=DIRECTION('',(0.,0.,1.));
#12151=DIRECTION('',(1.,0.,0.));
#12152=DIRECTION('',(0.,0.,1.));
#12153=DIRECTION('',(-1.,0.,0.));
#12154=DIRECTION('',(0.,0.,1.));
#12155=DIRECTION('',(0.,0.,1.));
#12156=DIRECTION('',(0.,0.,1.));
#12157=DIRECTION('',(1.,0.,0.));
#12158=DIRECTION('',(0.,-1.,0.));
#12159=DIRECTION('',(0.,0.,-1.));
#12160=DIRECTION('',(0.,0.,1.));
#12161=DIRECTION('',(0.,0.,1.));
#12162=DIRECTION('',(0.,0.,1.));
#12163=DIRECTION('',(1.,0.,0.));
#12164=DIRECTION('',(0.,0.,1.));
#12165=DIRECTION('',(-1.,0.,0.));
#12166=DIRECTION('',(0.,0.,1.));
#12167=DIRECTION('',(0.,0.,1.));
#12168=DIRECTION('',(0.,0.,1.));
#12169=DIRECTION('',(1.,0.,0.));
#12170=DIRECTION('',(0.,0.,1.));
#12171=DIRECTION('',(0.,-1.,0.));
#12172=DIRECTION('',(0.,0.,-1.));
#12173=DIRECTION('',(0.,0.,1.));
#12174=DIRECTION('',(0.,0.,1.));
#12175=DIRECTION('',(1.,0.,0.));
#12176=DIRECTION('',(0.,0.,1.));
#12177=DIRECTION('',(-1.,0.,0.));
#12178=DIRECTION('',(0.,0.,1.));
#12179=DIRECTION('',(0.,0.,1.));
#12180=DIRECTION('',(0.,0.,1.));
#12181=DIRECTION('',(1.,0.,0.));
#12182=DIRECTION('',(0.,-1.,0.));
#12183=DIRECTION('',(0.,0.,-1.));
#12184=DIRECTION('',(0.,0.,1.));
#12185=DIRECTION('',(0.,0.,1.));
#12186=DIRECTION('',(0.,0.,1.));
#12187=DIRECTION('',(1.,0.,0.));
#12188=DIRECTION('',(0.,0.,1.));
#12189=DIRECTION('',(-1.,0.,0.));
#12190=DIRECTION('',(0.,0.,1.));
#12191=DIRECTION('',(0.,0.,1.));
#12192=DIRECTION('',(0.,0.,1.));
#12193=DIRECTION('',(1.,0.,0.));
#12194=DIRECTION('',(0.,0.,1.));
#12195=DIRECTION('',(0.,-1.,0.));
#12196=DIRECTION('',(0.,0.,-1.));
#12197=DIRECTION('',(0.,0.,1.));
#12198=DIRECTION('',(0.,0.,1.));
#12199=DIRECTION('',(1.,0.,0.));
#12200=DIRECTION('',(0.,0.,1.));
#12201=DIRECTION('',(-1.,0.,0.));
#12202=DIRECTION('',(0.,0.,1.));
#12203=DIRECTION('',(0.,0.,1.));
#12204=DIRECTION('',(0.,0.,1.));
#12205=DIRECTION('',(1.,0.,0.));
#12206=DIRECTION('',(0.,-1.,0.));
#12207=DIRECTION('',(0.,0.,-1.));
#12208=DIRECTION('',(0.,0.,1.));
#12209=DIRECTION('',(0.,0.,1.));
#12210=DIRECTION('',(0.,0.,1.));
#12211=DIRECTION('',(1.,0.,0.));
#12212=DIRECTION('',(0.,0.,1.));
#12213=DIRECTION('',(-1.,0.,0.));
#12214=DIRECTION('',(0.,0.,1.));
#12215=DIRECTION('',(0.,0.,1.));
#12216=DIRECTION('',(0.,0.,1.));
#12217=DIRECTION('',(1.,0.,0.));
#12218=DIRECTION('',(0.,0.,1.));
#12219=DIRECTION('',(0.,-1.,0.));
#12220=DIRECTION('',(0.,0.,-1.));
#12221=DIRECTION('',(0.,0.,1.));
#12222=DIRECTION('',(0.,0.,1.));
#12223=DIRECTION('',(1.,0.,0.));
#12224=DIRECTION('',(0.,0.,1.));
#12225=DIRECTION('',(-1.,0.,0.));
#12226=DIRECTION('',(0.,0.,1.));
#12227=DIRECTION('',(0.,0.,1.));
#12228=DIRECTION('',(0.,0.,1.));
#12229=DIRECTION('',(1.,0.,0.));
#12230=DIRECTION('',(0.,-1.,0.));
#12231=DIRECTION('',(0.,0.,-1.));
#12232=DIRECTION('',(0.,0.,1.));
#12233=DIRECTION('',(0.,0.,1.));
#12234=DIRECTION('',(0.,0.,1.));
#12235=DIRECTION('',(1.,0.,0.));
#12236=DIRECTION('',(0.,0.,1.));
#12237=DIRECTION('',(-1.,0.,0.));
#12238=DIRECTION('',(0.,0.,1.));
#12239=DIRECTION('',(0.,0.,1.));
#12240=DIRECTION('',(0.,0.,1.));
#12241=DIRECTION('',(1.,0.,0.));
#12242=DIRECTION('',(0.,0.,1.));
#12243=DIRECTION('',(0.,-1.,0.));
#12244=DIRECTION('',(0.,0.,-1.));
#12245=DIRECTION('',(0.,0.,1.));
#12246=DIRECTION('',(0.,0.,1.));
#12247=DIRECTION('',(1.,0.,0.));
#12248=DIRECTION('',(0.,0.,1.));
#12249=DIRECTION('',(-1.,0.,0.));
#12250=DIRECTION('',(0.,0.,1.));
#12251=DIRECTION('',(0.,0.,1.));
#12252=DIRECTION('',(0.,0.,1.));
#12253=DIRECTION('',(1.,0.,0.));
#12254=DIRECTION('',(0.,-1.,0.));
#12255=DIRECTION('',(0.,0.,-1.));
#12256=DIRECTION('',(0.,0.,1.));
#12257=DIRECTION('',(0.,0.,1.));
#12258=DIRECTION('',(0.,0.,1.));
#12259=DIRECTION('',(1.,0.,0.));
#12260=DIRECTION('',(0.,0.,1.));
#12261=DIRECTION('',(-1.,0.,0.));
#12262=DIRECTION('',(0.,0.,1.));
#12263=DIRECTION('',(0.,0.,1.));
#12264=DIRECTION('',(0.,0.,1.));
#12265=DIRECTION('',(1.,0.,0.));
#12266=DIRECTION('',(0.,0.,1.));
#12267=DIRECTION('',(0.,-1.,0.));
#12268=DIRECTION('',(0.,0.,-1.));
#12269=DIRECTION('',(0.,0.,1.));
#12270=DIRECTION('',(0.,0.,1.));
#12271=DIRECTION('',(1.,0.,0.));
#12272=DIRECTION('',(0.,0.,1.));
#12273=DIRECTION('',(-1.,0.,0.));
#12274=DIRECTION('',(0.,0.,1.));
#12275=DIRECTION('',(0.,0.,1.));
#12276=DIRECTION('',(0.,0.,1.));
#12277=DIRECTION('',(1.,0.,0.));
#12278=DIRECTION('',(0.,-1.,0.));
#12279=DIRECTION('',(0.,0.,-1.));
#12280=DIRECTION('',(0.,0.,1.));
#12281=DIRECTION('',(0.,0.,1.));
#12282=DIRECTION('',(0.,0.,1.));
#12283=DIRECTION('',(1.,0.,0.));
#12284=DIRECTION('',(0.,0.,1.));
#12285=DIRECTION('',(-1.,0.,0.));
#12286=DIRECTION('',(0.,0.,1.));
#12287=DIRECTION('',(0.,0.,1.));
#12288=DIRECTION('',(0.,0.,1.));
#12289=DIRECTION('',(1.,0.,0.));
#12290=DIRECTION('',(0.,0.,1.));
#12291=DIRECTION('',(0.,-1.,0.));
#12292=DIRECTION('',(0.,0.,-1.));
#12293=DIRECTION('',(0.,0.,1.));
#12294=DIRECTION('',(0.,0.,1.));
#12295=DIRECTION('',(1.,0.,0.));
#12296=DIRECTION('',(0.,0.,1.));
#12297=DIRECTION('',(-1.,0.,0.));
#12298=DIRECTION('',(0.,0.,1.));
#12299=DIRECTION('',(0.,0.,1.));
#12300=DIRECTION('',(0.,0.,1.));
#12301=DIRECTION('',(1.,0.,0.));
#12302=DIRECTION('',(0.,-1.,0.));
#12303=DIRECTION('',(0.,0.,-1.));
#12304=DIRECTION('',(0.,0.,1.));
#12305=DIRECTION('',(0.,0.,1.));
#12306=DIRECTION('',(0.,0.,1.));
#12307=DIRECTION('',(1.,0.,0.));
#12308=DIRECTION('',(0.,0.,1.));
#12309=DIRECTION('',(-1.,0.,0.));
#12310=DIRECTION('',(0.,0.,1.));
#12311=DIRECTION('',(0.,0.,1.));
#12312=DIRECTION('',(0.,0.,1.));
#12313=DIRECTION('',(1.,0.,0.));
#12314=DIRECTION('',(0.,0.,1.));
#12315=DIRECTION('',(0.,-1.,0.));
#12316=DIRECTION('',(0.,0.,-1.));
#12317=DIRECTION('',(0.,0.,1.));
#12318=DIRECTION('',(0.,0.,1.));
#12319=DIRECTION('',(1.,0.,0.));
#12320=DIRECTION('',(0.,0.,1.));
#12321=DIRECTION('',(-1.,0.,0.));
#12322=DIRECTION('',(0.,0.,1.));
#12323=DIRECTION('',(0.,0.,1.));
#12324=DIRECTION('',(0.,0.,1.));
#12325=DIRECTION('',(1.,0.,0.));
#12326=DIRECTION('',(0.,-1.,0.));
#12327=DIRECTION('',(0.,0.,-1.));
#12328=DIRECTION('',(0.,0.,1.));
#12329=DIRECTION('',(0.,0.,1.));
#12330=DIRECTION('',(0.,0.,1.));
#12331=DIRECTION('',(1.,0.,0.));
#12332=DIRECTION('',(0.,0.,1.));
#12333=DIRECTION('',(-1.,0.,0.));
#12334=DIRECTION('',(0.,0.,1.));
#12335=DIRECTION('',(0.,0.,1.));
#12336=DIRECTION('',(0.,0.,1.));
#12337=DIRECTION('',(1.,0.,0.));
#12338=DIRECTION('',(0.,0.,1.));
#12339=DIRECTION('',(0.,-1.,0.));
#12340=DIRECTION('',(0.,0.,-1.));
#12341=DIRECTION('',(0.,0.,1.));
#12342=DIRECTION('',(0.,0.,1.));
#12343=DIRECTION('',(1.,0.,0.));
#12344=DIRECTION('',(0.,0.,1.));
#12345=DIRECTION('',(-1.,0.,0.));
#12346=DIRECTION('',(0.,0.,1.));
#12347=DIRECTION('',(0.,0.,1.));
#12348=DIRECTION('',(0.,0.,1.));
#12349=DIRECTION('',(1.,0.,0.));
#12350=DIRECTION('',(0.,-1.,0.));
#12351=DIRECTION('',(0.,0.,-1.));
#12352=DIRECTION('',(0.,0.,1.));
#12353=DIRECTION('',(0.,0.,1.));
#12354=DIRECTION('',(0.,0.,1.));
#12355=DIRECTION('',(1.,0.,0.));
#12356=DIRECTION('',(0.,0.,1.));
#12357=DIRECTION('',(-1.,0.,0.));
#12358=DIRECTION('',(0.,0.,1.));
#12359=DIRECTION('',(0.,0.,1.));
#12360=DIRECTION('',(0.,0.,1.));
#12361=DIRECTION('',(1.,0.,0.));
#12362=DIRECTION('',(0.,0.,1.));
#12363=DIRECTION('',(0.,-1.,0.));
#12364=DIRECTION('',(0.,0.,-1.));
#12365=DIRECTION('',(0.,0.,1.));
#12366=DIRECTION('',(0.,0.,1.));
#12367=DIRECTION('',(1.,0.,0.));
#12368=DIRECTION('',(0.,0.,1.));
#12369=DIRECTION('',(-1.,0.,0.));
#12370=DIRECTION('',(0.,0.,1.));
#12371=DIRECTION('',(0.,0.,1.));
#12372=DIRECTION('',(0.,0.,1.));
#12373=DIRECTION('',(1.,0.,0.));
#12374=DIRECTION('',(0.,-1.,0.));
#12375=DIRECTION('',(0.,0.,-1.));
#12376=DIRECTION('',(0.,0.,1.));
#12377=DIRECTION('',(0.,0.,1.));
#12378=DIRECTION('',(0.,0.,1.));
#12379=DIRECTION('',(1.,0.,0.));
#12380=DIRECTION('',(0.,0.,1.));
#12381=DIRECTION('',(-1.,0.,0.));
#12382=DIRECTION('',(0.,0.,1.));
#12383=DIRECTION('',(0.,0.,1.));
#12384=DIRECTION('',(0.,0.,1.));
#12385=DIRECTION('',(1.,0.,0.));
#12386=DIRECTION('',(0.,0.,1.));
#12387=DIRECTION('',(0.,-1.,0.));
#12388=DIRECTION('',(0.,0.,-1.));
#12389=DIRECTION('',(0.,0.,1.));
#12390=DIRECTION('',(0.,0.,1.));
#12391=DIRECTION('',(1.,0.,0.));
#12392=DIRECTION('',(0.,0.,1.));
#12393=DIRECTION('',(-1.,0.,0.));
#12394=DIRECTION('',(0.,0.,1.));
#12395=DIRECTION('',(0.,0.,1.));
#12396=DIRECTION('',(0.,0.,1.));
#12397=DIRECTION('',(1.,0.,0.));
#12398=DIRECTION('',(0.,0.,-1.));
#12399=DIRECTION('',(-1.,0.,0.));
#12400=DIRECTION('',(0.,0.,1.));
#12401=DIRECTION('',(1.,0.,0.));
#12402=DIRECTION('',(0.,0.,-1.));
#12403=DIRECTION('',(-1.,0.,0.));
#12404=DIRECTION('',(0.,0.,1.));
#12405=DIRECTION('',(1.,0.,0.));
#12406=DIRECTION('',(0.,1.,0.));
#12407=DIRECTION('',(-1.,0.,0.));
#12408=DIRECTION('',(0.,1.,0.));
#12409=DIRECTION('',(0.,0.,1.));
#12410=DIRECTION('',(0.,1.,0.));
#12411=DIRECTION('',(0.,0.,1.));
#12412=DIRECTION('',(0.,1.,0.));
#12413=DIRECTION('',(0.,0.,1.));
#12414=DIRECTION('',(0.,0.,1.));
#12415=DIRECTION('',(1.,0.,0.));
#12416=DIRECTION('',(0.,0.,1.));
#12417=DIRECTION('',(1.,0.,0.));
#12418=DIRECTION('',(0.,0.,1.));
#12419=DIRECTION('',(1.,0.,0.));
#12420=DIRECTION('',(0.,0.,1.));
#12421=DIRECTION('',(1.,0.,0.));
#12422=DIRECTION('',(0.,0.,1.));
#12423=DIRECTION('',(1.,0.,0.));
#12424=DIRECTION('',(0.,0.,1.));
#12425=DIRECTION('',(1.,0.,0.));
#12426=DIRECTION('',(0.,0.,1.));
#12427=DIRECTION('',(1.,0.,0.));
#12428=DIRECTION('',(1.,0.,0.));
#12429=DIRECTION('',(0.,0.,-1.));
#12430=DIRECTION('',(0.,1.,0.));
#12431=DIRECTION('',(0.,0.,-1.));
#12432=DIRECTION('',(0.,1.,0.));
#12433=DIRECTION('',(0.,0.,1.));
#12434=DIRECTION('',(0.,0.,-1.));
#12435=DIRECTION('',(-1.,0.,0.));
#12436=DIRECTION('',(0.,0.,1.));
#12437=DIRECTION('',(1.,0.,0.));
#12438=DIRECTION('',(-1.,0.,0.));
#12439=DIRECTION('',(0.,0.,-1.));
#12440=DIRECTION('',(-1.,0.,0.));
#12441=DIRECTION('',(0.,1.,0.));
#12442=DIRECTION('',(1.,0.,0.));
#12443=DIRECTION('',(-1.,0.,0.));
#12444=DIRECTION('',(0.,0.,1.));
#12445=DIRECTION('',(0.,0.,1.));
#12446=DIRECTION('',(0.,1.,0.));
#12447=DIRECTION('',(0.,0.,1.));
#12448=DIRECTION('',(0.,0.,1.));
#12449=DIRECTION('',(1.,0.,0.));
#12450=DIRECTION('',(1.,0.,0.));
#12451=DIRECTION('',(0.,0.,1.));
#12452=DIRECTION('',(1.,0.,0.));
#12453=DIRECTION('',(1.,0.,0.));
#12454=DIRECTION('',(0.,0.,-1.));
#12455=DIRECTION('',(-1.,0.,0.));
#12456=DIRECTION('',(0.,1.,0.));
#12457=DIRECTION('',(0.,0.,1.));
#12458=DIRECTION('',(0.,1.,0.));
#12459=DIRECTION('',(0.,0.,1.));
#12460=DIRECTION('',(0.,0.,1.));
#12461=DIRECTION('',(0.,0.,1.));
#12462=DIRECTION('',(0.,0.,1.));
#12463=DIRECTION('',(1.,0.,0.));
#12464=DIRECTION('',(0.,0.,-1.));
#12465=DIRECTION('',(-1.,0.,0.));
#12466=DIRECTION('',(-1.224646799147E-16,1.,1.110223024625E-16));
#12467=DIRECTION('',(-1.,-1.224646799147E-16,0.));
#12468=DIRECTION('',(0.,0.,-1.));
#12469=DIRECTION('',(-1.,0.,0.));
#12470=DIRECTION('',(0.,1.,0.));
#12471=DIRECTION('',(0.,0.,-1.));
#12472=DIRECTION('',(-1.,0.,0.));
#12473=DIRECTION('',(1.,0.,0.));
#12474=DIRECTION('',(0.,1.,0.));
#12475=DIRECTION('',(0.707106781186546,-0.707106781186549,0.));
#12476=DIRECTION('',(0.707106781186546,0.707106781186549,0.));
#12477=DIRECTION('',(0.,1.,0.));
#12478=DIRECTION('',(1.,0.,0.));
#12479=DIRECTION('',(0.,0.,-1.));
#12480=DIRECTION('',(-1.,0.,0.));
#12481=DIRECTION('',(0.,1.,0.));
#12482=DIRECTION('',(0.,0.,-1.));
#12483=DIRECTION('',(-1.,0.,0.));
#12484=DIRECTION('',(1.,0.,0.));
#12485=DIRECTION('',(0.,0.,-1.));
#12486=DIRECTION('',(0.,1.,0.));
#12487=DIRECTION('',(0.,0.,-1.));
#12488=DIRECTION('',(0.,0.,1.));
#12489=DIRECTION('',(-1.,0.,0.));
#12490=DIRECTION('',(0.,0.,1.));
#12491=DIRECTION('',(0.,0.,1.));
#12492=DIRECTION('',(0.,1.,0.));
#12493=DIRECTION('',(0.,0.,1.));
#12494=DIRECTION('',(0.,0.,1.));
#12495=DIRECTION('',(1.,0.,0.));
#12496=DIRECTION('',(0.,1.,0.));
#12497=DIRECTION('',(0.,0.,1.));
#12498=DIRECTION('',(1.,0.,0.));
#12499=DIRECTION('',(1.,0.,0.));
#12500=DIRECTION('',(-0.707106781186546,-0.707106781186549,0.));
#12501=DIRECTION('',(-0.707106781186546,0.707106781186549,0.));
#12502=DIRECTION('',(1.,0.,0.));
#12503=DIRECTION('',(0.,0.,1.));
#12504=DIRECTION('',(1.,0.,0.));
#12505=DIRECTION('',(0.,1.,0.));
#12506=DIRECTION('',(0.,0.,1.));
#12507=DIRECTION('',(1.,0.,0.));
#12508=DIRECTION('',(0.,1.,0.));
#12509=DIRECTION('',(0.,0.,1.));
#12510=DIRECTION('',(0.,0.,-1.));
#12511=DIRECTION('',(0.,0.,-1.));
#12512=DIRECTION('',(-0.707106781186548,0.707106781186548,0.));
#12513=DIRECTION('',(0.,0.,-1.));
#12514=DIRECTION('',(0.,0.,1.));
#12515=DIRECTION('',(0.707106781186548,0.707106781186548,0.));
#12516=DIRECTION('',(0.,0.,1.));
#12517=DIRECTION('',(0.,0.,-1.));
#12518=DIRECTION('',(-1.,0.,0.));
#12519=DIRECTION('',(0.,0.,1.));
#12520=DIRECTION('',(1.,0.,0.));
#12521=DIRECTION('',(0.,1.,0.));
#12522=DIRECTION('',(0.,1.,0.));
#12523=DIRECTION('',(0.,0.,1.));
#12524=DIRECTION('',(1.,0.,0.));
#12525=DIRECTION('',(0.,1.,0.));
#12526=DIRECTION('',(0.,1.,0.));
#12527=DIRECTION('',(0.,1.,0.));
#12528=DIRECTION('',(0.,0.,1.));
#12529=DIRECTION('',(1.22464679914735E-16,1.,0.));
#12530=DIRECTION('',(-1.,1.22464679914735E-16,0.));
#12531=DIRECTION('',(1.22464679914735E-16,1.,0.));
#12532=DIRECTION('',(-1.,1.22464679914735E-16,0.));
#12533=DIRECTION('',(0.,-1.,0.));
#12534=DIRECTION('',(0.,0.,1.));
#12535=DIRECTION('',(1.,0.,0.));
#12536=DIRECTION('',(0.,-1.,0.));
#12537=DIRECTION('',(0.,0.,-1.));
#12538=DIRECTION('',(0.,-1.,0.));
#12539=DIRECTION('',(0.,0.,-1.));
#12540=DIRECTION('',(0.,0.,1.));
#12541=DIRECTION('',(1.,0.,0.));
#12542=DIRECTION('',(0.,-1.,0.));
#12543=DIRECTION('',(0.,0.,-1.));
#12544=DIRECTION('',(0.,-1.,0.));
#12545=DIRECTION('',(0.,0.,-1.));
#12546=DIRECTION('',(0.,1.,0.));
#12547=DIRECTION('',(0.,0.,1.));
#12548=DIRECTION('',(1.,0.,0.));
#12549=DIRECTION('',(0.,0.,1.));
#12550=DIRECTION('',(1.,0.,0.));
#12551=DIRECTION('',(0.,1.,0.));
#12552=DIRECTION('',(0.,0.,1.));
#12553=DIRECTION('',(0.,0.,1.));
#12554=DIRECTION('',(1.,0.,0.));
#12555=DIRECTION('',(0.,-1.,0.));
#12556=DIRECTION('',(0.,0.,-1.));
#12557=DIRECTION('',(-1.22464679914735E-16,1.,0.));
#12558=DIRECTION('',(-1.,-1.22464679914735E-16,0.));
#12559=DIRECTION('',(-1.22464679914735E-16,1.,0.));
#12560=DIRECTION('',(-1.,-1.22464679914735E-16,0.));
#12561=DIRECTION('',(0.,-1.,0.));
#12562=DIRECTION('',(0.,0.,-1.));
#12563=DIRECTION('',(-1.,0.,0.));
#12564=DIRECTION('',(0.,-1.,0.));
#12565=DIRECTION('',(0.,0.,-1.));
#12566=DIRECTION('',(0.,1.,0.));
#12567=DIRECTION('',(0.,0.,1.));
#12568=DIRECTION('',(0.,1.,0.));
#12569=DIRECTION('',(0.,0.,-1.));
#12570=DIRECTION('',(-1.,0.,0.));
#12571=DIRECTION('',(0.,1.,0.));
#12572=DIRECTION('',(0.,0.,1.));
#12573=DIRECTION('',(0.,0.,1.));
#12574=DIRECTION('',(1.,0.,0.));
#12575=DIRECTION('',(0.,1.,0.));
#12576=DIRECTION('',(0.,0.,1.));
#12577=DIRECTION('',(0.,-1.,0.));
#12578=DIRECTION('',(0.,0.,-1.));
#12579=DIRECTION('',(0.,0.,-1.));
#12580=DIRECTION('',(-1.,0.,0.));
#12581=DIRECTION('',(-1.224646799147E-16,1.,1.110223024625E-16));
#12582=DIRECTION('',(-1.,-1.224646799147E-16,0.));
#12583=DIRECTION('',(0.,0.,1.));
#12584=DIRECTION('',(1.,0.,0.));
#12585=DIRECTION('',(0.,0.,1.));
#12586=DIRECTION('',(1.,0.,0.));
#12587=DIRECTION('',(1.,0.,0.));
#12588=DIRECTION('',(0.,9.92044604925E-16,1.));
#12589=DIRECTION('',(1.,0.,0.));
#12590=DIRECTION('',(0.,0.,-1.));
#12591=DIRECTION('',(1.,0.,0.));
#12592=DIRECTION('',(0.,0.,-1.));
#12593=DIRECTION('',(1.,0.,0.));
#12594=DIRECTION('',(0.,1.002044604925E-15,1.));
#12595=DIRECTION('',(1.,0.,0.));
#12596=DIRECTION('',(0.,0.,-1.));
#12597=DIRECTION('',(1.,0.,0.));
#12598=DIRECTION('',(0.,9.92044604925E-16,1.));
#12599=DIRECTION('',(1.,0.,0.));
#12600=DIRECTION('',(0.,0.,-1.));
#12601=DIRECTION('',(1.,0.,0.));
#12602=DIRECTION('',(0.,1.002044604925E-15,1.));
#12603=DIRECTION('',(1.,0.,0.));
#12604=DIRECTION('',(0.,0.,-1.));
#12605=DIRECTION('',(1.,0.,0.));
#12606=DIRECTION('',(0.,1.002044604925E-15,1.));
#12607=DIRECTION('',(-1.,0.,0.));
#12608=DIRECTION('',(0.,0.,1.));
#12609=DIRECTION('',(-1.,0.,0.));
#12610=DIRECTION('',(0.,1.002044604925E-15,1.));
#12611=DIRECTION('',(-1.,0.,0.));
#12612=DIRECTION('',(0.,0.,1.));
#12613=DIRECTION('',(-1.,0.,0.));
#12614=DIRECTION('',(0.,1.002044604925E-15,1.));
#12615=DIRECTION('',(-1.,0.,0.));
#12616=DIRECTION('',(0.,0.,1.));
#12617=DIRECTION('',(1.,0.,0.));
#12618=DIRECTION('',(0.,1.002044604925E-15,1.));
#12619=DIRECTION('',(1.,0.,0.));
#12620=DIRECTION('',(0.,1.002044604925E-15,1.));
#12621=DIRECTION('',(1.224646799147E-16,-1.35963107344631E-32,-1.));
#12622=DIRECTION('',(1.110223024625E-16,1.,0.));
#12623=DIRECTION('',(0.,2.2E-16,1.));
#12624=DIRECTION('',(1.,0.,0.));
#12625=DIRECTION('',(1.22464679914735E-16,-2.2E-16,-1.));
#12626=DIRECTION('',(0.,1.,-2.2E-16));
#12627=DIRECTION('',(0.,2.2E-16,1.));
#12628=DIRECTION('',(0.,-1.,2.2E-16));
#12629=DIRECTION('',(0.,1.,-2.2E-16));
#12630=DIRECTION('',(1.,0.,0.));
#12631=DIRECTION('',(-1.,-4.04133443718627E-32,-1.83697019872103E-16));
#12632=DIRECTION('',(-1.83697019872103E-16,0.,1.));
#12633=DIRECTION('',(1.,0.,0.));
#12634=DIRECTION('',(0.,-2.2E-16,-1.));
#12635=DIRECTION('',(-1.,-4.04133443718627E-32,-1.83697019872103E-16));
#12636=DIRECTION('',(-1.83697019872103E-16,0.,1.));
#12637=DIRECTION('',(0.,1.,-2.2E-16));
#12638=DIRECTION('',(1.,0.,0.));
#12639=DIRECTION('',(0.,2.2E-16,1.));
#12640=DIRECTION('',(0.,-1.,2.2E-16));
#12641=DIRECTION('',(0.,-2.2E-16,-1.));
#12642=DIRECTION('',(-1.,0.,0.));
#12643=DIRECTION('',(0.,-2.2E-16,-1.));
#12644=DIRECTION('',(0.,1.,-2.2E-16));
#12645=DIRECTION('',(0.,0.,-1.));
#12646=DIRECTION('',(-1.,0.,0.));
#12647=DIRECTION('',(0.,0.,1.));
#12648=DIRECTION('',(1.,0.,0.));
#12649=DIRECTION('',(1.224646799147E-16,-1.35963107344631E-32,-1.));
#12650=DIRECTION('',(1.110223024625E-16,1.,0.));
#12651=DIRECTION('',(0.,0.,1.));
#12652=DIRECTION('',(1.,0.,0.));
#12653=DIRECTION('',(0.,0.,1.));
#12654=DIRECTION('',(1.,0.,0.));
#12655=DIRECTION('',(0.,0.,1.));
#12656=DIRECTION('',(1.,0.,0.));
#12657=DIRECTION('',(0.,0.,1.));
#12658=DIRECTION('',(1.,0.,0.));
#12659=DIRECTION('',(0.,0.,1.));
#12660=DIRECTION('',(1.,0.,0.));
#12661=DIRECTION('',(0.,0.,1.));
#12662=DIRECTION('',(1.,0.,0.));
#12663=DIRECTION('',(0.,0.,1.));
#12664=DIRECTION('',(1.,0.,0.));
#12665=DIRECTION('',(0.,0.,1.));
#12666=DIRECTION('',(1.,0.,0.));
#12667=DIRECTION('',(1.,0.,0.));
#12668=DIRECTION('',(0.,0.,1.));
#12669=DIRECTION('',(1.,0.,0.));
#12670=DIRECTION('',(-1.4557120078127E-16,-1.,0.));
#12671=DIRECTION('',(0.,0.,1.));
#12672=DIRECTION('',(1.,0.,0.));
#12673=DIRECTION('',(1.,0.,0.));
#12674=DIRECTION('',(0.,0.,1.));
#12675=DIRECTION('',(1.,0.,0.));
#12676=DIRECTION('',(-1.4557120078127E-16,-1.,0.));
#12677=DIRECTION('',(0.,0.,1.));
#12678=DIRECTION('',(1.,0.,0.));
#12679=DIRECTION('',(0.,1.,0.));
#12680=DIRECTION('',(0.,0.,1.));
#12681=DIRECTION('',(0.,0.,-1.));
#12682=DIRECTION('',(1.,0.,0.));
#12683=DIRECTION('',(0.,0.,-1.));
#12684=DIRECTION('',(1.,0.,0.));
#12685=DIRECTION('',(1.,0.,0.));
#12686=DIRECTION('',(0.,0.,-1.));
#12687=DIRECTION('',(0.,-1.,0.));
#12688=DIRECTION('',(0.,-1.,0.));
#12689=DIRECTION('',(0.,0.,-1.));
#12690=DIRECTION('',(0.,1.,0.));
#12691=DIRECTION('',(0.,0.,1.));
#12692=DIRECTION('',(1.,0.,0.));
#12693=DIRECTION('',(1.,0.,0.));
#12694=DIRECTION('',(0.,0.,-1.));
#12695=DIRECTION('',(1.,0.,0.));
#12696=DIRECTION('',(0.,0.,-1.));
#12697=DIRECTION('',(0.,-1.,0.));
#12698=DIRECTION('',(0.,-1.,0.));
#12699=DIRECTION('',(0.,1.,0.));
#12700=DIRECTION('',(0.,0.,1.));
#12701=DIRECTION('',(1.,0.,0.));
#12702=DIRECTION('',(0.,0.,-1.));
#12703=DIRECTION('',(0.,0.,-1.));
#12704=DIRECTION('',(1.,-1.4557120078127E-16,0.));
#12705=DIRECTION('',(1.4557120078127E-16,1.,0.));
#12706=DIRECTION('',(0.,0.,-1.));
#12707=DIRECTION('',(-1.4557120078127E-16,-1.,0.));
#12708=DIRECTION('',(0.,0.,-1.));
#12709=DIRECTION('',(0.,1.,0.));
#12710=DIRECTION('',(0.,0.,1.));
#12711=DIRECTION('',(0.,0.,-1.));
#12712=DIRECTION('',(1.,0.,0.));
#12713=DIRECTION('',(0.,0.,-1.));
#12714=DIRECTION('',(1.,-1.4557120078127E-16,0.));
#12715=DIRECTION('',(1.4557120078127E-16,1.,0.));
#12716=DIRECTION('',(0.,0.,-1.));
#12717=DIRECTION('',(-1.4557120078127E-16,-1.,0.));
#12718=DIRECTION('',(0.,0.,-1.));
#12719=DIRECTION('',(0.,0.,1.));
#12720=DIRECTION('',(1.,0.,0.));
#12721=DIRECTION('',(0.,0.,1.));
#12722=DIRECTION('',(1.,0.,0.));
#12723=DIRECTION('',(0.,0.,1.));
#12724=DIRECTION('',(1.,0.,0.));
#12725=DIRECTION('',(0.,0.,1.));
#12726=DIRECTION('',(1.,0.,0.));
#12727=DIRECTION('',(0.,0.,1.));
#12728=DIRECTION('',(1.,0.,0.));
#12729=DIRECTION('',(0.,0.,1.));
#12730=DIRECTION('',(1.,0.,0.));
#12731=DIRECTION('',(0.,0.,1.));
#12732=DIRECTION('',(1.,0.,0.));
#12733=DIRECTION('',(0.,0.,1.));
#12734=DIRECTION('',(1.,0.,0.));
#12735=DIRECTION('',(0.,0.,1.));
#12736=DIRECTION('',(1.,0.,0.));
#12737=DIRECTION('',(0.,0.,1.));
#12738=DIRECTION('',(1.,0.,0.));
#12739=DIRECTION('',(0.,0.,1.));
#12740=DIRECTION('',(1.,0.,0.));
#12741=DIRECTION('',(0.,0.,1.));
#12742=DIRECTION('',(1.,0.,0.));
#12743=DIRECTION('',(0.,0.,-1.));
#12744=DIRECTION('',(-1.,0.,0.));
#12745=DIRECTION('',(0.,0.,1.));
#12746=DIRECTION('',(1.,0.,0.));
#12747=DIRECTION('',(0.,0.,-1.));
#12748=DIRECTION('',(-1.,0.,0.));
#12749=DIRECTION('',(0.,0.,1.));
#12750=DIRECTION('',(1.,0.,0.));
#12751=DIRECTION('',(0.,0.,1.));
#12752=DIRECTION('',(1.,0.,0.));
#12753=DIRECTION('',(0.,0.,1.));
#12754=DIRECTION('',(1.,0.,0.));
#12755=DIRECTION('',(0.,0.,-1.));
#12756=DIRECTION('',(-1.,0.,0.));
#12757=DIRECTION('',(0.,0.,1.));
#12758=DIRECTION('',(1.,0.,0.));
#12759=DIRECTION('',(0.,0.,1.));
#12760=DIRECTION('',(1.,0.,0.));
#12761=DIRECTION('',(0.,0.,1.));
#12762=DIRECTION('',(1.,0.,0.));
#12763=DIRECTION('',(0.,0.,1.));
#12764=DIRECTION('',(1.,0.,0.));
#12765=DIRECTION('',(0.,0.,-1.));
#12766=DIRECTION('',(-1.,0.,0.));
#12767=DIRECTION('',(0.,0.,1.));
#12768=DIRECTION('',(1.,0.,0.));
#12769=DIRECTION('',(0.,0.,1.));
#12770=DIRECTION('',(1.,0.,0.));
#12771=DIRECTION('',(0.,0.,1.));
#12772=DIRECTION('',(1.,0.,0.));
#12773=DIRECTION('',(0.,0.,1.));
#12774=DIRECTION('',(1.,0.,0.));
#12775=DIRECTION('',(0.,0.,-1.));
#12776=DIRECTION('',(-1.,0.,0.));
#12777=DIRECTION('',(0.,0.,1.));
#12778=DIRECTION('',(1.,0.,0.));
#12779=DIRECTION('',(0.,0.,1.));
#12780=DIRECTION('',(1.,0.,0.));
#12781=DIRECTION('',(0.,0.,1.));
#12782=DIRECTION('',(1.,0.,0.));
#12783=DIRECTION('',(0.,0.,1.));
#12784=DIRECTION('',(1.,0.,0.));
#12785=DIRECTION('',(0.,0.,-1.));
#12786=DIRECTION('',(-1.,0.,0.));
#12787=DIRECTION('',(0.,0.,1.));
#12788=DIRECTION('',(1.,0.,0.));
#12789=DIRECTION('',(0.,0.,1.));
#12790=DIRECTION('',(1.,0.,0.));
#12791=DIRECTION('',(0.,0.,1.));
#12792=DIRECTION('',(1.,0.,0.));
#12793=DIRECTION('',(0.,0.,1.));
#12794=DIRECTION('',(1.,0.,0.));
#12795=DIRECTION('',(0.,0.,-1.));
#12796=DIRECTION('',(-1.,0.,0.));
#12797=DIRECTION('',(0.,0.,1.));
#12798=DIRECTION('',(1.,0.,0.));
#12799=DIRECTION('',(0.,0.,1.));
#12800=DIRECTION('',(1.,0.,0.));
#12801=DIRECTION('',(0.,0.,1.));
#12802=DIRECTION('',(1.,0.,0.));
#12803=DIRECTION('',(0.,0.,1.));
#12804=DIRECTION('',(1.,0.,0.));
#12805=DIRECTION('',(0.,0.,-1.));
#12806=DIRECTION('',(-1.,0.,0.));
#12807=DIRECTION('',(0.,0.,1.));
#12808=DIRECTION('',(1.,0.,0.));
#12809=DIRECTION('',(0.,0.,1.));
#12810=DIRECTION('',(1.,0.,0.));
#12811=DIRECTION('',(0.,0.,1.));
#12812=DIRECTION('',(1.,0.,0.));
#12813=DIRECTION('',(-1.224646799147E-16,1.,1.110223024625E-16));
#12814=DIRECTION('',(-1.,-1.224646799147E-16,0.));
#12815=DIRECTION('',(-1.224646799147E-16,1.,1.110223024625E-16));
#12816=DIRECTION('',(-1.,-1.224646799147E-16,0.));
#12817=DIRECTION('',(0.,0.,1.));
#12818=DIRECTION('',(1.,0.,0.));
#12819=DIRECTION('',(0.,0.,1.));
#12820=DIRECTION('',(1.,0.,0.));
#12821=DIRECTION('',(-1.224646799147E-16,1.,1.110223024625E-16));
#12822=DIRECTION('',(-1.,-1.224646799147E-16,0.));
#12823=DIRECTION('',(-1.224646799147E-16,1.,1.110223024625E-16));
#12824=DIRECTION('',(-1.,-1.224646799147E-16,0.));
#12825=DIRECTION('',(0.,0.,1.));
#12826=DIRECTION('',(1.,0.,0.));
#12827=DIRECTION('',(0.,0.,1.));
#12828=DIRECTION('',(1.,0.,0.));
#12829=DIRECTION('',(-1.224646799147E-16,1.,1.110223024625E-16));
#12830=DIRECTION('',(-1.,-1.224646799147E-16,0.));
#12831=DIRECTION('',(-1.224646799147E-16,1.,1.110223024625E-16));
#12832=DIRECTION('',(-1.,-1.224646799147E-16,0.));
#12833=DIRECTION('',(0.,0.,1.));
#12834=DIRECTION('',(1.,0.,0.));
#12835=DIRECTION('',(0.,0.,1.));
#12836=DIRECTION('',(1.,0.,0.));
#12837=DIRECTION('',(-1.224646799147E-16,1.,1.110223024625E-16));
#12838=DIRECTION('',(-1.,-1.224646799147E-16,0.));
#12839=DIRECTION('',(-1.224646799147E-16,1.,1.110223024625E-16));
#12840=DIRECTION('',(-1.,-1.224646799147E-16,0.));
#12841=DIRECTION('',(0.,0.,1.));
#12842=DIRECTION('',(1.,0.,0.));
#12843=DIRECTION('',(0.,0.,1.));
#12844=DIRECTION('',(1.,0.,0.));
#12845=DIRECTION('',(-1.224646799147E-16,1.,1.110223024625E-16));
#12846=DIRECTION('',(-1.,-1.224646799147E-16,0.));
#12847=DIRECTION('',(-1.224646799147E-16,1.,1.110223024625E-16));
#12848=DIRECTION('',(-1.,-1.224646799147E-16,0.));
#12849=DIRECTION('',(0.,0.,1.));
#12850=DIRECTION('',(1.,0.,0.));
#12851=DIRECTION('',(0.,0.,1.));
#12852=DIRECTION('',(1.,0.,0.));
#12853=DIRECTION('',(1.224646799147E-16,-1.35963107344631E-32,-1.));
#12854=DIRECTION('',(1.110223024625E-16,1.,0.));
#12855=DIRECTION('',(1.224646799147E-16,-1.35963107344631E-32,-1.));
#12856=DIRECTION('',(1.110223024625E-16,1.,0.));
#12857=DIRECTION('',(0.,0.,1.));
#12858=DIRECTION('',(1.,0.,0.));
#12859=DIRECTION('',(-1.224646799147E-16,1.,1.110223024625E-16));
#12860=DIRECTION('',(-1.,-1.224646799147E-16,0.));
#12861=DIRECTION('',(-1.224646799147E-16,1.,1.110223024625E-16));
#12862=DIRECTION('',(-1.,-1.224646799147E-16,0.));
#12863=DIRECTION('',(0.,0.,1.));
#12864=DIRECTION('',(1.,0.,0.));
#12865=DIRECTION('',(0.,0.,1.));
#12866=DIRECTION('',(1.,0.,0.));
#12867=DIRECTION('',(0.,1.,0.));
#12868=DIRECTION('',(0.,0.,1.));
#12869=DIRECTION('',(0.,1.,0.));
#12870=DIRECTION('',(0.,0.,1.));
#12871=DIRECTION('',(1.,0.,0.));
#12872=DIRECTION('',(0.,0.,-1.));
#12873=DIRECTION('',(1.,0.,0.));
#12874=DIRECTION('',(0.,0.,-1.));
#12875=DIRECTION('',(1.,0.,0.));
#12876=DIRECTION('',(0.,1.,0.));
#12877=DIRECTION('',(0.,0.,1.));
#12878=DIRECTION('',(0.,0.,-1.));
#12879=DIRECTION('',(0.,1.,0.));
#12880=DIRECTION('',(0.,0.,1.));
#12881=DIRECTION('',(-1.,0.,0.));
#12882=DIRECTION('',(0.,1.,0.));
#12883=DIRECTION('',(0.,0.,1.));
#12884=DIRECTION('',(0.,0.,-1.));
#12885=DIRECTION('',(1.,-1.4557120078127E-16,0.));
#12886=DIRECTION('',(1.4557120078127E-16,1.,0.));
#12887=DIRECTION('',(-1.4557120078127E-16,-1.,0.));
#12888=DIRECTION('',(0.,0.,-1.));
#12889=DIRECTION('',(-1.4557120078127E-16,-1.,0.));
#12890=DIRECTION('',(0.,0.,-1.));
#12891=DIRECTION('',(0.,1.,0.));
#12892=DIRECTION('',(0.,0.,1.));
#12893=DIRECTION('',(1.,0.,0.));
#12894=DIRECTION('',(0.,0.,-1.));
#12895=DIRECTION('',(1.,0.,0.));
#12896=DIRECTION('',(0.,0.,-1.));
#12897=DIRECTION('',(1.,0.,0.));
#12898=DIRECTION('',(0.,0.,-1.));
#12899=DIRECTION('',(0.,0.,-1.));
#12900=DIRECTION('',(0.,-1.,0.));
#12901=DIRECTION('',(0.,0.,-1.));
#12902=DIRECTION('',(0.,-1.,0.));
#12903=DIRECTION('',(-1.73472347597681E-16,1.,0.));
#12904=DIRECTION('',(-1.,-1.73472347597681E-16,0.));
#12905=DIRECTION('',(1.,1.73472347597681E-16,0.));
#12906=DIRECTION('',(-1.73472347597681E-16,1.,0.));
#12907=DIRECTION('',(-1.,-1.73472347597681E-16,0.));
#12908=DIRECTION('',(0.,0.,-1.));
#12909=DIRECTION('',(-1.73472347597681E-16,1.,0.));
#12910=DIRECTION('',(-1.,-1.73472347597681E-16,0.));
#12911=DIRECTION('',(-1.,-1.73472347597681E-16,0.));
#12912=DIRECTION('',(-1.73472347597681E-16,1.,0.));
#12913=DIRECTION('',(-1.,-1.73472347597681E-16,0.));
#12914=DIRECTION('',(0.,0.,-1.));
#12915=DIRECTION('',(-1.73472347597681E-16,1.,0.));
#12916=DIRECTION('',(-1.,-1.73472347597681E-16,0.));
#12917=DIRECTION('',(1.,1.73472347597681E-16,0.));
#12918=DIRECTION('',(0.,0.,-1.));
#12919=DIRECTION('',(1.,1.73472347597681E-16,0.));
#12920=DIRECTION('',(1.,0.,0.));
#12921=DIRECTION('',(0.,0.,-1.));
#12922=DIRECTION('',(0.,0.,-1.));
#12923=DIRECTION('',(0.,-1.,0.));
#12924=DIRECTION('',(0.,-1.,0.));
#12925=DIRECTION('',(-1.73472347597681E-16,1.,0.));
#12926=DIRECTION('',(-1.,-1.73472347597681E-16,0.));
#12927=DIRECTION('',(1.,1.73472347597681E-16,0.));
#12928=DIRECTION('',(1.,1.73472347597681E-16,0.));
#12929=DIRECTION('',(1.,-1.4557120078127E-16,0.));
#12930=DIRECTION('',(1.4557120078127E-16,1.,0.));
#12931=DIRECTION('',(-1.4557120078127E-16,-1.,0.));
#12932=DIRECTION('',(0.,0.,-1.));
#12933=DIRECTION('',(-1.4557120078127E-16,-1.,0.));
#12934=DIRECTION('',(0.,0.,-1.));
#12935=DIRECTION('',(0.,0.,1.));
#12936=DIRECTION('',(1.,0.,0.));
#12937=DIRECTION('',(0.,-1.,0.));
#12938=DIRECTION('',(1.,0.,0.));
#12939=DIRECTION('',(-1.4557120078127E-16,-1.,0.));
#12940=DIRECTION('',(1.,0.,0.));
#12941=DIRECTION('',(-1.4557120078127E-16,-1.,0.));
#12942=DIRECTION('',(1.,0.,0.));
#12943=DIRECTION('',(0.,-1.,0.));
#12944=DIRECTION('',(1.,1.73472347597681E-16,0.));
#12945=DIRECTION('',(0.,0.,1.));
#12946=DIRECTION('',(1.,0.,0.));
#12947=DIRECTION('',(0.,0.,1.));
#12948=DIRECTION('',(1.,0.,0.));
#12949=DIRECTION('',(0.,0.,1.));
#12950=DIRECTION('',(1.,0.,0.));
#12951=DIRECTION('',(0.,0.,1.));
#12952=DIRECTION('',(1.,0.,0.));
#12953=DIRECTION('',(0.,0.,1.));
#12954=DIRECTION('',(1.,0.,0.));
#12955=DIRECTION('',(0.,0.,1.));
#12956=DIRECTION('',(1.,0.,0.));
#12957=DIRECTION('',(0.,0.,1.));
#12958=DIRECTION('',(1.,0.,0.));
#12959=DIRECTION('',(0.,1.,0.));
#12960=DIRECTION('',(0.,1.,0.));
#12961=DIRECTION('',(0.,0.,1.));
#12962=DIRECTION('',(1.,0.,0.));
#12963=DIRECTION('',(0.,0.,1.));
#12964=DIRECTION('',(1.,0.,0.));
#12965=DIRECTION('',(0.,0.,1.));
#12966=DIRECTION('',(1.,0.,0.));
#12967=DIRECTION('',(0.,0.,1.));
#12968=DIRECTION('',(1.,0.,0.));
#12969=DIRECTION('',(-1.,0.,0.));
#12970=DIRECTION('',(0.,0.,1.));
#12971=DIRECTION('',(0.928476690885259,0.371390676354103,0.));
#12972=DIRECTION('',(0.371390676354103,-0.928476690885259,0.));
#12973=DIRECTION('',(0.928476690885259,-0.371390676354103,0.));
#12974=DIRECTION('',(0.371390676354103,0.928476690885259,0.));
#12975=DIRECTION('',(1.4557120078127E-16,1.,0.));
#12976=DIRECTION('',(-1.,1.4557120078127E-16,0.));
#12977=DIRECTION('',(-0.371390676354103,-0.928476690885259,0.));
#12978=DIRECTION('',(0.928476690885259,-0.371390676354103,0.));
#12979=DIRECTION('',(0.371390676354103,-0.928476690885259,0.));
#12980=DIRECTION('',(0.928476690885259,0.371390676354103,0.));
#12981=DIRECTION('',(-1.4557120078127E-16,-1.,0.));
#12982=DIRECTION('',(1.,-1.4557120078127E-16,0.));
#12983=DIRECTION('',(-0.371390676354103,0.928476690885259,0.));
#12984=DIRECTION('',(0.928476690885259,0.371390676354103,0.));
#12985=DIRECTION('',(0.371390676354103,0.928476690885259,0.));
#12986=DIRECTION('',(0.928476690885259,-0.371390676354103,0.));
#12987=DIRECTION('',(1.,1.73472347597681E-16,0.));
#12988=DIRECTION('',(-1.73472347597681E-16,1.,0.));
#12989=DIRECTION('',(0.707106781186548,0.707106781186548,0.));
#12990=DIRECTION('',(0.707106781186548,-0.707106781186548,0.));
#12991=DIRECTION('',(0.707106781186548,-0.707106781186548,0.));
#12992=DIRECTION('',(0.707106781186548,0.707106781186548,0.));
#12993=DIRECTION('',(0.,-1.,0.));
#12994=DIRECTION('',(0.,0.,-1.));
#12995=DIRECTION('',(0.707106781186548,-0.707106781186548,0.));
#12996=DIRECTION('',(-0.707106781186548,-0.707106781186548,0.));
#12997=DIRECTION('',(-0.707106781186548,-0.707106781186548,0.));
#12998=DIRECTION('',(-0.707106781186548,0.707106781186548,0.));
#12999=DIRECTION('',(1.,0.,0.));
#13000=DIRECTION('',(0.,0.,-1.));
#13001=DIRECTION('',(-0.928476690885259,-0.371390676354103,0.));
#13002=DIRECTION('',(0.371390676354103,-0.928476690885259,0.));
#13003=DIRECTION('',(1.,0.,0.));
#13004=DIRECTION('',(0.707106781186548,0.707106781186548,0.));
#13005=DIRECTION('',(-0.707106781186548,0.707106781186548,0.));
#13006=DIRECTION('',(-0.928476690885259,0.371390676354103,0.));
#13007=DIRECTION('',(0.371390676354103,0.928476690885259,0.));
#13008=DIRECTION('',(0.,1.,0.));
#13009=DIRECTION('',(0.,0.,1.));
#13010=DIRECTION('',(-0.707106781186548,0.707106781186548,0.));
#13011=DIRECTION('',(-0.707106781186548,-0.707106781186548,0.));
#13012=DIRECTION('',(-1.,-1.73472347597681E-16,0.));
#13013=DIRECTION('',(1.73472347597681E-16,-1.,0.));
#13014=DIRECTION('',(0.,0.,1.));
#13015=DIRECTION('',(1.,0.,0.));
#13016=DIRECTION('',(0.,0.,1.));
#13017=DIRECTION('',(1.,0.,0.));
#13018=DIRECTION('',(0.,0.,-1.));
#13019=DIRECTION('',(-1.,0.,0.));
#13020=DIRECTION('',(0.,0.,1.));
#13021=DIRECTION('',(1.,0.,0.));
#13022=DIRECTION('',(0.,0.,1.));
#13023=DIRECTION('',(1.,0.,0.));
#13024=DIRECTION('',(0.,0.,1.));
#13025=DIRECTION('',(1.,0.,0.));
#13026=DIRECTION('',(0.,0.,-1.));
#13027=DIRECTION('',(-1.,0.,0.));
#13028=DIRECTION('',(0.,0.,1.));
#13029=DIRECTION('',(1.,0.,0.));
#13030=DIRECTION('',(1.,0.,0.));
#13031=DIRECTION('',(0.,0.,-1.));
#13032=DIRECTION('',(0.,1.,0.));
#13033=DIRECTION('',(0.,1.,0.));
#13034=DIRECTION('',(0.,1.,0.));
#13035=DIRECTION('',(0.,0.,1.));
#13036=DIRECTION('',(0.,1.,0.));
#13037=DIRECTION('',(0.,0.,-1.));
#13038=DIRECTION('',(-1.,0.,0.));
#13039=DIRECTION('',(0.,1.,0.));
#13040=DIRECTION('',(0.,1.,0.));
#13041=DIRECTION('',(0.,0.,1.));
#13042=DIRECTION('',(0.,1.,0.));
#13043=DIRECTION('',(1.,0.,0.));
#13044=DIRECTION('',(0.,0.,-1.));
#13045=DIRECTION('',(0.,1.,0.));
#13046=DIRECTION('',(0.,1.,0.));
#13047=DIRECTION('',(0.,0.,1.));
#13048=DIRECTION('',(0.,1.,0.));
#13049=DIRECTION('',(0.,0.,1.));
#13050=DIRECTION('',(0.,0.,-1.));
#13051=DIRECTION('',(-1.,0.,0.));
#13052=DIRECTION('',(0.,0.,1.));
#13053=DIRECTION('',(1.,0.,0.));
#13054=DIRECTION('',(0.,0.,1.));
#13055=DIRECTION('',(1.,0.,0.));
#13056=DIRECTION('',(0.,0.,-1.));
#13057=DIRECTION('',(-1.,0.,0.));
#13058=DIRECTION('',(0.,0.,1.));
#13059=DIRECTION('',(1.,0.,0.));
#13060=DIRECTION('',(0.,0.,1.));
#13061=DIRECTION('',(1.,0.,0.));
#13062=DIRECTION('',(0.,0.,-1.));
#13063=DIRECTION('',(-1.,0.,0.));
#13064=DIRECTION('',(0.,0.,1.));
#13065=DIRECTION('',(1.,0.,0.));
#13066=DIRECTION('',(0.,0.,1.));
#13067=DIRECTION('',(1.,0.,0.));
#13068=DIRECTION('',(0.,0.,-1.));
#13069=DIRECTION('',(-1.,0.,0.));
#13070=DIRECTION('',(0.,0.,1.));
#13071=DIRECTION('',(1.,0.,0.));
#13072=DIRECTION('',(0.,0.,1.));
#13073=DIRECTION('',(1.,0.,0.));
#13074=DIRECTION('',(0.,0.,-1.));
#13075=DIRECTION('',(-1.,0.,0.));
#13076=DIRECTION('',(0.,0.,1.));
#13077=DIRECTION('',(1.,0.,0.));
#13078=DIRECTION('',(0.,0.,1.));
#13079=DIRECTION('',(1.,0.,0.));
#13080=DIRECTION('',(0.,0.,-1.));
#13081=DIRECTION('',(-1.,0.,0.));
#13082=DIRECTION('',(0.,0.,1.));
#13083=DIRECTION('',(1.,0.,0.));
#13084=DIRECTION('',(0.,0.,1.));
#13085=DIRECTION('',(1.,0.,0.));
#13086=DIRECTION('',(0.,0.,1.));
#13087=DIRECTION('',(1.,0.,0.));
#13088=DIRECTION('',(1.224646799147E-16,-1.35963107344631E-32,-1.));
#13089=DIRECTION('',(1.110223024625E-16,1.,0.));
#13090=DIRECTION('',(1.224646799147E-16,-1.35963107344631E-32,-1.));
#13091=DIRECTION('',(1.110223024625E-16,1.,0.));
#13092=DIRECTION('',(0.,0.,1.));
#13093=DIRECTION('',(1.,0.,0.));
#13094=DIRECTION('',(1.224646799147E-16,-1.35963107344631E-32,-1.));
#13095=DIRECTION('',(1.110223024625E-16,1.,0.));
#13096=DIRECTION('',(1.224646799147E-16,-1.35963107344631E-32,-1.));
#13097=DIRECTION('',(1.110223024625E-16,1.,0.));
#13098=DIRECTION('',(0.,0.,1.));
#13099=DIRECTION('',(1.,0.,0.));
#13100=DIRECTION('',(-1.224646799147E-16,1.,1.110223024625E-16));
#13101=DIRECTION('',(-1.,-1.224646799147E-16,0.));
#13102=DIRECTION('',(-1.224646799147E-16,1.,1.110223024625E-16));
#13103=DIRECTION('',(-1.,-1.224646799147E-16,0.));
#13104=DIRECTION('',(0.,0.,1.));
#13105=DIRECTION('',(1.,0.,0.));
#13106=DIRECTION('',(0.,0.,1.));
#13107=DIRECTION('',(1.,0.,0.));
#13108=DIRECTION('',(1.224646799147E-16,-1.35963107344631E-32,-1.));
#13109=DIRECTION('',(1.110223024625E-16,1.,0.));
#13110=DIRECTION('',(1.224646799147E-16,-1.35963107344631E-32,-1.));
#13111=DIRECTION('',(1.110223024625E-16,1.,0.));
#13112=DIRECTION('',(0.,0.,1.));
#13113=DIRECTION('',(1.,0.,0.));
#13114=DIRECTION('',(-1.224646799147E-16,1.,1.110223024625E-16));
#13115=DIRECTION('',(-1.,-1.224646799147E-16,0.));
#13116=DIRECTION('',(-1.224646799147E-16,1.,1.110223024625E-16));
#13117=DIRECTION('',(-1.,-1.224646799147E-16,0.));
#13118=DIRECTION('',(0.,0.,1.));
#13119=DIRECTION('',(1.,0.,0.));
#13120=DIRECTION('',(0.,0.,1.));
#13121=DIRECTION('',(1.,0.,0.));
#13122=DIRECTION('',(1.224646799147E-16,-1.35963107344631E-32,-1.));
#13123=DIRECTION('',(1.110223024625E-16,1.,0.));
#13124=DIRECTION('',(1.224646799147E-16,-1.35963107344631E-32,-1.));
#13125=DIRECTION('',(1.110223024625E-16,1.,0.));
#13126=DIRECTION('',(0.,0.,1.));
#13127=DIRECTION('',(1.,0.,0.));
#13128=DIRECTION('',(0.,0.,-1.));
#13129=DIRECTION('',(-1.,0.,0.));
#13130=DIRECTION('',(0.,-1.,0.));
#13131=DIRECTION('',(-1.,0.,0.));
#13132=DIRECTION('',(0.,1.,0.));
#13133=DIRECTION('',(-1.,0.,0.));
#13134=DIRECTION('',(0.,0.,1.));
#13135=DIRECTION('',(1.,0.,0.));
#13136=DIRECTION('',(0.,-1.,0.));
#13137=DIRECTION('',(1.,0.,0.));
#13138=DIRECTION('',(0.,1.,0.));
#13139=DIRECTION('',(1.,0.,0.));
#13140=DIRECTION('',(0.,1.,0.));
#13141=DIRECTION('',(0.707106781186548,0.,-0.707106781186548));
#13142=DIRECTION('',(0.,-1.,0.));
#13143=DIRECTION('',(0.,1.,0.));
#13144=DIRECTION('',(0.707106781186548,0.,-0.707106781186548));
#13145=DIRECTION('',(0.,1.,0.));
#13146=DIRECTION('',(-0.707106781186548,0.,-0.707106781186548));
#13147=DIRECTION('',(0.,1.,0.));
#13148=DIRECTION('',(-0.707106781186548,0.,-0.707106781186548));
#13149=DIRECTION('',(0.,1.,0.));
#13150=DIRECTION('',(-1.,0.,0.));
#13151=DIRECTION('',(0.,0.,1.));
#13152=DIRECTION('',(0.,-1.,0.));
#13153=DIRECTION('',(0.,0.,1.));
#13154=DIRECTION('',(0.,1.,0.));
#13155=DIRECTION('',(-0.707106781186548,0.,0.707106781186548));
#13156=DIRECTION('',(0.,1.,0.));
#13157=DIRECTION('',(-0.707106781186548,0.,0.707106781186548));
#13158=DIRECTION('',(0.,1.,0.));
#13159=DIRECTION('',(1.,0.,0.));
#13160=DIRECTION('',(1.,0.,0.));
#13161=DIRECTION('',(0.,0.,-1.));
#13162=DIRECTION('',(-1.,0.,0.));
#13163=DIRECTION('',(0.,0.,1.));
#13164=DIRECTION('',(0.,1.,0.));
#13165=DIRECTION('',(0.707106781186548,0.,0.707106781186548));
#13166=DIRECTION('',(0.,0.,-1.));
#13167=DIRECTION('',(1.,0.,0.));
#13168=DIRECTION('',(0.,0.,-1.));
#13169=DIRECTION('',(0.,1.,0.));
#13170=DIRECTION('',(0.,0.,-1.));
#13171=DIRECTION('',(0.,1.,0.));
#13172=DIRECTION('',(0.707106781186548,0.,0.707106781186548));
#13173=DIRECTION('',(-0.93834311681711,0.345705358827356,0.));
#13174=DIRECTION('',(0.,0.,1.));
#13175=DIRECTION('',(0.326732019606536,0.886844053217739,0.326732019606536));
#13176=DIRECTION('',(0.,0.,1.));
#13177=DIRECTION('',(0.326732019606536,0.886844053217739,-0.326732019606536));
#13178=DIRECTION('',(0.,0.345705358827356,-0.93834311681711));
#13179=DIRECTION('',(-1.,0.,0.));
#13180=DIRECTION('',(-0.326732019606536,0.886844053217739,0.326732019606536));
#13181=DIRECTION('',(-1.,0.,0.));
#13182=DIRECTION('',(0.93834311681711,0.345705358827356,0.));
#13183=DIRECTION('',(0.,0.,-1.));
#13184=DIRECTION('',(-0.326732019606536,0.886844053217739,-0.326732019606536));
#13185=DIRECTION('',(0.,0.,-1.));
#13186=DIRECTION('',(0.,0.345705358827356,0.93834311681711));
#13187=DIRECTION('',(1.,0.,0.));
#13188=DIRECTION('',(1.,0.,0.));
#13189=DIRECTION('',(0.,1.,3.40180154444447E-33));
#13190=DIRECTION('',(0.,-3.40180154444447E-33,1.));
#13191=DIRECTION('',(0.,1.,3.40180154444447E-33));
#13192=DIRECTION('',(1.,0.,0.));
#13193=DIRECTION('',(1.22464679914735E-16,0.,1.));
#13194=DIRECTION('',(1.,0.,-6.12323399573677E-17));
#13195=DIRECTION('',(0.,1.,0.));
#13196=DIRECTION('',(1.,0.,0.));
#13197=DIRECTION('',(0.,1.,0.));
#13198=DIRECTION('',(1.,0.,0.));
#13199=DIRECTION('',(1.,0.,0.));
#13200=DIRECTION('',(0.,0.,-1.));
#13201=DIRECTION('',(0.,0.,1.));
#13202=DIRECTION('',(0.,1.,0.));
#13203=DIRECTION('',(0.,0.,1.));
#13204=DIRECTION('',(0.,1.,0.));
#13205=DIRECTION('',(0.,0.,1.));
#13206=DIRECTION('',(1.,0.,0.));
#13207=DIRECTION('',(-1.,0.,0.));
#13208=DIRECTION('',(0.,1.,0.));
#13209=DIRECTION('',(-1.,0.,0.));
#13210=DIRECTION('',(-1.,0.,0.));
#13211=DIRECTION('',(0.,0.,1.));
#13212=DIRECTION('',(0.,0.,-1.));
#13213=DIRECTION('',(0.,1.,0.));
#13214=DIRECTION('',(0.,0.,-1.));
#13215=DIRECTION('',(0.,1.,0.));
#13216=DIRECTION('',(0.,0.,-1.));
#13217=DIRECTION('',(-1.,0.,0.));
#13218=DIRECTION('',(1.,0.,0.));
#13219=DIRECTION('',(0.,1.,0.));
#13220=DIRECTION('',(1.,0.,0.));
#13221=DIRECTION('',(1.,0.,0.));
#13222=DIRECTION('',(0.,0.,-1.));
#13223=DIRECTION('',(0.,0.,1.));
#13224=DIRECTION('',(0.,1.,0.));
#13225=DIRECTION('',(0.,0.,1.));
#13226=DIRECTION('',(0.,0.,-1.));
#13227=DIRECTION('',(-1.,0.,0.));
#13228=DIRECTION('',(1.,0.,0.));
#13229=DIRECTION('',(1.,0.,0.));
#13230=DIRECTION('',(0.,-1.,0.));
#13231=DIRECTION('',(0.,0.,-1.));
#13232=DIRECTION('',(-1.,0.,0.));
#13233=DIRECTION('',(0.,0.,-1.));
#13234=DIRECTION('',(1.,0.,0.));
#13235=DIRECTION('',(0.,0.,1.));
#13236=DIRECTION('',(-1.,0.,0.));
#13237=DIRECTION('',(0.,0.,-1.));
#13238=DIRECTION('',(0.,1.,0.));
#13239=DIRECTION('',(1.,0.,0.));
#13240=DIRECTION('',(-1.,0.,0.));
#13241=DIRECTION('',(0.,0.,1.));
#13242=DIRECTION('',(1.,0.,0.));
#13243=DIRECTION('',(0.,0.,1.));
#13244=DIRECTION('',(1.,0.,0.));
#13245=DIRECTION('',(0.,0.,-1.));
#13246=DIRECTION('',(1.,0.,0.));
#13247=DIRECTION('',(0.,0.,-1.));
#13248=DIRECTION('',(-1.,0.,0.));
#13249=DIRECTION('',(0.,0.,-1.));
#13250=DIRECTION('',(-1.,0.,0.));
#13251=DIRECTION('',(0.,0.,1.));
#13252=DIRECTION('',(0.,0.,-1.));
#13253=DIRECTION('',(-1.,0.,0.));
#13254=DIRECTION('',(1.,0.,0.));
#13255=DIRECTION('',(0.,1.,0.));
#13256=DIRECTION('',(-1.,0.,0.));
#13257=DIRECTION('',(0.,0.,1.));
#13258=DIRECTION('',(0.,0.,-1.));
#13259=DIRECTION('',(0.,1.,0.));
#13260=DIRECTION('',(0.,0.,1.));
#13261=DIRECTION('',(1.,0.,0.));
#13262=DIRECTION('',(-1.,0.,0.));
#13263=DIRECTION('',(0.,1.,0.));
#13264=DIRECTION('',(-1.,0.,0.));
#13265=DIRECTION('',(0.,0.,1.));
#13266=DIRECTION('',(0.,0.,-1.));
#13267=DIRECTION('',(0.,1.,0.));
#13268=DIRECTION('',(0.,0.,1.));
#13269=DIRECTION('',(1.,0.,0.));
#13270=DIRECTION('',(-1.,0.,0.));
#13271=DIRECTION('',(0.,1.,0.));
#13272=DIRECTION('',(1.,0.,0.));
#13273=DIRECTION('',(0.,0.,-1.));
#13274=DIRECTION('',(0.,0.,1.));
#13275=DIRECTION('',(-0.707106781186548,-0.707106781186548,0.));
#13276=DIRECTION('',(0.,0.,1.));
#13277=DIRECTION('',(-0.577350269189626,0.577350269189626,0.577350269189626));
#13278=DIRECTION('',(-0.577350269189626,0.577350269189626,0.577350269189626));
#13279=DIRECTION('',(0.,-0.707106781186548,0.707106781186548));
#13280=DIRECTION('',(1.,0.,0.));
#13281=DIRECTION('',(0.577350269189626,0.577350269189626,0.577350269189626));
#13282=DIRECTION('',(0.707106781186548,-0.707106781186548,0.));
#13283=DIRECTION('',(0.,0.,-1.));
#13284=DIRECTION('',(0.577350269189626,0.577350269189626,0.577350269189626));
#13285=DIRECTION('',(-0.707106781186548,-0.707106781186548,0.));
#13286=DIRECTION('',(0.,0.,1.));
#13287=DIRECTION('',(0.577350269189626,-0.577350269189626,0.577350269189626));
#13288=DIRECTION('',(-0.577350269189626,0.577350269189626,0.577350269189626));
#13289=DIRECTION('',(0.,-0.707106781186548,0.707106781186548));
#13290=DIRECTION('',(1.,0.,0.));
#13291=DIRECTION('',(0.577350269189626,0.577350269189626,0.577350269189626));
#13292=DIRECTION('',(0.707106781186548,-0.707106781186548,0.));
#13293=DIRECTION('',(0.,0.,-1.));
#13294=DIRECTION('',(0.577350269189626,0.577350269189626,-0.577350269189626));
#13295=DIRECTION('',(0.,-0.707106781186548,-0.707106781186548));
#13296=DIRECTION('',(-1.,0.,0.));
#13297=DIRECTION('',(0.577350269189626,0.577350269189626,-0.577350269189626));
#13298=DIRECTION('',(0.707106781186548,-0.707106781186548,0.));
#13299=DIRECTION('',(0.,0.,-1.));
#13300=DIRECTION('',(0.577350269189626,0.577350269189626,-0.577350269189626));
#13301=DIRECTION('',(0.,-0.707106781186548,-0.707106781186548));
#13302=DIRECTION('',(-1.,0.,0.));
#13303=DIRECTION('',(-0.577350269189626,0.577350269189626,-0.577350269189626));
#13304=DIRECTION('',(-0.707106781186548,-0.707106781186548,0.));
#13305=DIRECTION('',(0.,0.,1.));
#13306=DIRECTION('',(-0.577350269189626,0.577350269189626,-0.577350269189626));
#13307=DIRECTION('',(0.,-0.707106781186548,-0.707106781186548));
#13308=DIRECTION('',(-1.,0.,0.));
#13309=DIRECTION('',(0.,-0.707106781186548,0.707106781186548));
#13310=DIRECTION('',(1.,0.,0.));
#13311=DIRECTION('',(-0.000344919993160657,-0.999999940515097,-6.2917212226391E-18));
#13312=DIRECTION('',(0.999999940515097,-0.000344919993160657,5.34512235972778E-16));
#13313=DIRECTION('',(0.,0.,1.));
#13314=DIRECTION('',(1.,0.,0.));
#13315=DIRECTION('',(1.224646799147E-16,-1.35963107344631E-32,-1.));
#13316=DIRECTION('',(1.110223024625E-16,1.,0.));
#13317=DIRECTION('',(1.224646799147E-16,-1.35963107344631E-32,-1.));
#13318=DIRECTION('',(1.110223024625E-16,1.,0.));
#13319=DIRECTION('',(0.,0.,1.));
#13320=DIRECTION('',(1.,0.,0.));
#13321=DIRECTION('',(-1.224646799147E-16,1.,1.110223024625E-16));
#13322=DIRECTION('',(-1.,-1.224646799147E-16,0.));
#13323=DIRECTION('',(-1.224646799147E-16,1.,1.110223024625E-16));
#13324=DIRECTION('',(-1.,-1.224646799147E-16,0.));
#13325=DIRECTION('',(0.,0.,1.));
#13326=DIRECTION('',(1.,0.,0.));
#13327=DIRECTION('',(0.,0.,1.));
#13328=DIRECTION('',(1.,0.,0.));
#13329=DIRECTION('',(-1.224646799147E-16,1.,1.110223024625E-16));
#13330=DIRECTION('',(-1.,-1.224646799147E-16,0.));
#13331=DIRECTION('',(-1.224646799147E-16,1.,1.110223024625E-16));
#13332=DIRECTION('',(-1.,-1.224646799147E-16,0.));
#13333=DIRECTION('',(0.,0.,1.));
#13334=DIRECTION('',(1.,0.,0.));
#13335=DIRECTION('',(0.,0.,1.));
#13336=DIRECTION('',(1.,0.,0.));
#13337=DIRECTION('',(1.224646799147E-16,-1.35963107344631E-32,-1.));
#13338=DIRECTION('',(1.110223024625E-16,1.,0.));
#13339=DIRECTION('',(1.224646799147E-16,-1.35963107344631E-32,-1.));
#13340=DIRECTION('',(1.110223024625E-16,1.,0.));
#13341=DIRECTION('',(0.,0.,1.));
#13342=DIRECTION('',(1.,0.,0.));
#13343=DIRECTION('',(1.224646799147E-16,-1.35963107344631E-32,-1.));
#13344=DIRECTION('',(1.110223024625E-16,1.,0.));
#13345=DIRECTION('',(1.224646799147E-16,-1.35963107344631E-32,-1.));
#13346=DIRECTION('',(1.110223024625E-16,1.,0.));
#13347=DIRECTION('',(0.,0.,1.));
#13348=DIRECTION('',(1.,0.,0.));
#13349=DIRECTION('',(1.224646799147E-16,-1.35963107344631E-32,-1.));
#13350=DIRECTION('',(1.110223024625E-16,1.,0.));
#13351=DIRECTION('',(1.224646799147E-16,-1.35963107344631E-32,-1.));
#13352=DIRECTION('',(1.110223024625E-16,1.,0.));
#13353=DIRECTION('',(0.,0.,1.));
#13354=DIRECTION('',(1.,0.,0.));
#13355=DIRECTION('',(-1.224646799147E-16,1.,1.110223024625E-16));
#13356=DIRECTION('',(-1.,-1.224646799147E-16,0.));
#13357=DIRECTION('',(-1.224646799147E-16,1.,1.110223024625E-16));
#13358=DIRECTION('',(-1.,-1.224646799147E-16,0.));
#13359=DIRECTION('',(0.,0.,1.));
#13360=DIRECTION('',(1.,0.,0.));
#13361=DIRECTION('',(0.,0.,1.));
#13362=DIRECTION('',(1.,0.,0.));
#13363=DIRECTION('',(1.224646799147E-16,-1.35963107344631E-32,-1.));
#13364=DIRECTION('',(1.110223024625E-16,1.,0.));
#13365=DIRECTION('',(1.224646799147E-16,-1.35963107344631E-32,-1.));
#13366=DIRECTION('',(1.110223024625E-16,1.,0.));
#13367=DIRECTION('',(0.,0.,1.));
#13368=DIRECTION('',(1.,0.,0.));
#13369=DIRECTION('',(-1.224646799147E-16,1.,1.110223024625E-16));
#13370=DIRECTION('',(-1.,-1.224646799147E-16,0.));
#13371=DIRECTION('',(-1.224646799147E-16,1.,1.110223024625E-16));
#13372=DIRECTION('',(-1.,-1.224646799147E-16,0.));
#13373=DIRECTION('',(0.,0.,1.));
#13374=DIRECTION('',(1.,0.,0.));
#13375=DIRECTION('',(0.,0.,1.));
#13376=DIRECTION('',(1.,0.,0.));
#13377=DIRECTION('',(-1.224646799147E-16,1.,1.110223024625E-16));
#13378=DIRECTION('',(-1.,-1.224646799147E-16,0.));
#13379=DIRECTION('',(-1.224646799147E-16,1.,1.110223024625E-16));
#13380=DIRECTION('',(-1.,-1.224646799147E-16,0.));
#13381=DIRECTION('',(0.,0.,1.));
#13382=DIRECTION('',(1.,0.,0.));
#13383=DIRECTION('',(0.,0.,1.));
#13384=DIRECTION('',(1.,0.,0.));
#13385=DIRECTION('',(1.224646799147E-16,-1.35963107344631E-32,-1.));
#13386=DIRECTION('',(1.110223024625E-16,1.,0.));
#13387=DIRECTION('',(1.224646799147E-16,-1.35963107344631E-32,-1.));
#13388=DIRECTION('',(1.110223024625E-16,1.,0.));
#13389=DIRECTION('',(0.,0.,1.));
#13390=DIRECTION('',(1.,0.,0.));
#13391=DIRECTION('',(1.224646799147E-16,-1.35963107344631E-32,-1.));
#13392=DIRECTION('',(1.110223024625E-16,1.,0.));
#13393=DIRECTION('',(1.224646799147E-16,-1.35963107344631E-32,-1.));
#13394=DIRECTION('',(1.110223024625E-16,1.,0.));
#13395=DIRECTION('',(0.,0.,1.));
#13396=DIRECTION('',(1.,0.,0.));
#13397=DIRECTION('',(-1.224646799147E-16,1.,1.110223024625E-16));
#13398=DIRECTION('',(-1.,-1.224646799147E-16,0.));
#13399=DIRECTION('',(-1.224646799147E-16,1.,1.110223024625E-16));
#13400=DIRECTION('',(-1.,-1.224646799147E-16,0.));
#13401=DIRECTION('',(0.,0.,1.));
#13402=DIRECTION('',(1.,0.,0.));
#13403=DIRECTION('',(0.,0.,1.));
#13404=DIRECTION('',(1.,0.,0.));
#13405=DIRECTION('',(-1.224646799147E-16,1.,1.110223024625E-16));
#13406=DIRECTION('',(-1.,-1.224646799147E-16,0.));
#13407=DIRECTION('',(-1.224646799147E-16,1.,1.110223024625E-16));
#13408=DIRECTION('',(-1.,-1.224646799147E-16,0.));
#13409=DIRECTION('',(0.,0.,1.));
#13410=DIRECTION('',(1.,0.,0.));
#13411=DIRECTION('',(0.,0.,1.));
#13412=DIRECTION('',(1.,0.,0.));
#13413=DIRECTION('',(1.224646799147E-16,-1.35963107344631E-32,-1.));
#13414=DIRECTION('',(1.110223024625E-16,1.,0.));
#13415=DIRECTION('',(1.224646799147E-16,-1.35963107344631E-32,-1.));
#13416=DIRECTION('',(1.110223024625E-16,1.,0.));
#13417=DIRECTION('',(0.,0.,1.));
#13418=DIRECTION('',(1.,0.,0.));
#13419=DIRECTION('',(1.224646799147E-16,-1.35963107344631E-32,-1.));
#13420=DIRECTION('',(1.110223024625E-16,1.,0.));
#13421=DIRECTION('',(1.224646799147E-16,-1.35963107344631E-32,-1.));
#13422=DIRECTION('',(1.110223024625E-16,1.,0.));
#13423=DIRECTION('',(0.,0.,1.));
#13424=DIRECTION('',(1.,0.,0.));
#13425=DIRECTION('',(1.224646799147E-16,-1.35963107344631E-32,-1.));
#13426=DIRECTION('',(1.110223024625E-16,1.,0.));
#13427=DIRECTION('',(1.224646799147E-16,-1.35963107344631E-32,-1.));
#13428=DIRECTION('',(1.110223024625E-16,1.,0.));
#13429=DIRECTION('',(0.,0.,1.));
#13430=DIRECTION('',(1.,0.,0.));
#13431=CARTESIAN_POINT('',(0.,0.,0.));
#13432=CARTESIAN_POINT('',(0.15112,-0.124325,0.));
#13433=CARTESIAN_POINT('',(0.15112,-0.124325,0.));
#13434=CARTESIAN_POINT('',(0.15112,-0.124325,0.));
#13435=CARTESIAN_POINT('',(0.15112,-0.124325,0.00151));
#13436=CARTESIAN_POINT('',(0.15112,-0.124325,0.00151));
#13437=CARTESIAN_POINT('',(0.068619999,-0.124325,0.00151));
#13438=CARTESIAN_POINT('',(0.068619999,-0.124325,0.));
#13439=CARTESIAN_POINT('',(0.068619999,-0.124325,0.));
#13440=CARTESIAN_POINT('',(0.,-0.124325,0.));
#13441=CARTESIAN_POINT('',(0.15112,-0.024324999,0.));
#13442=CARTESIAN_POINT('',(0.15112,-0.024324999,0.));
#13443=CARTESIAN_POINT('',(0.15112,-0.024324999,0.));
#13444=CARTESIAN_POINT('',(0.15112,-0.024324999,0.00151));
#13445=CARTESIAN_POINT('',(0.15112,-0.024324999,0.00151));
#13446=CARTESIAN_POINT('',(0.15112,0.,0.));
#13447=CARTESIAN_POINT('',(0.068619999,-0.124325,0.));
#13448=CARTESIAN_POINT('',(0.068619999,-0.124325,0.00151));
#13449=CARTESIAN_POINT('',(0.068619999,-0.024324999,0.00151));
#13450=CARTESIAN_POINT('',(0.068619999,-0.024324999,0.));
#13451=CARTESIAN_POINT('',(0.068619999,-0.024324999,0.));
#13452=CARTESIAN_POINT('',(0.068619999,0.,0.));
#13453=CARTESIAN_POINT('',(0.,0.,0.));
#13454=CARTESIAN_POINT('',(0.,-0.024324999,0.));
#13455=CARTESIAN_POINT('',(0.075565,-0.1143,0.));
#13456=CARTESIAN_POINT('',(0.074715,-0.1143,0.));
#13457=CARTESIAN_POINT('',(0.080645,-0.1143,0.));
#13458=CARTESIAN_POINT('',(0.078645,-0.1143,0.));
#13459=CARTESIAN_POINT('',(0.076835,-0.11176,0.));
#13460=CARTESIAN_POINT('',(0.076085,-0.11176,0.));
#13461=CARTESIAN_POINT('',(0.085725,-0.1143,0.));
#13462=CARTESIAN_POINT('',(0.084875,-0.1143,0.));
#13463=CARTESIAN_POINT('',(0.09012,-0.117935,0.));
#13464=CARTESIAN_POINT('',(0.08972,-0.117935,0.));
#13465=CARTESIAN_POINT('',(0.083185,-0.10922,0.));
#13466=CARTESIAN_POINT('',(0.082435,-0.10922,0.));
#13467=CARTESIAN_POINT('',(0.09012,-0.110315,0.));
#13468=CARTESIAN_POINT('',(0.08972,-0.110315,0.));
#13469=CARTESIAN_POINT('',(0.09012,-0.099435,0.));
#13470=CARTESIAN_POINT('',(0.08972,-0.099435,0.));
#13471=CARTESIAN_POINT('',(0.094615,-0.1143,0.));
#13472=CARTESIAN_POINT('',(0.093765,-0.1143,0.));
#13473=CARTESIAN_POINT('',(0.099695,-0.1143,0.));
#13474=CARTESIAN_POINT('',(0.097695,-0.1143,0.));
#13475=CARTESIAN_POINT('',(0.095885,-0.11176,0.));
#13476=CARTESIAN_POINT('',(0.095135,-0.11176,0.));
#13477=CARTESIAN_POINT('',(0.104775,-0.1143,0.));
#13478=CARTESIAN_POINT('',(0.103925,-0.1143,0.));
#13479=CARTESIAN_POINT('',(0.10912,-0.117935,0.));
#13480=CARTESIAN_POINT('',(0.10872,-0.117935,0.));
#13481=CARTESIAN_POINT('',(0.102235,-0.10922,0.));
#13482=CARTESIAN_POINT('',(0.101485,-0.10922,0.));
#13483=CARTESIAN_POINT('',(0.10912,-0.110315,0.));
#13484=CARTESIAN_POINT('',(0.10872,-0.110315,0.));
#13485=CARTESIAN_POINT('',(0.10912,-0.099435,0.));
#13486=CARTESIAN_POINT('',(0.10872,-0.099435,0.));
#13487=CARTESIAN_POINT('',(0.075565,-0.09525,0.));
#13488=CARTESIAN_POINT('',(0.074715,-0.09525,0.));
#13489=CARTESIAN_POINT('',(0.076835,-0.09271,0.));
#13490=CARTESIAN_POINT('',(0.076085,-0.09271,0.));
#13491=CARTESIAN_POINT('',(0.080645,-0.09525,0.));
#13492=CARTESIAN_POINT('',(0.078645,-0.09525,0.));
#13493=CARTESIAN_POINT('',(0.085725,-0.09525,0.));
#13494=CARTESIAN_POINT('',(0.084875,-0.09525,0.));
#13495=CARTESIAN_POINT('',(0.083185,-0.09017,0.));
#13496=CARTESIAN_POINT('',(0.082435,-0.09017,0.));
#13497=CARTESIAN_POINT('',(0.09012,-0.091815,0.));
#13498=CARTESIAN_POINT('',(0.08972,-0.091815,0.));
#13499=CARTESIAN_POINT('',(0.075565,-0.0762,0.));
#13500=CARTESIAN_POINT('',(0.074715,-0.0762,0.));
#13501=CARTESIAN_POINT('',(0.076835,-0.07366,0.));
#13502=CARTESIAN_POINT('',(0.076085,-0.07366,0.));
#13503=CARTESIAN_POINT('',(0.080645,-0.0762,0.));
#13504=CARTESIAN_POINT('',(0.078645,-0.0762,0.));
#13505=CARTESIAN_POINT('',(0.09012,-0.080435,0.));
#13506=CARTESIAN_POINT('',(0.08972,-0.080435,0.));
#13507=CARTESIAN_POINT('',(0.085725,-0.0762,0.));
#13508=CARTESIAN_POINT('',(0.084875,-0.0762,0.));
#13509=CARTESIAN_POINT('',(0.09012,-0.072815,0.));
#13510=CARTESIAN_POINT('',(0.08972,-0.072815,0.));
#13511=CARTESIAN_POINT('',(0.094615,-0.09525,0.));
#13512=CARTESIAN_POINT('',(0.093765,-0.09525,0.));
#13513=CARTESIAN_POINT('',(0.095885,-0.09271,0.));
#13514=CARTESIAN_POINT('',(0.095135,-0.09271,0.));
#13515=CARTESIAN_POINT('',(0.099695,-0.09525,0.));
#13516=CARTESIAN_POINT('',(0.097695,-0.09525,0.));
#13517=CARTESIAN_POINT('',(0.104775,-0.09525,0.));
#13518=CARTESIAN_POINT('',(0.103925,-0.09525,0.));
#13519=CARTESIAN_POINT('',(0.102235,-0.09017,0.));
#13520=CARTESIAN_POINT('',(0.101485,-0.09017,0.));
#13521=CARTESIAN_POINT('',(0.10912,-0.091815,0.));
#13522=CARTESIAN_POINT('',(0.10872,-0.091815,0.));
#13523=CARTESIAN_POINT('',(0.094615,-0.0762,0.));
#13524=CARTESIAN_POINT('',(0.093765,-0.0762,0.));
#13525=CARTESIAN_POINT('',(0.095885,-0.07366,0.));
#13526=CARTESIAN_POINT('',(0.095135,-0.07366,0.));
#13527=CARTESIAN_POINT('',(0.099695,-0.0762,0.));
#13528=CARTESIAN_POINT('',(0.097695,-0.0762,0.));
#13529=CARTESIAN_POINT('',(0.10962,-0.080435,0.));
#13530=CARTESIAN_POINT('',(0.10922,-0.080435,0.));
#13531=CARTESIAN_POINT('',(0.104775,-0.0762,0.));
#13532=CARTESIAN_POINT('',(0.103925,-0.0762,0.));
#13533=CARTESIAN_POINT('',(0.10962,-0.072815,0.));
#13534=CARTESIAN_POINT('',(0.10922,-0.072815,0.));
#13535=CARTESIAN_POINT('',(0.113665,-0.1143,0.));
#13536=CARTESIAN_POINT('',(0.112815,-0.1143,0.));
#13537=CARTESIAN_POINT('',(0.118745,-0.1143,0.));
#13538=CARTESIAN_POINT('',(0.116745,-0.1143,0.));
#13539=CARTESIAN_POINT('',(0.114935,-0.11176,0.));
#13540=CARTESIAN_POINT('',(0.114185,-0.11176,0.));
#13541=CARTESIAN_POINT('',(0.123825,-0.1143,0.));
#13542=CARTESIAN_POINT('',(0.122975,-0.1143,0.));
#13543=CARTESIAN_POINT('',(0.12812,-0.117935,0.));
#13544=CARTESIAN_POINT('',(0.12772,-0.117935,0.));
#13545=CARTESIAN_POINT('',(0.121285,-0.10922,0.));
#13546=CARTESIAN_POINT('',(0.120535,-0.10922,0.));
#13547=CARTESIAN_POINT('',(0.12812,-0.110315,0.));
#13548=CARTESIAN_POINT('',(0.12772,-0.110315,0.));
#13549=CARTESIAN_POINT('',(0.12812,-0.099435,0.));
#13550=CARTESIAN_POINT('',(0.12772,-0.099435,0.));
#13551=CARTESIAN_POINT('',(0.132715,-0.1143,0.));
#13552=CARTESIAN_POINT('',(0.131865,-0.1143,0.));
#13553=CARTESIAN_POINT('',(0.137795,-0.1143,0.));
#13554=CARTESIAN_POINT('',(0.135795,-0.1143,0.));
#13555=CARTESIAN_POINT('',(0.133985,-0.11176,0.));
#13556=CARTESIAN_POINT('',(0.133235,-0.11176,0.));
#13557=CARTESIAN_POINT('',(0.142875,-0.1143,0.));
#13558=CARTESIAN_POINT('',(0.142025,-0.1143,0.));
#13559=CARTESIAN_POINT('',(0.14762,-0.117935,0.));
#13560=CARTESIAN_POINT('',(0.14722,-0.117935,0.));
#13561=CARTESIAN_POINT('',(0.140335,-0.10922,0.));
#13562=CARTESIAN_POINT('',(0.139585,-0.10922,0.));
#13563=CARTESIAN_POINT('',(0.14762,-0.110315,0.));
#13564=CARTESIAN_POINT('',(0.14722,-0.110315,0.));
#13565=CARTESIAN_POINT('',(0.14762,-0.099435,0.));
#13566=CARTESIAN_POINT('',(0.14722,-0.099435,0.));
#13567=CARTESIAN_POINT('',(0.113665,-0.09525,0.));
#13568=CARTESIAN_POINT('',(0.112815,-0.09525,0.));
#13569=CARTESIAN_POINT('',(0.114935,-0.09271,0.));
#13570=CARTESIAN_POINT('',(0.114185,-0.09271,0.));
#13571=CARTESIAN_POINT('',(0.118745,-0.09525,0.));
#13572=CARTESIAN_POINT('',(0.116745,-0.09525,0.));
#13573=CARTESIAN_POINT('',(0.123825,-0.09525,0.));
#13574=CARTESIAN_POINT('',(0.122975,-0.09525,0.));
#13575=CARTESIAN_POINT('',(0.121285,-0.09017,0.));
#13576=CARTESIAN_POINT('',(0.120535,-0.09017,0.));
#13577=CARTESIAN_POINT('',(0.12812,-0.091815,0.));
#13578=CARTESIAN_POINT('',(0.12772,-0.091815,0.));
#13579=CARTESIAN_POINT('',(0.113665,-0.0762,0.));
#13580=CARTESIAN_POINT('',(0.112815,-0.0762,0.));
#13581=CARTESIAN_POINT('',(0.114935,-0.07366,0.));
#13582=CARTESIAN_POINT('',(0.114185,-0.07366,0.));
#13583=CARTESIAN_POINT('',(0.118745,-0.0762,0.));
#13584=CARTESIAN_POINT('',(0.116745,-0.0762,0.));
#13585=CARTESIAN_POINT('',(0.12812,-0.080435,0.));
#13586=CARTESIAN_POINT('',(0.12772,-0.080435,0.));
#13587=CARTESIAN_POINT('',(0.123825,-0.0762,0.));
#13588=CARTESIAN_POINT('',(0.122975,-0.0762,0.));
#13589=CARTESIAN_POINT('',(0.12812,-0.072815,0.));
#13590=CARTESIAN_POINT('',(0.12772,-0.072815,0.));
#13591=CARTESIAN_POINT('',(0.132715,-0.09525,0.));
#13592=CARTESIAN_POINT('',(0.131865,-0.09525,0.));
#13593=CARTESIAN_POINT('',(0.133985,-0.09271,0.));
#13594=CARTESIAN_POINT('',(0.133235,-0.09271,0.));
#13595=CARTESIAN_POINT('',(0.137795,-0.09525,0.));
#13596=CARTESIAN_POINT('',(0.135795,-0.09525,0.));
#13597=CARTESIAN_POINT('',(0.142875,-0.09525,0.));
#13598=CARTESIAN_POINT('',(0.142025,-0.09525,0.));
#13599=CARTESIAN_POINT('',(0.140335,-0.09017,0.));
#13600=CARTESIAN_POINT('',(0.139585,-0.09017,0.));
#13601=CARTESIAN_POINT('',(0.14762,-0.091815,0.));
#13602=CARTESIAN_POINT('',(0.14722,-0.091815,0.));
#13603=CARTESIAN_POINT('',(0.132715,-0.0762,0.));
#13604=CARTESIAN_POINT('',(0.131865,-0.0762,0.));
#13605=CARTESIAN_POINT('',(0.137795,-0.0762,0.));
#13606=CARTESIAN_POINT('',(0.135795,-0.0762,0.));
#13607=CARTESIAN_POINT('',(0.133985,-0.07366,0.));
#13608=CARTESIAN_POINT('',(0.133235,-0.07366,0.));
#13609=CARTESIAN_POINT('',(0.14762,-0.080435,0.));
#13610=CARTESIAN_POINT('',(0.14722,-0.080435,0.));
#13611=CARTESIAN_POINT('',(0.142875,-0.0762,0.));
#13612=CARTESIAN_POINT('',(0.142025,-0.0762,0.));
#13613=CARTESIAN_POINT('',(0.14762,-0.072815,0.));
#13614=CARTESIAN_POINT('',(0.14722,-0.072815,0.));
#13615=CARTESIAN_POINT('',(0.083185,-0.07112,0.));
#13616=CARTESIAN_POINT('',(0.082435,-0.07112,0.));
#13617=CARTESIAN_POINT('',(0.09012,-0.061435,0.));
#13618=CARTESIAN_POINT('',(0.08972,-0.061435,0.));
#13619=CARTESIAN_POINT('',(0.075565,-0.05715,0.));
#13620=CARTESIAN_POINT('',(0.074715,-0.05715,0.));
#13621=CARTESIAN_POINT('',(0.080645,-0.05715,0.));
#13622=CARTESIAN_POINT('',(0.078645,-0.05715,0.));
#13623=CARTESIAN_POINT('',(0.076835,-0.05461,0.));
#13624=CARTESIAN_POINT('',(0.076085,-0.05461,0.));
#13625=CARTESIAN_POINT('',(0.085725,-0.05715,0.));
#13626=CARTESIAN_POINT('',(0.084875,-0.05715,0.));
#13627=CARTESIAN_POINT('',(0.083185,-0.05207,0.));
#13628=CARTESIAN_POINT('',(0.082435,-0.05207,0.));
#13629=CARTESIAN_POINT('',(0.09012,-0.053815,0.));
#13630=CARTESIAN_POINT('',(0.08972,-0.053815,0.));
#13631=CARTESIAN_POINT('',(0.102235,-0.07112,0.));
#13632=CARTESIAN_POINT('',(0.101485,-0.07112,0.));
#13633=CARTESIAN_POINT('',(0.10962,-0.061435,0.));
#13634=CARTESIAN_POINT('',(0.10922,-0.061435,0.));
#13635=CARTESIAN_POINT('',(0.094615,-0.05715,0.));
#13636=CARTESIAN_POINT('',(0.093765,-0.05715,0.));
#13637=CARTESIAN_POINT('',(0.099695,-0.05715,0.));
#13638=CARTESIAN_POINT('',(0.097695,-0.05715,0.));
#13639=CARTESIAN_POINT('',(0.095885,-0.05461,0.));
#13640=CARTESIAN_POINT('',(0.095135,-0.05461,0.));
#13641=CARTESIAN_POINT('',(0.104775,-0.05715,0.));
#13642=CARTESIAN_POINT('',(0.103925,-0.05715,0.));
#13643=CARTESIAN_POINT('',(0.102235,-0.05207,0.));
#13644=CARTESIAN_POINT('',(0.101485,-0.05207,0.));
#13645=CARTESIAN_POINT('',(0.10962,-0.053815,0.));
#13646=CARTESIAN_POINT('',(0.10922,-0.053815,0.));
#13647=CARTESIAN_POINT('',(0.072945,-0.041895,0.));
#13648=CARTESIAN_POINT('',(0.072445,-0.041895,0.));
#13649=CARTESIAN_POINT('',(0.072945,-0.039355,0.));
#13650=CARTESIAN_POINT('',(0.072445,-0.039355,0.));
#13651=CARTESIAN_POINT('',(0.088195,-0.041895,0.));
#13652=CARTESIAN_POINT('',(0.087695,-0.041895,0.));
#13653=CARTESIAN_POINT('',(0.088195,-0.039355,0.));
#13654=CARTESIAN_POINT('',(0.087695,-0.039355,0.));
#13655=CARTESIAN_POINT('',(0.072945,-0.036815,0.));
#13656=CARTESIAN_POINT('',(0.072445,-0.036815,0.));
#13657=CARTESIAN_POINT('',(0.072945,-0.034275,0.));
#13658=CARTESIAN_POINT('',(0.072445,-0.034275,0.));
#13659=CARTESIAN_POINT('',(0.072945,-0.031735,0.));
#13660=CARTESIAN_POINT('',(0.072445,-0.031735,0.));
#13661=CARTESIAN_POINT('',(0.072945,-0.029195,0.));
#13662=CARTESIAN_POINT('',(0.072445,-0.029195,0.));
#13663=CARTESIAN_POINT('',(0.072945,-0.026655,0.));
#13664=CARTESIAN_POINT('',(0.072445,-0.026655,0.));
#13665=CARTESIAN_POINT('',(0.088195,-0.036815,0.));
#13666=CARTESIAN_POINT('',(0.087695,-0.036815,0.));
#13667=CARTESIAN_POINT('',(0.088195,-0.034275,0.));
#13668=CARTESIAN_POINT('',(0.087695,-0.034275,0.));
#13669=CARTESIAN_POINT('',(0.088195,-0.031735,0.));
#13670=CARTESIAN_POINT('',(0.087695,-0.031735,0.));
#13671=CARTESIAN_POINT('',(0.088195,-0.029195,0.));
#13672=CARTESIAN_POINT('',(0.087695,-0.029195,0.));
#13673=CARTESIAN_POINT('',(0.088195,-0.026655,0.));
#13674=CARTESIAN_POINT('',(0.087695,-0.026655,0.));
#13675=CARTESIAN_POINT('',(0.121285,-0.07112,0.));
#13676=CARTESIAN_POINT('',(0.120535,-0.07112,0.));
#13677=CARTESIAN_POINT('',(0.12862,-0.061435,0.));
#13678=CARTESIAN_POINT('',(0.12822,-0.061435,0.));
#13679=CARTESIAN_POINT('',(0.113665,-0.05715,0.));
#13680=CARTESIAN_POINT('',(0.112815,-0.05715,0.));
#13681=CARTESIAN_POINT('',(0.118745,-0.05715,0.));
#13682=CARTESIAN_POINT('',(0.116745,-0.05715,0.));
#13683=CARTESIAN_POINT('',(0.114935,-0.05461,0.));
#13684=CARTESIAN_POINT('',(0.114185,-0.05461,0.));
#13685=CARTESIAN_POINT('',(0.123825,-0.05715,0.));
#13686=CARTESIAN_POINT('',(0.122975,-0.05715,0.));
#13687=CARTESIAN_POINT('',(0.121285,-0.05207,0.));
#13688=CARTESIAN_POINT('',(0.120535,-0.05207,0.));
#13689=CARTESIAN_POINT('',(0.12862,-0.053815,0.));
#13690=CARTESIAN_POINT('',(0.12822,-0.053815,0.));
#13691=CARTESIAN_POINT('',(0.140335,-0.07112,0.));
#13692=CARTESIAN_POINT('',(0.139585,-0.07112,0.));
#13693=CARTESIAN_POINT('',(0.14762,-0.061435,0.));
#13694=CARTESIAN_POINT('',(0.14722,-0.061435,0.));
#13695=CARTESIAN_POINT('',(0.132715,-0.05715,0.));
#13696=CARTESIAN_POINT('',(0.131865,-0.05715,0.));
#13697=CARTESIAN_POINT('',(0.137795,-0.05715,0.));
#13698=CARTESIAN_POINT('',(0.135795,-0.05715,0.));
#13699=CARTESIAN_POINT('',(0.133985,-0.05461,0.));
#13700=CARTESIAN_POINT('',(0.133235,-0.05461,0.));
#13701=CARTESIAN_POINT('',(0.142875,-0.05715,0.));
#13702=CARTESIAN_POINT('',(0.142025,-0.05715,0.));
#13703=CARTESIAN_POINT('',(0.140335,-0.05207,0.));
#13704=CARTESIAN_POINT('',(0.139585,-0.05207,0.));
#13705=CARTESIAN_POINT('',(0.14762,-0.053815,0.));
#13706=CARTESIAN_POINT('',(0.14722,-0.053815,0.));
#13707=CARTESIAN_POINT('',(0.145735,-0.04205,0.));
#13708=CARTESIAN_POINT('',(0.145235,-0.04205,0.));
#13709=CARTESIAN_POINT('',(0.145735,-0.03951,0.));
#13710=CARTESIAN_POINT('',(0.145235,-0.03951,0.));
#13711=CARTESIAN_POINT('',(0.145735,-0.03697,0.));
#13712=CARTESIAN_POINT('',(0.145235,-0.03697,0.));
#13713=CARTESIAN_POINT('',(0.145735,-0.03443,0.));
#13714=CARTESIAN_POINT('',(0.145235,-0.03443,0.));
#13715=CARTESIAN_POINT('',(0.,0.,0.00151));
#13716=CARTESIAN_POINT('',(0.068619999,-0.024324999,0.00151));
#13717=CARTESIAN_POINT('',(0.075565,-0.1143,0.00151));
#13718=CARTESIAN_POINT('',(0.074715,-0.1143,0.00151));
#13719=CARTESIAN_POINT('',(0.080645,-0.1143,0.00151));
#13720=CARTESIAN_POINT('',(0.078645,-0.1143,0.00151));
#13721=CARTESIAN_POINT('',(0.076835,-0.11176,0.00151));
#13722=CARTESIAN_POINT('',(0.076085,-0.11176,0.00151));
#13723=CARTESIAN_POINT('',(0.085725,-0.1143,0.00151));
#13724=CARTESIAN_POINT('',(0.084875,-0.1143,0.00151));
#13725=CARTESIAN_POINT('',(0.09012,-0.117935,0.00151));
#13726=CARTESIAN_POINT('',(0.08972,-0.117935,0.00151));
#13727=CARTESIAN_POINT('',(0.083185,-0.10922,0.00151));
#13728=CARTESIAN_POINT('',(0.082435,-0.10922,0.00151));
#13729=CARTESIAN_POINT('',(0.09012,-0.110315,0.00151));
#13730=CARTESIAN_POINT('',(0.08972,-0.110315,0.00151));
#13731=CARTESIAN_POINT('',(0.09012,-0.099435,0.00151));
#13732=CARTESIAN_POINT('',(0.08972,-0.099435,0.00151));
#13733=CARTESIAN_POINT('',(0.094615,-0.1143,0.00151));
#13734=CARTESIAN_POINT('',(0.093765,-0.1143,0.00151));
#13735=CARTESIAN_POINT('',(0.099695,-0.1143,0.00151));
#13736=CARTESIAN_POINT('',(0.097695,-0.1143,0.00151));
#13737=CARTESIAN_POINT('',(0.095885,-0.11176,0.00151));
#13738=CARTESIAN_POINT('',(0.095135,-0.11176,0.00151));
#13739=CARTESIAN_POINT('',(0.104775,-0.1143,0.00151));
#13740=CARTESIAN_POINT('',(0.103925,-0.1143,0.00151));
#13741=CARTESIAN_POINT('',(0.10912,-0.117935,0.00151));
#13742=CARTESIAN_POINT('',(0.10872,-0.117935,0.00151));
#13743=CARTESIAN_POINT('',(0.102235,-0.10922,0.00151));
#13744=CARTESIAN_POINT('',(0.101485,-0.10922,0.00151));
#13745=CARTESIAN_POINT('',(0.10912,-0.110315,0.00151));
#13746=CARTESIAN_POINT('',(0.10872,-0.110315,0.00151));
#13747=CARTESIAN_POINT('',(0.10912,-0.099435,0.00151));
#13748=CARTESIAN_POINT('',(0.10872,-0.099435,0.00151));
#13749=CARTESIAN_POINT('',(0.075565,-0.09525,0.00151));
#13750=CARTESIAN_POINT('',(0.074715,-0.09525,0.00151));
#13751=CARTESIAN_POINT('',(0.076835,-0.09271,0.00151));
#13752=CARTESIAN_POINT('',(0.076085,-0.09271,0.00151));
#13753=CARTESIAN_POINT('',(0.080645,-0.09525,0.00151));
#13754=CARTESIAN_POINT('',(0.078645,-0.09525,0.00151));
#13755=CARTESIAN_POINT('',(0.085725,-0.09525,0.00151));
#13756=CARTESIAN_POINT('',(0.084875,-0.09525,0.00151));
#13757=CARTESIAN_POINT('',(0.083185,-0.09017,0.00151));
#13758=CARTESIAN_POINT('',(0.082435,-0.09017,0.00151));
#13759=CARTESIAN_POINT('',(0.09012,-0.091815,0.00151));
#13760=CARTESIAN_POINT('',(0.08972,-0.091815,0.00151));
#13761=CARTESIAN_POINT('',(0.075565,-0.0762,0.00151));
#13762=CARTESIAN_POINT('',(0.074715,-0.0762,0.00151));
#13763=CARTESIAN_POINT('',(0.076835,-0.07366,0.00151));
#13764=CARTESIAN_POINT('',(0.076085,-0.07366,0.00151));
#13765=CARTESIAN_POINT('',(0.080645,-0.0762,0.00151));
#13766=CARTESIAN_POINT('',(0.078645,-0.0762,0.00151));
#13767=CARTESIAN_POINT('',(0.09012,-0.080435,0.00151));
#13768=CARTESIAN_POINT('',(0.08972,-0.080435,0.00151));
#13769=CARTESIAN_POINT('',(0.085725,-0.0762,0.00151));
#13770=CARTESIAN_POINT('',(0.084875,-0.0762,0.00151));
#13771=CARTESIAN_POINT('',(0.09012,-0.072815,0.00151));
#13772=CARTESIAN_POINT('',(0.08972,-0.072815,0.00151));
#13773=CARTESIAN_POINT('',(0.094615,-0.09525,0.00151));
#13774=CARTESIAN_POINT('',(0.093765,-0.09525,0.00151));
#13775=CARTESIAN_POINT('',(0.095885,-0.09271,0.00151));
#13776=CARTESIAN_POINT('',(0.095135,-0.09271,0.00151));
#13777=CARTESIAN_POINT('',(0.099695,-0.09525,0.00151));
#13778=CARTESIAN_POINT('',(0.097695,-0.09525,0.00151));
#13779=CARTESIAN_POINT('',(0.104775,-0.09525,0.00151));
#13780=CARTESIAN_POINT('',(0.103925,-0.09525,0.00151));
#13781=CARTESIAN_POINT('',(0.102235,-0.09017,0.00151));
#13782=CARTESIAN_POINT('',(0.101485,-0.09017,0.00151));
#13783=CARTESIAN_POINT('',(0.10912,-0.091815,0.00151));
#13784=CARTESIAN_POINT('',(0.10872,-0.091815,0.00151));
#13785=CARTESIAN_POINT('',(0.094615,-0.0762,0.00151));
#13786=CARTESIAN_POINT('',(0.093765,-0.0762,0.00151));
#13787=CARTESIAN_POINT('',(0.095885,-0.07366,0.00151));
#13788=CARTESIAN_POINT('',(0.095135,-0.07366,0.00151));
#13789=CARTESIAN_POINT('',(0.099695,-0.0762,0.00151));
#13790=CARTESIAN_POINT('',(0.097695,-0.0762,0.00151));
#13791=CARTESIAN_POINT('',(0.10962,-0.080435,0.00151));
#13792=CARTESIAN_POINT('',(0.10922,-0.080435,0.00151));
#13793=CARTESIAN_POINT('',(0.104775,-0.0762,0.00151));
#13794=CARTESIAN_POINT('',(0.103925,-0.0762,0.00151));
#13795=CARTESIAN_POINT('',(0.10962,-0.072815,0.00151));
#13796=CARTESIAN_POINT('',(0.10922,-0.072815,0.00151));
#13797=CARTESIAN_POINT('',(0.113665,-0.1143,0.00151));
#13798=CARTESIAN_POINT('',(0.112815,-0.1143,0.00151));
#13799=CARTESIAN_POINT('',(0.118745,-0.1143,0.00151));
#13800=CARTESIAN_POINT('',(0.116745,-0.1143,0.00151));
#13801=CARTESIAN_POINT('',(0.114935,-0.11176,0.00151));
#13802=CARTESIAN_POINT('',(0.114185,-0.11176,0.00151));
#13803=CARTESIAN_POINT('',(0.123825,-0.1143,0.00151));
#13804=CARTESIAN_POINT('',(0.122975,-0.1143,0.00151));
#13805=CARTESIAN_POINT('',(0.12812,-0.117935,0.00151));
#13806=CARTESIAN_POINT('',(0.12772,-0.117935,0.00151));
#13807=CARTESIAN_POINT('',(0.121285,-0.10922,0.00151));
#13808=CARTESIAN_POINT('',(0.120535,-0.10922,0.00151));
#13809=CARTESIAN_POINT('',(0.12812,-0.110315,0.00151));
#13810=CARTESIAN_POINT('',(0.12772,-0.110315,0.00151));
#13811=CARTESIAN_POINT('',(0.12812,-0.099435,0.00151));
#13812=CARTESIAN_POINT('',(0.12772,-0.099435,0.00151));
#13813=CARTESIAN_POINT('',(0.132715,-0.1143,0.00151));
#13814=CARTESIAN_POINT('',(0.131865,-0.1143,0.00151));
#13815=CARTESIAN_POINT('',(0.137795,-0.1143,0.00151));
#13816=CARTESIAN_POINT('',(0.135795,-0.1143,0.00151));
#13817=CARTESIAN_POINT('',(0.133985,-0.11176,0.00151));
#13818=CARTESIAN_POINT('',(0.133235,-0.11176,0.00151));
#13819=CARTESIAN_POINT('',(0.142875,-0.1143,0.00151));
#13820=CARTESIAN_POINT('',(0.142025,-0.1143,0.00151));
#13821=CARTESIAN_POINT('',(0.14762,-0.117935,0.00151));
#13822=CARTESIAN_POINT('',(0.14722,-0.117935,0.00151));
#13823=CARTESIAN_POINT('',(0.140335,-0.10922,0.00151));
#13824=CARTESIAN_POINT('',(0.139585,-0.10922,0.00151));
#13825=CARTESIAN_POINT('',(0.14762,-0.110315,0.00151));
#13826=CARTESIAN_POINT('',(0.14722,-0.110315,0.00151));
#13827=CARTESIAN_POINT('',(0.14762,-0.099435,0.00151));
#13828=CARTESIAN_POINT('',(0.14722,-0.099435,0.00151));
#13829=CARTESIAN_POINT('',(0.113665,-0.09525,0.00151));
#13830=CARTESIAN_POINT('',(0.112815,-0.09525,0.00151));
#13831=CARTESIAN_POINT('',(0.114935,-0.09271,0.00151));
#13832=CARTESIAN_POINT('',(0.114185,-0.09271,0.00151));
#13833=CARTESIAN_POINT('',(0.118745,-0.09525,0.00151));
#13834=CARTESIAN_POINT('',(0.116745,-0.09525,0.00151));
#13835=CARTESIAN_POINT('',(0.123825,-0.09525,0.00151));
#13836=CARTESIAN_POINT('',(0.122975,-0.09525,0.00151));
#13837=CARTESIAN_POINT('',(0.121285,-0.09017,0.00151));
#13838=CARTESIAN_POINT('',(0.120535,-0.09017,0.00151));
#13839=CARTESIAN_POINT('',(0.12812,-0.091815,0.00151));
#13840=CARTESIAN_POINT('',(0.12772,-0.091815,0.00151));
#13841=CARTESIAN_POINT('',(0.113665,-0.0762,0.00151));
#13842=CARTESIAN_POINT('',(0.112815,-0.0762,0.00151));
#13843=CARTESIAN_POINT('',(0.114935,-0.07366,0.00151));
#13844=CARTESIAN_POINT('',(0.114185,-0.07366,0.00151));
#13845=CARTESIAN_POINT('',(0.118745,-0.0762,0.00151));
#13846=CARTESIAN_POINT('',(0.116745,-0.0762,0.00151));
#13847=CARTESIAN_POINT('',(0.12812,-0.080435,0.00151));
#13848=CARTESIAN_POINT('',(0.12772,-0.080435,0.00151));
#13849=CARTESIAN_POINT('',(0.123825,-0.0762,0.00151));
#13850=CARTESIAN_POINT('',(0.122975,-0.0762,0.00151));
#13851=CARTESIAN_POINT('',(0.12812,-0.072815,0.00151));
#13852=CARTESIAN_POINT('',(0.12772,-0.072815,0.00151));
#13853=CARTESIAN_POINT('',(0.132715,-0.09525,0.00151));
#13854=CARTESIAN_POINT('',(0.131865,-0.09525,0.00151));
#13855=CARTESIAN_POINT('',(0.133985,-0.09271,0.00151));
#13856=CARTESIAN_POINT('',(0.133235,-0.09271,0.00151));
#13857=CARTESIAN_POINT('',(0.137795,-0.09525,0.00151));
#13858=CARTESIAN_POINT('',(0.135795,-0.09525,0.00151));
#13859=CARTESIAN_POINT('',(0.142875,-0.09525,0.00151));
#13860=CARTESIAN_POINT('',(0.142025,-0.09525,0.00151));
#13861=CARTESIAN_POINT('',(0.140335,-0.09017,0.00151));
#13862=CARTESIAN_POINT('',(0.139585,-0.09017,0.00151));
#13863=CARTESIAN_POINT('',(0.14762,-0.091815,0.00151));
#13864=CARTESIAN_POINT('',(0.14722,-0.091815,0.00151));
#13865=CARTESIAN_POINT('',(0.132715,-0.0762,0.00151));
#13866=CARTESIAN_POINT('',(0.131865,-0.0762,0.00151));
#13867=CARTESIAN_POINT('',(0.137795,-0.0762,0.00151));
#13868=CARTESIAN_POINT('',(0.135795,-0.0762,0.00151));
#13869=CARTESIAN_POINT('',(0.133985,-0.07366,0.00151));
#13870=CARTESIAN_POINT('',(0.133235,-0.07366,0.00151));
#13871=CARTESIAN_POINT('',(0.14762,-0.080435,0.00151));
#13872=CARTESIAN_POINT('',(0.14722,-0.080435,0.00151));
#13873=CARTESIAN_POINT('',(0.142875,-0.0762,0.00151));
#13874=CARTESIAN_POINT('',(0.142025,-0.0762,0.00151));
#13875=CARTESIAN_POINT('',(0.14762,-0.072815,0.00151));
#13876=CARTESIAN_POINT('',(0.14722,-0.072815,0.00151));
#13877=CARTESIAN_POINT('',(0.083185,-0.07112,0.00151));
#13878=CARTESIAN_POINT('',(0.082435,-0.07112,0.00151));
#13879=CARTESIAN_POINT('',(0.09012,-0.061435,0.00151));
#13880=CARTESIAN_POINT('',(0.08972,-0.061435,0.00151));
#13881=CARTESIAN_POINT('',(0.075565,-0.05715,0.00151));
#13882=CARTESIAN_POINT('',(0.074715,-0.05715,0.00151));
#13883=CARTESIAN_POINT('',(0.080645,-0.05715,0.00151));
#13884=CARTESIAN_POINT('',(0.078645,-0.05715,0.00151));
#13885=CARTESIAN_POINT('',(0.076835,-0.05461,0.00151));
#13886=CARTESIAN_POINT('',(0.076085,-0.05461,0.00151));
#13887=CARTESIAN_POINT('',(0.085725,-0.05715,0.00151));
#13888=CARTESIAN_POINT('',(0.084875,-0.05715,0.00151));
#13889=CARTESIAN_POINT('',(0.083185,-0.05207,0.00151));
#13890=CARTESIAN_POINT('',(0.082435,-0.05207,0.00151));
#13891=CARTESIAN_POINT('',(0.09012,-0.053815,0.00151));
#13892=CARTESIAN_POINT('',(0.08972,-0.053815,0.00151));
#13893=CARTESIAN_POINT('',(0.102235,-0.07112,0.00151));
#13894=CARTESIAN_POINT('',(0.101485,-0.07112,0.00151));
#13895=CARTESIAN_POINT('',(0.10962,-0.061435,0.00151));
#13896=CARTESIAN_POINT('',(0.10922,-0.061435,0.00151));
#13897=CARTESIAN_POINT('',(0.094615,-0.05715,0.00151));
#13898=CARTESIAN_POINT('',(0.093765,-0.05715,0.00151));
#13899=CARTESIAN_POINT('',(0.099695,-0.05715,0.00151));
#13900=CARTESIAN_POINT('',(0.097695,-0.05715,0.00151));
#13901=CARTESIAN_POINT('',(0.095885,-0.05461,0.00151));
#13902=CARTESIAN_POINT('',(0.095135,-0.05461,0.00151));
#13903=CARTESIAN_POINT('',(0.104775,-0.05715,0.00151));
#13904=CARTESIAN_POINT('',(0.103925,-0.05715,0.00151));
#13905=CARTESIAN_POINT('',(0.102235,-0.05207,0.00151));
#13906=CARTESIAN_POINT('',(0.101485,-0.05207,0.00151));
#13907=CARTESIAN_POINT('',(0.10962,-0.053815,0.00151));
#13908=CARTESIAN_POINT('',(0.10922,-0.053815,0.00151));
#13909=CARTESIAN_POINT('',(0.072945,-0.041895,0.00151));
#13910=CARTESIAN_POINT('',(0.072445,-0.041895,0.00151));
#13911=CARTESIAN_POINT('',(0.072945,-0.039355,0.00151));
#13912=CARTESIAN_POINT('',(0.072445,-0.039355,0.00151));
#13913=CARTESIAN_POINT('',(0.088195,-0.041895,0.00151));
#13914=CARTESIAN_POINT('',(0.087695,-0.041895,0.00151));
#13915=CARTESIAN_POINT('',(0.088195,-0.039355,0.00151));
#13916=CARTESIAN_POINT('',(0.087695,-0.039355,0.00151));
#13917=CARTESIAN_POINT('',(0.072945,-0.036815,0.00151));
#13918=CARTESIAN_POINT('',(0.072445,-0.036815,0.00151));
#13919=CARTESIAN_POINT('',(0.072945,-0.034275,0.00151));
#13920=CARTESIAN_POINT('',(0.072445,-0.034275,0.00151));
#13921=CARTESIAN_POINT('',(0.072945,-0.031735,0.00151));
#13922=CARTESIAN_POINT('',(0.072445,-0.031735,0.00151));
#13923=CARTESIAN_POINT('',(0.072945,-0.029195,0.00151));
#13924=CARTESIAN_POINT('',(0.072445,-0.029195,0.00151));
#13925=CARTESIAN_POINT('',(0.072945,-0.026655,0.00151));
#13926=CARTESIAN_POINT('',(0.072445,-0.026655,0.00151));
#13927=CARTESIAN_POINT('',(0.088195,-0.036815,0.00151));
#13928=CARTESIAN_POINT('',(0.087695,-0.036815,0.00151));
#13929=CARTESIAN_POINT('',(0.088195,-0.034275,0.00151));
#13930=CARTESIAN_POINT('',(0.087695,-0.034275,0.00151));
#13931=CARTESIAN_POINT('',(0.088195,-0.031735,0.00151));
#13932=CARTESIAN_POINT('',(0.087695,-0.031735,0.00151));
#13933=CARTESIAN_POINT('',(0.088195,-0.029195,0.00151));
#13934=CARTESIAN_POINT('',(0.087695,-0.029195,0.00151));
#13935=CARTESIAN_POINT('',(0.088195,-0.026655,0.00151));
#13936=CARTESIAN_POINT('',(0.087695,-0.026655,0.00151));
#13937=CARTESIAN_POINT('',(0.121285,-0.07112,0.00151));
#13938=CARTESIAN_POINT('',(0.120535,-0.07112,0.00151));
#13939=CARTESIAN_POINT('',(0.12862,-0.061435,0.00151));
#13940=CARTESIAN_POINT('',(0.12822,-0.061435,0.00151));
#13941=CARTESIAN_POINT('',(0.113665,-0.05715,0.00151));
#13942=CARTESIAN_POINT('',(0.112815,-0.05715,0.00151));
#13943=CARTESIAN_POINT('',(0.118745,-0.05715,0.00151));
#13944=CARTESIAN_POINT('',(0.116745,-0.05715,0.00151));
#13945=CARTESIAN_POINT('',(0.114935,-0.05461,0.00151));
#13946=CARTESIAN_POINT('',(0.114185,-0.05461,0.00151));
#13947=CARTESIAN_POINT('',(0.123825,-0.05715,0.00151));
#13948=CARTESIAN_POINT('',(0.122975,-0.05715,0.00151));
#13949=CARTESIAN_POINT('',(0.121285,-0.05207,0.00151));
#13950=CARTESIAN_POINT('',(0.120535,-0.05207,0.00151));
#13951=CARTESIAN_POINT('',(0.12862,-0.053815,0.00151));
#13952=CARTESIAN_POINT('',(0.12822,-0.053815,0.00151));
#13953=CARTESIAN_POINT('',(0.140335,-0.07112,0.00151));
#13954=CARTESIAN_POINT('',(0.139585,-0.07112,0.00151));
#13955=CARTESIAN_POINT('',(0.14762,-0.061435,0.00151));
#13956=CARTESIAN_POINT('',(0.14722,-0.061435,0.00151));
#13957=CARTESIAN_POINT('',(0.132715,-0.05715,0.00151));
#13958=CARTESIAN_POINT('',(0.131865,-0.05715,0.00151));
#13959=CARTESIAN_POINT('',(0.137795,-0.05715,0.00151));
#13960=CARTESIAN_POINT('',(0.135795,-0.05715,0.00151));
#13961=CARTESIAN_POINT('',(0.133985,-0.05461,0.00151));
#13962=CARTESIAN_POINT('',(0.133235,-0.05461,0.00151));
#13963=CARTESIAN_POINT('',(0.142875,-0.05715,0.00151));
#13964=CARTESIAN_POINT('',(0.142025,-0.05715,0.00151));
#13965=CARTESIAN_POINT('',(0.140335,-0.05207,0.00151));
#13966=CARTESIAN_POINT('',(0.139585,-0.05207,0.00151));
#13967=CARTESIAN_POINT('',(0.14762,-0.053815,0.00151));
#13968=CARTESIAN_POINT('',(0.14722,-0.053815,0.00151));
#13969=CARTESIAN_POINT('',(0.145735,-0.04205,0.00151));
#13970=CARTESIAN_POINT('',(0.145235,-0.04205,0.00151));
#13971=CARTESIAN_POINT('',(0.145735,-0.03951,0.00151));
#13972=CARTESIAN_POINT('',(0.145235,-0.03951,0.00151));
#13973=CARTESIAN_POINT('',(0.145735,-0.03697,0.00151));
#13974=CARTESIAN_POINT('',(0.145235,-0.03697,0.00151));
#13975=CARTESIAN_POINT('',(0.145735,-0.03443,0.00151));
#13976=CARTESIAN_POINT('',(0.145235,-0.03443,0.00151));
#13977=CARTESIAN_POINT('',(0.068619999,-0.024324999,0.));
#13978=CARTESIAN_POINT('',(0.075565,-0.1143,-4.6E-5));
#13979=CARTESIAN_POINT('',(0.080645,-0.1143,-4.6E-5));
#13980=CARTESIAN_POINT('',(0.076835,-0.11176,-4.6E-5));
#13981=CARTESIAN_POINT('',(0.085725,-0.1143,-4.6E-5));
#13982=CARTESIAN_POINT('',(0.09012,-0.117935,-4.6E-5));
#13983=CARTESIAN_POINT('',(0.083185,-0.10922,-4.6E-5));
#13984=CARTESIAN_POINT('',(0.09012,-0.110315,-4.6E-5));
#13985=CARTESIAN_POINT('',(0.09012,-0.099435,-4.6E-5));
#13986=CARTESIAN_POINT('',(0.094615,-0.1143,-4.6E-5));
#13987=CARTESIAN_POINT('',(0.099695,-0.1143,-4.6E-5));
#13988=CARTESIAN_POINT('',(0.095885,-0.11176,-4.6E-5));
#13989=CARTESIAN_POINT('',(0.104775,-0.1143,-4.6E-5));
#13990=CARTESIAN_POINT('',(0.10912,-0.117935,-4.6E-5));
#13991=CARTESIAN_POINT('',(0.102235,-0.10922,-4.6E-5));
#13992=CARTESIAN_POINT('',(0.10912,-0.110315,-4.6E-5));
#13993=CARTESIAN_POINT('',(0.10912,-0.099435,-4.6E-5));
#13994=CARTESIAN_POINT('',(0.075565,-0.09525,-4.6E-5));
#13995=CARTESIAN_POINT('',(0.076835,-0.09271,-4.6E-5));
#13996=CARTESIAN_POINT('',(0.080645,-0.09525,-4.6E-5));
#13997=CARTESIAN_POINT('',(0.085725,-0.09525,-4.6E-5));
#13998=CARTESIAN_POINT('',(0.083185,-0.09017,-4.6E-5));
#13999=CARTESIAN_POINT('',(0.09012,-0.091815,-4.6E-5));
#14000=CARTESIAN_POINT('',(0.075565,-0.0762,-4.6E-5));
#14001=CARTESIAN_POINT('',(0.076835,-0.07366,-4.6E-5));
#14002=CARTESIAN_POINT('',(0.080645,-0.0762,-4.6E-5));
#14003=CARTESIAN_POINT('',(0.09012,-0.080435,-4.6E-5));
#14004=CARTESIAN_POINT('',(0.085725,-0.0762,-4.6E-5));
#14005=CARTESIAN_POINT('',(0.09012,-0.072815,-4.6E-5));
#14006=CARTESIAN_POINT('',(0.094615,-0.09525,-4.6E-5));
#14007=CARTESIAN_POINT('',(0.095885,-0.09271,-4.6E-5));
#14008=CARTESIAN_POINT('',(0.099695,-0.09525,-4.6E-5));
#14009=CARTESIAN_POINT('',(0.104775,-0.09525,-4.6E-5));
#14010=CARTESIAN_POINT('',(0.102235,-0.09017,-4.6E-5));
#14011=CARTESIAN_POINT('',(0.10912,-0.091815,-4.6E-5));
#14012=CARTESIAN_POINT('',(0.094615,-0.0762,-4.6E-5));
#14013=CARTESIAN_POINT('',(0.095885,-0.07366,-4.6E-5));
#14014=CARTESIAN_POINT('',(0.099695,-0.0762,-4.6E-5));
#14015=CARTESIAN_POINT('',(0.10962,-0.080435,-4.6E-5));
#14016=CARTESIAN_POINT('',(0.104775,-0.0762,-4.6E-5));
#14017=CARTESIAN_POINT('',(0.10962,-0.072815,-4.6E-5));
#14018=CARTESIAN_POINT('',(0.113665,-0.1143,-4.6E-5));
#14019=CARTESIAN_POINT('',(0.118745,-0.1143,-4.6E-5));
#14020=CARTESIAN_POINT('',(0.114935,-0.11176,-4.6E-5));
#14021=CARTESIAN_POINT('',(0.123825,-0.1143,-4.6E-5));
#14022=CARTESIAN_POINT('',(0.12812,-0.117935,-4.6E-5));
#14023=CARTESIAN_POINT('',(0.121285,-0.10922,-4.6E-5));
#14024=CARTESIAN_POINT('',(0.12812,-0.110315,-4.6E-5));
#14025=CARTESIAN_POINT('',(0.12812,-0.099435,-4.6E-5));
#14026=CARTESIAN_POINT('',(0.132715,-0.1143,-4.6E-5));
#14027=CARTESIAN_POINT('',(0.137795,-0.1143,-4.6E-5));
#14028=CARTESIAN_POINT('',(0.133985,-0.11176,-4.6E-5));
#14029=CARTESIAN_POINT('',(0.142875,-0.1143,-4.6E-5));
#14030=CARTESIAN_POINT('',(0.14762,-0.117935,-4.6E-5));
#14031=CARTESIAN_POINT('',(0.140335,-0.10922,-4.6E-5));
#14032=CARTESIAN_POINT('',(0.14762,-0.110315,-4.6E-5));
#14033=CARTESIAN_POINT('',(0.14762,-0.099435,-4.6E-5));
#14034=CARTESIAN_POINT('',(0.113665,-0.09525,-4.6E-5));
#14035=CARTESIAN_POINT('',(0.114935,-0.09271,-4.6E-5));
#14036=CARTESIAN_POINT('',(0.118745,-0.09525,-4.6E-5));
#14037=CARTESIAN_POINT('',(0.123825,-0.09525,-4.6E-5));
#14038=CARTESIAN_POINT('',(0.121285,-0.09017,-4.6E-5));
#14039=CARTESIAN_POINT('',(0.12812,-0.091815,-4.6E-5));
#14040=CARTESIAN_POINT('',(0.113665,-0.0762,-4.6E-5));
#14041=CARTESIAN_POINT('',(0.114935,-0.07366,-4.6E-5));
#14042=CARTESIAN_POINT('',(0.118745,-0.0762,-4.6E-5));
#14043=CARTESIAN_POINT('',(0.12812,-0.080435,-4.6E-5));
#14044=CARTESIAN_POINT('',(0.123825,-0.0762,-4.6E-5));
#14045=CARTESIAN_POINT('',(0.12812,-0.072815,-4.6E-5));
#14046=CARTESIAN_POINT('',(0.132715,-0.09525,-4.6E-5));
#14047=CARTESIAN_POINT('',(0.133985,-0.09271,-4.6E-5));
#14048=CARTESIAN_POINT('',(0.137795,-0.09525,-4.6E-5));
#14049=CARTESIAN_POINT('',(0.142875,-0.09525,-4.6E-5));
#14050=CARTESIAN_POINT('',(0.140335,-0.09017,-4.6E-5));
#14051=CARTESIAN_POINT('',(0.14762,-0.091815,-4.6E-5));
#14052=CARTESIAN_POINT('',(0.132715,-0.0762,-4.6E-5));
#14053=CARTESIAN_POINT('',(0.137795,-0.0762,-4.6E-5));
#14054=CARTESIAN_POINT('',(0.133985,-0.07366,-4.6E-5));
#14055=CARTESIAN_POINT('',(0.14762,-0.080435,-4.6E-5));
#14056=CARTESIAN_POINT('',(0.142875,-0.0762,-4.6E-5));
#14057=CARTESIAN_POINT('',(0.14762,-0.072815,-4.6E-5));
#14058=CARTESIAN_POINT('',(0.083185,-0.07112,-4.6E-5));
#14059=CARTESIAN_POINT('',(0.09012,-0.061435,-4.6E-5));
#14060=CARTESIAN_POINT('',(0.075565,-0.05715,-4.6E-5));
#14061=CARTESIAN_POINT('',(0.080645,-0.05715,-4.6E-5));
#14062=CARTESIAN_POINT('',(0.076835,-0.05461,-4.6E-5));
#14063=CARTESIAN_POINT('',(0.085725,-0.05715,-4.6E-5));
#14064=CARTESIAN_POINT('',(0.083185,-0.05207,-4.6E-5));
#14065=CARTESIAN_POINT('',(0.09012,-0.053815,-4.6E-5));
#14066=CARTESIAN_POINT('',(0.102235,-0.07112,-4.6E-5));
#14067=CARTESIAN_POINT('',(0.10962,-0.061435,-4.6E-5));
#14068=CARTESIAN_POINT('',(0.094615,-0.05715,-4.6E-5));
#14069=CARTESIAN_POINT('',(0.099695,-0.05715,-4.6E-5));
#14070=CARTESIAN_POINT('',(0.095885,-0.05461,-4.6E-5));
#14071=CARTESIAN_POINT('',(0.104775,-0.05715,-4.6E-5));
#14072=CARTESIAN_POINT('',(0.102235,-0.05207,-4.6E-5));
#14073=CARTESIAN_POINT('',(0.10962,-0.053815,-4.6E-5));
#14074=CARTESIAN_POINT('',(0.072945,-0.041895,-4.6E-5));
#14075=CARTESIAN_POINT('',(0.072945,-0.039355,-4.6E-5));
#14076=CARTESIAN_POINT('',(0.088195,-0.041895,-4.6E-5));
#14077=CARTESIAN_POINT('',(0.088195,-0.039355,-4.6E-5));
#14078=CARTESIAN_POINT('',(0.072945,-0.036815,-4.6E-5));
#14079=CARTESIAN_POINT('',(0.072945,-0.034275,-4.6E-5));
#14080=CARTESIAN_POINT('',(0.072945,-0.031735,-4.6E-5));
#14081=CARTESIAN_POINT('',(0.072945,-0.029195,-4.6E-5));
#14082=CARTESIAN_POINT('',(0.072945,-0.026655,-4.6E-5));
#14083=CARTESIAN_POINT('',(0.088195,-0.036815,-4.6E-5));
#14084=CARTESIAN_POINT('',(0.088195,-0.034275,-4.6E-5));
#14085=CARTESIAN_POINT('',(0.088195,-0.031735,-4.6E-5));
#14086=CARTESIAN_POINT('',(0.088195,-0.029195,-4.6E-5));
#14087=CARTESIAN_POINT('',(0.088195,-0.026655,-4.6E-5));
#14088=CARTESIAN_POINT('',(0.121285,-0.07112,-4.6E-5));
#14089=CARTESIAN_POINT('',(0.12862,-0.061435,-4.6E-5));
#14090=CARTESIAN_POINT('',(0.113665,-0.05715,-4.6E-5));
#14091=CARTESIAN_POINT('',(0.118745,-0.05715,-4.6E-5));
#14092=CARTESIAN_POINT('',(0.114935,-0.05461,-4.6E-5));
#14093=CARTESIAN_POINT('',(0.123825,-0.05715,-4.6E-5));
#14094=CARTESIAN_POINT('',(0.121285,-0.05207,-4.6E-5));
#14095=CARTESIAN_POINT('',(0.12862,-0.053815,-4.6E-5));
#14096=CARTESIAN_POINT('',(0.140335,-0.07112,-4.6E-5));
#14097=CARTESIAN_POINT('',(0.14762,-0.061435,-4.6E-5));
#14098=CARTESIAN_POINT('',(0.132715,-0.05715,-4.6E-5));
#14099=CARTESIAN_POINT('',(0.137795,-0.05715,-4.6E-5));
#14100=CARTESIAN_POINT('',(0.133985,-0.05461,-4.6E-5));
#14101=CARTESIAN_POINT('',(0.142875,-0.05715,-4.6E-5));
#14102=CARTESIAN_POINT('',(0.140335,-0.05207,-4.6E-5));
#14103=CARTESIAN_POINT('',(0.14762,-0.053815,-4.6E-5));
#14104=CARTESIAN_POINT('',(0.145735,-0.04205,-4.6E-5));
#14105=CARTESIAN_POINT('',(0.145735,-0.03951,-4.6E-5));
#14106=CARTESIAN_POINT('',(0.145735,-0.03697,-4.6E-5));
#14107=CARTESIAN_POINT('',(0.145735,-0.03443,-4.6E-5));
#14108=CARTESIAN_POINT('',(0.004,0.0173,-0.01205));
#14109=CARTESIAN_POINT('',(6.93889390390723E-18,0.05375,0.0254));
#14110=CARTESIAN_POINT('',(-0.0359062922767797,0.05375,0.026));
#14111=CARTESIAN_POINT('',(-0.0359062922767797,0.05375,0.024));
#14112=CARTESIAN_POINT('',(-0.0378141706796136,0.05375,0.0254));
#14113=CARTESIAN_POINT('',(6.93889390390723E-18,0.05375,0.024));
#14114=CARTESIAN_POINT('',(-0.0485,0.05375,0.024));
#14115=CARTESIAN_POINT('',(-0.0485,0.05375,0.0254));
#14116=CARTESIAN_POINT('',(-0.0485,0.05375,0.0254));
#14117=CARTESIAN_POINT('',(6.93889390390723E-18,0.05375,0.0254));
#14118=CARTESIAN_POINT('',(-0.0223,0.050487,0.0138));
#14119=CARTESIAN_POINT('',(-0.0359062922767797,0.050487,0.026));
#14120=CARTESIAN_POINT('',(-0.0368,0.050487,0.0242107860649279));
#14121=CARTESIAN_POINT('',(-0.0359062922767797,0.050487,0.024));
#14122=CARTESIAN_POINT('',(-0.0368,0.050487,0.0138));
#14123=CARTESIAN_POINT('',(-0.0368,0.050487,0.024));
#14124=CARTESIAN_POINT('',(0.,0.050487,0.024));
#14125=CARTESIAN_POINT('',(0.,-0.01775,0.0254));
#14126=CARTESIAN_POINT('',(0.04575,-0.052,0.0254));
#14127=CARTESIAN_POINT('',(0.04745,-0.052,0.0254));
#14128=CARTESIAN_POINT('',(-0.04575,-0.052,0.0254));
#14129=CARTESIAN_POINT('',(-0.04405,-0.052,0.0254));
#14130=CARTESIAN_POINT('',(-0.04575,0.05025,0.0254));
#14131=CARTESIAN_POINT('',(-0.04405,0.05025,0.0254));
#14132=CARTESIAN_POINT('',(0.04575,-0.0833841518109544,0.0254));
#14133=CARTESIAN_POINT('',(0.04745,-0.0833841518109544,0.0254));
#14134=CARTESIAN_POINT('',(0.04575,0.05025,0.0254));
#14135=CARTESIAN_POINT('',(0.04745,0.05025,0.0254));
#14136=CARTESIAN_POINT('',(-0.04575,-0.0833841518109544,0.0254));
#14137=CARTESIAN_POINT('',(-0.04405,-0.0833841518109544,0.0254));
#14138=CARTESIAN_POINT('',(-0.0220760987604419,0.05045,0.0254));
#14139=CARTESIAN_POINT('',(-0.0220760987604419,0.050487,0.0254));
#14140=CARTESIAN_POINT('',(-0.0220760987604419,0.05375,0.0254));
#14141=CARTESIAN_POINT('',(-0.0223,0.050487,0.0254));
#14142=CARTESIAN_POINT('',(-0.0078,0.050487,0.0254));
#14143=CARTESIAN_POINT('',(-0.0078,0.048987,0.0254));
#14144=CARTESIAN_POINT('',(-0.0063,0.048987,0.0254));
#14145=CARTESIAN_POINT('',(-0.0063,0.039487,0.0254));
#14146=CARTESIAN_POINT('',(-0.0063,0.029987,0.0254));
#14147=CARTESIAN_POINT('',(-0.0078,0.029987,0.0254));
#14148=CARTESIAN_POINT('',(-0.0078,0.028487,0.0254));
#14149=CARTESIAN_POINT('',(-0.0223,0.028487,0.0254));
#14150=CARTESIAN_POINT('',(-0.0368,0.028487,0.0254));
#14151=CARTESIAN_POINT('',(-0.0368,0.029987,0.0254));
#14152=CARTESIAN_POINT('',(-0.0383,0.029987,0.0254));
#14153=CARTESIAN_POINT('',(-0.0383,0.039487,0.0254));
#14154=CARTESIAN_POINT('',(-0.0383,0.048987,0.0254));
#14155=CARTESIAN_POINT('',(-0.0368,0.048987,0.0254));
#14156=CARTESIAN_POINT('',(-0.0371311057232969,0.05045,0.0254));
#14157=CARTESIAN_POINT('',(0.,0.05045,0.0254));
#14158=CARTESIAN_POINT('',(-0.0378141706796136,0.05045,0.0254));
#14159=CARTESIAN_POINT('',(-0.0378141706796136,0.05045,0.0254));
#14160=CARTESIAN_POINT('',(-0.0485,0.05225,0.0254));
#14161=CARTESIAN_POINT('',(-0.05,0.05225,0.0254));
#14162=CARTESIAN_POINT('',(-0.05,-0.01775,0.0254));
#14163=CARTESIAN_POINT('',(-0.05,-0.08775,0.0254));
#14164=CARTESIAN_POINT('',(-0.0485,-0.08775,0.0254));
#14165=CARTESIAN_POINT('',(-0.0485,-0.08925,0.0254));
#14166=CARTESIAN_POINT('',(-1.38777878078145E-17,-0.08925,0.0254));
#14167=CARTESIAN_POINT('',(0.0485,-0.08925,0.0254));
#14168=CARTESIAN_POINT('',(0.0485,-0.08775,0.0254));
#14169=CARTESIAN_POINT('',(0.05,-0.08775,0.0254));
#14170=CARTESIAN_POINT('',(0.05,-0.01775,0.0254));
#14171=CARTESIAN_POINT('',(0.05,0.05225,0.0254));
#14172=CARTESIAN_POINT('',(0.0485,0.05225,0.0254));
#14173=CARTESIAN_POINT('',(0.0485,0.05375,0.0254));
#14174=CARTESIAN_POINT('',(6.93889390390723E-18,0.05375,0.0254));
#14175=CARTESIAN_POINT('',(0.021425,-0.033475,0.0254));
#14176=CARTESIAN_POINT('',(0.021425,-0.032975,0.0254));
#14177=CARTESIAN_POINT('',(0.020925,-0.033475,0.0254));
#14178=CARTESIAN_POINT('',(0.027925,-0.032975,0.0254));
#14179=CARTESIAN_POINT('',(0.034425,-0.032975,0.0254));
#14180=CARTESIAN_POINT('',(0.034425,-0.033475,0.0254));
#14181=CARTESIAN_POINT('',(0.034925,-0.033475,0.0254));
#14182=CARTESIAN_POINT('',(0.034925,-0.039975,0.0254));
#14183=CARTESIAN_POINT('',(0.034925,-0.046475,0.0254));
#14184=CARTESIAN_POINT('',(0.034425,-0.046475,0.0254));
#14185=CARTESIAN_POINT('',(0.034425,-0.046975,0.0254));
#14186=CARTESIAN_POINT('',(0.027925,-0.046975,0.0254));
#14187=CARTESIAN_POINT('',(0.021425,-0.046975,0.0254));
#14188=CARTESIAN_POINT('',(0.021425,-0.046475,0.0254));
#14189=CARTESIAN_POINT('',(0.020925,-0.046475,0.0254));
#14190=CARTESIAN_POINT('',(0.020925,-0.039975,0.0254));
#14191=CARTESIAN_POINT('',(0.021425,0.023675,0.0254));
#14192=CARTESIAN_POINT('',(0.021425,0.024175,0.0254));
#14193=CARTESIAN_POINT('',(0.020925,0.023675,0.0254));
#14194=CARTESIAN_POINT('',(0.027925,0.024175,0.0254));
#14195=CARTESIAN_POINT('',(0.034425,0.024175,0.0254));
#14196=CARTESIAN_POINT('',(0.034425,0.023675,0.0254));
#14197=CARTESIAN_POINT('',(0.034925,0.023675,0.0254));
#14198=CARTESIAN_POINT('',(0.034925,0.017175,0.0254));
#14199=CARTESIAN_POINT('',(0.034925,0.010675,0.0254));
#14200=CARTESIAN_POINT('',(0.034425,0.010675,0.0254));
#14201=CARTESIAN_POINT('',(0.034425,0.010175,0.0254));
#14202=CARTESIAN_POINT('',(0.027925,0.010175,0.0254));
#14203=CARTESIAN_POINT('',(0.021425,0.010175,0.0254));
#14204=CARTESIAN_POINT('',(0.021425,0.010675,0.0254));
#14205=CARTESIAN_POINT('',(0.020925,0.010675,0.0254));
#14206=CARTESIAN_POINT('',(0.020925,0.017175,0.0254));
#14207=CARTESIAN_POINT('',(-0.035725,0.004625,0.0254));
#14208=CARTESIAN_POINT('',(-0.035725,0.005125,0.0254));
#14209=CARTESIAN_POINT('',(-0.036225,0.004625,0.0254));
#14210=CARTESIAN_POINT('',(-0.029225,0.005125,0.0254));
#14211=CARTESIAN_POINT('',(-0.022725,0.005125,0.0254));
#14212=CARTESIAN_POINT('',(-0.022725,0.004625,0.0254));
#14213=CARTESIAN_POINT('',(-0.022225,0.004625,0.0254));
#14214=CARTESIAN_POINT('',(-0.022225,-0.001875,0.0254));
#14215=CARTESIAN_POINT('',(-0.022225,-0.008375,0.0254));
#14216=CARTESIAN_POINT('',(-0.022725,-0.008375,0.0254));
#14217=CARTESIAN_POINT('',(-0.022725,-0.008875,0.0254));
#14218=CARTESIAN_POINT('',(-0.029225,-0.008875,0.0254));
#14219=CARTESIAN_POINT('',(-0.035725,-0.008875,0.0254));
#14220=CARTESIAN_POINT('',(-0.035725,-0.008375,0.0254));
#14221=CARTESIAN_POINT('',(-0.036225,-0.008375,0.0254));
#14222=CARTESIAN_POINT('',(-0.036225,-0.001875,0.0254));
#14223=CARTESIAN_POINT('',(-0.016675,0.004625,0.0254));
#14224=CARTESIAN_POINT('',(-0.016675,0.005125,0.0254));
#14225=CARTESIAN_POINT('',(-0.017175,0.004625,0.0254));
#14226=CARTESIAN_POINT('',(-0.010175,0.005125,0.0254));
#14227=CARTESIAN_POINT('',(-0.003675,0.005125,0.0254));
#14228=CARTESIAN_POINT('',(-0.003675,0.004625,0.0254));
#14229=CARTESIAN_POINT('',(-0.003175,0.004625,0.0254));
#14230=CARTESIAN_POINT('',(-0.003175,-0.001875,0.0254));
#14231=CARTESIAN_POINT('',(-0.003175,-0.008375,0.0254));
#14232=CARTESIAN_POINT('',(-0.003675,-0.008375,0.0254));
#14233=CARTESIAN_POINT('',(-0.003675,-0.008875,0.0254));
#14234=CARTESIAN_POINT('',(-0.010175,-0.008875,0.0254));
#14235=CARTESIAN_POINT('',(-0.016675,-0.008875,0.0254));
#14236=CARTESIAN_POINT('',(-0.016675,-0.008375,0.0254));
#14237=CARTESIAN_POINT('',(-0.017175,-0.008375,0.0254));
#14238=CARTESIAN_POINT('',(-0.017175,-0.001875,0.0254));
#14239=CARTESIAN_POINT('',(0.002375,0.004625,0.0254));
#14240=CARTESIAN_POINT('',(0.002375,0.005125,0.0254));
#14241=CARTESIAN_POINT('',(0.001875,0.004625,0.0254));
#14242=CARTESIAN_POINT('',(0.008875,0.005125,0.0254));
#14243=CARTESIAN_POINT('',(0.015375,0.005125,0.0254));
#14244=CARTESIAN_POINT('',(0.015375,0.004625,0.0254));
#14245=CARTESIAN_POINT('',(0.015875,0.004625,0.0254));
#14246=CARTESIAN_POINT('',(0.015875,-0.001875,0.0254));
#14247=CARTESIAN_POINT('',(0.015875,-0.008375,0.0254));
#14248=CARTESIAN_POINT('',(0.015375,-0.008375,0.0254));
#14249=CARTESIAN_POINT('',(0.015375,-0.008875,0.0254));
#14250=CARTESIAN_POINT('',(0.008875,-0.008875,0.0254));
#14251=CARTESIAN_POINT('',(0.002375,-0.008875,0.0254));
#14252=CARTESIAN_POINT('',(0.002375,-0.008375,0.0254));
#14253=CARTESIAN_POINT('',(0.001875,-0.008375,0.0254));
#14254=CARTESIAN_POINT('',(0.001875,-0.001875,0.0254));
#14255=CARTESIAN_POINT('',(0.000865000000000013,0.040585,0.0254));
#14256=CARTESIAN_POINT('',(0.000865,0.042085,0.0254));
#14257=CARTESIAN_POINT('',(-0.000635,0.040585,0.0254));
#14258=CARTESIAN_POINT('',(0.015865,0.042085,0.0254));
#14259=CARTESIAN_POINT('',(0.030865,0.042085,0.0254));
#14260=CARTESIAN_POINT('',(0.030865,0.040585,0.0254));
#14261=CARTESIAN_POINT('',(0.032365,0.040585,0.0254));
#14262=CARTESIAN_POINT('',(0.032365,0.036085,0.0254));
#14263=CARTESIAN_POINT('',(0.032365,0.031585,0.0254));
#14264=CARTESIAN_POINT('',(0.030865,0.031585,0.0254));
#14265=CARTESIAN_POINT('',(0.030865,0.030085,0.0254));
#14266=CARTESIAN_POINT('',(0.015865,0.030085,0.0254));
#14267=CARTESIAN_POINT('',(0.000865,0.030085,0.0254));
#14268=CARTESIAN_POINT('',(0.000865,0.031585,0.0254));
#14269=CARTESIAN_POINT('',(-0.000635,0.031585,0.0254));
#14270=CARTESIAN_POINT('',(-0.000635,0.036085,0.0254));
#14271=CARTESIAN_POINT('',(-0.035725,0.023675,0.0254));
#14272=CARTESIAN_POINT('',(-0.035725,0.024175,0.0254));
#14273=CARTESIAN_POINT('',(-0.036225,0.023675,0.0254));
#14274=CARTESIAN_POINT('',(-0.029225,0.024175,0.0254));
#14275=CARTESIAN_POINT('',(-0.022725,0.024175,0.0254));
#14276=CARTESIAN_POINT('',(-0.022725,0.023675,0.0254));
#14277=CARTESIAN_POINT('',(-0.022225,0.023675,0.0254));
#14278=CARTESIAN_POINT('',(-0.022225,0.017175,0.0254));
#14279=CARTESIAN_POINT('',(-0.022225,0.010675,0.0254));
#14280=CARTESIAN_POINT('',(-0.022725,0.010675,0.0254));
#14281=CARTESIAN_POINT('',(-0.022725,0.010175,0.0254));
#14282=CARTESIAN_POINT('',(-0.029225,0.010175,0.0254));
#14283=CARTESIAN_POINT('',(-0.035725,0.010175,0.0254));
#14284=CARTESIAN_POINT('',(-0.035725,0.010675,0.0254));
#14285=CARTESIAN_POINT('',(-0.036225,0.010675,0.0254));
#14286=CARTESIAN_POINT('',(-0.036225,0.017175,0.0254));
#14287=CARTESIAN_POINT('',(-0.016675,0.023675,0.0254));
#14288=CARTESIAN_POINT('',(-0.016675,0.024175,0.0254));
#14289=CARTESIAN_POINT('',(-0.017175,0.023675,0.0254));
#14290=CARTESIAN_POINT('',(-0.010175,0.024175,0.0254));
#14291=CARTESIAN_POINT('',(-0.003675,0.024175,0.0254));
#14292=CARTESIAN_POINT('',(-0.003675,0.023675,0.0254));
#14293=CARTESIAN_POINT('',(-0.003175,0.023675,0.0254));
#14294=CARTESIAN_POINT('',(-0.003175,0.017175,0.0254));
#14295=CARTESIAN_POINT('',(-0.003175,0.010675,0.0254));
#14296=CARTESIAN_POINT('',(-0.003675,0.010675,0.0254));
#14297=CARTESIAN_POINT('',(-0.003675,0.010175,0.0254));
#14298=CARTESIAN_POINT('',(-0.010175,0.010175,0.0254));
#14299=CARTESIAN_POINT('',(-0.016675,0.010175,0.0254));
#14300=CARTESIAN_POINT('',(-0.016675,0.010675,0.0254));
#14301=CARTESIAN_POINT('',(-0.017175,0.010675,0.0254));
#14302=CARTESIAN_POINT('',(-0.017175,0.017175,0.0254));
#14303=CARTESIAN_POINT('',(0.002375,0.023675,0.0254));
#14304=CARTESIAN_POINT('',(0.002375,0.024175,0.0254));
#14305=CARTESIAN_POINT('',(0.001875,0.023675,0.0254));
#14306=CARTESIAN_POINT('',(0.008875,0.024175,0.0254));
#14307=CARTESIAN_POINT('',(0.015375,0.024175,0.0254));
#14308=CARTESIAN_POINT('',(0.015375,0.023675,0.0254));
#14309=CARTESIAN_POINT('',(0.015875,0.023675,0.0254));
#14310=CARTESIAN_POINT('',(0.015875,0.017175,0.0254));
#14311=CARTESIAN_POINT('',(0.015875,0.010675,0.0254));
#14312=CARTESIAN_POINT('',(0.015375,0.010675,0.0254));
#14313=CARTESIAN_POINT('',(0.015375,0.010175,0.0254));
#14314=CARTESIAN_POINT('',(0.008875,0.010175,0.0254));
#14315=CARTESIAN_POINT('',(0.002375,0.010175,0.0254));
#14316=CARTESIAN_POINT('',(0.002375,0.010675,0.0254));
#14317=CARTESIAN_POINT('',(0.001875,0.010675,0.0254));
#14318=CARTESIAN_POINT('',(0.001875,0.017175,0.0254));
#14319=CARTESIAN_POINT('',(0.021425,-0.014425,0.0254));
#14320=CARTESIAN_POINT('',(0.021425,-0.013925,0.0254));
#14321=CARTESIAN_POINT('',(0.020925,-0.014425,0.0254));
#14322=CARTESIAN_POINT('',(0.027925,-0.013925,0.0254));
#14323=CARTESIAN_POINT('',(0.034425,-0.013925,0.0254));
#14324=CARTESIAN_POINT('',(0.034425,-0.014425,0.0254));
#14325=CARTESIAN_POINT('',(0.034925,-0.014425,0.0254));
#14326=CARTESIAN_POINT('',(0.034925,-0.020925,0.0254));
#14327=CARTESIAN_POINT('',(0.034925,-0.027425,0.0254));
#14328=CARTESIAN_POINT('',(0.034425,-0.027425,0.0254));
#14329=CARTESIAN_POINT('',(0.034425,-0.027925,0.0254));
#14330=CARTESIAN_POINT('',(0.027925,-0.027925,0.0254));
#14331=CARTESIAN_POINT('',(0.021425,-0.027925,0.0254));
#14332=CARTESIAN_POINT('',(0.021425,-0.027425,0.0254));
#14333=CARTESIAN_POINT('',(0.020925,-0.027425,0.0254));
#14334=CARTESIAN_POINT('',(0.020925,-0.020925,0.0254));
#14335=CARTESIAN_POINT('',(-0.035725,-0.033475,0.0254));
#14336=CARTESIAN_POINT('',(-0.035725,-0.032975,0.0254));
#14337=CARTESIAN_POINT('',(-0.036225,-0.033475,0.0254));
#14338=CARTESIAN_POINT('',(-0.029225,-0.032975,0.0254));
#14339=CARTESIAN_POINT('',(-0.022725,-0.032975,0.0254));
#14340=CARTESIAN_POINT('',(-0.022725,-0.033475,0.0254));
#14341=CARTESIAN_POINT('',(-0.022225,-0.033475,0.0254));
#14342=CARTESIAN_POINT('',(-0.022225,-0.039975,0.0254));
#14343=CARTESIAN_POINT('',(-0.022225,-0.046475,0.0254));
#14344=CARTESIAN_POINT('',(-0.022725,-0.046475,0.0254));
#14345=CARTESIAN_POINT('',(-0.022725,-0.046975,0.0254));
#14346=CARTESIAN_POINT('',(-0.029225,-0.046975,0.0254));
#14347=CARTESIAN_POINT('',(-0.035725,-0.046975,0.0254));
#14348=CARTESIAN_POINT('',(-0.035725,-0.046475,0.0254));
#14349=CARTESIAN_POINT('',(-0.036225,-0.046475,0.0254));
#14350=CARTESIAN_POINT('',(-0.036225,-0.039975,0.0254));
#14351=CARTESIAN_POINT('',(-0.016675,-0.033475,0.0254));
#14352=CARTESIAN_POINT('',(-0.016675,-0.032975,0.0254));
#14353=CARTESIAN_POINT('',(-0.017175,-0.033475,0.0254));
#14354=CARTESIAN_POINT('',(-0.010175,-0.032975,0.0254));
#14355=CARTESIAN_POINT('',(-0.003675,-0.032975,0.0254));
#14356=CARTESIAN_POINT('',(-0.003675,-0.033475,0.0254));
#14357=CARTESIAN_POINT('',(-0.003175,-0.033475,0.0254));
#14358=CARTESIAN_POINT('',(-0.003175,-0.039975,0.0254));
#14359=CARTESIAN_POINT('',(-0.003175,-0.046475,0.0254));
#14360=CARTESIAN_POINT('',(-0.003675,-0.046475,0.0254));
#14361=CARTESIAN_POINT('',(-0.003675,-0.046975,0.0254));
#14362=CARTESIAN_POINT('',(-0.010175,-0.046975,0.0254));
#14363=CARTESIAN_POINT('',(-0.016675,-0.046975,0.0254));
#14364=CARTESIAN_POINT('',(-0.016675,-0.046475,0.0254));
#14365=CARTESIAN_POINT('',(-0.017175,-0.046475,0.0254));
#14366=CARTESIAN_POINT('',(-0.017175,-0.039975,0.0254));
#14367=CARTESIAN_POINT('',(0.002375,-0.033475,0.0254));
#14368=CARTESIAN_POINT('',(0.002375,-0.032975,0.0254));
#14369=CARTESIAN_POINT('',(0.001875,-0.033475,0.0254));
#14370=CARTESIAN_POINT('',(0.008875,-0.032975,0.0254));
#14371=CARTESIAN_POINT('',(0.015375,-0.032975,0.0254));
#14372=CARTESIAN_POINT('',(0.015375,-0.033475,0.0254));
#14373=CARTESIAN_POINT('',(0.015875,-0.033475,0.0254));
#14374=CARTESIAN_POINT('',(0.015875,-0.039975,0.0254));
#14375=CARTESIAN_POINT('',(0.015875,-0.046475,0.0254));
#14376=CARTESIAN_POINT('',(0.015375,-0.046475,0.0254));
#14377=CARTESIAN_POINT('',(0.015375,-0.046975,0.0254));
#14378=CARTESIAN_POINT('',(0.008875,-0.046975,0.0254));
#14379=CARTESIAN_POINT('',(0.002375,-0.046975,0.0254));
#14380=CARTESIAN_POINT('',(0.002375,-0.046475,0.0254));
#14381=CARTESIAN_POINT('',(0.001875,-0.046475,0.0254));
#14382=CARTESIAN_POINT('',(0.001875,-0.039975,0.0254));
#14383=CARTESIAN_POINT('',(0.021425,0.004625,0.0254));
#14384=CARTESIAN_POINT('',(0.021425,0.005125,0.0254));
#14385=CARTESIAN_POINT('',(0.020925,0.004625,0.0254));
#14386=CARTESIAN_POINT('',(0.027925,0.005125,0.0254));
#14387=CARTESIAN_POINT('',(0.034425,0.005125,0.0254));
#14388=CARTESIAN_POINT('',(0.034425,0.004625,0.0254));
#14389=CARTESIAN_POINT('',(0.034925,0.004625,0.0254));
#14390=CARTESIAN_POINT('',(0.034925,-0.001875,0.0254));
#14391=CARTESIAN_POINT('',(0.034925,-0.008375,0.0254));
#14392=CARTESIAN_POINT('',(0.034425,-0.008375,0.0254));
#14393=CARTESIAN_POINT('',(0.034425,-0.008875,0.0254));
#14394=CARTESIAN_POINT('',(0.027925,-0.008875,0.0254));
#14395=CARTESIAN_POINT('',(0.021425,-0.008875,0.0254));
#14396=CARTESIAN_POINT('',(0.021425,-0.008375,0.0254));
#14397=CARTESIAN_POINT('',(0.020925,-0.008375,0.0254));
#14398=CARTESIAN_POINT('',(0.020925,-0.001875,0.0254));
#14399=CARTESIAN_POINT('',(-0.035725,-0.014425,0.0254));
#14400=CARTESIAN_POINT('',(-0.035725,-0.013925,0.0254));
#14401=CARTESIAN_POINT('',(-0.036225,-0.014425,0.0254));
#14402=CARTESIAN_POINT('',(-0.029225,-0.013925,0.0254));
#14403=CARTESIAN_POINT('',(-0.022725,-0.013925,0.0254));
#14404=CARTESIAN_POINT('',(-0.022725,-0.014425,0.0254));
#14405=CARTESIAN_POINT('',(-0.022225,-0.014425,0.0254));
#14406=CARTESIAN_POINT('',(-0.022225,-0.020925,0.0254));
#14407=CARTESIAN_POINT('',(-0.022225,-0.027425,0.0254));
#14408=CARTESIAN_POINT('',(-0.022725,-0.027425,0.0254));
#14409=CARTESIAN_POINT('',(-0.022725,-0.027925,0.0254));
#14410=CARTESIAN_POINT('',(-0.029225,-0.027925,0.0254));
#14411=CARTESIAN_POINT('',(-0.035725,-0.027925,0.0254));
#14412=CARTESIAN_POINT('',(-0.035725,-0.027425,0.0254));
#14413=CARTESIAN_POINT('',(-0.036225,-0.027425,0.0254));
#14414=CARTESIAN_POINT('',(-0.036225,-0.020925,0.0254));
#14415=CARTESIAN_POINT('',(-0.016675,-0.014425,0.0254));
#14416=CARTESIAN_POINT('',(-0.016675,-0.013925,0.0254));
#14417=CARTESIAN_POINT('',(-0.017175,-0.014425,0.0254));
#14418=CARTESIAN_POINT('',(-0.010175,-0.013925,0.0254));
#14419=CARTESIAN_POINT('',(-0.003675,-0.013925,0.0254));
#14420=CARTESIAN_POINT('',(-0.003675,-0.014425,0.0254));
#14421=CARTESIAN_POINT('',(-0.003175,-0.014425,0.0254));
#14422=CARTESIAN_POINT('',(-0.003175,-0.020925,0.0254));
#14423=CARTESIAN_POINT('',(-0.003175,-0.027425,0.0254));
#14424=CARTESIAN_POINT('',(-0.003675,-0.027425,0.0254));
#14425=CARTESIAN_POINT('',(-0.003675,-0.027925,0.0254));
#14426=CARTESIAN_POINT('',(-0.010175,-0.027925,0.0254));
#14427=CARTESIAN_POINT('',(-0.016675,-0.027925,0.0254));
#14428=CARTESIAN_POINT('',(-0.016675,-0.027425,0.0254));
#14429=CARTESIAN_POINT('',(-0.017175,-0.027425,0.0254));
#14430=CARTESIAN_POINT('',(-0.017175,-0.020925,0.0254));
#14431=CARTESIAN_POINT('',(0.002375,-0.014425,0.0254));
#14432=CARTESIAN_POINT('',(0.002375,-0.013925,0.0254));
#14433=CARTESIAN_POINT('',(0.001875,-0.014425,0.0254));
#14434=CARTESIAN_POINT('',(0.008875,-0.013925,0.0254));
#14435=CARTESIAN_POINT('',(0.015375,-0.013925,0.0254));
#14436=CARTESIAN_POINT('',(0.015375,-0.014425,0.0254));
#14437=CARTESIAN_POINT('',(0.015875,-0.014425,0.0254));
#14438=CARTESIAN_POINT('',(0.015875,-0.020925,0.0254));
#14439=CARTESIAN_POINT('',(0.015875,-0.027425,0.0254));
#14440=CARTESIAN_POINT('',(0.015375,-0.027425,0.0254));
#14441=CARTESIAN_POINT('',(0.015375,-0.027925,0.0254));
#14442=CARTESIAN_POINT('',(0.008875,-0.027925,0.0254));
#14443=CARTESIAN_POINT('',(0.002375,-0.027925,0.0254));
#14444=CARTESIAN_POINT('',(0.002375,-0.027425,0.0254));
#14445=CARTESIAN_POINT('',(0.001875,-0.027425,0.0254));
#14446=CARTESIAN_POINT('',(0.001875,-0.020925,0.0254));
#14447=CARTESIAN_POINT('',(0.,-0.01775,0.024));
#14448=CARTESIAN_POINT('',(0.04575,-0.052,0.024));
#14449=CARTESIAN_POINT('',(0.04745,-0.052,0.024));
#14450=CARTESIAN_POINT('',(-0.04575,-0.052,0.024));
#14451=CARTESIAN_POINT('',(-0.04405,-0.052,0.024));
#14452=CARTESIAN_POINT('',(-0.04575,0.05025,0.024));
#14453=CARTESIAN_POINT('',(-0.04405,0.05025,0.024));
#14454=CARTESIAN_POINT('',(0.04575,-0.0833841518109544,0.024));
#14455=CARTESIAN_POINT('',(0.04745,-0.0833841518109544,0.024));
#14456=CARTESIAN_POINT('',(0.04575,0.05025,0.024));
#14457=CARTESIAN_POINT('',(0.04745,0.05025,0.024));
#14458=CARTESIAN_POINT('',(-0.04575,-0.0833841518109544,0.024));
#14459=CARTESIAN_POINT('',(-0.04405,-0.0833841518109544,0.024));
#14460=CARTESIAN_POINT('',(0.,-0.013925,0.024));
#14461=CARTESIAN_POINT('',(-0.016675,-0.013925,0.024));
#14462=CARTESIAN_POINT('',(-0.003675,-0.013925,0.024));
#14463=CARTESIAN_POINT('',(-0.016675,-0.014425,0.024));
#14464=CARTESIAN_POINT('',(-0.017175,-0.014425,0.024));
#14465=CARTESIAN_POINT('',(-0.017175,-0.01775,0.024));
#14466=CARTESIAN_POINT('',(-0.017175,-0.027425,0.024));
#14467=CARTESIAN_POINT('',(-0.016675,-0.027425,0.024));
#14468=CARTESIAN_POINT('',(-0.016675,-0.027925,0.024));
#14469=CARTESIAN_POINT('',(0.,-0.027925,0.024));
#14470=CARTESIAN_POINT('',(-0.003675,-0.027925,0.024));
#14471=CARTESIAN_POINT('',(-0.003675,-0.027425,0.024));
#14472=CARTESIAN_POINT('',(-0.003175,-0.027425,0.024));
#14473=CARTESIAN_POINT('',(-0.003175,-0.01775,0.024));
#14474=CARTESIAN_POINT('',(-0.003175,-0.014425,0.024));
#14475=CARTESIAN_POINT('',(-0.003675,-0.014425,0.024));
#14476=CARTESIAN_POINT('',(0.,0.005125,0.024));
#14477=CARTESIAN_POINT('',(0.021425,0.005125,0.024));
#14478=CARTESIAN_POINT('',(0.034425,0.005125,0.024));
#14479=CARTESIAN_POINT('',(0.021425,0.004625,0.024));
#14480=CARTESIAN_POINT('',(0.020925,0.004625,0.024));
#14481=CARTESIAN_POINT('',(0.020925,-0.01775,0.024));
#14482=CARTESIAN_POINT('',(0.020925,-0.008375,0.024));
#14483=CARTESIAN_POINT('',(0.021425,-0.008375,0.024));
#14484=CARTESIAN_POINT('',(0.021425,-0.008875,0.024));
#14485=CARTESIAN_POINT('',(0.,-0.008875,0.024));
#14486=CARTESIAN_POINT('',(0.034425,-0.008875,0.024));
#14487=CARTESIAN_POINT('',(0.034425,-0.008375,0.024));
#14488=CARTESIAN_POINT('',(0.034925,-0.008375,0.024));
#14489=CARTESIAN_POINT('',(0.034925,-0.01775,0.024));
#14490=CARTESIAN_POINT('',(0.034925,0.004625,0.024));
#14491=CARTESIAN_POINT('',(0.034425,0.004625,0.024));
#14492=CARTESIAN_POINT('',(0.,-0.032975,0.024));
#14493=CARTESIAN_POINT('',(-0.016675,-0.032975,0.024));
#14494=CARTESIAN_POINT('',(-0.003675,-0.032975,0.024));
#14495=CARTESIAN_POINT('',(-0.016675,-0.033475,0.024));
#14496=CARTESIAN_POINT('',(-0.017175,-0.033475,0.024));
#14497=CARTESIAN_POINT('',(-0.017175,-0.01775,0.024));
#14498=CARTESIAN_POINT('',(-0.017175,-0.046475,0.024));
#14499=CARTESIAN_POINT('',(-0.016675,-0.046475,0.024));
#14500=CARTESIAN_POINT('',(-0.016675,-0.046975,0.024));
#14501=CARTESIAN_POINT('',(0.,-0.046975,0.024));
#14502=CARTESIAN_POINT('',(-0.003675,-0.046975,0.024));
#14503=CARTESIAN_POINT('',(-0.003675,-0.046475,0.024));
#14504=CARTESIAN_POINT('',(-0.003175,-0.046475,0.024));
#14505=CARTESIAN_POINT('',(-0.003175,-0.01775,0.024));
#14506=CARTESIAN_POINT('',(-0.003175,-0.033475,0.024));
#14507=CARTESIAN_POINT('',(-0.003675,-0.033475,0.024));
#14508=CARTESIAN_POINT('',(0.,-0.013925,0.024));
#14509=CARTESIAN_POINT('',(0.021425,-0.013925,0.024));
#14510=CARTESIAN_POINT('',(0.034425,-0.013925,0.024));
#14511=CARTESIAN_POINT('',(0.021425,-0.014425,0.024));
#14512=CARTESIAN_POINT('',(0.020925,-0.014425,0.024));
#14513=CARTESIAN_POINT('',(0.020925,-0.01775,0.024));
#14514=CARTESIAN_POINT('',(0.020925,-0.027425,0.024));
#14515=CARTESIAN_POINT('',(0.021425,-0.027425,0.024));
#14516=CARTESIAN_POINT('',(0.021425,-0.027925,0.024));
#14517=CARTESIAN_POINT('',(0.,-0.027925,0.024));
#14518=CARTESIAN_POINT('',(0.034425,-0.027925,0.024));
#14519=CARTESIAN_POINT('',(0.034425,-0.027425,0.024));
#14520=CARTESIAN_POINT('',(0.034925,-0.027425,0.024));
#14521=CARTESIAN_POINT('',(0.034925,-0.01775,0.024));
#14522=CARTESIAN_POINT('',(0.034925,-0.014425,0.024));
#14523=CARTESIAN_POINT('',(0.034425,-0.014425,0.024));
#14524=CARTESIAN_POINT('',(0.,0.024175,0.024));
#14525=CARTESIAN_POINT('',(-0.016675,0.024175,0.024));
#14526=CARTESIAN_POINT('',(-0.003675,0.024175,0.024));
#14527=CARTESIAN_POINT('',(-0.016675,0.023675,0.024));
#14528=CARTESIAN_POINT('',(-0.017175,0.023675,0.024));
#14529=CARTESIAN_POINT('',(-0.017175,-0.01775,0.024));
#14530=CARTESIAN_POINT('',(-0.017175,0.010675,0.024));
#14531=CARTESIAN_POINT('',(-0.016675,0.010675,0.024));
#14532=CARTESIAN_POINT('',(-0.016675,0.010175,0.024));
#14533=CARTESIAN_POINT('',(0.,0.010175,0.024));
#14534=CARTESIAN_POINT('',(-0.003675,0.010175,0.024));
#14535=CARTESIAN_POINT('',(-0.003675,0.010675,0.024));
#14536=CARTESIAN_POINT('',(-0.003175,0.010675,0.024));
#14537=CARTESIAN_POINT('',(-0.003175,-0.01775,0.024));
#14538=CARTESIAN_POINT('',(-0.003175,0.023675,0.024));
#14539=CARTESIAN_POINT('',(-0.003675,0.023675,0.024));
#14540=CARTESIAN_POINT('',(0.,0.042085,0.024));
#14541=CARTESIAN_POINT('',(0.000865,0.042085,0.024));
#14542=CARTESIAN_POINT('',(0.030865,0.042085,0.024));
#14543=CARTESIAN_POINT('',(0.000865000000000013,0.040585,0.024));
#14544=CARTESIAN_POINT('',(-0.000635,0.040585,0.024));
#14545=CARTESIAN_POINT('',(-0.000635,-0.01775,0.024));
#14546=CARTESIAN_POINT('',(-0.000635,0.031585,0.024));
#14547=CARTESIAN_POINT('',(0.000865,0.031585,0.024));
#14548=CARTESIAN_POINT('',(0.000865,0.030085,0.024));
#14549=CARTESIAN_POINT('',(0.,0.030085,0.024));
#14550=CARTESIAN_POINT('',(0.030865,0.030085,0.024));
#14551=CARTESIAN_POINT('',(0.030865,0.031585,0.024));
#14552=CARTESIAN_POINT('',(0.032365,0.031585,0.024));
#14553=CARTESIAN_POINT('',(0.032365,-0.01775,0.024));
#14554=CARTESIAN_POINT('',(0.032365,0.040585,0.024));
#14555=CARTESIAN_POINT('',(0.030865,0.040585,0.024));
#14556=CARTESIAN_POINT('',(0.,0.005125,0.024));
#14557=CARTESIAN_POINT('',(-0.016675,0.005125,0.024));
#14558=CARTESIAN_POINT('',(-0.003675,0.005125,0.024));
#14559=CARTESIAN_POINT('',(-0.016675,0.004625,0.024));
#14560=CARTESIAN_POINT('',(-0.017175,0.004625,0.024));
#14561=CARTESIAN_POINT('',(-0.017175,-0.01775,0.024));
#14562=CARTESIAN_POINT('',(-0.017175,-0.008375,0.024));
#14563=CARTESIAN_POINT('',(-0.016675,-0.008375,0.024));
#14564=CARTESIAN_POINT('',(-0.016675,-0.008875,0.024));
#14565=CARTESIAN_POINT('',(0.,-0.008875,0.024));
#14566=CARTESIAN_POINT('',(-0.003675,-0.008875,0.024));
#14567=CARTESIAN_POINT('',(-0.003675,-0.008375,0.024));
#14568=CARTESIAN_POINT('',(-0.003175,-0.008375,0.024));
#14569=CARTESIAN_POINT('',(-0.003175,-0.01775,0.024));
#14570=CARTESIAN_POINT('',(-0.003175,0.004625,0.024));
#14571=CARTESIAN_POINT('',(-0.003675,0.004625,0.024));
#14572=CARTESIAN_POINT('',(0.,0.024175,0.024));
#14573=CARTESIAN_POINT('',(0.021425,0.024175,0.024));
#14574=CARTESIAN_POINT('',(0.034425,0.024175,0.024));
#14575=CARTESIAN_POINT('',(0.021425,0.023675,0.024));
#14576=CARTESIAN_POINT('',(0.020925,0.023675,0.024));
#14577=CARTESIAN_POINT('',(0.020925,-0.01775,0.024));
#14578=CARTESIAN_POINT('',(0.020925,0.010675,0.024));
#14579=CARTESIAN_POINT('',(0.021425,0.010675,0.024));
#14580=CARTESIAN_POINT('',(0.021425,0.010175,0.024));
#14581=CARTESIAN_POINT('',(0.,0.010175,0.024));
#14582=CARTESIAN_POINT('',(0.034425,0.010175,0.024));
#14583=CARTESIAN_POINT('',(0.034425,0.010675,0.024));
#14584=CARTESIAN_POINT('',(0.034925,0.010675,0.024));
#14585=CARTESIAN_POINT('',(0.034925,-0.01775,0.024));
#14586=CARTESIAN_POINT('',(0.034925,0.023675,0.024));
#14587=CARTESIAN_POINT('',(0.034425,0.023675,0.024));
#14588=CARTESIAN_POINT('',(0.,0.050487,0.024));
#14589=CARTESIAN_POINT('',(-0.0239839771632758,0.050487,0.024));
#14590=CARTESIAN_POINT('',(-0.0078,0.050487,0.024));
#14591=CARTESIAN_POINT('',(-0.0239839771632758,0.05045,0.024));
#14592=CARTESIAN_POINT('',(-0.0239839771632758,0.05375,0.024));
#14593=CARTESIAN_POINT('',(6.93889390390723E-18,0.05375,0.024));
#14594=CARTESIAN_POINT('',(0.0485,0.05375,0.024));
#14595=CARTESIAN_POINT('',(0.0485,0.05225,0.024));
#14596=CARTESIAN_POINT('',(0.05,0.05225,0.024));
#14597=CARTESIAN_POINT('',(0.05,-0.01775,0.024));
#14598=CARTESIAN_POINT('',(0.05,-0.08775,0.024));
#14599=CARTESIAN_POINT('',(0.0485,-0.08775,0.024));
#14600=CARTESIAN_POINT('',(0.0485,-0.08925,0.024));
#14601=CARTESIAN_POINT('',(-1.38777878078145E-17,-0.08925,0.024));
#14602=CARTESIAN_POINT('',(-0.0485,-0.08925,0.024));
#14603=CARTESIAN_POINT('',(-0.0485,-0.08775,0.024));
#14604=CARTESIAN_POINT('',(-0.05,-0.08775,0.024));
#14605=CARTESIAN_POINT('',(-0.05,-0.01775,0.024));
#14606=CARTESIAN_POINT('',(-0.05,0.05225,0.024));
#14607=CARTESIAN_POINT('',(-0.0485,0.05225,0.024));
#14608=CARTESIAN_POINT('',(-0.0359062922767797,0.05045,0.024));
#14609=CARTESIAN_POINT('',(-0.0368,0.048987,0.024));
#14610=CARTESIAN_POINT('',(-0.0383,0.048987,0.024));
#14611=CARTESIAN_POINT('',(-0.0383,-0.01775,0.024));
#14612=CARTESIAN_POINT('',(-0.0383,0.029987,0.024));
#14613=CARTESIAN_POINT('',(-0.0368,0.029987,0.024));
#14614=CARTESIAN_POINT('',(-0.0368,0.028487,0.024));
#14615=CARTESIAN_POINT('',(0.,0.028487,0.024));
#14616=CARTESIAN_POINT('',(-0.0078,0.028487,0.024));
#14617=CARTESIAN_POINT('',(-0.0078,0.029987,0.024));
#14618=CARTESIAN_POINT('',(-0.0063,0.029987,0.024));
#14619=CARTESIAN_POINT('',(-0.0063,-0.01775,0.024));
#14620=CARTESIAN_POINT('',(-0.0063,0.048987,0.024));
#14621=CARTESIAN_POINT('',(-0.0078,0.048987,0.024));
#14622=CARTESIAN_POINT('',(0.,-0.032975,0.024));
#14623=CARTESIAN_POINT('',(0.021425,-0.032975,0.024));
#14624=CARTESIAN_POINT('',(0.034425,-0.032975,0.024));
#14625=CARTESIAN_POINT('',(0.021425,-0.033475,0.024));
#14626=CARTESIAN_POINT('',(0.020925,-0.033475,0.024));
#14627=CARTESIAN_POINT('',(0.020925,-0.01775,0.024));
#14628=CARTESIAN_POINT('',(0.020925,-0.046475,0.024));
#14629=CARTESIAN_POINT('',(0.021425,-0.046475,0.024));
#14630=CARTESIAN_POINT('',(0.021425,-0.046975,0.024));
#14631=CARTESIAN_POINT('',(0.,-0.046975,0.024));
#14632=CARTESIAN_POINT('',(0.034425,-0.046975,0.024));
#14633=CARTESIAN_POINT('',(0.034425,-0.046475,0.024));
#14634=CARTESIAN_POINT('',(0.034925,-0.046475,0.024));
#14635=CARTESIAN_POINT('',(0.034925,-0.01775,0.024));
#14636=CARTESIAN_POINT('',(0.034925,-0.033475,0.024));
#14637=CARTESIAN_POINT('',(0.034425,-0.033475,0.024));
#14638=CARTESIAN_POINT('',(0.,0.005125,0.024));
#14639=CARTESIAN_POINT('',(-0.035725,0.005125,0.024));
#14640=CARTESIAN_POINT('',(-0.022725,0.005125,0.024));
#14641=CARTESIAN_POINT('',(-0.035725,0.004625,0.024));
#14642=CARTESIAN_POINT('',(-0.036225,0.004625,0.024));
#14643=CARTESIAN_POINT('',(-0.036225,-0.01775,0.024));
#14644=CARTESIAN_POINT('',(-0.036225,-0.008375,0.024));
#14645=CARTESIAN_POINT('',(-0.035725,-0.008375,0.024));
#14646=CARTESIAN_POINT('',(-0.035725,-0.008875,0.024));
#14647=CARTESIAN_POINT('',(0.,-0.008875,0.024));
#14648=CARTESIAN_POINT('',(-0.022725,-0.008875,0.024));
#14649=CARTESIAN_POINT('',(-0.022725,-0.008375,0.024));
#14650=CARTESIAN_POINT('',(-0.022225,-0.008375,0.024));
#14651=CARTESIAN_POINT('',(-0.022225,-0.01775,0.024));
#14652=CARTESIAN_POINT('',(-0.022225,0.004625,0.024));
#14653=CARTESIAN_POINT('',(-0.022725,0.004625,0.024));
#14654=CARTESIAN_POINT('',(0.,0.005125,0.024));
#14655=CARTESIAN_POINT('',(0.002375,0.005125,0.024));
#14656=CARTESIAN_POINT('',(0.015375,0.005125,0.024));
#14657=CARTESIAN_POINT('',(0.002375,0.004625,0.024));
#14658=CARTESIAN_POINT('',(0.001875,0.004625,0.024));
#14659=CARTESIAN_POINT('',(0.001875,-0.01775,0.024));
#14660=CARTESIAN_POINT('',(0.001875,-0.008375,0.024));
#14661=CARTESIAN_POINT('',(0.002375,-0.008375,0.024));
#14662=CARTESIAN_POINT('',(0.002375,-0.008875,0.024));
#14663=CARTESIAN_POINT('',(0.,-0.008875,0.024));
#14664=CARTESIAN_POINT('',(0.015375,-0.008875,0.024));
#14665=CARTESIAN_POINT('',(0.015375,-0.008375,0.024));
#14666=CARTESIAN_POINT('',(0.015875,-0.008375,0.024));
#14667=CARTESIAN_POINT('',(0.015875,-0.01775,0.024));
#14668=CARTESIAN_POINT('',(0.015875,0.004625,0.024));
#14669=CARTESIAN_POINT('',(0.015375,0.004625,0.024));
#14670=CARTESIAN_POINT('',(0.,0.024175,0.024));
#14671=CARTESIAN_POINT('',(-0.035725,0.024175,0.024));
#14672=CARTESIAN_POINT('',(-0.022725,0.024175,0.024));
#14673=CARTESIAN_POINT('',(-0.035725,0.023675,0.024));
#14674=CARTESIAN_POINT('',(-0.036225,0.023675,0.024));
#14675=CARTESIAN_POINT('',(-0.036225,-0.01775,0.024));
#14676=CARTESIAN_POINT('',(-0.036225,0.010675,0.024));
#14677=CARTESIAN_POINT('',(-0.035725,0.010675,0.024));
#14678=CARTESIAN_POINT('',(-0.035725,0.010175,0.024));
#14679=CARTESIAN_POINT('',(0.,0.010175,0.024));
#14680=CARTESIAN_POINT('',(-0.022725,0.010175,0.024));
#14681=CARTESIAN_POINT('',(-0.022725,0.010675,0.024));
#14682=CARTESIAN_POINT('',(-0.022225,0.010675,0.024));
#14683=CARTESIAN_POINT('',(-0.022225,-0.01775,0.024));
#14684=CARTESIAN_POINT('',(-0.022225,0.023675,0.024));
#14685=CARTESIAN_POINT('',(-0.022725,0.023675,0.024));
#14686=CARTESIAN_POINT('',(0.,0.024175,0.024));
#14687=CARTESIAN_POINT('',(0.002375,0.024175,0.024));
#14688=CARTESIAN_POINT('',(0.015375,0.024175,0.024));
#14689=CARTESIAN_POINT('',(0.002375,0.023675,0.024));
#14690=CARTESIAN_POINT('',(0.001875,0.023675,0.024));
#14691=CARTESIAN_POINT('',(0.001875,-0.01775,0.024));
#14692=CARTESIAN_POINT('',(0.001875,0.010675,0.024));
#14693=CARTESIAN_POINT('',(0.002375,0.010675,0.024));
#14694=CARTESIAN_POINT('',(0.002375,0.010175,0.024));
#14695=CARTESIAN_POINT('',(0.,0.010175,0.024));
#14696=CARTESIAN_POINT('',(0.015375,0.010175,0.024));
#14697=CARTESIAN_POINT('',(0.015375,0.010675,0.024));
#14698=CARTESIAN_POINT('',(0.015875,0.010675,0.024));
#14699=CARTESIAN_POINT('',(0.015875,-0.01775,0.024));
#14700=CARTESIAN_POINT('',(0.015875,0.023675,0.024));
#14701=CARTESIAN_POINT('',(0.015375,0.023675,0.024));
#14702=CARTESIAN_POINT('',(0.,-0.032975,0.024));
#14703=CARTESIAN_POINT('',(-0.035725,-0.032975,0.024));
#14704=CARTESIAN_POINT('',(-0.022725,-0.032975,0.024));
#14705=CARTESIAN_POINT('',(-0.035725,-0.033475,0.024));
#14706=CARTESIAN_POINT('',(-0.036225,-0.033475,0.024));
#14707=CARTESIAN_POINT('',(-0.036225,-0.01775,0.024));
#14708=CARTESIAN_POINT('',(-0.036225,-0.046475,0.024));
#14709=CARTESIAN_POINT('',(-0.035725,-0.046475,0.024));
#14710=CARTESIAN_POINT('',(-0.035725,-0.046975,0.024));
#14711=CARTESIAN_POINT('',(0.,-0.046975,0.024));
#14712=CARTESIAN_POINT('',(-0.022725,-0.046975,0.024));
#14713=CARTESIAN_POINT('',(-0.022725,-0.046475,0.024));
#14714=CARTESIAN_POINT('',(-0.022225,-0.046475,0.024));
#14715=CARTESIAN_POINT('',(-0.022225,-0.01775,0.024));
#14716=CARTESIAN_POINT('',(-0.022225,-0.033475,0.024));
#14717=CARTESIAN_POINT('',(-0.022725,-0.033475,0.024));
#14718=CARTESIAN_POINT('',(0.,-0.032975,0.024));
#14719=CARTESIAN_POINT('',(0.002375,-0.032975,0.024));
#14720=CARTESIAN_POINT('',(0.015375,-0.032975,0.024));
#14721=CARTESIAN_POINT('',(0.002375,-0.033475,0.024));
#14722=CARTESIAN_POINT('',(0.001875,-0.033475,0.024));
#14723=CARTESIAN_POINT('',(0.001875,-0.01775,0.024));
#14724=CARTESIAN_POINT('',(0.001875,-0.046475,0.024));
#14725=CARTESIAN_POINT('',(0.002375,-0.046475,0.024));
#14726=CARTESIAN_POINT('',(0.002375,-0.046975,0.024));
#14727=CARTESIAN_POINT('',(0.,-0.046975,0.024));
#14728=CARTESIAN_POINT('',(0.015375,-0.046975,0.024));
#14729=CARTESIAN_POINT('',(0.015375,-0.046475,0.024));
#14730=CARTESIAN_POINT('',(0.015875,-0.046475,0.024));
#14731=CARTESIAN_POINT('',(0.015875,-0.01775,0.024));
#14732=CARTESIAN_POINT('',(0.015875,-0.033475,0.024));
#14733=CARTESIAN_POINT('',(0.015375,-0.033475,0.024));
#14734=CARTESIAN_POINT('',(0.,-0.013925,0.024));
#14735=CARTESIAN_POINT('',(-0.035725,-0.013925,0.024));
#14736=CARTESIAN_POINT('',(-0.022725,-0.013925,0.024));
#14737=CARTESIAN_POINT('',(-0.035725,-0.014425,0.024));
#14738=CARTESIAN_POINT('',(-0.036225,-0.014425,0.024));
#14739=CARTESIAN_POINT('',(-0.036225,-0.01775,0.024));
#14740=CARTESIAN_POINT('',(-0.036225,-0.027425,0.024));
#14741=CARTESIAN_POINT('',(-0.035725,-0.027425,0.024));
#14742=CARTESIAN_POINT('',(-0.035725,-0.027925,0.024));
#14743=CARTESIAN_POINT('',(0.,-0.027925,0.024));
#14744=CARTESIAN_POINT('',(-0.022725,-0.027925,0.024));
#14745=CARTESIAN_POINT('',(-0.022725,-0.027425,0.024));
#14746=CARTESIAN_POINT('',(-0.022225,-0.027425,0.024));
#14747=CARTESIAN_POINT('',(-0.022225,-0.01775,0.024));
#14748=CARTESIAN_POINT('',(-0.022225,-0.014425,0.024));
#14749=CARTESIAN_POINT('',(-0.022725,-0.014425,0.024));
#14750=CARTESIAN_POINT('',(0.,-0.013925,0.024));
#14751=CARTESIAN_POINT('',(0.002375,-0.013925,0.024));
#14752=CARTESIAN_POINT('',(0.015375,-0.013925,0.024));
#14753=CARTESIAN_POINT('',(0.002375,-0.014425,0.024));
#14754=CARTESIAN_POINT('',(0.001875,-0.014425,0.024));
#14755=CARTESIAN_POINT('',(0.001875,-0.01775,0.024));
#14756=CARTESIAN_POINT('',(0.001875,-0.027425,0.024));
#14757=CARTESIAN_POINT('',(0.002375,-0.027425,0.024));
#14758=CARTESIAN_POINT('',(0.002375,-0.027925,0.024));
#14759=CARTESIAN_POINT('',(0.,-0.027925,0.024));
#14760=CARTESIAN_POINT('',(0.015375,-0.027925,0.024));
#14761=CARTESIAN_POINT('',(0.015375,-0.027425,0.024));
#14762=CARTESIAN_POINT('',(0.015875,-0.027425,0.024));
#14763=CARTESIAN_POINT('',(0.015875,-0.01775,0.024));
#14764=CARTESIAN_POINT('',(0.015875,-0.014425,0.024));
#14765=CARTESIAN_POINT('',(0.015375,-0.014425,0.024));
#14766=CARTESIAN_POINT('',(6.93889390390723E-18,0.05375,0.0254));
#14767=CARTESIAN_POINT('',(-0.0239839771632758,0.05375,0.026));
#14768=CARTESIAN_POINT('',(0.0485,0.05375,0.0254));
#14769=CARTESIAN_POINT('',(-0.05,-0.01775,0.0254));
#14770=CARTESIAN_POINT('',(-0.05,-0.08775,0.0254));
#14771=CARTESIAN_POINT('',(-0.05,0.05225,0.024));
#14772=CARTESIAN_POINT('',(-1.38777878078145E-17,-0.08925,0.0254));
#14773=CARTESIAN_POINT('',(0.0485,-0.08925,0.0254));
#14774=CARTESIAN_POINT('',(-0.0485,-0.08925,0.0254));
#14775=CARTESIAN_POINT('',(0.05,-0.01775,0.0254));
#14776=CARTESIAN_POINT('',(0.05,0.05225,0.0254));
#14777=CARTESIAN_POINT('',(0.05,-0.08775,0.024));
#14778=CARTESIAN_POINT('',(-0.0223,0.050487,0.0138));
#14779=CARTESIAN_POINT('',(-0.0239839771632758,0.050487,0.026));
#14780=CARTESIAN_POINT('',(-0.0078,0.050487,0.0138));
#14781=CARTESIAN_POINT('',(-0.0368,0.048987,0.0138));
#14782=CARTESIAN_POINT('',(-0.0368,0.050487,0.0242107860649279));
#14783=CARTESIAN_POINT('',(-0.0369182331190096,0.050487,0.0242698432014323));
#14784=CARTESIAN_POINT('',(-0.0370283732466314,0.0504732503834535,0.0243393309268219));
#14785=CARTESIAN_POINT('',(-0.0371311057232969,0.05045,0.0244189142903591));
#14786=CARTESIAN_POINT('',(-0.0371311057232969,0.05045,0.0244189142903591));
#14787=CARTESIAN_POINT('',(-0.0371311057232969,0.05045,0.0138));
#14788=CARTESIAN_POINT('',(-0.0383,0.048987,0.0138));
#14789=CARTESIAN_POINT('',(-0.0383,0.039487,0.0138));
#14790=CARTESIAN_POINT('',(-0.0383,0.029987,0.0138));
#14791=CARTESIAN_POINT('',(-0.0368,0.029987,0.0138));
#14792=CARTESIAN_POINT('',(-0.0368,0.028487,0.0138));
#14793=CARTESIAN_POINT('',(-0.0223,0.028487,0.0138));
#14794=CARTESIAN_POINT('',(-0.0078,0.028487,0.0138));
#14795=CARTESIAN_POINT('',(-0.0078,0.029987,0.0138));
#14796=CARTESIAN_POINT('',(-0.0063,0.029987,0.0138));
#14797=CARTESIAN_POINT('',(-0.0063,0.039487,0.0138));
#14798=CARTESIAN_POINT('',(-0.0063,0.048987,0.0138));
#14799=CARTESIAN_POINT('',(-0.0078,0.048987,0.0138));
#14800=CARTESIAN_POINT('',(0.027925,-0.032975,0.0138));
#14801=CARTESIAN_POINT('',(0.034425,-0.032975,0.0138));
#14802=CARTESIAN_POINT('',(0.021425,-0.032975,0.0138));
#14803=CARTESIAN_POINT('',(0.021425,-0.033475,0.0138));
#14804=CARTESIAN_POINT('',(0.020925,-0.033475,0.0138));
#14805=CARTESIAN_POINT('',(0.020925,-0.039975,0.0138));
#14806=CARTESIAN_POINT('',(0.020925,-0.046475,0.0138));
#14807=CARTESIAN_POINT('',(0.021425,-0.046475,0.0138));
#14808=CARTESIAN_POINT('',(0.021425,-0.046975,0.0138));
#14809=CARTESIAN_POINT('',(0.027925,-0.046975,0.0138));
#14810=CARTESIAN_POINT('',(0.034425,-0.046975,0.0138));
#14811=CARTESIAN_POINT('',(0.034425,-0.046475,0.0138));
#14812=CARTESIAN_POINT('',(0.034925,-0.046475,0.0138));
#14813=CARTESIAN_POINT('',(0.034925,-0.039975,0.0138));
#14814=CARTESIAN_POINT('',(0.034925,-0.033475,0.0138));
#14815=CARTESIAN_POINT('',(0.034425,-0.033475,0.0138));
#14816=CARTESIAN_POINT('',(0.027925,0.024175,0.0138));
#14817=CARTESIAN_POINT('',(0.034425,0.024175,0.0138));
#14818=CARTESIAN_POINT('',(0.021425,0.024175,0.0138));
#14819=CARTESIAN_POINT('',(0.021425,0.023675,0.0138));
#14820=CARTESIAN_POINT('',(0.020925,0.023675,0.0138));
#14821=CARTESIAN_POINT('',(0.020925,0.017175,0.0138));
#14822=CARTESIAN_POINT('',(0.020925,0.010675,0.0138));
#14823=CARTESIAN_POINT('',(0.021425,0.010675,0.0138));
#14824=CARTESIAN_POINT('',(0.021425,0.010175,0.0138));
#14825=CARTESIAN_POINT('',(0.027925,0.010175,0.0138));
#14826=CARTESIAN_POINT('',(0.034425,0.010175,0.0138));
#14827=CARTESIAN_POINT('',(0.034425,0.010675,0.0138));
#14828=CARTESIAN_POINT('',(0.034925,0.010675,0.0138));
#14829=CARTESIAN_POINT('',(0.034925,0.017175,0.0138));
#14830=CARTESIAN_POINT('',(0.034925,0.023675,0.0138));
#14831=CARTESIAN_POINT('',(0.034425,0.023675,0.0138));
#14832=CARTESIAN_POINT('',(-0.029225,0.005125,0.0138));
#14833=CARTESIAN_POINT('',(-0.022725,0.005125,0.0138));
#14834=CARTESIAN_POINT('',(-0.035725,0.005125,0.0138));
#14835=CARTESIAN_POINT('',(-0.035725,0.004625,0.0138));
#14836=CARTESIAN_POINT('',(-0.036225,0.004625,0.0138));
#14837=CARTESIAN_POINT('',(-0.036225,-0.001875,0.0138));
#14838=CARTESIAN_POINT('',(-0.036225,-0.008375,0.0138));
#14839=CARTESIAN_POINT('',(-0.035725,-0.008375,0.0138));
#14840=CARTESIAN_POINT('',(-0.035725,-0.008875,0.0138));
#14841=CARTESIAN_POINT('',(-0.029225,-0.008875,0.0138));
#14842=CARTESIAN_POINT('',(-0.022725,-0.008875,0.0138));
#14843=CARTESIAN_POINT('',(-0.022725,-0.008375,0.0138));
#14844=CARTESIAN_POINT('',(-0.022225,-0.008375,0.0138));
#14845=CARTESIAN_POINT('',(-0.022225,-0.001875,0.0138));
#14846=CARTESIAN_POINT('',(-0.022225,0.004625,0.0138));
#14847=CARTESIAN_POINT('',(-0.022725,0.004625,0.0138));
#14848=CARTESIAN_POINT('',(-0.010175,0.005125,0.0138));
#14849=CARTESIAN_POINT('',(-0.003675,0.005125,0.0138));
#14850=CARTESIAN_POINT('',(-0.016675,0.005125,0.0138));
#14851=CARTESIAN_POINT('',(-0.016675,0.004625,0.0138));
#14852=CARTESIAN_POINT('',(-0.017175,0.004625,0.0138));
#14853=CARTESIAN_POINT('',(-0.017175,-0.001875,0.0138));
#14854=CARTESIAN_POINT('',(-0.017175,-0.008375,0.0138));
#14855=CARTESIAN_POINT('',(-0.016675,-0.008375,0.0138));
#14856=CARTESIAN_POINT('',(-0.016675,-0.008875,0.0138));
#14857=CARTESIAN_POINT('',(-0.010175,-0.008875,0.0138));
#14858=CARTESIAN_POINT('',(-0.003675,-0.008875,0.0138));
#14859=CARTESIAN_POINT('',(-0.003675,-0.008375,0.0138));
#14860=CARTESIAN_POINT('',(-0.003175,-0.008375,0.0138));
#14861=CARTESIAN_POINT('',(-0.003175,-0.001875,0.0138));
#14862=CARTESIAN_POINT('',(-0.003175,0.004625,0.0138));
#14863=CARTESIAN_POINT('',(-0.003675,0.004625,0.0138));
#14864=CARTESIAN_POINT('',(0.008875,0.005125,0.0138));
#14865=CARTESIAN_POINT('',(0.015375,0.005125,0.0138));
#14866=CARTESIAN_POINT('',(0.002375,0.005125,0.0138));
#14867=CARTESIAN_POINT('',(0.002375,0.004625,0.0138));
#14868=CARTESIAN_POINT('',(0.001875,0.004625,0.0138));
#14869=CARTESIAN_POINT('',(0.001875,-0.001875,0.0138));
#14870=CARTESIAN_POINT('',(0.001875,-0.008375,0.0138));
#14871=CARTESIAN_POINT('',(0.002375,-0.008375,0.0138));
#14872=CARTESIAN_POINT('',(0.002375,-0.008875,0.0138));
#14873=CARTESIAN_POINT('',(0.008875,-0.008875,0.0138));
#14874=CARTESIAN_POINT('',(0.015375,-0.008875,0.0138));
#14875=CARTESIAN_POINT('',(0.015375,-0.008375,0.0138));
#14876=CARTESIAN_POINT('',(0.015875,-0.008375,0.0138));
#14877=CARTESIAN_POINT('',(0.015875,-0.001875,0.0138));
#14878=CARTESIAN_POINT('',(0.015875,0.004625,0.0138));
#14879=CARTESIAN_POINT('',(0.015375,0.004625,0.0138));
#14880=CARTESIAN_POINT('',(0.015865,0.042085,0.0138));
#14881=CARTESIAN_POINT('',(0.030865,0.042085,0.0138));
#14882=CARTESIAN_POINT('',(0.000865,0.042085,0.0138));
#14883=CARTESIAN_POINT('',(0.000865000000000013,0.040585,0.0138));
#14884=CARTESIAN_POINT('',(-0.000635,0.040585,0.0138));
#14885=CARTESIAN_POINT('',(-0.000635,0.036085,0.0138));
#14886=CARTESIAN_POINT('',(-0.000635,0.031585,0.0138));
#14887=CARTESIAN_POINT('',(0.000865,0.031585,0.0138));
#14888=CARTESIAN_POINT('',(0.000865,0.030085,0.0138));
#14889=CARTESIAN_POINT('',(0.015865,0.030085,0.0138));
#14890=CARTESIAN_POINT('',(0.030865,0.030085,0.0138));
#14891=CARTESIAN_POINT('',(0.030865,0.031585,0.0138));
#14892=CARTESIAN_POINT('',(0.032365,0.031585,0.0138));
#14893=CARTESIAN_POINT('',(0.032365,0.036085,0.0138));
#14894=CARTESIAN_POINT('',(0.032365,0.040585,0.0138));
#14895=CARTESIAN_POINT('',(0.030865,0.040585,0.0138));
#14896=CARTESIAN_POINT('',(-0.029225,0.024175,0.0138));
#14897=CARTESIAN_POINT('',(-0.022725,0.024175,0.0138));
#14898=CARTESIAN_POINT('',(-0.035725,0.024175,0.0138));
#14899=CARTESIAN_POINT('',(-0.035725,0.023675,0.0138));
#14900=CARTESIAN_POINT('',(-0.036225,0.023675,0.0138));
#14901=CARTESIAN_POINT('',(-0.036225,0.017175,0.0138));
#14902=CARTESIAN_POINT('',(-0.036225,0.010675,0.0138));
#14903=CARTESIAN_POINT('',(-0.035725,0.010675,0.0138));
#14904=CARTESIAN_POINT('',(-0.035725,0.010175,0.0138));
#14905=CARTESIAN_POINT('',(-0.029225,0.010175,0.0138));
#14906=CARTESIAN_POINT('',(-0.022725,0.010175,0.0138));
#14907=CARTESIAN_POINT('',(-0.022725,0.010675,0.0138));
#14908=CARTESIAN_POINT('',(-0.022225,0.010675,0.0138));
#14909=CARTESIAN_POINT('',(-0.022225,0.017175,0.0138));
#14910=CARTESIAN_POINT('',(-0.022225,0.023675,0.0138));
#14911=CARTESIAN_POINT('',(-0.022725,0.023675,0.0138));
#14912=CARTESIAN_POINT('',(-0.010175,0.024175,0.0138));
#14913=CARTESIAN_POINT('',(-0.003675,0.024175,0.0138));
#14914=CARTESIAN_POINT('',(-0.016675,0.024175,0.0138));
#14915=CARTESIAN_POINT('',(-0.016675,0.023675,0.0138));
#14916=CARTESIAN_POINT('',(-0.017175,0.023675,0.0138));
#14917=CARTESIAN_POINT('',(-0.017175,0.017175,0.0138));
#14918=CARTESIAN_POINT('',(-0.017175,0.010675,0.0138));
#14919=CARTESIAN_POINT('',(-0.016675,0.010675,0.0138));
#14920=CARTESIAN_POINT('',(-0.016675,0.010175,0.0138));
#14921=CARTESIAN_POINT('',(-0.010175,0.010175,0.0138));
#14922=CARTESIAN_POINT('',(-0.003675,0.010175,0.0138));
#14923=CARTESIAN_POINT('',(-0.003675,0.010675,0.0138));
#14924=CARTESIAN_POINT('',(-0.003175,0.010675,0.0138));
#14925=CARTESIAN_POINT('',(-0.003175,0.017175,0.0138));
#14926=CARTESIAN_POINT('',(-0.003175,0.023675,0.0138));
#14927=CARTESIAN_POINT('',(-0.003675,0.023675,0.0138));
#14928=CARTESIAN_POINT('',(0.008875,0.024175,0.0138));
#14929=CARTESIAN_POINT('',(0.015375,0.024175,0.0138));
#14930=CARTESIAN_POINT('',(0.002375,0.024175,0.0138));
#14931=CARTESIAN_POINT('',(0.002375,0.023675,0.0138));
#14932=CARTESIAN_POINT('',(0.001875,0.023675,0.0138));
#14933=CARTESIAN_POINT('',(0.001875,0.017175,0.0138));
#14934=CARTESIAN_POINT('',(0.001875,0.010675,0.0138));
#14935=CARTESIAN_POINT('',(0.002375,0.010675,0.0138));
#14936=CARTESIAN_POINT('',(0.002375,0.010175,0.0138));
#14937=CARTESIAN_POINT('',(0.008875,0.010175,0.0138));
#14938=CARTESIAN_POINT('',(0.015375,0.010175,0.0138));
#14939=CARTESIAN_POINT('',(0.015375,0.010675,0.0138));
#14940=CARTESIAN_POINT('',(0.015875,0.010675,0.0138));
#14941=CARTESIAN_POINT('',(0.015875,0.017175,0.0138));
#14942=CARTESIAN_POINT('',(0.015875,0.023675,0.0138));
#14943=CARTESIAN_POINT('',(0.015375,0.023675,0.0138));
#14944=CARTESIAN_POINT('',(0.027925,-0.013925,0.0138));
#14945=CARTESIAN_POINT('',(0.034425,-0.013925,0.0138));
#14946=CARTESIAN_POINT('',(0.021425,-0.013925,0.0138));
#14947=CARTESIAN_POINT('',(0.021425,-0.014425,0.0138));
#14948=CARTESIAN_POINT('',(0.020925,-0.014425,0.0138));
#14949=CARTESIAN_POINT('',(0.020925,-0.020925,0.0138));
#14950=CARTESIAN_POINT('',(0.020925,-0.027425,0.0138));
#14951=CARTESIAN_POINT('',(0.021425,-0.027425,0.0138));
#14952=CARTESIAN_POINT('',(0.021425,-0.027925,0.0138));
#14953=CARTESIAN_POINT('',(0.027925,-0.027925,0.0138));
#14954=CARTESIAN_POINT('',(0.034425,-0.027925,0.0138));
#14955=CARTESIAN_POINT('',(0.034425,-0.027425,0.0138));
#14956=CARTESIAN_POINT('',(0.034925,-0.027425,0.0138));
#14957=CARTESIAN_POINT('',(0.034925,-0.020925,0.0138));
#14958=CARTESIAN_POINT('',(0.034925,-0.014425,0.0138));
#14959=CARTESIAN_POINT('',(0.034425,-0.014425,0.0138));
#14960=CARTESIAN_POINT('',(-0.029225,-0.032975,0.0138));
#14961=CARTESIAN_POINT('',(-0.022725,-0.032975,0.0138));
#14962=CARTESIAN_POINT('',(-0.035725,-0.032975,0.0138));
#14963=CARTESIAN_POINT('',(-0.035725,-0.033475,0.0138));
#14964=CARTESIAN_POINT('',(-0.036225,-0.033475,0.0138));
#14965=CARTESIAN_POINT('',(-0.036225,-0.039975,0.0138));
#14966=CARTESIAN_POINT('',(-0.036225,-0.046475,0.0138));
#14967=CARTESIAN_POINT('',(-0.035725,-0.046475,0.0138));
#14968=CARTESIAN_POINT('',(-0.035725,-0.046975,0.0138));
#14969=CARTESIAN_POINT('',(-0.029225,-0.046975,0.0138));
#14970=CARTESIAN_POINT('',(-0.022725,-0.046975,0.0138));
#14971=CARTESIAN_POINT('',(-0.022725,-0.046475,0.0138));
#14972=CARTESIAN_POINT('',(-0.022225,-0.046475,0.0138));
#14973=CARTESIAN_POINT('',(-0.022225,-0.039975,0.0138));
#14974=CARTESIAN_POINT('',(-0.022225,-0.033475,0.0138));
#14975=CARTESIAN_POINT('',(-0.022725,-0.033475,0.0138));
#14976=CARTESIAN_POINT('',(-0.010175,-0.032975,0.0138));
#14977=CARTESIAN_POINT('',(-0.003675,-0.032975,0.0138));
#14978=CARTESIAN_POINT('',(-0.016675,-0.032975,0.0138));
#14979=CARTESIAN_POINT('',(-0.016675,-0.033475,0.0138));
#14980=CARTESIAN_POINT('',(-0.017175,-0.033475,0.0138));
#14981=CARTESIAN_POINT('',(-0.017175,-0.039975,0.0138));
#14982=CARTESIAN_POINT('',(-0.017175,-0.046475,0.0138));
#14983=CARTESIAN_POINT('',(-0.016675,-0.046475,0.0138));
#14984=CARTESIAN_POINT('',(-0.016675,-0.046975,0.0138));
#14985=CARTESIAN_POINT('',(-0.010175,-0.046975,0.0138));
#14986=CARTESIAN_POINT('',(-0.003675,-0.046975,0.0138));
#14987=CARTESIAN_POINT('',(-0.003675,-0.046475,0.0138));
#14988=CARTESIAN_POINT('',(-0.003175,-0.046475,0.0138));
#14989=CARTESIAN_POINT('',(-0.003175,-0.039975,0.0138));
#14990=CARTESIAN_POINT('',(-0.003175,-0.033475,0.0138));
#14991=CARTESIAN_POINT('',(-0.003675,-0.033475,0.0138));
#14992=CARTESIAN_POINT('',(0.008875,-0.032975,0.0138));
#14993=CARTESIAN_POINT('',(0.015375,-0.032975,0.0138));
#14994=CARTESIAN_POINT('',(0.002375,-0.032975,0.0138));
#14995=CARTESIAN_POINT('',(0.002375,-0.033475,0.0138));
#14996=CARTESIAN_POINT('',(0.001875,-0.033475,0.0138));
#14997=CARTESIAN_POINT('',(0.001875,-0.039975,0.0138));
#14998=CARTESIAN_POINT('',(0.001875,-0.046475,0.0138));
#14999=CARTESIAN_POINT('',(0.002375,-0.046475,0.0138));
#15000=CARTESIAN_POINT('',(0.002375,-0.046975,0.0138));
#15001=CARTESIAN_POINT('',(0.008875,-0.046975,0.0138));
#15002=CARTESIAN_POINT('',(0.015375,-0.046975,0.0138));
#15003=CARTESIAN_POINT('',(0.015375,-0.046475,0.0138));
#15004=CARTESIAN_POINT('',(0.015875,-0.046475,0.0138));
#15005=CARTESIAN_POINT('',(0.015875,-0.039975,0.0138));
#15006=CARTESIAN_POINT('',(0.015875,-0.033475,0.0138));
#15007=CARTESIAN_POINT('',(0.015375,-0.033475,0.0138));
#15008=CARTESIAN_POINT('',(0.027925,0.005125,0.0138));
#15009=CARTESIAN_POINT('',(0.034425,0.005125,0.0138));
#15010=CARTESIAN_POINT('',(0.021425,0.005125,0.0138));
#15011=CARTESIAN_POINT('',(0.021425,0.004625,0.0138));
#15012=CARTESIAN_POINT('',(0.020925,0.004625,0.0138));
#15013=CARTESIAN_POINT('',(0.020925,-0.001875,0.0138));
#15014=CARTESIAN_POINT('',(0.020925,-0.008375,0.0138));
#15015=CARTESIAN_POINT('',(0.021425,-0.008375,0.0138));
#15016=CARTESIAN_POINT('',(0.021425,-0.008875,0.0138));
#15017=CARTESIAN_POINT('',(0.027925,-0.008875,0.0138));
#15018=CARTESIAN_POINT('',(0.034425,-0.008875,0.0138));
#15019=CARTESIAN_POINT('',(0.034425,-0.008375,0.0138));
#15020=CARTESIAN_POINT('',(0.034925,-0.008375,0.0138));
#15021=CARTESIAN_POINT('',(0.034925,-0.001875,0.0138));
#15022=CARTESIAN_POINT('',(0.034925,0.004625,0.0138));
#15023=CARTESIAN_POINT('',(0.034425,0.004625,0.0138));
#15024=CARTESIAN_POINT('',(-0.029225,-0.013925,0.0138));
#15025=CARTESIAN_POINT('',(-0.022725,-0.013925,0.0138));
#15026=CARTESIAN_POINT('',(-0.035725,-0.013925,0.0138));
#15027=CARTESIAN_POINT('',(-0.035725,-0.014425,0.0138));
#15028=CARTESIAN_POINT('',(-0.036225,-0.014425,0.0138));
#15029=CARTESIAN_POINT('',(-0.036225,-0.020925,0.0138));
#15030=CARTESIAN_POINT('',(-0.036225,-0.027425,0.0138));
#15031=CARTESIAN_POINT('',(-0.035725,-0.027425,0.0138));
#15032=CARTESIAN_POINT('',(-0.035725,-0.027925,0.0138));
#15033=CARTESIAN_POINT('',(-0.029225,-0.027925,0.0138));
#15034=CARTESIAN_POINT('',(-0.022725,-0.027925,0.0138));
#15035=CARTESIAN_POINT('',(-0.022725,-0.027425,0.0138));
#15036=CARTESIAN_POINT('',(-0.022225,-0.027425,0.0138));
#15037=CARTESIAN_POINT('',(-0.022225,-0.020925,0.0138));
#15038=CARTESIAN_POINT('',(-0.022225,-0.014425,0.0138));
#15039=CARTESIAN_POINT('',(-0.022725,-0.014425,0.0138));
#15040=CARTESIAN_POINT('',(-0.010175,-0.013925,0.0138));
#15041=CARTESIAN_POINT('',(-0.003675,-0.013925,0.0138));
#15042=CARTESIAN_POINT('',(-0.016675,-0.013925,0.0138));
#15043=CARTESIAN_POINT('',(-0.016675,-0.014425,0.0138));
#15044=CARTESIAN_POINT('',(-0.017175,-0.014425,0.0138));
#15045=CARTESIAN_POINT('',(-0.017175,-0.020925,0.0138));
#15046=CARTESIAN_POINT('',(-0.017175,-0.027425,0.0138));
#15047=CARTESIAN_POINT('',(-0.016675,-0.027425,0.0138));
#15048=CARTESIAN_POINT('',(-0.016675,-0.027925,0.0138));
#15049=CARTESIAN_POINT('',(-0.010175,-0.027925,0.0138));
#15050=CARTESIAN_POINT('',(-0.003675,-0.027925,0.0138));
#15051=CARTESIAN_POINT('',(-0.003675,-0.027425,0.0138));
#15052=CARTESIAN_POINT('',(-0.003175,-0.027425,0.0138));
#15053=CARTESIAN_POINT('',(-0.003175,-0.020925,0.0138));
#15054=CARTESIAN_POINT('',(-0.003175,-0.014425,0.0138));
#15055=CARTESIAN_POINT('',(-0.003675,-0.014425,0.0138));
#15056=CARTESIAN_POINT('',(0.008875,-0.013925,0.0138));
#15057=CARTESIAN_POINT('',(0.015375,-0.013925,0.0138));
#15058=CARTESIAN_POINT('',(0.002375,-0.013925,0.0138));
#15059=CARTESIAN_POINT('',(0.002375,-0.014425,0.0138));
#15060=CARTESIAN_POINT('',(0.001875,-0.014425,0.0138));
#15061=CARTESIAN_POINT('',(0.001875,-0.020925,0.0138));
#15062=CARTESIAN_POINT('',(0.001875,-0.027425,0.0138));
#15063=CARTESIAN_POINT('',(0.002375,-0.027425,0.0138));
#15064=CARTESIAN_POINT('',(0.002375,-0.027925,0.0138));
#15065=CARTESIAN_POINT('',(0.008875,-0.027925,0.0138));
#15066=CARTESIAN_POINT('',(0.015375,-0.027925,0.0138));
#15067=CARTESIAN_POINT('',(0.015375,-0.027425,0.0138));
#15068=CARTESIAN_POINT('',(0.015875,-0.027425,0.0138));
#15069=CARTESIAN_POINT('',(0.015875,-0.020925,0.0138));
#15070=CARTESIAN_POINT('',(0.015875,-0.014425,0.0138));
#15071=CARTESIAN_POINT('',(0.015375,-0.014425,0.0138));
#15072=CARTESIAN_POINT('',(0.0485,0.05225,0.0254));
#15073=CARTESIAN_POINT('',(0.0485,-0.08775,0.0254));
#15074=CARTESIAN_POINT('',(-0.0485,-0.08775,0.0254));
#15075=CARTESIAN_POINT('',(-0.0485,0.05225,0.0254));
#15076=CARTESIAN_POINT('',(6.93889390390723E-18,0.05045,0.02945));
#15077=CARTESIAN_POINT('',(-0.0359062922767797,0.05045,0.026));
#15078=CARTESIAN_POINT('',(-0.0359062922767797,0.05045,0.026));
#15079=CARTESIAN_POINT('',(-0.0239839771632758,0.05045,0.026));
#15080=CARTESIAN_POINT('',(-0.04575,-0.0833841518109544,0.));
#15081=CARTESIAN_POINT('',(0.04575,0.05025,0.));
#15082=CARTESIAN_POINT('',(0.04575,-0.0833841518109544,0.));
#15083=CARTESIAN_POINT('',(-0.04575,0.05025,0.));
#15084=CARTESIAN_POINT('',(-0.04575,-0.052,0.));
#15085=CARTESIAN_POINT('',(0.04575,-0.052,0.));
#15086=CARTESIAN_POINT('',(0.113829500973225,-0.0570485591888428,-0.0344902856498956));
#15087=CARTESIAN_POINT('',(0.01617274519616,0.0062,-0.01769102915295));
#15088=CARTESIAN_POINT('',(0.01617274519616,0.0062,-0.01769102915295));
#15089=CARTESIAN_POINT('',(0.01617274519616,0.0062,-0.01769102915295));
#15090=CARTESIAN_POINT('',(0.01617274519616,5.E-5,-0.01769102915295));
#15091=CARTESIAN_POINT('',(0.01617274519616,5.E-5,-0.01769102915295));
#15092=CARTESIAN_POINT('',(0.01617274519616,5.E-5,-0.01719102915295));
#15093=CARTESIAN_POINT('',(0.01617274519616,0.0062,-0.01719102915295));
#15094=CARTESIAN_POINT('',(0.01617274519616,0.0062,-0.01719102915295));
#15095=CARTESIAN_POINT('',(0.01617274519616,0.0062,0.));
#15096=CARTESIAN_POINT('',(0.01617274519616,0.0062,-0.01719102915295));
#15097=CARTESIAN_POINT('',(0.01652274519616,5.E-5,-0.01719102915295));
#15098=CARTESIAN_POINT('',(0.01652274519616,-0.0003,-0.01719102915295));
#15099=CARTESIAN_POINT('',(0.01617274519616,-0.0003,-0.01719102915295));
#15100=CARTESIAN_POINT('',(0.01667274519616,-0.0003,-0.01719102915295));
#15101=CARTESIAN_POINT('',(0.01667274519616,5.E-5,-0.01719102915295));
#15102=CARTESIAN_POINT('',(0.01702274519616,5.E-5,-0.01719102915295));
#15103=CARTESIAN_POINT('',(0.01702274519616,0.0062,-0.01719102915295));
#15104=CARTESIAN_POINT('',(0.01702274519616,0.0062,-0.01719102915295));
#15105=CARTESIAN_POINT('',(0.,0.0062,-0.01719102915295));
#15106=CARTESIAN_POINT('',(0.01702274519616,0.0062,-0.01769102915295));
#15107=CARTESIAN_POINT('',(0.01702274519616,5.E-5,-0.01769102915295));
#15108=CARTESIAN_POINT('',(0.01702274519616,5.E-5,-0.01769102915295));
#15109=CARTESIAN_POINT('',(0.01702274519616,0.0062,-0.01769102915295));
#15110=CARTESIAN_POINT('',(0.01702274519616,0.0062,-0.01769102915295));
#15111=CARTESIAN_POINT('',(0.01702274519616,0.0062,0.));
#15112=CARTESIAN_POINT('',(0.01617274519616,0.0062,-0.01769102915295));
#15113=CARTESIAN_POINT('',(0.01617274519616,-0.0003,-0.01769102915295));
#15114=CARTESIAN_POINT('',(0.01667274519616,-0.0003,-0.01769102915295));
#15115=CARTESIAN_POINT('',(0.01652274519616,-0.0003,-0.01769102915295));
#15116=CARTESIAN_POINT('',(0.01652274519616,5.E-5,-0.01769102915295));
#15117=CARTESIAN_POINT('',(0.,0.0062,-0.01769102915295));
#15118=CARTESIAN_POINT('',(0.01667274519616,5.E-5,-0.01769102915295));
#15119=CARTESIAN_POINT('',(0.,0.0062,0.));
#15120=CARTESIAN_POINT('',(0.,-0.0003,0.));
#15121=CARTESIAN_POINT('',(0.01652274519616,-0.0003,0.));
#15122=CARTESIAN_POINT('',(0.01667274519616,-0.0003,0.));
#15123=CARTESIAN_POINT('',(0.01652274519616,5.E-5,-0.01769102915295));
#15124=CARTESIAN_POINT('',(0.01667274519616,5.E-5,-0.01769102915295));
#15125=CARTESIAN_POINT('',(0.15440774519616,-0.057628970847044,-0.019155));
#15126=CARTESIAN_POINT('',(0.00987274519616,0.0052,-0.01509102915295));
#15127=CARTESIAN_POINT('',(0.00989274519616,0.0052,-0.01509102915295));
#15128=CARTESIAN_POINT('',(0.00989274519616,0.0009,-0.01509102915295));
#15129=CARTESIAN_POINT('',(0.00989274519616007,0.004901639164853,-0.01509102915295));
#15130=CARTESIAN_POINT('',(0.01037274519616,0.004901639164853,-0.01509102915295));
#15131=CARTESIAN_POINT('',(0.00999673879721176,0.0052,-0.01509102915295));
#15132=CARTESIAN_POINT('',(0.,0.0052,-0.01509102915295));
#15133=CARTESIAN_POINT('',(0.00987274519616,0.0052,-0.01509102915295));
#15134=CARTESIAN_POINT('',(0.00987274519616,0.0052,-0.01509102915295));
#15135=CARTESIAN_POINT('',(0.00987274519616,1.7347234759768E-18,-0.01509102915295));
#15136=CARTESIAN_POINT('',(0.00987274519616,1.7347234759768E-18,-0.01509102915295));
#15137=CARTESIAN_POINT('',(0.01037274519616,-0.0005,-0.01509102915295));
#15138=CARTESIAN_POINT('',(0.01037274519616,-0.0005,-0.01509102915295));
#15139=CARTESIAN_POINT('',(0.01087274519616,1.51788304147971E-18,-0.01509102915295));
#15140=CARTESIAN_POINT('',(0.01087274519616,0.0052,-0.01509102915295));
#15141=CARTESIAN_POINT('',(0.01087274519616,0.0052,-0.01509102915295));
#15142=CARTESIAN_POINT('',(0.,0.0052,-0.01509102915295));
#15143=CARTESIAN_POINT('',(0.0107487515951088,0.0052,-0.01509102915295));
#15144=CARTESIAN_POINT('',(0.01037274519616,0.004901639164853,-0.01509102915295));
#15145=CARTESIAN_POINT('',(0.01085274519616,0.004901639164853,-0.01509102915295));
#15146=CARTESIAN_POINT('',(0.01085274519616,0.0052,-0.01509102915295));
#15147=CARTESIAN_POINT('',(0.01085274519616,0.0009,-0.01509102915295));
#15148=CARTESIAN_POINT('',(0.01037274519616,0.0009,-0.01509102915295));
#15149=CARTESIAN_POINT('',(0.00987274519616,0.0052,-0.01519102915295));
#15150=CARTESIAN_POINT('',(0.00987274519616,0.0052,-0.01519102915295));
#15151=CARTESIAN_POINT('',(0.00987274519616,0.0052,-0.01519102915295));
#15152=CARTESIAN_POINT('',(0.00987274519616,1.70761842166467E-18,-0.01519102915295));
#15153=CARTESIAN_POINT('',(0.00987274519616,1.7347234759768E-18,-0.01519102915295));
#15154=CARTESIAN_POINT('',(0.00987274519616,0.0052,0.));
#15155=CARTESIAN_POINT('',(0.01087274519616,0.0052,-0.01519102915295));
#15156=CARTESIAN_POINT('',(0.01087274519616,1.7347234759768E-18,-0.01519102915295));
#15157=CARTESIAN_POINT('',(0.01087274519616,1.51788304147971E-18,-0.01519102915295));
#15158=CARTESIAN_POINT('',(0.01087274519616,0.0052,-0.01519102915295));
#15159=CARTESIAN_POINT('',(0.01087274519616,0.0052,-0.01519102915295));
#15160=CARTESIAN_POINT('',(0.01087274519616,0.0052,0.));
#15161=CARTESIAN_POINT('',(0.00987274519616,0.0052,-0.01519102915295));
#15162=CARTESIAN_POINT('',(0.01080274519616,0.0052,-0.01519102915295));
#15163=CARTESIAN_POINT('',(0.01080274519616,0.0009,-0.01519102915295));
#15164=CARTESIAN_POINT('',(0.01080274519616,0.004901639164853,-0.01519102915295));
#15165=CARTESIAN_POINT('',(0.01037274519616,0.004901639164853,-0.01519102915295));
#15166=CARTESIAN_POINT('',(0.0106823914653939,0.0052,-0.01519102915295));
#15167=CARTESIAN_POINT('',(0.,0.0052,-0.01519102915295));
#15168=CARTESIAN_POINT('',(0.01087274519616,1.7347234759768E-18,-0.01519102915295));
#15169=CARTESIAN_POINT('',(0.01037274519616,-0.0005,-0.01519102915295));
#15170=CARTESIAN_POINT('',(0.01037274519616,-0.0005,-0.01519102915295));
#15171=CARTESIAN_POINT('',(0.,0.0052,-0.01519102915295));
#15172=CARTESIAN_POINT('',(0.0100630989269261,0.0052,-0.01519102915295));
#15173=CARTESIAN_POINT('',(0.01037274519616,0.004901639164853,-0.01519102915295));
#15174=CARTESIAN_POINT('',(0.00994274519616,0.004901639164853,-0.01519102915295));
#15175=CARTESIAN_POINT('',(0.00994274519616,0.0052,-0.01519102915295));
#15176=CARTESIAN_POINT('',(0.00994274519616,0.0009,-0.01519102915295));
#15177=CARTESIAN_POINT('',(0.01037274519616,0.0009,-0.01519102915295));
#15178=CARTESIAN_POINT('',(0.,0.0052,0.));
#15179=CARTESIAN_POINT('',(0.010682391465394,0.0052,-0.01519102915295));
#15180=CARTESIAN_POINT('',(0.0105757057206218,0.0052,-0.0151910291529501));
#15181=CARTESIAN_POINT('',(0.0103741870861153,0.0052,-0.0150765597700735));
#15182=CARTESIAN_POINT('',(0.0101695307071966,0.0052,-0.0151910291529501));
#15183=CARTESIAN_POINT('',(0.010063098926926,0.0052,-0.01519102915295));
#15184=CARTESIAN_POINT('',(0.00999673879721189,0.0052,-0.01509102915295));
#15185=CARTESIAN_POINT('',(0.0100646207210966,0.0052,-0.0150910291529499));
#15186=CARTESIAN_POINT('',(0.010165990012736,0.0052,-0.0150581597637969));
#15187=CARTESIAN_POINT('',(0.0102666414265864,0.0052,-0.0149817410812674));
#15188=CARTESIAN_POINT('',(0.0103414271628758,0.0052,-0.014945383168765));
#15189=CARTESIAN_POINT('',(0.0103414272771299,0.0052,-0.0149110292154441));
#15190=CARTESIAN_POINT('',(0.0103414272771542,0.00519999999999922,-0.01491102915295));
#15191=CARTESIAN_POINT('',(0.010341427277161,0.00519999999999993,-0.01473102915295));
#15192=CARTESIAN_POINT('',(0.010341427277161,0.0052,-0.01509102915295));
#15193=CARTESIAN_POINT('',(0.010341427277161,0.0052,-0.01509102915295));
#15194=CARTESIAN_POINT('',(0.010362305889827,0.0052,-0.01509102915295));
#15195=CARTESIAN_POINT('',(0.010383184502493,0.0052,-0.01509102915295));
#15196=CARTESIAN_POINT('',(0.010404063115159,0.0052,-0.01509102915295));
#15197=CARTESIAN_POINT('',(0.0104040631151612,0.00519999999999973,-0.01509102915295));
#15198=CARTESIAN_POINT('',(0.010404063115168,0.00519999999999898,-0.01473102915295));
#15199=CARTESIAN_POINT('',(0.0104040631151632,0.00519999999999949,-0.0149110291842));
#15200=CARTESIAN_POINT('',(0.0104040631151584,0.0052,-0.01491102921545));
#15201=CARTESIAN_POINT('',(0.0104040632294293,0.0052,-0.0149453849822509));
#15202=CARTESIAN_POINT('',(0.010478879000529,0.0052,-0.014981742760896));
#15203=CARTESIAN_POINT('',(0.0105790887162913,0.0052,-0.0150579547195939));
#15204=CARTESIAN_POINT('',(0.0106809574810139,0.0052,-0.0150910291529501));
#15205=CARTESIAN_POINT('',(0.010748751595109,0.0052,-0.01509102915295));
#15206=CARTESIAN_POINT('',(0.01087274519616,1.734723475977E-18,-0.01519102915295));
#15207=CARTESIAN_POINT('',(0.01037274519616,-0.0005,-0.01519102915295));
#15208=CARTESIAN_POINT('',(0.00987274519616,1.734723475977E-18,-0.01519102915295));
#15209=CARTESIAN_POINT('',(0.01037274519616,0.004901639164853,-0.01473102915295));
#15210=CARTESIAN_POINT('',(0.0103414272771565,0.00519999999999946,-0.01491102915295));
#15211=CARTESIAN_POINT('',(0.0103622297127091,0.00520218356069164,-0.01491102915295));
#15212=CARTESIAN_POINT('',(0.0103832606796154,0.00520218356069148,-0.01491102915295));
#15213=CARTESIAN_POINT('',(0.010404063115168,0.00519999999999898,-0.01491102915295));
#15214=CARTESIAN_POINT('',(0.01037274519616,0.0009,-0.01473102915295));
#15215=CARTESIAN_POINT('',(0.01049274519616,0.004901639164853,-0.01473102915295));
#15216=CARTESIAN_POINT('',(0.01049274519616,0.00495820770734792,-0.01473102915295));
#15217=CARTESIAN_POINT('',(0.01037274519616,0.00508507062235808,-0.01473102915295));
#15218=CARTESIAN_POINT('',(0.01025274519616,0.00495820770734792,-0.01473102915295));
#15219=CARTESIAN_POINT('',(0.01025274519616,0.004901639164853,-0.01473102915295));
#15220=CARTESIAN_POINT('',(0.010492745196175,0.004901639164853,-0.01473102915295));
#15221=CARTESIAN_POINT('',(0.01025274519616,0.004901639164853,-0.01473102915295));
#15222=CARTESIAN_POINT('',(0.01025274519616,0.0009,-0.01473102915295));
#15223=CARTESIAN_POINT('',(0.010252745196145,0.0009,-0.01473102915295));
#15224=CARTESIAN_POINT('',(0.01025274519616,0.0009,-0.01473102915295));
#15225=CARTESIAN_POINT('',(0.01025274519616,0.000843431457505076,-0.01473102915295));
#15226=CARTESIAN_POINT('',(0.01037274519616,0.000716568542494924,-0.01473102915295));
#15227=CARTESIAN_POINT('',(0.01049274519616,0.000843431457505076,-0.01473102915295));
#15228=CARTESIAN_POINT('',(0.01049274519616,0.0009,-0.01473102915295));
#15229=CARTESIAN_POINT('',(0.01049274519616,0.0009,-0.01473102915295));
#15230=CARTESIAN_POINT('',(0.01049274519616,0.0009,-0.01473102915295));
#15231=CARTESIAN_POINT('',(0.01037274519616,0.0009,-0.01483102915295));
#15232=CARTESIAN_POINT('',(0.01030274519616,0.004901639164853,-0.01483102915295));
#15233=CARTESIAN_POINT('',(0.01030274519616,0.00493463748130837,-0.01483102915295));
#15234=CARTESIAN_POINT('',(0.01037274519616,0.00500864084839763,-0.01483102915295));
#15235=CARTESIAN_POINT('',(0.01044274519616,0.00493463748130837,-0.01483102915295));
#15236=CARTESIAN_POINT('',(0.01044274519616,0.004901639164853,-0.01483102915295));
#15237=CARTESIAN_POINT('',(0.010302745196145,0.004901639164853,-0.01483102915295));
#15238=CARTESIAN_POINT('',(0.01044274519616,0.004901639164853,-0.01483102915295));
#15239=CARTESIAN_POINT('',(0.01044274519616,0.0009,-0.01483102915295));
#15240=CARTESIAN_POINT('',(0.010442745196175,0.0009,-0.01483102915295));
#15241=CARTESIAN_POINT('',(0.01044274519616,0.0009,-0.01483102915295));
#15242=CARTESIAN_POINT('',(0.01044274519616,0.000867001683544628,-0.01483102915295));
#15243=CARTESIAN_POINT('',(0.01037274519616,0.000792998316455372,-0.01483102915295));
#15244=CARTESIAN_POINT('',(0.01030274519616,0.000867001683544628,-0.01483102915295));
#15245=CARTESIAN_POINT('',(0.01030274519616,0.0009,-0.01483102915295));
#15246=CARTESIAN_POINT('',(0.01030274519616,0.0009,-0.01483102915295));
#15247=CARTESIAN_POINT('',(0.01030274519616,0.0009,-0.01483102915295));
#15248=CARTESIAN_POINT('',(0.00994274519616,0.0009,-0.01501102915295));
#15249=CARTESIAN_POINT('',(0.00994274519616,0.0009,-0.01501102915295));
#15250=CARTESIAN_POINT('',(0.01012274519616,0.0009,-0.01501102915295));
#15251=CARTESIAN_POINT('',(0.00994274519616,0.004901639164853,-0.01501102915295));
#15252=CARTESIAN_POINT('',(0.01012274519616,0.00490163910236863,-0.01501102915295));
#15253=CARTESIAN_POINT('',(0.01012274519616,0.0009,-0.01501102915295));
#15254=CARTESIAN_POINT('',(0.01037274519616,0.004901639164853,-0.01501102915295));
#15255=CARTESIAN_POINT('',(0.01080274519616,0.004901639164853,-0.01501102915295));
#15256=CARTESIAN_POINT('',(0.01062274519616,0.004901639164853,-0.0150110291529499));
#15257=CARTESIAN_POINT('',(0.01062274519616,0.004901639164853,-0.01501102915295));
#15258=CARTESIAN_POINT('',(0.01062274519616,0.00503253885875258,-0.01501102915295));
#15259=CARTESIAN_POINT('',(0.01037274519616,0.00527073947095343,-0.01501102915295));
#15260=CARTESIAN_POINT('',(0.01012274519616,0.00503253885875257,-0.01501102915295));
#15261=CARTESIAN_POINT('',(0.01012274519616,0.004901639164853,-0.01501102915295));
#15262=CARTESIAN_POINT('',(0.01030274519616,0.0009,-0.01501102915295));
#15263=CARTESIAN_POINT('',(0.01030274519616,0.0009,-0.01483102915295));
#15264=CARTESIAN_POINT('',(0.0102084974165523,0.0009,-0.01483102915295));
#15265=CARTESIAN_POINT('',(0.01012274519616,0.0009,-0.0149167813733423));
#15266=CARTESIAN_POINT('',(0.01012274519616,0.0009,-0.01501102915295));
#15267=CARTESIAN_POINT('',(0.01012274519616,0.004901639164853,-0.01501102915295));
#15268=CARTESIAN_POINT('',(0.01012274519616,0.004901639164853,-0.0149167813733423));
#15269=CARTESIAN_POINT('',(0.0102084974165523,0.004901639164853,-0.01483102915295));
#15270=CARTESIAN_POINT('',(0.01030274519616,0.004901639164853,-0.01483102915295));
#15271=CARTESIAN_POINT('',(0.01037274519616,0.0009,-0.01501102915295));
#15272=CARTESIAN_POINT('',(0.01080274519616,0.0009,-0.01501102915295));
#15273=CARTESIAN_POINT('',(0.01062274519616,0.000900000062484375,-0.01501102915295));
#15274=CARTESIAN_POINT('',(0.01012274519616,0.000899999999999999,-0.01501102915295));
#15275=CARTESIAN_POINT('',(0.01012274519616,0.000769100306100425,-0.01501102915295));
#15276=CARTESIAN_POINT('',(0.01037274519616,0.000530899693899575,-0.01501102915295));
#15277=CARTESIAN_POINT('',(0.01062274519616,0.000769100306100426,-0.01501102915295));
#15278=CARTESIAN_POINT('',(0.01062274519616,0.000900000000000001,-0.01501102915295));
#15279=CARTESIAN_POINT('',(0.01080274519616,0.0009,-0.01501102915295));
#15280=CARTESIAN_POINT('',(0.01062274519616,0.0009,-0.01501102915295));
#15281=CARTESIAN_POINT('',(0.01037274519616,0.004901639164853,-0.0150110294266944));
#15282=CARTESIAN_POINT('',(0.01044274519616,0.004901639164853,-0.01483102915295));
#15283=CARTESIAN_POINT('',(0.0105369929757677,0.004901639164853,-0.01483102915295));
#15284=CARTESIAN_POINT('',(0.01062274519616,0.004901639164853,-0.0149167813733423));
#15285=CARTESIAN_POINT('',(0.01062274519616,0.004901639164853,-0.01501102915295));
#15286=CARTESIAN_POINT('',(0.01037274519616,0.0009,-0.0150110294266944));
#15287=CARTESIAN_POINT('',(0.01062274519616,0.0009,-0.01501102915295));
#15288=CARTESIAN_POINT('',(0.01062274519616,0.0009,-0.0149167813733423));
#15289=CARTESIAN_POINT('',(0.0105369929757677,0.0009,-0.01483102915295));
#15290=CARTESIAN_POINT('',(0.01044274519616,0.0009,-0.01483102915295));
#15291=CARTESIAN_POINT('',(0.01044274519616,0.0009,-0.01501102915295));
#15292=CARTESIAN_POINT('',(0.01037274519616,0.0009,-0.0149110294266943));
#15293=CARTESIAN_POINT('',(0.01067274519616,0.000899999999999999,-0.01491102915295));
#15294=CARTESIAN_POINT('',(0.01067274519616,0.00074292036732051,-0.01491102915295));
#15295=CARTESIAN_POINT('',(0.01037274519616,0.000457079632679489,-0.01491102915295));
#15296=CARTESIAN_POINT('',(0.01007274519616,0.000742920367320511,-0.01491102915295));
#15297=CARTESIAN_POINT('',(0.01007274519616,0.000900000000000001,-0.01491102915295));
#15298=CARTESIAN_POINT('',(0.01067274519616,0.00090000006248125,-0.01491102915295));
#15299=CARTESIAN_POINT('',(0.01007274519616,0.00090000006248125,-0.01491102915295));
#15300=CARTESIAN_POINT('',(0.01049274519616,0.0009,-0.01473102915295));
#15301=CARTESIAN_POINT('',(0.0105869929757677,0.0009,-0.01473102915295));
#15302=CARTESIAN_POINT('',(0.01067274519616,0.0009,-0.0148167813733423));
#15303=CARTESIAN_POINT('',(0.01067274519616,0.0009,-0.01491102915295));
#15304=CARTESIAN_POINT('',(0.01007274519616,0.0009,-0.01491102915295));
#15305=CARTESIAN_POINT('',(0.01007274519616,0.0009,-0.0148167813733423));
#15306=CARTESIAN_POINT('',(0.0101584974165523,0.0009,-0.01473102915295));
#15307=CARTESIAN_POINT('',(0.01025274519616,0.0009,-0.01473102915295));
#15308=CARTESIAN_POINT('',(0.01085274519616,0.0009,-0.01491102915295));
#15309=CARTESIAN_POINT('',(0.01085274519616,0.0009,-0.01491102915295));
#15310=CARTESIAN_POINT('',(0.01085274519616,0.004901639164853,-0.01491102915295));
#15311=CARTESIAN_POINT('',(0.01067274519616,0.00490163910237175,-0.01491102915295));
#15312=CARTESIAN_POINT('',(0.01067274519616,0.0009,-0.01491102915295));
#15313=CARTESIAN_POINT('',(0.01037274519616,0.004901639164853,-0.01491102915295));
#15314=CARTESIAN_POINT('',(0.010404063115168,0.00519999999999898,-0.01491102915295));
#15315=CARTESIAN_POINT('',(0.0105498832653599,0.00518469375629844,-0.01491102915295));
#15316=CARTESIAN_POINT('',(0.01067274519616,0.00504826043649598,-0.01491102915295));
#15317=CARTESIAN_POINT('',(0.01067274519616,0.004901639164853,-0.01491102915295));
#15318=CARTESIAN_POINT('',(0.01049274519616,0.0009,-0.01491102915295));
#15319=CARTESIAN_POINT('',(0.01067274519616,0.004901639164853,-0.01491102915295));
#15320=CARTESIAN_POINT('',(0.01067274519616,0.004901639164853,-0.0148167813733423));
#15321=CARTESIAN_POINT('',(0.0105869929757677,0.004901639164853,-0.01473102915295));
#15322=CARTESIAN_POINT('',(0.01049274519616,0.004901639164853,-0.01473102915295));
#15323=CARTESIAN_POINT('',(0.01025274519616,0.0009,-0.01491102915295));
#15324=CARTESIAN_POINT('',(0.01025274519616,0.004901639164853,-0.01473102915295));
#15325=CARTESIAN_POINT('',(0.0101584974165523,0.004901639164853,-0.01473102915295));
#15326=CARTESIAN_POINT('',(0.01007274519616,0.004901639164853,-0.0148167813733423));
#15327=CARTESIAN_POINT('',(0.01007274519616,0.004901639164853,-0.01491102915295));
#15328=CARTESIAN_POINT('',(0.01007274519616,0.00490163910237175,-0.01491102915295));
#15329=CARTESIAN_POINT('',(0.01007274519616,0.0009,-0.01491102915295));
#15330=CARTESIAN_POINT('',(0.01037274519616,0.0009,-0.01491102915295));
#15331=CARTESIAN_POINT('',(0.00989274519616,0.0009,-0.01491102915295));
#15332=CARTESIAN_POINT('',(0.01037274519616,0.004901639164853,-0.0149110294266943));
#15333=CARTESIAN_POINT('',(0.01007274519616,0.004901639164853,-0.01491102915295));
#15334=CARTESIAN_POINT('',(0.01007274519616,0.00504826043649598,-0.01491102915295));
#15335=CARTESIAN_POINT('',(0.0101956071269601,0.00518469375629843,-0.01491102915295));
#15336=CARTESIAN_POINT('',(0.010341427277152,0.00519999999999898,-0.01491102915295));
#15337=CARTESIAN_POINT('',(0.00989274519616,0.0009,-0.01491102915295));
#15338=CARTESIAN_POINT('',(0.00989274519616,0.004901639164853,-0.01491102915295));
#15339=CARTESIAN_POINT('',(0.01037274519616,0.004901639164853,-0.01491102915295));
#15340=CARTESIAN_POINT('',(0.15440774519616,-0.057628970847044,-0.019155));
#15341=CARTESIAN_POINT('',(0.,0.,0.));
#15342=CARTESIAN_POINT('',(0.,0.,0.));
#15343=CARTESIAN_POINT('',(0.00241,6.630669073875E-19,0.0015));
#15344=CARTESIAN_POINT('',(0.00341,6.630669073875E-19,0.0015));
#15345=CARTESIAN_POINT('',(0.00341,6.630669073875E-19,0.00049));
#15346=CARTESIAN_POINT('',(0.00241,6.630669073875E-19,0.0015));
#15347=CARTESIAN_POINT('',(0.00241,6.630669073875E-19,0.00049));
#15348=CARTESIAN_POINT('',(0.00241,6.630669073875E-19,0.0015));
#15349=CARTESIAN_POINT('',(0.00241,6.630669073875E-19,0.0015));
#15350=CARTESIAN_POINT('',(0.00241,6.630669073875E-19,0.0005));
#15351=CARTESIAN_POINT('',(0.00341,6.630669073875E-19,0.0015));
#15352=CARTESIAN_POINT('',(0.00341,6.630669073875E-19,0.0015));
#15353=CARTESIAN_POINT('',(0.00341,6.630669073875E-19,0.0005));
#15354=CARTESIAN_POINT('',(0.00181,6.630669073875E-19,0.0015));
#15355=CARTESIAN_POINT('',(0.00221,6.630669073875E-19,0.0015));
#15356=CARTESIAN_POINT('',(0.00221,6.630669073875E-19,0.0005));
#15357=CARTESIAN_POINT('',(0.00181,6.630669073875E-19,0.0015));
#15358=CARTESIAN_POINT('',(0.00541,6.630669073875E-19,0.0015));
#15359=CARTESIAN_POINT('',(0.00541,6.630669073875E-19,0.0025));
#15360=CARTESIAN_POINT('',(0.00221,6.630669073875E-19,0.0015));
#15361=CARTESIAN_POINT('',(0.00181,6.630669073875E-19,0.0015));
#15362=CARTESIAN_POINT('',(0.00181,6.630669073875E-19,0.0021));
#15363=CARTESIAN_POINT('',(0.00541,6.630669073875E-19,0.0015));
#15364=CARTESIAN_POINT('',(0.00581,6.630669073875E-19,0.0015));
#15365=CARTESIAN_POINT('',(0.00581,6.630669073875E-19,0.0021));
#15366=CARTESIAN_POINT('',(0.00181,6.630669073875E-19,0.0015));
#15367=CARTESIAN_POINT('',(0.00581,6.630669073875E-19,0.0015));
#15368=CARTESIAN_POINT('',(0.13212,-0.063135,-0.012135));
#15369=CARTESIAN_POINT('',(0.,6.7E-19,0.001));
#15370=CARTESIAN_POINT('',(0.,6.7E-19,0.001));
#15371=CARTESIAN_POINT('',(0.,0.000250000000000001,0.001));
#15372=CARTESIAN_POINT('',(0.,-1.E-19,-0.0025));
#15373=CARTESIAN_POINT('',(0.,-0.00025,-0.0025));
#15374=CARTESIAN_POINT('',(0.0005,6.7E-19,0.001));
#15375=CARTESIAN_POINT('',(0.0005,7.8E-19,0.0015));
#15376=CARTESIAN_POINT('',(0.0005,7.8E-19,0.00175));
#15377=CARTESIAN_POINT('',(0.0005,7.8E-19,0.0015));
#15378=CARTESIAN_POINT('',(0.00712,7.8E-19,0.0015));
#15379=CARTESIAN_POINT('',(0.00712,7.8E-19,0.00175));
#15380=CARTESIAN_POINT('',(0.00712,6.7E-19,0.001));
#15381=CARTESIAN_POINT('',(0.00762,6.7E-19,0.001));
#15382=CARTESIAN_POINT('',(0.00762,-0.000249999999999999,0.001));
#15383=CARTESIAN_POINT('',(0.00762,6.7E-19,0.001));
#15384=CARTESIAN_POINT('',(0.00762,-1.E-19,-0.0025));
#15385=CARTESIAN_POINT('',(0.00762,0.00025,-0.0025));
#15386=CARTESIAN_POINT('',(0.00025,-1.1E-19,-0.0025));
#15387=CARTESIAN_POINT('',(0.00737,-1.1E-19,-0.0025));
#15388=CARTESIAN_POINT('',(0.13212,-0.063135,-0.012135));
#15389=CARTESIAN_POINT('',(0.,0.,0.));
#15390=CARTESIAN_POINT('',(0.,-0.01775,0.));
#15391=CARTESIAN_POINT('',(0.04575,-0.052,0.));
#15392=CARTESIAN_POINT('',(0.049,-0.052,0.));
#15393=CARTESIAN_POINT('',(-0.04575,-0.052,0.));
#15394=CARTESIAN_POINT('',(-0.0425,-0.052,0.));
#15395=CARTESIAN_POINT('',(-0.04575,0.05025,0.));
#15396=CARTESIAN_POINT('',(-0.0425,0.05025,0.));
#15397=CARTESIAN_POINT('',(0.04575,-0.0833841518109544,0.));
#15398=CARTESIAN_POINT('',(0.049,-0.0833841518109544,0.));
#15399=CARTESIAN_POINT('',(0.04575,0.05025,0.));
#15400=CARTESIAN_POINT('',(0.049,0.05025,0.));
#15401=CARTESIAN_POINT('',(-0.04575,-0.0833841518109544,0.));
#15402=CARTESIAN_POINT('',(-0.0425,-0.0833841518109544,0.));
#15403=CARTESIAN_POINT('',(6.93889390390723E-18,0.05375,0.));
#15404=CARTESIAN_POINT('',(-0.0485,0.05375,0.));
#15405=CARTESIAN_POINT('',(0.0485,0.05375,0.));
#15406=CARTESIAN_POINT('',(0.0485,0.05225,0.));
#15407=CARTESIAN_POINT('',(0.05,0.05225,0.));
#15408=CARTESIAN_POINT('',(0.05,-0.01775,0.));
#15409=CARTESIAN_POINT('',(0.05,-0.08775,0.));
#15410=CARTESIAN_POINT('',(0.0485,-0.08775,0.));
#15411=CARTESIAN_POINT('',(0.0485,-0.08925,0.));
#15412=CARTESIAN_POINT('',(-1.38777878078145E-17,-0.08925,0.));
#15413=CARTESIAN_POINT('',(-0.0485,-0.08925,0.));
#15414=CARTESIAN_POINT('',(-0.0485,-0.08775,0.));
#15415=CARTESIAN_POINT('',(-0.05,-0.08775,0.));
#15416=CARTESIAN_POINT('',(-0.05,-0.01775,0.));
#15417=CARTESIAN_POINT('',(-0.05,0.05225,0.));
#15418=CARTESIAN_POINT('',(-0.0485,0.05225,0.));
#15419=CARTESIAN_POINT('',(0.,0.05025,0.024));
#15420=CARTESIAN_POINT('',(-0.0415,0.05025,0.024));
#15421=CARTESIAN_POINT('',(-0.0415,0.05025,0.024));
#15422=CARTESIAN_POINT('',(-0.0415,0.05025,0.004));
#15423=CARTESIAN_POINT('',(0.,0.05025,0.004));
#15424=CARTESIAN_POINT('',(0.0415,0.05025,0.004));
#15425=CARTESIAN_POINT('',(0.0415,0.05025,0.024));
#15426=CARTESIAN_POINT('',(0.0415,0.05025,0.024));
#15427=CARTESIAN_POINT('',(0.,0.05025,0.024));
#15428=CARTESIAN_POINT('',(-0.0415,0.,0.024));
#15429=CARTESIAN_POINT('',(-0.0415,0.,0.004));
#15430=CARTESIAN_POINT('',(-0.0415,-0.05025,0.004));
#15431=CARTESIAN_POINT('',(-0.0415,0.,0.024));
#15432=CARTESIAN_POINT('',(-0.0415,-0.05025,0.024));
#15433=CARTESIAN_POINT('',(-0.0415,-0.05025,0.024));
#15434=CARTESIAN_POINT('',(0.,-0.05025,0.024));
#15435=CARTESIAN_POINT('',(0.,-0.05025,0.004));
#15436=CARTESIAN_POINT('',(0.0415,-0.05025,0.004));
#15437=CARTESIAN_POINT('',(0.,-0.05025,0.024));
#15438=CARTESIAN_POINT('',(0.0415,-0.05025,0.024));
#15439=CARTESIAN_POINT('',(0.0415,-0.05025,0.024));
#15440=CARTESIAN_POINT('',(0.0415,0.,0.024));
#15441=CARTESIAN_POINT('',(0.0415,0.,0.004));
#15442=CARTESIAN_POINT('',(0.0415,0.,0.024));
#15443=CARTESIAN_POINT('',(6.93889390390723E-18,0.05375,0.024));
#15444=CARTESIAN_POINT('',(6.93889390390723E-18,0.05375,0.024));
#15445=CARTESIAN_POINT('',(-0.0485,0.05375,0.024));
#15446=CARTESIAN_POINT('',(0.0485,0.05375,0.024));
#15447=CARTESIAN_POINT('',(0.0485,0.05375,0.024));
#15448=CARTESIAN_POINT('',(-0.0485,0.05375,0.024));
#15449=CARTESIAN_POINT('',(-0.05,-0.01775,0.024));
#15450=CARTESIAN_POINT('',(-0.05,-0.08775,0.024));
#15451=CARTESIAN_POINT('',(-0.05,-0.08775,0.024));
#15452=CARTESIAN_POINT('',(-0.05,-0.01775,0.024));
#15453=CARTESIAN_POINT('',(-0.05,0.05225,0.024));
#15454=CARTESIAN_POINT('',(-0.05,0.05225,0.));
#15455=CARTESIAN_POINT('',(-1.38777878078145E-17,-0.08925,0.024));
#15456=CARTESIAN_POINT('',(0.0485,-0.08925,0.024));
#15457=CARTESIAN_POINT('',(0.0485,-0.08925,0.024));
#15458=CARTESIAN_POINT('',(-1.38777878078145E-17,-0.08925,0.024));
#15459=CARTESIAN_POINT('',(-0.0485,-0.08925,0.024));
#15460=CARTESIAN_POINT('',(-0.0485,-0.08925,0.024));
#15461=CARTESIAN_POINT('',(0.05,-0.01775,0.024));
#15462=CARTESIAN_POINT('',(0.05,0.05225,0.024));
#15463=CARTESIAN_POINT('',(0.05,0.05225,0.024));
#15464=CARTESIAN_POINT('',(0.05,-0.01775,0.024));
#15465=CARTESIAN_POINT('',(0.05,-0.08775,0.024));
#15466=CARTESIAN_POINT('',(0.05,-0.08775,0.));
#15467=CARTESIAN_POINT('',(0.,-0.01775,0.024));
#15468=CARTESIAN_POINT('',(0.04575,-0.052,0.024));
#15469=CARTESIAN_POINT('',(0.04745,-0.052,0.024));
#15470=CARTESIAN_POINT('',(-0.04575,-0.052,0.024));
#15471=CARTESIAN_POINT('',(-0.04405,-0.052,0.024));
#15472=CARTESIAN_POINT('',(-0.04575,0.05025,0.024));
#15473=CARTESIAN_POINT('',(-0.04405,0.05025,0.024));
#15474=CARTESIAN_POINT('',(0.04575,-0.0833841518109544,0.024));
#15475=CARTESIAN_POINT('',(0.04745,-0.0833841518109544,0.024));
#15476=CARTESIAN_POINT('',(0.04575,0.05025,0.024));
#15477=CARTESIAN_POINT('',(0.04745,0.05025,0.024));
#15478=CARTESIAN_POINT('',(-0.04575,-0.0833841518109544,0.024));
#15479=CARTESIAN_POINT('',(-0.04405,-0.0833841518109544,0.024));
#15480=CARTESIAN_POINT('',(0.0485,0.05225,0.024));
#15481=CARTESIAN_POINT('',(-0.0485,0.05225,0.024));
#15482=CARTESIAN_POINT('',(-0.0485,-0.08775,0.024));
#15483=CARTESIAN_POINT('',(0.0485,-0.08775,0.024));
#15484=CARTESIAN_POINT('',(0.,-0.01775,0.004));
#15485=CARTESIAN_POINT('',(0.0485,0.05225,0.024));
#15486=CARTESIAN_POINT('',(0.0485,-0.08775,0.024));
#15487=CARTESIAN_POINT('',(-0.0485,-0.08775,0.024));
#15488=CARTESIAN_POINT('',(-0.0485,0.05225,0.024));
#15489=CARTESIAN_POINT('',(-0.04575,-0.0833841518109544,0.));
#15490=CARTESIAN_POINT('',(-0.04575,-0.0833841518109544,0.0032));
#15491=CARTESIAN_POINT('',(-0.04405,-0.0833841518109544,0.0032));
#15492=CARTESIAN_POINT('',(-0.0425,-0.0833841518109544,0.0032));
#15493=CARTESIAN_POINT('',(-0.04575,-0.0833841518109544,0.0032));
#15494=CARTESIAN_POINT('',(-0.0425,-0.0833841518109544,0.0032));
#15495=CARTESIAN_POINT('',(-0.04575,-0.0833841518109544,0.));
#15496=CARTESIAN_POINT('',(0.04575,0.05025,0.));
#15497=CARTESIAN_POINT('',(0.04575,0.05025,0.0032));
#15498=CARTESIAN_POINT('',(0.04745,0.05025,0.0032));
#15499=CARTESIAN_POINT('',(0.049,0.05025,0.0032));
#15500=CARTESIAN_POINT('',(0.04575,0.05025,0.0032));
#15501=CARTESIAN_POINT('',(0.049,0.05025,0.0032));
#15502=CARTESIAN_POINT('',(0.04575,0.05025,0.));
#15503=CARTESIAN_POINT('',(0.04575,-0.0833841518109544,0.));
#15504=CARTESIAN_POINT('',(0.04575,-0.0833841518109544,0.0032));
#15505=CARTESIAN_POINT('',(0.04745,-0.0833841518109544,0.0032));
#15506=CARTESIAN_POINT('',(0.049,-0.0833841518109544,0.0032));
#15507=CARTESIAN_POINT('',(0.04575,-0.0833841518109544,0.0032));
#15508=CARTESIAN_POINT('',(0.049,-0.0833841518109544,0.0032));
#15509=CARTESIAN_POINT('',(0.04575,-0.0833841518109544,0.));
#15510=CARTESIAN_POINT('',(-0.04575,0.05025,0.));
#15511=CARTESIAN_POINT('',(-0.04575,0.05025,0.0032));
#15512=CARTESIAN_POINT('',(-0.04405,0.05025,0.0032));
#15513=CARTESIAN_POINT('',(-0.0425,0.05025,0.0032));
#15514=CARTESIAN_POINT('',(-0.04575,0.05025,0.0032));
#15515=CARTESIAN_POINT('',(-0.0425,0.05025,0.0032));
#15516=CARTESIAN_POINT('',(-0.04575,0.05025,0.));
#15517=CARTESIAN_POINT('',(-0.04575,-0.052,0.));
#15518=CARTESIAN_POINT('',(-0.04575,-0.052,0.0032));
#15519=CARTESIAN_POINT('',(-0.04405,-0.052,0.0032));
#15520=CARTESIAN_POINT('',(-0.0425,-0.052,0.0032));
#15521=CARTESIAN_POINT('',(-0.04575,-0.052,0.0032));
#15522=CARTESIAN_POINT('',(-0.0425,-0.052,0.0032));
#15523=CARTESIAN_POINT('',(-0.04575,-0.052,0.));
#15524=CARTESIAN_POINT('',(0.04575,-0.052,0.));
#15525=CARTESIAN_POINT('',(0.04575,-0.052,0.0032));
#15526=CARTESIAN_POINT('',(0.04745,-0.052,0.0032));
#15527=CARTESIAN_POINT('',(0.049,-0.052,0.0032));
#15528=CARTESIAN_POINT('',(0.04575,-0.052,0.0032));
#15529=CARTESIAN_POINT('',(0.049,-0.052,0.0032));
#15530=CARTESIAN_POINT('',(0.04575,-0.052,0.));
#15531=CARTESIAN_POINT('',(0.113829500973225,-0.0570485591888428,-0.0344902856498956));
#15532=CARTESIAN_POINT('',(0.09725774519616,-0.057628970847044,-0.019155));
#15533=CARTESIAN_POINT('',(0.09725774519616,-0.057628970847044,-0.019155));
#15534=CARTESIAN_POINT('',(0.,0.,0.));
#15535=CARTESIAN_POINT('',(0.,0.,0.));
#15536=CARTESIAN_POINT('',(0.11630774519616,-0.019528970847044,-0.019155));
#15537=CARTESIAN_POINT('',(0.11630774519616,-0.019528970847044,-0.019155));
#15538=CARTESIAN_POINT('',(0.,0.,0.));
#15539=CARTESIAN_POINT('',(0.,0.,0.));
#15540=CARTESIAN_POINT('',(0.09725774519616,-0.019528970847044,-0.019155));
#15541=CARTESIAN_POINT('',(0.09725774519616,-0.019528970847044,-0.019155));
#15542=CARTESIAN_POINT('',(0.,0.,0.));
#15543=CARTESIAN_POINT('',(0.,0.,0.));
#15544=CARTESIAN_POINT('',(0.09725774519616,-0.038578970847044,-0.019155));
#15545=CARTESIAN_POINT('',(0.09725774519616,-0.038578970847044,-0.019155));
#15546=CARTESIAN_POINT('',(0.,0.,0.));
#15547=CARTESIAN_POINT('',(0.,0.,0.));
#15548=CARTESIAN_POINT('',(0.11630774519616,-0.076678970847044,-0.019155));
#15549=CARTESIAN_POINT('',(0.11630774519616,-0.076678970847044,-0.019155));
#15550=CARTESIAN_POINT('',(0.,0.,0.));
#15551=CARTESIAN_POINT('',(0.,0.,0.));
#15552=CARTESIAN_POINT('',(0.11312,-0.100635,-0.012135));
#15553=CARTESIAN_POINT('',(0.11312,-0.100635,-0.012135));
#15554=CARTESIAN_POINT('',(0.,0.,0.));
#15555=CARTESIAN_POINT('',(0.13535774519616,-0.019528970847044,-0.019155));
#15556=CARTESIAN_POINT('',(0.13535774519616,-0.019528970847044,-0.019155));
#15557=CARTESIAN_POINT('',(0.,0.,0.));
#15558=CARTESIAN_POINT('',(0.,0.,0.));
#15559=CARTESIAN_POINT('',(6.93889390390723E-18,0.05375,0.0374));
#15560=CARTESIAN_POINT('',(-0.0359062922767797,0.05375,0.026));
#15561=CARTESIAN_POINT('',(-0.0378141706796136,0.05375,0.0254));
#15562=CARTESIAN_POINT('',(-0.0379062922767797,0.05375,0.026));
#15563=CARTESIAN_POINT('',(6.93889390390723E-18,0.05375,0.0254));
#15564=CARTESIAN_POINT('',(-0.0485,0.05375,0.0254));
#15565=CARTESIAN_POINT('',(-0.0485,0.05375,0.0349));
#15566=CARTESIAN_POINT('',(-0.0485,0.05375,0.0349));
#15567=CARTESIAN_POINT('',(6.93889390390723E-18,0.05375,0.0349));
#15568=CARTESIAN_POINT('',(0.0485,0.05375,0.0349));
#15569=CARTESIAN_POINT('',(0.0485,0.05375,0.0374));
#15570=CARTESIAN_POINT('',(0.0485,0.05375,0.0254));
#15571=CARTESIAN_POINT('',(6.93889390390723E-18,0.05375,0.0254));
#15572=CARTESIAN_POINT('',(-0.0220760987604419,0.05375,0.0254));
#15573=CARTESIAN_POINT('',(-0.0239839771632758,0.05375,0.026));
#15574=CARTESIAN_POINT('',(-0.0219839771632758,0.05375,0.026));
#15575=CARTESIAN_POINT('',(-0.0219839771632758,0.05375,0.0266897921785132));
#15576=CARTESIAN_POINT('',(-0.0219839771632758,0.05375,0.0273795843570263));
#15577=CARTESIAN_POINT('',(-0.0239839771632758,0.05375,0.0273795843570263));
#15578=CARTESIAN_POINT('',(-0.0239839771632758,0.05375,0.0293795843570263));
#15579=CARTESIAN_POINT('',(-0.0299451347200278,0.05375,0.0293795843570263));
#15580=CARTESIAN_POINT('',(-0.0359062922767797,0.05375,0.0293795843570263));
#15581=CARTESIAN_POINT('',(-0.0359062922767797,0.05375,0.0273795843570263));
#15582=CARTESIAN_POINT('',(-0.0379062922767797,0.05375,0.0273795843570263));
#15583=CARTESIAN_POINT('',(-0.0379062922767797,0.05375,0.0266897921785132));
#15584=CARTESIAN_POINT('',(-0.05,-0.01775,0.0374));
#15585=CARTESIAN_POINT('',(-0.05,0.05375,0.0349));
#15586=CARTESIAN_POINT('',(-0.05,-0.08775,0.0349));
#15587=CARTESIAN_POINT('',(-0.05,0.05225,0.0349));
#15588=CARTESIAN_POINT('',(-0.05,0.05225,0.0254));
#15589=CARTESIAN_POINT('',(-0.05,0.05225,0.0254));
#15590=CARTESIAN_POINT('',(-0.05,-0.01775,0.0254));
#15591=CARTESIAN_POINT('',(-0.05,-0.08775,0.0254));
#15592=CARTESIAN_POINT('',(-0.05,-0.08775,0.0374));
#15593=CARTESIAN_POINT('',(-1.38777878078145E-17,-0.08925,0.0374));
#15594=CARTESIAN_POINT('',(-1.38777878078145E-17,-0.08925,0.0254));
#15595=CARTESIAN_POINT('',(-0.0485,-0.08925,0.0254));
#15596=CARTESIAN_POINT('',(0.0485,-0.08925,0.0254));
#15597=CARTESIAN_POINT('',(0.0485,-0.08925,0.0349));
#15598=CARTESIAN_POINT('',(0.0485,-0.08925,0.0349));
#15599=CARTESIAN_POINT('',(-0.05,-0.08925,0.0349));
#15600=CARTESIAN_POINT('',(-0.0485,-0.08925,0.0349));
#15601=CARTESIAN_POINT('',(-0.0485,-0.08925,0.0374));
#15602=CARTESIAN_POINT('',(-0.04,5.00000000000014E-5,0.0374));
#15603=CARTESIAN_POINT('',(-0.04,0.05055,0.0374));
#15604=CARTESIAN_POINT('',(-0.04,0.05055,0.0349));
#15605=CARTESIAN_POINT('',(-0.04,0.05055,0.0254));
#15606=CARTESIAN_POINT('',(-0.04,5.00000000000014E-5,0.0349));
#15607=CARTESIAN_POINT('',(-0.04,-0.05045,0.0349));
#15608=CARTESIAN_POINT('',(-0.04,-0.05045,0.0374));
#15609=CARTESIAN_POINT('',(-0.04,-0.05045,0.0254));
#15610=CARTESIAN_POINT('',(-0.04,5.00000000000014E-5,0.0254));
#15611=CARTESIAN_POINT('',(-7.63278329429795E-17,0.05055,0.0374));
#15612=CARTESIAN_POINT('',(-7.63278329429795E-17,0.05055,0.0254));
#15613=CARTESIAN_POINT('',(-0.0378141706796136,0.05055,0.0254));
#15614=CARTESIAN_POINT('',(-0.0359062922767797,0.05055,0.026));
#15615=CARTESIAN_POINT('',(-0.0379062922767797,0.05055,0.026));
#15616=CARTESIAN_POINT('',(-0.0379062922767797,0.05055,0.0374));
#15617=CARTESIAN_POINT('',(-0.0379062922767797,0.05055,0.0273795843570263));
#15618=CARTESIAN_POINT('',(-0.0359062922767797,0.05055,0.0273795843570263));
#15619=CARTESIAN_POINT('',(-0.0359062922767797,0.05055,0.0293795843570263));
#15620=CARTESIAN_POINT('',(-7.63278329429795E-17,0.05055,0.0293795843570263));
#15621=CARTESIAN_POINT('',(-0.0239839771632758,0.05055,0.0293795843570263));
#15622=CARTESIAN_POINT('',(-0.0239839771632758,0.05055,0.0273795843570263));
#15623=CARTESIAN_POINT('',(-0.0219839771632758,0.05055,0.0273795843570263));
#15624=CARTESIAN_POINT('',(-0.0219839771632758,0.05055,0.0374));
#15625=CARTESIAN_POINT('',(-0.0219839771632758,0.05055,0.026));
#15626=CARTESIAN_POINT('',(-0.0239839771632758,0.05055,0.026));
#15627=CARTESIAN_POINT('',(-0.0220760987604419,0.05055,0.0254));
#15628=CARTESIAN_POINT('',(-7.63278329429795E-17,0.05055,0.0254));
#15629=CARTESIAN_POINT('',(0.04,0.05055,0.0254));
#15630=CARTESIAN_POINT('',(0.04,0.05055,0.0374));
#15631=CARTESIAN_POINT('',(0.04,0.05055,0.0349));
#15632=CARTESIAN_POINT('',(-0.04,0.05055,0.0349));
#15633=CARTESIAN_POINT('',(0.04,5.00000000000292E-5,0.0374));
#15634=CARTESIAN_POINT('',(0.04,-0.05045,0.0374));
#15635=CARTESIAN_POINT('',(0.04,-0.05045,0.0349));
#15636=CARTESIAN_POINT('',(0.04,-0.05045,0.0254));
#15637=CARTESIAN_POINT('',(0.04,0.05055,0.0349));
#15638=CARTESIAN_POINT('',(0.04,5.00000000000292E-5,0.0254));
#15639=CARTESIAN_POINT('',(-6.24500451351651E-17,-0.05045,0.0374));
#15640=CARTESIAN_POINT('',(-6.24500451351651E-17,-0.05045,0.0349));
#15641=CARTESIAN_POINT('',(-6.24500451351651E-17,-0.05045,0.0254));
#15642=CARTESIAN_POINT('',(0.05,-0.01775,0.0374));
#15643=CARTESIAN_POINT('',(0.05,-0.01775,0.0254));
#15644=CARTESIAN_POINT('',(0.05,0.05225,0.0254));
#15645=CARTESIAN_POINT('',(0.05,-0.08775,0.0254));
#15646=CARTESIAN_POINT('',(0.05,0.05225,0.0374));
#15647=CARTESIAN_POINT('',(0.05,0.05225,0.0349));
#15648=CARTESIAN_POINT('',(0.05,-0.01775,0.0349));
#15649=CARTESIAN_POINT('',(0.05,-0.08775,0.0349));
#15650=CARTESIAN_POINT('',(0.05,-0.08775,0.0254));
#15651=CARTESIAN_POINT('',(0.,-0.01775,0.0374));
#15652=CARTESIAN_POINT('',(-0.0425,-0.01775,0.0374));
#15653=CARTESIAN_POINT('',(-0.0425,-0.05295,0.0374));
#15654=CARTESIAN_POINT('',(-0.0425,0.05125,0.0374));
#15655=CARTESIAN_POINT('',(0.,0.05125,0.0374));
#15656=CARTESIAN_POINT('',(-0.0475,0.05125,0.0374));
#15657=CARTESIAN_POINT('',(-0.0475,-0.08925,0.0374));
#15658=CARTESIAN_POINT('',(-0.0475,-0.08675,0.0374));
#15659=CARTESIAN_POINT('',(0.05,-0.08675,0.0374));
#15660=CARTESIAN_POINT('',(0.0475,-0.08675,0.0374));
#15661=CARTESIAN_POINT('',(0.0475,-0.01775,0.0374));
#15662=CARTESIAN_POINT('',(0.0475,0.05125,0.0374));
#15663=CARTESIAN_POINT('',(0.,0.05125,0.0374));
#15664=CARTESIAN_POINT('',(0.0425,0.05125,0.0374));
#15665=CARTESIAN_POINT('',(0.0425,-0.05045,0.0374));
#15666=CARTESIAN_POINT('',(0.0425,-0.05295,0.0374));
#15667=CARTESIAN_POINT('',(6.10622663543837E-18,-0.05295,0.0374));
#15668=CARTESIAN_POINT('',(0.,-0.01775,0.0254));
#15669=CARTESIAN_POINT('',(0.04575,0.05025,0.0254));
#15670=CARTESIAN_POINT('',(0.04785,0.05025,0.0254));
#15671=CARTESIAN_POINT('',(0.04575,-0.052,0.0254));
#15672=CARTESIAN_POINT('',(0.04785,-0.052,0.0254));
#15673=CARTESIAN_POINT('',(0.04575,-0.0833841518109544,0.0254));
#15674=CARTESIAN_POINT('',(0.04785,-0.0833841518109544,0.0254));
#15675=CARTESIAN_POINT('',(-0.04575,-0.052,0.0254));
#15676=CARTESIAN_POINT('',(-0.04365,-0.052,0.0254));
#15677=CARTESIAN_POINT('',(-0.04575,-0.0833841518109544,0.0254));
#15678=CARTESIAN_POINT('',(-0.04365,-0.0833841518109544,0.0254));
#15679=CARTESIAN_POINT('',(-0.04575,0.05025,0.0254));
#15680=CARTESIAN_POINT('',(-0.04365,0.05025,0.0254));
#15681=CARTESIAN_POINT('',(-0.0378141706796136,0.05045,0.0254));
#15682=CARTESIAN_POINT('',(-0.0220760987604419,0.05045,0.0254));
#15683=CARTESIAN_POINT('',(0.0485,0.05225,0.0254));
#15684=CARTESIAN_POINT('',(0.0485,-0.08775,0.0254));
#15685=CARTESIAN_POINT('',(-0.0485,-0.08775,0.0254));
#15686=CARTESIAN_POINT('',(-0.0485,0.05225,0.0254));
#15687=CARTESIAN_POINT('',(0.,-0.08675,0.0349));
#15688=CARTESIAN_POINT('',(0.0475,-0.08675,0.0349));
#15689=CARTESIAN_POINT('',(-0.0475,-0.08675,0.0349));
#15690=CARTESIAN_POINT('',(-0.0475,-0.01775,0.0349));
#15691=CARTESIAN_POINT('',(-0.0475,0.05125,0.0349));
#15692=CARTESIAN_POINT('',(-0.0475,-0.08675,0.0349));
#15693=CARTESIAN_POINT('',(0.0475,-0.01775,0.0349));
#15694=CARTESIAN_POINT('',(0.0475,0.05125,0.0349));
#15695=CARTESIAN_POINT('',(0.0475,-0.08675,0.0349));
#15696=CARTESIAN_POINT('',(-6.20163642661709E-17,-0.05295,0.0349));
#15697=CARTESIAN_POINT('',(0.0425,-0.05295,0.0349));
#15698=CARTESIAN_POINT('',(-0.0425,-0.05295,0.0349));
#15699=CARTESIAN_POINT('',(-0.0425,5.00000000000014E-5,0.0349));
#15700=CARTESIAN_POINT('',(-0.0425,0.05125,0.0349));
#15701=CARTESIAN_POINT('',(-0.0416,0.05215,0.0372323807579381));
#15702=CARTESIAN_POINT('',(-0.0425,0.05305,0.0349));
#15703=CARTESIAN_POINT('',(6.93889390390723E-18,0.05125,0.0349));
#15704=CARTESIAN_POINT('',(-0.0475,0.05125,0.0349));
#15705=CARTESIAN_POINT('',(1.04083408558608E-17,0.05215,0.0372323807579381));
#15706=CARTESIAN_POINT('',(0.0416,0.05215,0.0372323807579381));
#15707=CARTESIAN_POINT('',(0.0425,0.05125,0.0349));
#15708=CARTESIAN_POINT('',(0.0475,0.05125,0.0349));
#15709=CARTESIAN_POINT('',(0.0425,-0.01775,0.0349));
#15710=CARTESIAN_POINT('',(0.0425,0.05305,0.0349));
#15711=CARTESIAN_POINT('',(-1.22818422099158E-17,0.05305,0.0349));
#15712=CARTESIAN_POINT('',(-0.0485,0.05225,0.0374));
#15713=CARTESIAN_POINT('',(-0.0485,0.05225,0.0349));
#15714=CARTESIAN_POINT('',(-0.05,0.05225,0.0349));
#15715=CARTESIAN_POINT('',(-0.05,0.05375,0.0349));
#15716=CARTESIAN_POINT('',(-0.0485,0.05375,0.0349));
#15717=CARTESIAN_POINT('',(-0.05,0.0522499999999673,0.0352272493438328));
#15718=CARTESIAN_POINT('',(-0.0499999999988367,0.0537499999988332,0.0354235992118091));
#15719=CARTESIAN_POINT('',(-0.0484999999999673,0.05375,0.0352272493438328));
#15720=CARTESIAN_POINT('',(-0.0498698281042607,0.0521979312417195,0.0358815950971864));
#15721=CARTESIAN_POINT('',(-0.0497135977191266,0.0534635977191281,0.0363721774044806));
#15722=CARTESIAN_POINT('',(-0.0484479312417195,0.0536198281042607,0.0358815950971864));
#15723=CARTESIAN_POINT('',(-0.0493137946227567,0.0519755178490986,0.0367137946295748));
#15724=CARTESIAN_POINT('',(-0.0489410308552339,0.0526910308552336,0.037069426996265));
#15725=CARTESIAN_POINT('',(-0.0482255178490986,0.0530637946227567,0.0367137946295748));
#15726=CARTESIAN_POINT('',(-0.0484815951225105,0.0516426380490054,0.0372698281023127));
#15727=CARTESIAN_POINT('',(-0.048205386691398,0.0519553866913979,0.0373473800661511));
#15728=CARTESIAN_POINT('',(-0.0478926380490054,0.0522315951225105,0.0372698281023127));
#15729=CARTESIAN_POINT('',(-0.0478272492892886,0.0513808997157154,0.0374));
#15730=CARTESIAN_POINT('',(-0.0477290744615975,0.0514790744615978,0.0373998611566617));
#15731=CARTESIAN_POINT('',(-0.0476308997157154,0.0515772492892886,0.0374));
#15732=CARTESIAN_POINT('',(-0.0475,0.05125,0.0374));
#15733=CARTESIAN_POINT('',(-0.0475,0.05125,0.0374));
#15734=CARTESIAN_POINT('',(-0.0475,0.05125,0.0374));
#15735=CARTESIAN_POINT('',(0.0485,0.05225,0.0374));
#15736=CARTESIAN_POINT('',(0.0485,0.05225,0.0349));
#15737=CARTESIAN_POINT('',(0.0485,0.05375,0.0349));
#15738=CARTESIAN_POINT('',(0.05,0.05375,0.0349));
#15739=CARTESIAN_POINT('',(0.05,0.05225,0.0349));
#15740=CARTESIAN_POINT('',(0.0484999999999673,0.05375,0.0352272493438327));
#15741=CARTESIAN_POINT('',(0.0499999999988367,0.0537499999988332,0.0354235992118115));
#15742=CARTESIAN_POINT('',(0.05,0.0522499999999673,0.0352272493438345));
#15743=CARTESIAN_POINT('',(0.0484479312417195,0.0536198281042608,0.0358815950971865));
#15744=CARTESIAN_POINT('',(0.0497135977191266,0.0534635977191281,0.0363721774044796));
#15745=CARTESIAN_POINT('',(0.0498698281042608,0.0521979312417195,0.0358815950971856));
#15746=CARTESIAN_POINT('',(0.0482255178490986,0.0530637946227567,0.0367137946295747));
#15747=CARTESIAN_POINT('',(0.0489410308552339,0.0526910308552336,0.0370694269962652));
#15748=CARTESIAN_POINT('',(0.0493137946227567,0.0519755178490986,0.036713794629575));
#15749=CARTESIAN_POINT('',(0.0478926380490054,0.0522315951225105,0.0372698281023128));
#15750=CARTESIAN_POINT('',(0.048205386691398,0.0519553866913979,0.0373473800661511));
#15751=CARTESIAN_POINT('',(0.0484815951225105,0.0516426380490054,0.0372698281023127));
#15752=CARTESIAN_POINT('',(0.0476308997157154,0.0515772492892886,0.0374));
#15753=CARTESIAN_POINT('',(0.0477290744615975,0.0514790744615978,0.0373998611566617));
#15754=CARTESIAN_POINT('',(0.0478272492892886,0.0513808997157154,0.0374));
#15755=CARTESIAN_POINT('',(0.0475,0.05125,0.0374));
#15756=CARTESIAN_POINT('',(0.0475,0.05125,0.0374));
#15757=CARTESIAN_POINT('',(0.0475,0.05125,0.0374));
#15758=CARTESIAN_POINT('',(0.0485,-0.08775,0.0374));
#15759=CARTESIAN_POINT('',(0.0485,-0.08775,0.0349));
#15760=CARTESIAN_POINT('',(0.05,-0.08775,0.0349));
#15761=CARTESIAN_POINT('',(0.05,-0.08925,0.0349));
#15762=CARTESIAN_POINT('',(0.0485,-0.08925,0.0349));
#15763=CARTESIAN_POINT('',(0.05,-0.0877499999999673,0.0352272493438327));
#15764=CARTESIAN_POINT('',(0.0499999999988337,-0.0892499999988377,0.0354235992118091));
#15765=CARTESIAN_POINT('',(0.0484999999999673,-0.08925,0.0352272493438327));
#15766=CARTESIAN_POINT('',(0.0498698281042608,-0.0876979312417195,0.0358815950971865));
#15767=CARTESIAN_POINT('',(0.0497135977191278,-0.0889635977191261,0.0363721774044812));
#15768=CARTESIAN_POINT('',(0.0484479312417195,-0.0891198281042608,0.0358815950971865));
#15769=CARTESIAN_POINT('',(0.0493137946227568,-0.0874755178490986,0.0367137946295747));
#15770=CARTESIAN_POINT('',(0.0489410308552337,-0.0881910308552339,0.0370694269962648));
#15771=CARTESIAN_POINT('',(0.0482255178490986,-0.0885637946227567,0.0367137946295747));
#15772=CARTESIAN_POINT('',(0.0484815951225105,-0.0871426380490054,0.0372698281023127));
#15773=CARTESIAN_POINT('',(0.048205386691398,-0.0874553866913988,0.0373473800661512));
#15774=CARTESIAN_POINT('',(0.0478926380490054,-0.0877315951225106,0.0372698281023127));
#15775=CARTESIAN_POINT('',(0.0478272492892886,-0.0868808997157154,0.0374));
#15776=CARTESIAN_POINT('',(0.0477290744615975,-0.0869790744615954,0.0373998611566617));
#15777=CARTESIAN_POINT('',(0.0476308997157154,-0.0870772492892886,0.0374));
#15778=CARTESIAN_POINT('',(0.0475,-0.08675,0.0374));
#15779=CARTESIAN_POINT('',(0.0475,-0.08675,0.0374));
#15780=CARTESIAN_POINT('',(0.0475,-0.08675,0.0374));
#15781=CARTESIAN_POINT('',(-0.0485,-0.08775,0.0374));
#15782=CARTESIAN_POINT('',(-0.0485,-0.08775,0.0349));
#15783=CARTESIAN_POINT('',(-0.0485,-0.08925,0.0349));
#15784=CARTESIAN_POINT('',(-0.05,-0.08925,0.0349));
#15785=CARTESIAN_POINT('',(-0.05,-0.08775,0.0349));
#15786=CARTESIAN_POINT('',(-0.0484999999999673,-0.08925,0.0352272493438328));
#15787=CARTESIAN_POINT('',(-0.0499999999988337,-0.0892499999988377,0.0354235992118106));
#15788=CARTESIAN_POINT('',(-0.05,-0.0877499999999673,0.0352272493438347));
#15789=CARTESIAN_POINT('',(-0.0484479312417195,-0.0891198281042607,0.0358815950971864));
#15790=CARTESIAN_POINT('',(-0.0497135977191278,-0.0889635977191261,0.0363721774044805));
#15791=CARTESIAN_POINT('',(-0.0498698281042608,-0.0876979312417195,0.0358815950971855));
#15792=CARTESIAN_POINT('',(-0.0482255178490986,-0.0885637946227568,0.0367137946295748));
#15793=CARTESIAN_POINT('',(-0.0489410308552337,-0.0881910308552338,0.0370694269962649));
#15794=CARTESIAN_POINT('',(-0.0493137946227567,-0.0874755178490986,0.036713794629575));
#15795=CARTESIAN_POINT('',(-0.0478926380490054,-0.0877315951225105,0.0372698281023127));
#15796=CARTESIAN_POINT('',(-0.048205386691398,-0.0874553866913988,0.0373473800661512));
#15797=CARTESIAN_POINT('',(-0.0484815951225105,-0.0871426380490054,0.0372698281023127));
#15798=CARTESIAN_POINT('',(-0.0476308997157154,-0.0870772492892886,0.0374));
#15799=CARTESIAN_POINT('',(-0.0477290744615975,-0.0869790744615954,0.0373998611566617));
#15800=CARTESIAN_POINT('',(-0.0478272492892886,-0.0868808997157154,0.0374));
#15801=CARTESIAN_POINT('',(-0.0475,-0.08675,0.0374));
#15802=CARTESIAN_POINT('',(-0.0475,-0.08675,0.0374));
#15803=CARTESIAN_POINT('',(-0.0475,-0.08675,0.0374));
#15804=CARTESIAN_POINT('',(-0.0379062922767797,0.05045,0.0266897921785132));
#15805=CARTESIAN_POINT('',(-0.0379062922767797,0.05045,0.026));
#15806=CARTESIAN_POINT('',(-0.0379062922767797,0.05045,0.0273795843570263));
#15807=CARTESIAN_POINT('',(-0.0359062922767797,0.05045,0.0273795843570263));
#15808=CARTESIAN_POINT('',(-0.0359062922767797,0.05045,0.0293795843570263));
#15809=CARTESIAN_POINT('',(-0.0299451347200278,0.05045,0.0293795843570263));
#15810=CARTESIAN_POINT('',(-0.0239839771632758,0.05045,0.0293795843570263));
#15811=CARTESIAN_POINT('',(-0.0239839771632758,0.05045,0.0273795843570263));
#15812=CARTESIAN_POINT('',(-0.0219839771632758,0.05045,0.0273795843570263));
#15813=CARTESIAN_POINT('',(-0.0219839771632758,0.05045,0.0266897921785132));
#15814=CARTESIAN_POINT('',(-0.0219839771632758,0.05045,0.026));
#15815=CARTESIAN_POINT('',(-0.0359062922767797,0.05045,0.026));
#15816=CARTESIAN_POINT('',(-0.0239839771632758,0.05045,0.026));
#15817=CARTESIAN_POINT('',(-0.04575,0.05025,0.0314));
#15818=CARTESIAN_POINT('',(-0.04575,0.05025,0.0326618072999579));
#15819=CARTESIAN_POINT('',(-0.04575,0.05025,0.0314));
#15820=CARTESIAN_POINT('',(-0.04365,0.05025,0.0314));
#15821=CARTESIAN_POINT('',(-0.04575,0.05025,0.0254));
#15822=CARTESIAN_POINT('',(-0.04575,-0.0833841518109544,0.0314));
#15823=CARTESIAN_POINT('',(-0.04575,-0.0833841518109544,0.0326618072999579));
#15824=CARTESIAN_POINT('',(-0.04575,-0.0833841518109544,0.0314));
#15825=CARTESIAN_POINT('',(-0.04365,-0.0833841518109544,0.0314));
#15826=CARTESIAN_POINT('',(-0.04575,-0.0833841518109544,0.0254));
#15827=CARTESIAN_POINT('',(-0.04575,-0.052,0.0314));
#15828=CARTESIAN_POINT('',(-0.04575,-0.052,0.0326618072999579));
#15829=CARTESIAN_POINT('',(-0.04575,-0.052,0.0314));
#15830=CARTESIAN_POINT('',(-0.04365,-0.052,0.0314));
#15831=CARTESIAN_POINT('',(-0.04575,-0.052,0.0254));
#15832=CARTESIAN_POINT('',(0.04575,-0.0833841518109544,0.0314));
#15833=CARTESIAN_POINT('',(0.04575,-0.0833841518109544,0.0326618072999579));
#15834=CARTESIAN_POINT('',(0.04575,-0.0833841518109544,0.0314));
#15835=CARTESIAN_POINT('',(0.04785,-0.0833841518109544,0.0314));
#15836=CARTESIAN_POINT('',(0.04575,-0.0833841518109544,0.0254));
#15837=CARTESIAN_POINT('',(0.04575,-0.052,0.0314));
#15838=CARTESIAN_POINT('',(0.04575,-0.052,0.0326618072999579));
#15839=CARTESIAN_POINT('',(0.04575,-0.052,0.0314));
#15840=CARTESIAN_POINT('',(0.04785,-0.052,0.0314));
#15841=CARTESIAN_POINT('',(0.04575,-0.052,0.0254));
#15842=CARTESIAN_POINT('',(0.04575,0.05025,0.0314));
#15843=CARTESIAN_POINT('',(0.04575,0.05025,0.0326618072999579));
#15844=CARTESIAN_POINT('',(0.04575,0.05025,0.0314));
#15845=CARTESIAN_POINT('',(0.04785,0.05025,0.0314));
#15846=CARTESIAN_POINT('',(0.04575,0.05025,0.0254));
#15847=CARTESIAN_POINT('',(0.113897616875338,-0.057289158795585,-0.0344173711843688));
#15848=CARTESIAN_POINT('',(0.09412,-0.044135,-0.012135));
#15849=CARTESIAN_POINT('',(0.09412,-0.044135,-0.012135));
#15850=CARTESIAN_POINT('',(0.,0.,0.));
#15851=CARTESIAN_POINT('',(0.13262,-0.044135,-0.012135));
#15852=CARTESIAN_POINT('',(0.13262,-0.044135,-0.012135));
#15853=CARTESIAN_POINT('',(0.,0.,0.));
#15854=CARTESIAN_POINT('',(0.09725774519616,-0.076678970847044,-0.019155));
#15855=CARTESIAN_POINT('',(0.09725774519616,-0.076678970847044,-0.019155));
#15856=CARTESIAN_POINT('',(0.,0.,0.));
#15857=CARTESIAN_POINT('',(0.,0.,0.));
#15858=CARTESIAN_POINT('',(0.11312,-0.082135,-0.012135));
#15859=CARTESIAN_POINT('',(0.11312,-0.082135,-0.012135));
#15860=CARTESIAN_POINT('',(0.,0.,0.));
#15861=CARTESIAN_POINT('',(0.13535774519616,-0.038578970847044,-0.019155));
#15862=CARTESIAN_POINT('',(0.13535774519616,-0.038578970847044,-0.019155));
#15863=CARTESIAN_POINT('',(0.,0.,0.));
#15864=CARTESIAN_POINT('',(0.,0.,0.));
#15865=CARTESIAN_POINT('',(0.13212,-0.082135,-0.012135));
#15866=CARTESIAN_POINT('',(0.13212,-0.082135,-0.012135));
#15867=CARTESIAN_POINT('',(0.,0.,0.));
#15868=CARTESIAN_POINT('',(0.0091,0.,-0.0091));
#15869=CARTESIAN_POINT('',(-0.0089,0.,-0.0091));
#15870=CARTESIAN_POINT('',(-0.00890000000002046,0.001,-0.0091));
#15871=CARTESIAN_POINT('',(-0.0089,0.,-0.0091));
#15872=CARTESIAN_POINT('',(0.0091,0.001,-0.0091));
#15873=CARTESIAN_POINT('',(0.00889999999999971,0.001,-0.0091));
#15874=CARTESIAN_POINT('',(0.0089,0.,-0.0091));
#15875=CARTESIAN_POINT('',(0.0089,0.,-0.0091));
#15876=CARTESIAN_POINT('',(0.0091,0.,-0.0091));
#15877=CARTESIAN_POINT('',(-0.0091,0.,0.0091));
#15878=CARTESIAN_POINT('',(0.0089,0.,0.0091));
#15879=CARTESIAN_POINT('',(0.00890000000001938,0.001,0.0091));
#15880=CARTESIAN_POINT('',(0.0089,0.,0.0091));
#15881=CARTESIAN_POINT('',(-0.0091,0.001,0.0091));
#15882=CARTESIAN_POINT('',(-0.00890000000004486,0.001,0.0091));
#15883=CARTESIAN_POINT('',(-0.0089,0.,0.0091));
#15884=CARTESIAN_POINT('',(-0.0089,0.,0.0091));
#15885=CARTESIAN_POINT('',(-0.0091,0.,0.0091));
#15886=CARTESIAN_POINT('',(0.0089,0.,-0.0089));
#15887=CARTESIAN_POINT('',(0.00889999999999971,0.001,-0.0091));
#15888=CARTESIAN_POINT('',(0.00900471975511947,0.001,-0.00910000000000015));
#15889=CARTESIAN_POINT('',(0.00910000000000001,0.001,-0.00900471975511975));
#15890=CARTESIAN_POINT('',(0.0091,0.001,-0.00889999999999999));
#15891=CARTESIAN_POINT('',(0.00910000032535944,0.001,-0.0089));
#15892=CARTESIAN_POINT('',(0.0091,0.,-0.0089));
#15893=CARTESIAN_POINT('',(0.0091,0.,-0.0089));
#15894=CARTESIAN_POINT('',(0.0089,0.,-0.0089));
#15895=CARTESIAN_POINT('',(-0.0089,0.,-0.0089));
#15896=CARTESIAN_POINT('',(-0.0091,0.001,-0.00890000000001787));
#15897=CARTESIAN_POINT('',(-0.00909999999999064,0.001,-0.00900471975512475));
#15898=CARTESIAN_POINT('',(-0.00900471975512734,0.001,-0.00909999999998929));
#15899=CARTESIAN_POINT('',(-0.00890000000002046,0.001,-0.0091));
#15900=CARTESIAN_POINT('',(-0.0091,0.001,-0.00890000000001787));
#15901=CARTESIAN_POINT('',(-0.0089,0.,-0.0089));
#15902=CARTESIAN_POINT('',(-0.0091,0.,-0.0089));
#15903=CARTESIAN_POINT('',(-0.0091,0.,-0.0089));
#15904=CARTESIAN_POINT('',(-0.0091,0.,-0.0091));
#15905=CARTESIAN_POINT('',(-0.0091,0.,0.0089));
#15906=CARTESIAN_POINT('',(-0.0091,0.00100000000021692,0.00889999999931795));
#15907=CARTESIAN_POINT('',(-0.0091,0.,0.0089));
#15908=CARTESIAN_POINT('',(-0.0091,0.001,0.00889999999931795));
#15909=CARTESIAN_POINT('',(-0.0091,0.001,0.00296666666620601));
#15910=CARTESIAN_POINT('',(-0.0091,0.001,-0.00296666666690593));
#15911=CARTESIAN_POINT('',(-0.0091,0.001,-0.00890000000001787));
#15912=CARTESIAN_POINT('',(-0.0091,0.,-0.0091));
#15913=CARTESIAN_POINT('',(-0.0089,0.,0.0089));
#15914=CARTESIAN_POINT('',(-0.00890000000004486,0.001,0.0091));
#15915=CARTESIAN_POINT('',(-0.00900471975537692,0.001,0.00909999999997651));
#15916=CARTESIAN_POINT('',(-0.00910000000035712,0.001,0.00900471975465001));
#15917=CARTESIAN_POINT('',(-0.0091,0.001,0.00889999999931795));
#15918=CARTESIAN_POINT('',(-0.0089,0.,0.0089));
#15919=CARTESIAN_POINT('',(0.,0.,0.));
#15920=CARTESIAN_POINT('',(-0.00365,0.,0.0073));
#15921=CARTESIAN_POINT('',(-0.0073,0.,0.0073));
#15922=CARTESIAN_POINT('',(0.0073,0.,0.0073));
#15923=CARTESIAN_POINT('',(0.0073,0.,0.00365));
#15924=CARTESIAN_POINT('',(0.0073,0.,-0.0073));
#15925=CARTESIAN_POINT('',(0.00365,0.,-0.0073));
#15926=CARTESIAN_POINT('',(-0.0073,0.,-0.0073));
#15927=CARTESIAN_POINT('',(-0.0073,0.,-0.00365));
#15928=CARTESIAN_POINT('',(0.0089,0.,0.0089));
#15929=CARTESIAN_POINT('',(0.0091,0.,0.0089));
#15930=CARTESIAN_POINT('',(0.0091,0.,0.0091));
#15931=CARTESIAN_POINT('',(0.0091,0.,0.0091));
#15932=CARTESIAN_POINT('',(0.0091,0.,0.0089));
#15933=CARTESIAN_POINT('',(0.0091,0.001,0.00890000000001979));
#15934=CARTESIAN_POINT('',(0.0091,0.001,0.0091));
#15935=CARTESIAN_POINT('',(0.0089,0.,0.0089));
#15936=CARTESIAN_POINT('',(0.0091,0.001,0.00890000000001979));
#15937=CARTESIAN_POINT('',(0.00909999999998964,0.001,0.0090047197551264));
#15938=CARTESIAN_POINT('',(0.00900471975512598,0.001,0.00909999999998985));
#15939=CARTESIAN_POINT('',(0.00890000000001938,0.001,0.0091));
#15940=CARTESIAN_POINT('',(-0.0073,0.,-0.0073));
#15941=CARTESIAN_POINT('',(-0.0073,0.,-0.0073));
#15942=CARTESIAN_POINT('',(-0.0052,0.0057,-0.0052));
#15943=CARTESIAN_POINT('',(-0.0052,0.0057,-0.0052));
#15944=CARTESIAN_POINT('',(-0.0052,0.0057,0.0052));
#15945=CARTESIAN_POINT('',(-0.0073,0.,0.0073));
#15946=CARTESIAN_POINT('',(0.0073,0.,-0.0073));
#15947=CARTESIAN_POINT('',(0.0073,0.,-0.0073));
#15948=CARTESIAN_POINT('',(0.0052,0.0057,-0.0052));
#15949=CARTESIAN_POINT('',(0.0052,0.0057,-0.0052));
#15950=CARTESIAN_POINT('',(0.0073,0.,0.0073));
#15951=CARTESIAN_POINT('',(0.0073,0.,0.0073));
#15952=CARTESIAN_POINT('',(0.0052,0.0057,0.0052));
#15953=CARTESIAN_POINT('',(0.0052,0.0057,0.0052));
#15954=CARTESIAN_POINT('',(-0.0073,0.,0.0073));
#15955=CARTESIAN_POINT('',(-0.0052,0.0057,0.0052));
#15956=CARTESIAN_POINT('',(0.,0.0057,7.56970244062607E-20));
#15957=CARTESIAN_POINT('',(0.,0.0057,0.));
#15958=CARTESIAN_POINT('',(0.0028,0.0057,0.));
#15959=CARTESIAN_POINT('',(0.,0.046,0.));
#15960=CARTESIAN_POINT('',(0.00509309574810779,0.00790046955838413,-0.00490394288598383));
#15961=CARTESIAN_POINT('',(0.00511011243169903,0.00789974717128763,-0.00488065749896484));
#15962=CARTESIAN_POINT('',(0.00512591591266983,0.00789877793966659,-0.0048564593336286));
#15963=CARTESIAN_POINT('',(0.00514040427323044,0.00789756928760974,-0.00483151298407168));
#15964=CARTESIAN_POINT('',(0.00509309574810779,0.00790046955838413,-0.00490394288598383));
#15965=CARTESIAN_POINT('',(0.00514040427323041,0.00789756928760974,-0.00483151298407169));
#15966=CARTESIAN_POINT('',(0.0050930957481078,0.00790046955838412,-0.00490394288598383));
#15967=CARTESIAN_POINT('',(0.00496393924789668,0.0079059524710023,-0.00508067879796764));
#15968=CARTESIAN_POINT('',(0.00456812505632223,0.00788111508385077,-0.00527171001159741));
#15969=CARTESIAN_POINT('',(0.00395960204195703,0.00784531468615873,-0.00549870319309069));
#15970=CARTESIAN_POINT('',(0.00336089945833164,0.007814765260481,-0.00568317973353437));
#15971=CARTESIAN_POINT('',(0.00249584412126626,0.00777728418503673,-0.00588919222184395));
#15972=CARTESIAN_POINT('',(0.00150113861018373,0.00774615847865784,-0.00604045489820064));
#15973=CARTESIAN_POINT('',(0.000145296497057705,0.00772830336844776,-0.00611981891548555));
#15974=CARTESIAN_POINT('',(-0.00117765012401866,0.00774002303499541,-0.00607253285664721));
#15975=CARTESIAN_POINT('',(-0.00220514024641441,0.00776699144005572,-0.00593931669690467));
#15976=CARTESIAN_POINT('',(-0.0030799378506682,0.00780166757542083,-0.0057538665719237));
#15977=CARTESIAN_POINT('',(-0.0036861734167769,0.0078306365413242,-0.00558647527936681));
#15978=CARTESIAN_POINT('',(-0.004201453978862,0.00785932551064441,-0.0054112390421156));
#15979=CARTESIAN_POINT('',(-0.00459789506346675,0.00788291031741413,-0.00524822004981455));
#15980=CARTESIAN_POINT('',(-0.00489775763348196,0.0079033735538489,-0.00512418052832987));
#15981=CARTESIAN_POINT('',(-0.00513021658684827,0.00790284941251104,-0.00488734153926421));
#15982=CARTESIAN_POINT('',(-0.00529534792204194,0.00787527271858364,-0.00448453117180692));
#15983=CARTESIAN_POINT('',(-0.00549477563092212,0.00784694848882834,-0.00398079575080689));
#15984=CARTESIAN_POINT('',(-0.00567989869799101,0.00781601026596762,-0.00338071291086886));
#15985=CARTESIAN_POINT('',(-0.0058900727532063,0.00777893809792012,-0.00251767870316651));
#15986=CARTESIAN_POINT('',(-0.00604335451827049,0.00774746786244912,-0.00153143411912879));
#15987=CARTESIAN_POINT('',(-0.00611627147013718,0.00772834548322138,-0.000149622573720847));
#15988=CARTESIAN_POINT('',(-0.00608044924979822,0.00773589130418045,0.000890454214236695));
#15989=CARTESIAN_POINT('',(-0.00599204582287148,0.00775631609563291,0.00179418294882799));
#15990=CARTESIAN_POINT('',(-0.00590061103461643,0.00777524751864,0.00239760250663036));
#15991=CARTESIAN_POINT('',(-0.00576261502366957,0.00780109830254466,0.00305693353983533));
#15992=CARTESIAN_POINT('',(-0.00559429572293864,0.00782984887275842,0.003666125067717));
#15993=CARTESIAN_POINT('',(-0.00541950583258247,0.00785831138423557,0.00418156654771245));
#15994=CARTESIAN_POINT('',(-0.00525582588157563,0.0078816044147987,0.00457833810511929));
#15995=CARTESIAN_POINT('',(-0.00513537473644825,0.00790250606763403,0.00487925383121549));
#15996=CARTESIAN_POINT('',(-0.0049056842903306,0.0079036743500302,0.00511881704987113));
#15997=CARTESIAN_POINT('',(-0.00450463973156711,0.00787672012368578,0.00528870512098362));
#15998=CARTESIAN_POINT('',(-0.00400052222450254,0.00784781058529386,0.00548639577879889));
#15999=CARTESIAN_POINT('',(-0.00340224994878088,0.00781665921254603,0.00567128210572601));
#16000=CARTESIAN_POINT('',(-0.00253845356821441,0.00777888253311191,0.00588129867514371));
#16001=CARTESIAN_POINT('',(-0.00154589092140019,0.00774716256889639,0.00603549620283524));
#16002=CARTESIAN_POINT('',(-0.000189428539227381,0.0077284142118103,0.00611933012727679));
#16003=CARTESIAN_POINT('',(0.00113233968662367,0.00773925144525895,0.0060761252914895));
#16004=CARTESIAN_POINT('',(0.0021598822183947,0.00776553482568931,0.00594675181700996));
#16005=CARTESIAN_POINT('',(0.0030367786791574,0.00779977071597819,0.00576404465037923));
#16006=CARTESIAN_POINT('',(0.00364167860581746,0.00782835652850262,0.00560052747007024));
#16007=CARTESIAN_POINT('',(0.0041658862503116,0.00785719261696304,0.00542300349004645));
#16008=CARTESIAN_POINT('',(0.00450001015060902,0.00787713727528534,0.00528997813264575));
#16009=CARTESIAN_POINT('',(0.00472193715975639,0.00789120708289699,0.00519567630510881));
#16010=CARTESIAN_POINT('',(0.00489344498640623,0.00790165021432855,0.00511337245995725));
#16011=CARTESIAN_POINT('',(0.00505881282864921,0.0079044949032923,0.00497328351186255));
#16012=CARTESIAN_POINT('',(0.00516855961018141,0.00789515896505993,0.00478237060535278));
#16013=CARTESIAN_POINT('',(0.00518996923670581,0.00789179125956359,0.00473221047985929));
#16014=CARTESIAN_POINT('',(0.00525422983760044,0.00788249336954786,0.00458489252038618));
#16015=CARTESIAN_POINT('',(0.00529469296742764,0.00787648990914014,0.00448685194688154));
#16016=CARTESIAN_POINT('',(0.00537788322182683,0.00786397748764107,0.00427889746124456));
#16017=CARTESIAN_POINT('',(0.00550737265202527,0.00784374254554951,0.00392508304987149));
#16018=CARTESIAN_POINT('',(0.00566299629972596,0.00781789261168422,0.00342999430246036));
#16019=CARTESIAN_POINT('',(0.00587610067297159,0.00777952608240361,0.00256095901191269));
#16020=CARTESIAN_POINT('',(0.00603705910370189,0.00774760073261084,0.00155739201314644));
#16021=CARTESIAN_POINT('',(0.00611835524402161,0.00772902362158572,0.000200153387861477));
#16022=CARTESIAN_POINT('',(0.00608562550724395,0.00773580529035793,-0.000849086087145575));
#16023=CARTESIAN_POINT('',(0.00599813334063912,0.00775497140076433,-0.00174420259976766));
#16024=CARTESIAN_POINT('',(0.00590682011852441,0.00777354185187161,-0.0023556592804306));
#16025=CARTESIAN_POINT('',(0.00577028257112102,0.00779919141936183,-0.00301787916814351));
#16026=CARTESIAN_POINT('',(0.00563514934605889,0.00782273396429514,-0.00351941015561725));
#16027=CARTESIAN_POINT('',(0.00550067722456775,0.00784477566104985,-0.00393930433358438));
#16028=CARTESIAN_POINT('',(0.00541313724329803,0.00785856160660215,-0.0041849941122675));
#16029=CARTESIAN_POINT('',(0.00533214089678895,0.00787090537161055,-0.00439417553618631));
#16030=CARTESIAN_POINT('',(0.00528078316362757,0.00787856316140249,-0.00452176365824309));
#16031=CARTESIAN_POINT('',(0.00518410331839428,0.00789281758844504,-0.00474808102769266));
#16032=CARTESIAN_POINT('',(0.00515294272721361,0.0078965233012034,-0.00480992402273555));
#16033=CARTESIAN_POINT('',(0.00514040427323047,0.00789756928760973,-0.00483151298407168));
#16034=CARTESIAN_POINT('',(0.00542920823055465,0.00784779030284271,-0.00485392310448787));
#16035=CARTESIAN_POINT('',(0.00577900966896804,0.00751661517928169,-0.00523950069808848));
#16036=CARTESIAN_POINT('',(0.008051319352456,0.00509381942521178,-0.00774409244802435));
#16037=CARTESIAN_POINT('',(0.00910003959134197,0.00226222808636826,-0.00890007298477866));
#16038=CARTESIAN_POINT('',(0.00910000097606516,0.000999999590431578,-0.00889999949948099));
#16039=CARTESIAN_POINT('',(0.00541501272196636,0.00784779030284271,-0.00489377038979835));
#16040=CARTESIAN_POINT('',(0.00576559041681753,0.00751661517928169,-0.00528023433891856));
#16041=CARTESIAN_POINT('',(0.00804381176915867,0.00509381942521178,-0.00778948911957811));
#16042=CARTESIAN_POINT('',(0.00910004715916842,0.00226222808636826,-0.00893939115282854));
#16043=CARTESIAN_POINT('',(0.00910000104301898,0.000999999590431578,-0.00892617927492785));
#16044=CARTESIAN_POINT('',(0.00536784500894688,0.0078477903028427,-0.0050119614232309));
#16045=CARTESIAN_POINT('',(0.00572388823844712,0.00751661517928169,-0.00539513365442268));
#16046=CARTESIAN_POINT('',(0.00803282972829153,0.00509381942521178,-0.00788020904816691));
#16047=CARTESIAN_POINT('',(0.00907871408479795,0.00226222808636827,-0.00900187770872172));
#16048=CARTESIAN_POINT('',(0.00908958396703411,0.000999999590431578,-0.00897852641672279));
#16049=CARTESIAN_POINT('',(0.00521689530191975,0.0078477903028427,-0.00521687992066597));
#16050=CARTESIAN_POINT('',(0.00558693143415965,0.00751661517928169,-0.00558691597455163));
#16051=CARTESIAN_POINT('',(0.00798214854036148,0.00509381942521178,-0.00798214588073817));
#16052=CARTESIAN_POINT('',(0.00904178618993598,0.00226222808636831,-0.00904177642550647));
#16053=CARTESIAN_POINT('',(0.00904512052350099,0.000999999590431578,-0.00904512086816832));
#16054=CARTESIAN_POINT('',(0.00501197618861551,0.0078477903028427,-0.00536783192214472));
#16055=CARTESIAN_POINT('',(0.005395148180273,0.00751661517928168,-0.00572387508217518));
#16056=CARTESIAN_POINT('',(0.00788021552246108,0.00509381942521179,-0.00803282704867755));
#16057=CARTESIAN_POINT('',(0.00900184798665622,0.00226222808636834,-0.00907870814872302));
#16058=CARTESIAN_POINT('',(0.00897852613000038,0.000999999590431578,-0.00908958426958859));
#16059=CARTESIAN_POINT('',(0.00489378430849015,0.0078477903028427,-0.00541499434429114));
#16060=CARTESIAN_POINT('',(0.00528024872373994,0.00751661517928168,-0.00576557229023671));
#16061=CARTESIAN_POINT('',(0.00778948714852667,0.00509381942521179,-0.008043804887256));
#16062=CARTESIAN_POINT('',(0.00893944614779994,0.00226222808636836,-0.00910007494634941));
#16063=CARTESIAN_POINT('',(0.00892617888921705,0.000999999590431578,-0.00910000139676259));
#16064=CARTESIAN_POINT('',(0.00447684224757566,0.00784779030284269,-0.00556362022932925));
#16065=CARTESIAN_POINT('',(0.00485403132557855,0.00751661517928167,-0.00590607515672746));
#16066=CARTESIAN_POINT('',(0.00731446218403584,0.00509381942521179,-0.00812238553230865));
#16067=CARTESIAN_POINT('',(0.00852796212697703,0.00226222808636836,-0.00909996634591454));
#16068=CARTESIAN_POINT('',(0.00865223465805159,0.000999999590431578,-0.00910000002922796));
#16069=CARTESIAN_POINT('',(0.00370207837415514,0.00784779030284267,-0.00579992108676476));
#16070=CARTESIAN_POINT('',(0.00404468504071755,0.00751661517928166,-0.00612951339405349));
#16071=CARTESIAN_POINT('',(0.00629344860987367,0.00509381942521177,-0.00824781910789194));
#16072=CARTESIAN_POINT('',(0.00750683718176933,0.00226222808636836,-0.00910001385126698));
#16073=CARTESIAN_POINT('',(0.0077862726474509,0.000999999590431568,-0.0091000007236505));
#16074=CARTESIAN_POINT('',(0.00209111375957203,0.00784779030284266,-0.0061404133502625));
#16075=CARTESIAN_POINT('',(0.00231112945061048,0.00751661517928164,-0.00645161243983881));
#16076=CARTESIAN_POINT('',(0.00376613838221386,0.00509381942521176,-0.0084293432471224));
#16077=CARTESIAN_POINT('',(0.00463254612989159,0.00226222808636836,-0.0090999949273472));
#16078=CARTESIAN_POINT('',(0.00494308252393204,0.000999999590431568,-0.00909999960126815));
#16079=CARTESIAN_POINT('',(-3.20385388812002E-8,0.00784779030284265,-0.00631250402243128));
#16080=CARTESIAN_POINT('',(-3.18741996011716E-8,0.00751661517928164,-0.0066144966765743));
#16081=CARTESIAN_POINT('',(-1.42928258532128E-8,0.00509381942521176,-0.00852159316891368));
#16082=CARTESIAN_POINT('',(1.74194863500312E-8,0.00226222808636837,-0.00910000090102191));
#16083=CARTESIAN_POINT('',(-2.86733597434519E-9,0.000999999590431568,-0.00910000205373853));
#16084=CARTESIAN_POINT('',(-0.00250925589915397,0.00784779030284265,-0.00610595420436798));
#16085=CARTESIAN_POINT('',(-0.00277327511269662,0.00751661517928163,-0.00641899471404672));
#16086=CARTESIAN_POINT('',(-0.00451934437445142,0.00509381942521175,-0.00841089487884505));
#16087=CARTESIAN_POINT('',(-0.00555909827747952,0.00226222808636835,-0.00910000706208413));
#16088=CARTESIAN_POINT('',(-0.00593169398909114,0.000999999590431567,-0.00909999866507774));
#16089=CARTESIAN_POINT('',(-0.00409977621210254,0.00784779030284266,-0.00569822859697182));
#16090=CARTESIAN_POINT('',(-0.00446857808544523,0.00751661517928164,-0.00603333781161099));
#16091=CARTESIAN_POINT('',(-0.00688487288562182,0.00509381942521175,-0.00819352855407005));
#16092=CARTESIAN_POINT('',(-0.00815601870845171,0.0022622280863683,-0.00909998493224646));
#16093=CARTESIAN_POINT('',(-0.00840447618646066,0.000999999590431568,-0.00910000910236489));
#16094=CARTESIAN_POINT('',(-0.00489364945629323,0.00784779030284266,-0.00541511346760003));
#16095=CARTESIAN_POINT('',(-0.0052801135301084,0.00751661517928165,-0.00576569135490439));
#16096=CARTESIAN_POINT('',(-0.00778948489655493,0.00509381942521175,-0.00804383151747077));
#16097=CARTESIAN_POINT('',(-0.00893940991949901,0.00226222808636826,-0.0091000733522126));
#16098=CARTESIAN_POINT('',(-0.00892617689276548,0.000999999590431568,-0.00910000629072233));
#16099=CARTESIAN_POINT('',(-0.00501201711769591,0.00784779030284266,-0.00536812966403469));
#16100=CARTESIAN_POINT('',(-0.0053951902709938,0.00751661517928164,-0.00572417310464837));
#16101=CARTESIAN_POINT('',(-0.00788029191749391,0.00509381942521173,-0.00803294717459125));
#16102=CARTESIAN_POINT('',(-0.00900197804313988,0.0022622280863682,-0.00907874064763407));
#16103=CARTESIAN_POINT('',(-0.00897853507194004,0.000999999590431568,-0.00908959942944598));
#16104=CARTESIAN_POINT('',(-0.00521647492448221,0.00784779030284266,-0.00521647576461533));
#16105=CARTESIAN_POINT('',(-0.00558651104697944,0.00751661517928164,-0.00558651188586033));
#16106=CARTESIAN_POINT('',(-0.00798192641818357,0.0050938194252117,-0.00798192749853392));
#16107=CARTESIAN_POINT('',(-0.00904176785181806,0.00226222808636806,-0.00904176772361561));
#16108=CARTESIAN_POINT('',(-0.00904509564267742,0.000999999590431568,-0.00904509577543056));
#16109=CARTESIAN_POINT('',(-0.00536812876139928,0.00784779030284266,-0.00501201797224581));
#16110=CARTESIAN_POINT('',(-0.00572417220370466,0.00751661517928164,-0.00539519113059223));
#16111=CARTESIAN_POINT('',(-0.00803294609224876,0.00509381942521167,-0.00788029293051415));
#16112=CARTESIAN_POINT('',(-0.0090787405099546,0.00226222808636791,-0.00900197892646237));
#16113=CARTESIAN_POINT('',(-0.00908959928803979,0.000999999590431568,-0.00897853520886923));
#16114=CARTESIAN_POINT('',(-0.00541511266957235,0.00784779030284266,-0.00489365030871574));
#16115=CARTESIAN_POINT('',(-0.00576569055178946,0.00751661517928164,-0.00528011437337753));
#16116=CARTESIAN_POINT('',(-0.00804383050988409,0.00509381942521165,-0.00778948605356014));
#16117=CARTESIAN_POINT('',(-0.00910007286198786,0.00226222808636787,-0.00893940883053733));
#16118=CARTESIAN_POINT('',(-0.00910000616274239,0.000999999590431568,-0.00892617702510589));
#16119=CARTESIAN_POINT('',(-0.00569822309059926,0.00784779030284266,-0.00409977638568862));
#16120=CARTESIAN_POINT('',(-0.00603333240136255,0.00751661517928164,-0.00446857842255896));
#16121=CARTESIAN_POINT('',(-0.00819352455725123,0.00509381942521166,-0.00688487428446559));
#16122=CARTESIAN_POINT('',(-0.00909999140949138,0.00226222808636783,-0.00815604072665146));
#16123=CARTESIAN_POINT('',(-0.00910000839598375,0.000999999590431568,-0.00840447641337495));
#16124=CARTESIAN_POINT('',(-0.00610599236791419,0.00784779030284264,-0.00250926151344524));
#16125=CARTESIAN_POINT('',(-0.00641903270017372,0.00751661517928162,-0.00277328042562034));
#16126=CARTESIAN_POINT('',(-0.00841091776155042,0.00509381942521163,-0.00451932635836271));
#16127=CARTESIAN_POINT('',(-0.00909999822886343,0.0022622280863678,-0.00555905643121128));
#16128=CARTESIAN_POINT('',(-0.0091000032929525,0.000999999590431567,-0.00593169287489885));
#16129=CARTESIAN_POINT('',(-0.00631244632369122,0.00784779030284265,-2.64397883967554E-8));
#16130=CARTESIAN_POINT('',(-0.0066144392377471,0.00751661517928163,-2.67171234589742E-8));
#16131=CARTESIAN_POINT('',(-0.00852155957336086,0.00509381942521164,-4.23845146529118E-8));
#16132=CARTESIAN_POINT('',(-0.0091000134624106,0.00226222808636781,-4.36028045220616E-8));
#16133=CARTESIAN_POINT('',(-0.00909999486142987,0.000999999590431568,-4.21766139684194E-9));
#16134=CARTESIAN_POINT('',(-0.00614059053717699,0.00784779030284265,0.00209108096523756));
#16135=CARTESIAN_POINT('',(-0.00645178925571388,0.00751661517928163,0.00231109727862327));
#16136=CARTESIAN_POINT('',(-0.00842944981409798,0.00509381942521164,0.00376623149440047));
#16137=CARTESIAN_POINT('',(-0.00909998716872909,0.00226222808636784,0.00463263832111183));
#16138=CARTESIAN_POINT('',(-0.00910002063056727,0.000999999590431568,0.00494308848079718));
#16139=CARTESIAN_POINT('',(-0.00584245303939807,0.00784779030284265,0.00350069570118684));
#16140=CARTESIAN_POINT('',(-0.00616974680988165,0.00751661517928163,0.00382797747507631));
#16141=CARTESIAN_POINT('',(-0.00827049591736512,0.00509381942521165,0.00597752857801018));
#16142=CARTESIAN_POINT('',(-0.00910005313694447,0.00226222808636785,0.00714741614098029));
#16143=CARTESIAN_POINT('',(-0.00909999586736902,0.000999999590431568,0.00743087506174562));
#16144=CARTESIAN_POINT('',(-0.00562314816835977,0.00784779030284264,0.00428305871117945));
#16145=CARTESIAN_POINT('',(-0.00596238624385719,0.00751661517928163,0.00465160409658623));
#16146=CARTESIAN_POINT('',(-0.00815401763630759,0.00509381942521165,0.00705943840810941));
#16147=CARTESIAN_POINT('',(-0.0090999398091423,0.00226222808636786,0.00827296070149679));
#16148=CARTESIAN_POINT('',(-0.00910005324408829,0.000999999590431568,0.00843576011361282));
#16149=CARTESIAN_POINT('',(-0.00549611371996483,0.00784779030284265,0.00466536372940384));
#16150=CARTESIAN_POINT('',(-0.00584224501954758,0.00751661517928163,0.00504674343872494));
#16151=CARTESIAN_POINT('',(-0.0080866862570681,0.00509381942521165,0.00752916643808859));
#16152=CARTESIAN_POINT('',(-0.00910021880097984,0.00226222808636786,0.00871351474472937));
#16153=CARTESIAN_POINT('',(-0.00909996699313932,0.000999999590431568,0.0087761109722948));
#16154=CARTESIAN_POINT('',(-0.00540870521438265,0.00784779030284264,0.00491362799274554));
#16155=CARTESIAN_POINT('',(-0.00575966535912172,0.00751661517928163,0.00530054058172953));
#16156=CARTESIAN_POINT('',(-0.00804049616807361,0.00509381942521165,0.0078124753620577));
#16157=CARTESIAN_POINT('',(-0.00909964392664153,0.00226222808636786,0.00895983892555788));
#16158=CARTESIAN_POINT('',(-0.00910007590168207,0.000999999590431568,0.00893929425189178));
#16159=CARTESIAN_POINT('',(-0.00534082439175859,0.00784779030284264,0.00506826641049348));
#16160=CARTESIAN_POINT('',(-0.00570018427279765,0.00751661517928163,0.00544859163407631));
#16161=CARTESIAN_POINT('',(-0.00802798033744553,0.00509381942521164,0.007913061680413));
#16162=CARTESIAN_POINT('',(-0.00906755978380073,0.00226222808636786,0.00901580420198018));
#16163=CARTESIAN_POINT('',(-0.00908209947394229,0.000999999590431568,0.00899805234841641));
#16164=CARTESIAN_POINT('',(-0.0051647327397573,0.00784779030284264,0.00525657258225062));
#16165=CARTESIAN_POINT('',(-0.00553822702294988,0.00751661517928163,0.00562297963429475));
#16166=CARTESIAN_POINT('',(-0.00795722716035211,0.00509381942521165,0.00799555330459482));
#16167=CARTESIAN_POINT('',(-0.00903326147548788,0.00226222808636786,0.00905001655133453));
#16168=CARTESIAN_POINT('',(-0.00902869077978424,0.000999999590431567,0.00905684107437122));
#16169=CARTESIAN_POINT('',(-0.00499723129079056,0.00784779030284264,0.0053737016266463));
#16170=CARTESIAN_POINT('',(-0.00538081175720097,0.00751661517928163,0.00572906978255976));
#16171=CARTESIAN_POINT('',(-0.00786897220439249,0.00509381942521164,0.00803418041057914));
#16172=CARTESIAN_POINT('',(-0.00899374464320454,0.00226222808636786,0.00908229250109163));
#16173=CARTESIAN_POINT('',(-0.00897199339494028,0.000999999590431568,0.00909089527245276));
#16174=CARTESIAN_POINT('',(-0.00489367613950591,0.00784779030284264,0.0054151565712254));
#16175=CARTESIAN_POINT('',(-0.00528014185224465,0.00751661517928163,0.00576573295429626));
#16176=CARTESIAN_POINT('',(-0.00778944416426906,0.00509381942521165,0.00804382953453098));
#16177=CARTESIAN_POINT('',(-0.00893958686262565,0.00226222808636786,0.00909989394024759));
#16178=CARTESIAN_POINT('',(-0.00892617351977326,0.000999999590431568,0.00910000233358075));
#16179=CARTESIAN_POINT('',(-0.00475967461283133,0.00784779030284264,0.00546287266032781));
#16180=CARTESIAN_POINT('',(-0.00514315327408774,0.00751661517928163,0.0058108376095416));
#16181=CARTESIAN_POINT('',(-0.00763664977789394,0.00509381942521164,0.00806906069525939));
#16182=CARTESIAN_POINT('',(-0.008806835899655,0.00226222808636786,0.00910006016462672));
#16183=CARTESIAN_POINT('',(-0.00883805749961129,0.000999999590431568,0.00909998840573242));
#16184=CARTESIAN_POINT('',(-0.00456977446998798,0.00784779030284264,0.00552800445018358));
#16185=CARTESIAN_POINT('',(-0.00494794846947235,0.00751661517928163,0.00587241092318831));
#16186=CARTESIAN_POINT('',(-0.00741171285593979,0.00509381942521165,0.00810355736509816));
#16187=CARTESIAN_POINT('',(-0.00860374912925802,0.00226222808636786,0.00909996898133219));
#16188=CARTESIAN_POINT('',(-0.00869102016502302,0.000999999590431568,0.00909999485164232));
#16189=CARTESIAN_POINT('',(-0.00418532403667379,0.00784779030284264,0.00565017025552273));
#16190=CARTESIAN_POINT('',(-0.00454870993915186,0.00751661517928163,0.00598791540833285));
#16191=CARTESIAN_POINT('',(-0.00692395419555345,0.00509381942521164,0.00816831566741143));
#16192=CARTESIAN_POINT('',(-0.00813204110804781,0.00226222808636786,0.00910000393016484));
#16193=CARTESIAN_POINT('',(-0.00831013278464353,0.000999999590431568,0.00909999165792362));
#16194=CARTESIAN_POINT('',(-0.00350070200815924,0.00784779030284264,0.0058423978895777));
#16195=CARTESIAN_POINT('',(-0.00382798470691856,0.00751661517928163,0.00616969306356686));
#16196=CARTESIAN_POINT('',(-0.00597751130180349,0.00509381942521165,0.00827042496557541));
#16197=CARTESIAN_POINT('',(-0.00714753623027627,0.00226222808636786,0.00909999240891572));
#16198=CARTESIAN_POINT('',(-0.00743087274406792,0.000999999590431567,0.00909999554318129));
#16199=CARTESIAN_POINT('',(-0.00128558036302792,0.00784779030284265,0.00631164776309719));
#16200=CARTESIAN_POINT('',(-0.00144430089359886,0.00751661517928163,0.00661364335919785));
#16201=CARTESIAN_POINT('',(-0.00250245491204669,0.00509381942521164,0.00852086774365144));
#16202=CARTESIAN_POINT('',(-0.00319543804734075,0.00226222808636786,0.00909999675604232));
#16203=CARTESIAN_POINT('',(-0.00352148300452774,0.000999999590431567,0.00909999927765455));
#16204=CARTESIAN_POINT('',(0.00171406491632301,0.00784779030284265,0.00631118288243355));
#16205=CARTESIAN_POINT('',(0.00192569242729518,0.00751661517928163,0.00661318141695993));
#16206=CARTESIAN_POINT('',(0.00333660842682218,0.00509381942521165,0.008520621461164));
#16207=CARTESIAN_POINT('',(0.00426059881135028,0.00226222808636786,0.0091000105701385));
#16208=CARTESIAN_POINT('',(0.00469530838340398,0.000999999590431568,0.00909999772491656));
#16209=CARTESIAN_POINT('',(0.0040997729104227,0.00784779030284261,0.00569811615039226));
#16210=CARTESIAN_POINT('',(0.0044685749229128,0.00751661517928159,0.00603322808587091));
#16211=CARTESIAN_POINT('',(0.00688487195644468,0.00509381942521161,0.00819345627354258));
#16212=CARTESIAN_POINT('',(0.00815603482060588,0.00226222808636786,0.00909998978803936));
#16213=CARTESIAN_POINT('',(0.00840447593621323,0.000999999590431562,0.00910000882942924));
#16214=CARTESIAN_POINT('',(0.00489365005364162,0.00784779030284259,0.00541509803523673));
#16215=CARTESIAN_POINT('',(0.00528011411864498,0.00751661517928158,0.00576567575257937));
#16216=CARTESIAN_POINT('',(0.00778948582092253,0.0050938194252116,0.00804381637029209));
#16217=CARTESIAN_POINT('',(0.00893940896749286,0.00226222808636786,0.00910007299501039));
#16218=CARTESIAN_POINT('',(0.00892617697347658,0.000999999590431561,0.00910000624599786));
#16219=CARTESIAN_POINT('',(0.00501201763685758,0.00784779030284259,0.00536811196391096));
#16220=CARTESIAN_POINT('',(0.00539519079503661,0.00751661517928158,0.00572415551803607));
#16221=CARTESIAN_POINT('',(0.00788029267190126,0.0050938194252116,0.00803293246555242));
#16222=CARTESIAN_POINT('',(0.00900197874632509,0.00226222808636785,0.00907874056920452));
#16223=CARTESIAN_POINT('',(0.00897853514672698,0.000999999590431561,0.00908959937855465));
#16224=CARTESIAN_POINT('',(0.00521647546963742,0.00784779030284259,0.00521645938838089));
#16225=CARTESIAN_POINT('',(0.00558651159092368,0.00751661517928158,0.00558649545811326));
#16226=CARTESIAN_POINT('',(0.00798192724910844,0.0050938194252116,0.00798191247651407));
#16227=CARTESIAN_POINT('',(0.00904176771984763,0.00226222808636785,0.00904176795388927));
#16228=CARTESIAN_POINT('',(0.00904509571897388,0.000999999590431561,0.00904509572819711));
#16229=CARTESIAN_POINT('',(0.00536812935674123,0.00784779030284259,0.00501200113877266));
#16230=CARTESIAN_POINT('',(0.00572417279734177,0.00751661517928158,0.0053951743282292));
#16231=CARTESIAN_POINT('',(0.00803294692450973,0.00509381942521161,0.00788027835465126));
#16232=CARTESIAN_POINT('',(0.00907874055597635,0.00226222808636785,0.00900197811357765));
#16233=CARTESIAN_POINT('',(0.0090895993707464,0.000999999590431561,0.00897853515877078));
#16234=CARTESIAN_POINT('',(0.00541511316129927,0.00784779030284259,0.0048936337679187));
#16235=CARTESIAN_POINT('',(0.0057656910485275,0.00751661517928157,0.00528009783520029));
#16236=CARTESIAN_POINT('',(0.00804383126798589,0.0050938194252116,0.00778947121708413));
#16237=CARTESIAN_POINT('',(0.0091000732931605,0.00226222808636785,0.00893941001759948));
#16238=CARTESIAN_POINT('',(0.00910000623338509,0.000999999590431561,0.00892617697858795));
#16239=CARTESIAN_POINT('',(0.00569822871195066,0.00784779030284261,0.00409976317967528));
#16240=CARTESIAN_POINT('',(0.00603333792791166,0.00751661517928159,0.00446856505351112));
#16241=CARTESIAN_POINT('',(0.00819352841388625,0.00509381942521162,0.00688486165870422));
#16242=CARTESIAN_POINT('',(0.00909998502293404,0.00226222808636789,0.00815601858362625));
#16243=CARTESIAN_POINT('',(0.00910000905128048,0.000999999590431562,0.00840447625020834));
#16244=CARTESIAN_POINT('',(0.006105950769249,0.00784779030284265,0.00250925785280454));
#16245=CARTESIAN_POINT('',(0.00641899127601766,0.00751661517928163,0.00277327706842422));
#16246=CARTESIAN_POINT('',(0.00841089416157475,0.00509381942521167,0.00451934507518403));
#16247=CARTESIAN_POINT('',(0.00910000682196747,0.00226222808636795,0.00555909868303109));
#16248=CARTESIAN_POINT('',(0.00909999869116834,0.000999999590431568,0.00593169404736407));
#16249=CARTESIAN_POINT('',(0.0063125081781881,0.00784779030284264,2.91781587422436E-8));
#16250=CARTESIAN_POINT('',(0.00661450083640042,0.00751661517928163,2.90100660285595E-8));
#16251=CARTESIAN_POINT('',(0.00852159403026621,0.00509381942521168,1.22203863689701E-8));
#16252=CARTESIAN_POINT('',(0.00910000123460682,0.00226222808636804,-1.79822500204435E-8));
#16253=CARTESIAN_POINT('',(0.00910000200224601,0.000999999590431567,2.80230824750962E-9));
#16254=CARTESIAN_POINT('',(0.0061403949856551,0.00784779030284267,-0.00209110398578434));
#16255=CARTESIAN_POINT('',(0.00645159406786574,0.00751661517928165,-0.00231111967012058));
#16256=CARTESIAN_POINT('',(0.00842933932620428,0.00509381942521172,-0.00376613690082867));
#16257=CARTESIAN_POINT('',(0.00909999451775399,0.00226222808636813,-0.00463254518549089));
#16258=CARTESIAN_POINT('',(0.00909999969565312,0.000999999590431568,-0.00494308220272494));
#16259=CARTESIAN_POINT('',(0.00579991998116454,0.00784779030284267,-0.00370207061663298));
#16260=CARTESIAN_POINT('',(0.00612951229441129,0.00751661517928166,-0.00404467728794159));
#16261=CARTESIAN_POINT('',(0.00824781891547322,0.00509381942521174,-0.00629344724931271));
#16262=CARTESIAN_POINT('',(0.00910001447993455,0.00226222808636819,-0.00750683790258305));
#16263=CARTESIAN_POINT('',(0.00910000064301294,0.000999999590431568,-0.00778627264630766));
#16264=CARTESIAN_POINT('',(0.00556355484591629,0.0078477903028427,-0.00447680749221378));
#16265=CARTESIAN_POINT('',(0.00590600977579008,0.00751661517928169,-0.00485399659706645));
#16266=CARTESIAN_POINT('',(0.00812237129112164,0.00509381942521178,-0.00731445731843371));
#16267=CARTESIAN_POINT('',(0.00909996796926071,0.00226222808636824,-0.00852796495026406));
#16268=CARTESIAN_POINT('',(0.00910000034241267,0.000999999590431578,-0.00865223351065857));
#16269=CARTESIAN_POINT('',(0.00542920823055465,0.00784779030284271,-0.00485392310448787));
#16270=CARTESIAN_POINT('',(0.00577900966896804,0.00751661517928169,-0.00523950069808848));
#16271=CARTESIAN_POINT('',(0.008051319352456,0.00509381942521178,-0.00774409244802435));
#16272=CARTESIAN_POINT('',(0.00910003959134197,0.00226222808636826,-0.00890007298477866));
#16273=CARTESIAN_POINT('',(0.00910000097606516,0.000999999590431578,-0.00889999949948099));
#16274=CARTESIAN_POINT('',(0.00545320401413099,0.00782489258962954,-0.00488086212643516));
#16275=CARTESIAN_POINT('',(0.00545520490146572,0.00782455755587439,-0.00487660171761736));
#16276=CARTESIAN_POINT('',(0.0054767989903708,0.00782092154933175,-0.00483040524273953));
#16277=CARTESIAN_POINT('',(0.00550130940865937,0.00781674581181452,-0.00477696430144826));
#16278=CARTESIAN_POINT('',(0.00555131233139153,0.00780813869504647,-0.0046661844527342));
#16279=CARTESIAN_POINT('',(0.005614572160696,0.00779693353820929,-0.00451955165674653));
#16280=CARTESIAN_POINT('',(0.00568670341436246,0.00778372838404035,-0.00434325894102203));
#16281=CARTESIAN_POINT('',(0.00577507742594886,0.00776697901965295,-0.00411474857376227));
#16282=CARTESIAN_POINT('',(0.00587310287321144,0.00774742106857469,-0.00383900338471091));
#16283=CARTESIAN_POINT('',(0.00600610520498113,0.00771911249199779,-0.00342082176008679));
#16284=CARTESIAN_POINT('',(0.00610625450505408,0.00769567792654309,-0.00304861107566429));
#16285=CARTESIAN_POINT('',(0.00618537924876762,0.00767592764678345,-0.00270347686997457));
#16286=CARTESIAN_POINT('',(0.00622465587270552,0.00766586020388102,-0.00251918579990992));
#16287=CARTESIAN_POINT('',(0.00628984881883316,0.00764882110123273,-0.00216935684015521));
#16288=CARTESIAN_POINT('',(0.00635282175057702,0.00763184809263454,-0.00175919934178518));
#16289=CARTESIAN_POINT('',(0.00643925761754579,0.0076076702844338,-0.00101468266270115));
#16290=CARTESIAN_POINT('',(0.00648216057141119,0.00759378116632618,2.99710143671038E-6));
#16291=CARTESIAN_POINT('',(0.00644110676571249,0.00760675871216119,0.000990535465750478));
#16292=CARTESIAN_POINT('',(0.00635572817115682,0.00763104181991572,0.00173846646424553));
#16293=CARTESIAN_POINT('',(0.00629214650737905,0.00764836484213412,0.00215453322353902));
#16294=CARTESIAN_POINT('',(0.00622771636882215,0.00766536296120365,0.00250281431085373));
#16295=CARTESIAN_POINT('',(0.00618238638877107,0.00767702113585085,0.00271638692474007));
#16296=CARTESIAN_POINT('',(0.00609832950275836,0.00769796387766944,0.00307913940392493));
#16297=CARTESIAN_POINT('',(0.00596812165187995,0.00772848298385123,0.00355539678240247));
#16298=CARTESIAN_POINT('',(0.00575039828107844,0.00777378145991096,0.00419510426194087));
#16299=CARTESIAN_POINT('',(0.00556197517256865,0.00780936647967955,0.00464055986251257));
#16300=CARTESIAN_POINT('',(0.00544871620688359,0.00782851191177899,0.00487877423119409));
#16301=CARTESIAN_POINT('',(0.0054487197682625,0.00782851713329613,0.00487877550479539));
#16302=CARTESIAN_POINT('',(0.00545323636598488,0.00782493986777357,-0.00488087360247952));
#16303=CARTESIAN_POINT('',(0.00544871620688275,0.00782851191177913,0.00487877423119587));
#16304=CARTESIAN_POINT('',(0.00544554199734419,0.00782904848398621,0.00488545045604674));
#16305=CARTESIAN_POINT('',(0.00543854991958299,0.00783109623220059,0.00490472508226837));
#16306=CARTESIAN_POINT('',(0.00532163666780581,0.00784439030870534,0.00509749724958777));
#16307=CARTESIAN_POINT('',(0.00522403224885091,0.00784838603076472,0.00519529462145427));
#16308=CARTESIAN_POINT('',(0.00505622931682733,0.00784274053583449,0.00535426058574265));
#16309=CARTESIAN_POINT('',(0.00491938148367803,0.00783106991113564,0.00543050406265475));
#16310=CARTESIAN_POINT('',(0.00488039223546169,0.00782604044578689,0.00545174486368794));
#16311=CARTESIAN_POINT('',(0.00488039746724487,0.00782606195198003,0.00545175956053988));
#16312=CARTESIAN_POINT('',(0.00488039223445527,0.00782604044570234,0.00545174486416997));
#16313=CARTESIAN_POINT('',(0.00442984183401977,0.00778818723419973,0.00566754216096066));
#16314=CARTESIAN_POINT('',(0.00354465264450703,0.00772161808435272,0.00600028581278269));
#16315=CARTESIAN_POINT('',(0.00222967040684743,0.00764996687788242,0.00629884733377964));
#16316=CARTESIAN_POINT('',(0.00122037322160296,0.00761420701456341,0.00641843769230017));
#16317=CARTESIAN_POINT('',(0.000483943633341418,0.00760010400257118,0.00646027270499577));
#16318=CARTESIAN_POINT('',(-0.000166410702014767,0.00759573513662811,0.00647197444938067));
#16319=CARTESIAN_POINT('',(-0.00103855605293207,0.00760820830251054,0.00644002111254546));
#16320=CARTESIAN_POINT('',(-0.00225752211482649,0.00765145566726668,0.00629398129637848));
#16321=CARTESIAN_POINT('',(-0.00356000574928821,0.00772277026411828,0.00599435798365785));
#16322=CARTESIAN_POINT('',(-0.00443606781746749,0.00778866661418394,0.00566452648833233));
#16323=CARTESIAN_POINT('',(-0.00488038901928335,0.00782607647503435,0.00545174496781678));
#16324=CARTESIAN_POINT('',(-0.00488038865963536,0.00782607499579951,0.00545174395671193));
#16325=CARTESIAN_POINT('',(-0.00488038901930993,0.00782607647503658,0.00545174496780405));
#16326=CARTESIAN_POINT('',(-0.00490255625807411,0.00782794285754109,0.00544112927188246));
#16327=CARTESIAN_POINT('',(-0.00493055475634846,0.00783047997841298,0.00542907384527191));
#16328=CARTESIAN_POINT('',(-0.00503087310908373,0.00783934524170014,0.00536182153702272));
#16329=CARTESIAN_POINT('',(-0.00504492995064091,0.00784058290752177,0.00535044850121128));
#16330=CARTESIAN_POINT('',(-0.00513720994684449,0.00784614011438245,0.00527870749337453));
#16331=CARTESIAN_POINT('',(-0.00523250647683318,0.00784740362950448,0.00518722414376504));
#16332=CARTESIAN_POINT('',(-0.00535025575335073,0.00784243559684301,0.00505935734489421));
#16333=CARTESIAN_POINT('',(-0.0054317860149106,0.00783066125118697,0.0049192835542523));
#16334=CARTESIAN_POINT('',(-0.00545290935937308,0.00782544424210578,0.00488088947088728));
#16335=CARTESIAN_POINT('',(-0.00545290944441293,0.00782544422404034,0.00488088930414621));
#16336=CARTESIAN_POINT('',(-0.00545290944441293,0.00782544422404034,0.00488088930414621));
#16337=CARTESIAN_POINT('',(-0.00548115600895817,0.0078194436596195,0.00482550511350701));
#16338=CARTESIAN_POINT('',(-0.00556070642140024,0.00780509748328594,0.00466016959779484));
#16339=CARTESIAN_POINT('',(-0.00573148083846184,0.00777409111642184,0.00424042916857642));
#16340=CARTESIAN_POINT('',(-0.00584898087166326,0.00775156545761017,0.00391808604480914));
#16341=CARTESIAN_POINT('',(-0.00596499988587751,0.00772724115364625,0.00355254294128486));
#16342=CARTESIAN_POINT('',(-0.00602603575561369,0.00771372520897682,0.00334343616032453));
#16343=CARTESIAN_POINT('',(-0.00609850091306929,0.00769722956946385,0.00307667629951646));
#16344=CARTESIAN_POINT('',(-0.00617134628311704,0.00767961614035374,0.00276912823058954));
#16345=CARTESIAN_POINT('',(-0.006228757342763,0.00766512311788743,0.00249894418153373));
#16346=CARTESIAN_POINT('',(-0.00629210952318896,0.00764850823078926,0.00215411612019336));
#16347=CARTESIAN_POINT('',(-0.00635763149892271,0.00763070084581604,0.00172486419751871));
#16348=CARTESIAN_POINT('',(-0.00641830752143291,0.00761333035288985,0.00118763362732952));
#16349=CARTESIAN_POINT('',(-0.00645802808383544,0.00760128003786229,0.000576406030051719));
#16350=CARTESIAN_POINT('',(-0.00646880590529972,0.00759814072531557,-2.41796739788709E-5));
#16351=CARTESIAN_POINT('',(-0.00645767492603807,0.00760262234029212,-0.000511248993605505));
#16352=CARTESIAN_POINT('',(-0.00641273592908257,0.00761759115058812,-0.00126814182174623));
#16353=CARTESIAN_POINT('',(-0.00628845077569826,0.00765365778295476,-0.00227810098724243));
#16354=CARTESIAN_POINT('',(-0.00598873293202932,0.00772425385739251,-0.00357738729789215));
#16355=CARTESIAN_POINT('',(-0.00566186073729689,0.00778922677170441,-0.00444176366839811));
#16356=CARTESIAN_POINT('',(-0.00545173142633904,0.00782606492531911,-0.00488038346191445));
#16357=CARTESIAN_POINT('',(-0.00545173142633905,0.00782606492531911,-0.00488038346191445));
#16358=CARTESIAN_POINT('',(-0.00545173142633897,0.00782606492531912,-0.00488038346191464));
#16359=CARTESIAN_POINT('',(-0.00544122473562855,0.00782790690713811,-0.00490231477914613));
#16360=CARTESIAN_POINT('',(-0.00542780786178226,0.00783066054140747,-0.00493243626961292));
#16361=CARTESIAN_POINT('',(-0.00536382102508894,0.00783914480589403,-0.00502805219311039));
#16362=CARTESIAN_POINT('',(-0.00534942863976084,0.00784071155847007,-0.0050464935996339));
#16363=CARTESIAN_POINT('',(-0.00527741319190219,0.00784612570537585,-0.00513812925660984));
#16364=CARTESIAN_POINT('',(-0.00518935820604381,0.00784753708611134,-0.00523139477148095));
#16365=CARTESIAN_POINT('',(-0.00507454885018284,0.0078429978268693,-0.00533173671559307));
#16366=CARTESIAN_POINT('',(-0.00497147640242782,0.00783464881601456,-0.00540348839572012));
#16367=CARTESIAN_POINT('',(-0.00489715058557595,0.00782703584959923,-0.00544434934171241));
#16368=CARTESIAN_POINT('',(-0.0048807994825279,0.00782530419369362,-0.00545269710005183));
#16369=CARTESIAN_POINT('',(-0.00488080293464419,0.0078253183911303,-0.00545270680696726));
#16370=CARTESIAN_POINT('',(-0.0048807994825279,0.00782530419369362,-0.00545269710005183));
#16371=CARTESIAN_POINT('',(-0.00485684515787198,0.00782276732216679,-0.00546492654492923));
#16372=CARTESIAN_POINT('',(-0.00477405203337205,0.00781532819186509,-0.00550495790761171));
#16373=CARTESIAN_POINT('',(-0.00454388679163038,0.00779732297923279,-0.00560767295646404));
#16374=CARTESIAN_POINT('',(-0.00424947994679131,0.00777590801417916,-0.00572580748209499));
#16375=CARTESIAN_POINT('',(-0.00397026795426201,0.00775639554312535,-0.00582782654545806));
#16376=CARTESIAN_POINT('',(-0.00368064937144365,0.00773677318300833,-0.0059240713382991));
#16377=CARTESIAN_POINT('',(-0.0035410833885357,0.00772758887497169,-0.00596671740593782));
#16378=CARTESIAN_POINT('',(-0.0033100742143615,0.00771269695657819,-0.00603476308319794));
#16379=CARTESIAN_POINT('',(-0.00305310483588611,0.00769687112721724,-0.00610315405448734));
#16380=CARTESIAN_POINT('',(-0.00274933697636111,0.0076793477870702,-0.00617482950752734));
#16381=CARTESIAN_POINT('',(-0.00250545415553481,0.00766606669971626,-0.00622670141206517));
#16382=CARTESIAN_POINT('',(-0.00215715548448448,0.00764898835402053,-0.00629122423329011));
#16383=CARTESIAN_POINT('',(-0.00173280444411984,0.00763110423164689,-0.00635633132810445));
#16384=CARTESIAN_POINT('',(-0.000980391421553484,0.00760626324672897,-0.00644215202158292));
#16385=CARTESIAN_POINT('',(7.59347928727726E-7,0.00759283821108211,-0.00648224651345698));
#16386=CARTESIAN_POINT('',(0.00098470801496238,0.00760714743205979,-0.00644127767472686));
#16387=CARTESIAN_POINT('',(0.00173703080015783,0.00763218482303016,-0.00635479593492429));
#16388=CARTESIAN_POINT('',(0.00215508170809408,0.00764977321219259,-0.00629078207058849));
#16389=CARTESIAN_POINT('',(0.00251450308414474,0.00766741010740882,-0.00622386359208917));
#16390=CARTESIAN_POINT('',(0.00270719565104108,0.00767795789462704,-0.00618272684436218));
#16391=CARTESIAN_POINT('',(0.0030598731480119,0.00769819503157662,-0.00610149820089768));
#16392=CARTESIAN_POINT('',(0.00352892871362595,0.00772784654537989,-0.00597453692726401));
#16393=CARTESIAN_POINT('',(0.00417474404371458,0.0077725779816389,-0.00575790067191513));
#16394=CARTESIAN_POINT('',(0.00463498189157405,0.00780801693165649,-0.00556559778514233));
#16395=CARTESIAN_POINT('',(0.00487967150496912,0.00782715339807994,-0.0054503152014813));
#16396=CARTESIAN_POINT('',(0.00487968213742502,0.00782719706140905,-0.00545034501702885));
#16397=CARTESIAN_POINT('',(0.00487967150496914,0.00782715339807994,-0.00545031520148129));
#16398=CARTESIAN_POINT('',(0.00490667984505182,0.0078292656421837,-0.00543759054520379));
#16399=CARTESIAN_POINT('',(0.00499767438715493,0.00783695533308956,-0.00538902540222601));
#16400=CARTESIAN_POINT('',(0.00515661472340903,0.00784871925906851,-0.00526555099995136));
#16401=CARTESIAN_POINT('',(0.00526476173299069,0.00784733038246433,-0.00515458584066905));
#16402=CARTESIAN_POINT('',(0.00532639243271887,0.00784261460958565,-0.00507622814989649));
#16403=CARTESIAN_POINT('',(0.00532640570862768,0.00784263927321596,-0.00507623710747887));
#16404=CARTESIAN_POINT('',(0.00532639243271888,0.00784261460958564,-0.00507622814989648));
#16405=CARTESIAN_POINT('',(0.00534834455068916,0.00784093490769988,-0.00504831807781709));
#16406=CARTESIAN_POINT('',(0.00537245930941427,0.00783837995527749,-0.00501559061095358));
#16407=CARTESIAN_POINT('',(0.00539502867371841,0.0078349479122434,-0.00498163299908172));
#16408=CARTESIAN_POINT('',(0.00539496694393374,0.00783484650764773,-0.00498160222020756));
#16409=CARTESIAN_POINT('',(0.00539502867371842,0.0078349479122434,-0.00498163299908172));
#16410=CARTESIAN_POINT('',(0.00541841189718368,0.00783139210853856,-0.00494645086386311));
#16411=CARTESIAN_POINT('',(0.00542429406696031,0.00782986066602287,-0.00493585967256187));
#16412=CARTESIAN_POINT('',(0.00544676875855247,0.0078259678777,-0.00489455997614088));
#16413=CARTESIAN_POINT('',(0.00545307035680011,0.00782491494426034,-0.00488114667764781));
#16414=CARTESIAN_POINT('',(0.,0.,0.));
#16415=CARTESIAN_POINT('',(0.,0.,0.));
#16416=CARTESIAN_POINT('',(0.0028,0.,0.));
#16417=CARTESIAN_POINT('',(-0.00205,0.,0.000585));
#16418=CARTESIAN_POINT('',(-0.00205,0.0003,0.0002925));
#16419=CARTESIAN_POINT('',(-0.00205,0.0003,-0.000585));
#16420=CARTESIAN_POINT('',(-0.00205,0.0003,0.000585));
#16421=CARTESIAN_POINT('',(-0.00205,0.,-0.000585));
#16422=CARTESIAN_POINT('',(-0.00205,0.0047,-0.000585));
#16423=CARTESIAN_POINT('',(-0.00205,0.0047,0.0002925));
#16424=CARTESIAN_POINT('',(-0.00205,0.0047,0.000585));
#16425=CARTESIAN_POINT('',(-0.00205,0.,0.000585));
#16426=CARTESIAN_POINT('',(-0.00205,0.,-0.000585));
#16427=CARTESIAN_POINT('',(-0.001025,0.0003,-0.000585));
#16428=CARTESIAN_POINT('',(-0.000585,0.0003,-0.000585));
#16429=CARTESIAN_POINT('',(-0.000585,0.,-0.000585));
#16430=CARTESIAN_POINT('',(-0.000585,0.0047,-0.000585));
#16431=CARTESIAN_POINT('',(-0.001025,0.0047,-0.000585));
#16432=CARTESIAN_POINT('',(0.000585,0.,0.000585));
#16433=CARTESIAN_POINT('',(0.000585,0.0003,0.0002925));
#16434=CARTESIAN_POINT('',(0.000585,0.0003,0.00205));
#16435=CARTESIAN_POINT('',(0.000585,0.0003,0.000585));
#16436=CARTESIAN_POINT('',(0.000585,0.,0.00205));
#16437=CARTESIAN_POINT('',(0.000585,0.0047,0.00205));
#16438=CARTESIAN_POINT('',(0.000585,0.0047,0.0002925));
#16439=CARTESIAN_POINT('',(0.000585,0.0047,0.000585));
#16440=CARTESIAN_POINT('',(0.000585,0.,0.000585));
#16441=CARTESIAN_POINT('',(0.000585,0.,0.00205));
#16442=CARTESIAN_POINT('',(0.0002925,0.0003,0.00205));
#16443=CARTESIAN_POINT('',(-0.000585,0.0003,0.00205));
#16444=CARTESIAN_POINT('',(-0.000585,0.,0.00205));
#16445=CARTESIAN_POINT('',(-0.000585,0.0047,0.00205));
#16446=CARTESIAN_POINT('',(0.0002925,0.0047,0.00205));
#16447=CARTESIAN_POINT('',(-0.000585,0.,0.00205));
#16448=CARTESIAN_POINT('',(-0.000585,0.0003,0.001025));
#16449=CARTESIAN_POINT('',(-0.000585,0.0003,0.000585));
#16450=CARTESIAN_POINT('',(-0.000585,0.,0.000585));
#16451=CARTESIAN_POINT('',(-0.000585,0.0047,0.000585));
#16452=CARTESIAN_POINT('',(-0.000585,0.0047,0.001025));
#16453=CARTESIAN_POINT('',(-0.000585,0.,0.000585));
#16454=CARTESIAN_POINT('',(-0.0002925,0.0003,0.000585));
#16455=CARTESIAN_POINT('',(-0.0002925,0.0047,0.000585));
#16456=CARTESIAN_POINT('',(0.,0.0047,0.));
#16457=CARTESIAN_POINT('',(0.0002925,0.0047,-0.000585));
#16458=CARTESIAN_POINT('',(0.00205,0.0047,-0.000585));
#16459=CARTESIAN_POINT('',(0.000585,0.0047,-0.000585));
#16460=CARTESIAN_POINT('',(0.00205,0.0047,-0.0002925));
#16461=CARTESIAN_POINT('',(0.00205,0.0047,0.000585));
#16462=CARTESIAN_POINT('',(0.001025,0.0047,0.000585));
#16463=CARTESIAN_POINT('',(-0.000585,0.0047,-0.0002925));
#16464=CARTESIAN_POINT('',(-0.000585,0.0047,-0.00205));
#16465=CARTESIAN_POINT('',(-0.0002925,0.0047,-0.00205));
#16466=CARTESIAN_POINT('',(0.000585,0.0047,-0.00205));
#16467=CARTESIAN_POINT('',(0.000585,0.0047,-0.001025));
#16468=CARTESIAN_POINT('',(0.,0.,0.));
#16469=CARTESIAN_POINT('',(0.001025,0.,0.000885));
#16470=CARTESIAN_POINT('',(0.00235,1.35525271560688E-20,0.000885));
#16471=CARTESIAN_POINT('',(0.000885,-1.20466908053945E-20,0.000885));
#16472=CARTESIAN_POINT('',(0.00235,0.,-0.0002925));
#16473=CARTESIAN_POINT('',(0.00235,3.61400724161835E-20,-0.000885));
#16474=CARTESIAN_POINT('',(0.0002925,0.,-0.000885));
#16475=CARTESIAN_POINT('',(0.000885,-1.20466908053945E-20,-0.000885));
#16476=CARTESIAN_POINT('',(0.000885,0.,-0.001025));
#16477=CARTESIAN_POINT('',(0.000885,2.71050543121376E-20,-0.00235));
#16478=CARTESIAN_POINT('',(-0.0002925,0.,-0.00235));
#16479=CARTESIAN_POINT('',(-0.000885,3.61400724161835E-20,-0.00235));
#16480=CARTESIAN_POINT('',(-0.000885,0.,-0.0002925));
#16481=CARTESIAN_POINT('',(-0.000885,-1.20466908053945E-20,-0.000885));
#16482=CARTESIAN_POINT('',(-0.001025,0.,-0.000885));
#16483=CARTESIAN_POINT('',(-0.00235,0.,-0.000885));
#16484=CARTESIAN_POINT('',(-0.00235,0.,0.0002925));
#16485=CARTESIAN_POINT('',(-0.00235,0.,0.000885));
#16486=CARTESIAN_POINT('',(-0.0002925,0.,0.000885));
#16487=CARTESIAN_POINT('',(-0.000885,0.,0.000885));
#16488=CARTESIAN_POINT('',(-0.000885,0.,0.001025));
#16489=CARTESIAN_POINT('',(-0.000885,0.,0.00235));
#16490=CARTESIAN_POINT('',(0.0002925,0.,0.00235));
#16491=CARTESIAN_POINT('',(0.000885,0.,0.00235));
#16492=CARTESIAN_POINT('',(0.000885,0.,0.0002925));
#16493=CARTESIAN_POINT('',(-0.000585,0.,0.000585));
#16494=CARTESIAN_POINT('',(0.001025,0.0003,0.000585));
#16495=CARTESIAN_POINT('',(0.00205,0.0003,0.000585));
#16496=CARTESIAN_POINT('',(0.00205,0.,0.000585));
#16497=CARTESIAN_POINT('',(0.00205,0.,-0.000585));
#16498=CARTESIAN_POINT('',(0.00205,0.0003,-0.0002925));
#16499=CARTESIAN_POINT('',(0.00205,0.0003,-0.000585));
#16500=CARTESIAN_POINT('',(0.00205,0.,-0.000585));
#16501=CARTESIAN_POINT('',(-0.00205,0.,-0.000585));
#16502=CARTESIAN_POINT('',(0.0002925,0.0003,-0.000585));
#16503=CARTESIAN_POINT('',(0.000585,0.0003,-0.000585));
#16504=CARTESIAN_POINT('',(0.000585,0.,-0.000585));
#16505=CARTESIAN_POINT('',(0.000585,0.,0.000585));
#16506=CARTESIAN_POINT('',(0.000585,0.0003,-0.001025));
#16507=CARTESIAN_POINT('',(0.000585,0.0003,-0.00205));
#16508=CARTESIAN_POINT('',(0.000585,0.,-0.00205));
#16509=CARTESIAN_POINT('',(-0.000585,0.,-0.00205));
#16510=CARTESIAN_POINT('',(-0.0002925,0.0003,-0.00205));
#16511=CARTESIAN_POINT('',(-0.000585,0.0003,-0.00205));
#16512=CARTESIAN_POINT('',(-0.000585,0.,-0.00205));
#16513=CARTESIAN_POINT('',(-0.000585,0.,0.00205));
#16514=CARTESIAN_POINT('',(-0.000585,0.0003,-0.0002925));
#16515=CARTESIAN_POINT('',(0.000735,0.00015,0.0002925));
#16516=CARTESIAN_POINT('',(0.000885,0.,-0.00235));
#16517=CARTESIAN_POINT('',(0.000885,0.,-0.000885));
#16518=CARTESIAN_POINT('',(-0.0002925,0.00015,-0.0022));
#16519=CARTESIAN_POINT('',(-0.000885,0.,-0.00235));
#16520=CARTESIAN_POINT('',(-0.000735,0.00015,0.001025));
#16521=CARTESIAN_POINT('',(-0.000885,0.,-0.000885));
#16522=CARTESIAN_POINT('',(0.0022,0.00015,-0.0002925));
#16523=CARTESIAN_POINT('',(0.00205,0.0003,0.000585));
#16524=CARTESIAN_POINT('',(0.00235,0.,-0.000885));
#16525=CARTESIAN_POINT('',(-0.001025,0.00015,-0.000735));
#16526=CARTESIAN_POINT('',(-0.00235,0.,-0.000885));
#16527=CARTESIAN_POINT('',(-0.0022,0.00015,0.0002925));
#16528=CARTESIAN_POINT('',(-0.00235,0.,0.000885));
#16529=CARTESIAN_POINT('',(-0.0002925,0.00015,0.000735));
#16530=CARTESIAN_POINT('',(-0.000885,0.,0.000885));
#16531=CARTESIAN_POINT('',(-0.000735,0.00015,0.001025));
#16532=CARTESIAN_POINT('',(-0.000885,0.,0.00235));
#16533=CARTESIAN_POINT('',(0.0002925,0.00015,0.0022));
#16534=CARTESIAN_POINT('',(0.000885,0.,0.00235));
#16535=CARTESIAN_POINT('',(0.000735,0.00015,0.0002925));
#16536=CARTESIAN_POINT('',(0.000885,0.,0.000885));
#16537=CARTESIAN_POINT('',(-0.0002925,0.00015,0.000735));
#16538=CARTESIAN_POINT('',(-0.001025,0.00015,-0.000735));
#16539=CARTESIAN_POINT('',(0.00513996856276195,0.0078974787930414,-0.00483126426435111));
#16540=CARTESIAN_POINT('',(0.00515444362733133,0.00789627007751831,-0.0048063316145982));
#16541=CARTESIAN_POINT('',(0.00516760335883094,0.0078948217930691,-0.00478065128633301));
#16542=CARTESIAN_POINT('',(0.00555693725923212,0.00783915008160798,-0.00391030301488553));
#16543=CARTESIAN_POINT('',(0.00592881601108302,0.00777100614881427,-0.00254724654725993));
#16544=CARTESIAN_POINT('',(0.00614622018840589,0.007721470435019,-0.000227979417889019));
#16545=CARTESIAN_POINT('',(0.00604584197662905,0.00774808912667354,0.00210235251338522));
#16546=CARTESIAN_POINT('',(0.00555705069201036,0.00783913404965741,0.00391005088062013));
#16547=CARTESIAN_POINT('',(0.00513538498713858,0.00789943369438019,0.00485271435971299));
#16548=CARTESIAN_POINT('',(0.00504873122355195,0.00790340414994921,0.00497385797346868));
#16549=CARTESIAN_POINT('',(0.00489152616639367,0.00790052849621788,0.00510619934009573));
#16550=CARTESIAN_POINT('',(0.0048076939301057,0.00789655243264541,0.0051555125530945));
#16551=CARTESIAN_POINT('',(0.00443480108373076,0.00787269907474274,0.00532230917897382));
#16552=CARTESIAN_POINT('',(0.00360527883738914,0.00782410733791965,0.00563496458224748));
#16553=CARTESIAN_POINT('',(0.0026927786634745,0.00778443333817944,0.00584697587294003));
#16554=CARTESIAN_POINT('',(0.00151726428296406,0.00774754136816196,0.00603483150450615));
#16555=CARTESIAN_POINT('',(0.000545735397385487,0.00773033203438601,0.00611333483697049));
#16556=CARTESIAN_POINT('',(-0.00142793918357863,0.00773645022911967,0.00607830290917239));
#16557=CARTESIAN_POINT('',(-0.00313088025578809,0.00779639277032377,0.0058160501846443));
#16558=CARTESIAN_POINT('',(-0.00443381304776396,0.00787263576787684,0.00532275093306757));
#16559=CARTESIAN_POINT('',(-0.00480798386196502,0.0078965709710407,0.00515538281691012));
#16560=CARTESIAN_POINT('',(-0.0048942468707538,0.00790065192024705,0.00510453943004045));
#16561=CARTESIAN_POINT('',(-0.00505085869006606,0.00790336873634573,0.00497140974749847));
#16562=CARTESIAN_POINT('',(-0.00513647690374027,0.0078992774398185,0.00485027249287745));
#16563=CARTESIAN_POINT('',(-0.00520460207340474,0.00788952981604672,0.00469792981381334));
#16564=CARTESIAN_POINT('',(-0.00557386559334723,0.00783612729866105,0.00384906394324937));
#16565=CARTESIAN_POINT('',(-0.00593859207507785,0.00777048826457718,0.00248282796073605));
#16566=CARTESIAN_POINT('',(-0.00619113755178101,0.00770708086331746,-0.000345972908871454));
#16567=CARTESIAN_POINT('',(-0.00598362880077123,0.0077713878402303,-0.00269587234034389));
#16568=CARTESIAN_POINT('',(-0.00532295402895903,0.00787260645315753,-0.00443335718885535));
#16569=CARTESIAN_POINT('',(-0.00515535638813748,0.00789657475348126,-0.00480804297028));
#16570=CARTESIAN_POINT('',(-0.00510400827819738,0.00790069699246344,-0.00489516918394784));
#16571=CARTESIAN_POINT('',(-0.00497059022682322,0.00790334845163308,-0.00505150105629519));
#16572=CARTESIAN_POINT('',(-0.00484927585404164,0.0078992136580184,-0.00513692249419666));
#16573=CARTESIAN_POINT('',(-0.00469475843152155,0.00788932699170445,-0.0052060209302459));
#16574=CARTESIAN_POINT('',(-0.00441485843694661,0.00787171090621628,-0.0053274709279754));
#16575=CARTESIAN_POINT('',(-0.00354571185141868,0.00782120217727635,-0.00565286815779646));
#16576=CARTESIAN_POINT('',(-0.00178394636827083,0.00774409380128578,-0.00606059786281959));
#16577=CARTESIAN_POINT('',(0.00117429122392322,0.00771122974935338,-0.00618639127415689));
#16578=CARTESIAN_POINT('',(0.00347680668919516,0.0078114213986596,-0.00575085295151057));
#16579=CARTESIAN_POINT('',(0.00482181533070083,0.00789745614057775,-0.00514919882782397));
#16580=CARTESIAN_POINT('',(0.00494790028175013,0.00790288937427737,-0.00507023941389148));
#16581=CARTESIAN_POINT('',(0.0050494315419292,0.00790221730156365,-0.00496287227643391));
#16582=CARTESIAN_POINT('',(0.00509761169390838,0.00790017034845328,-0.00489693063337083));
#16583=CARTESIAN_POINT('',(0.00511426558900504,0.00789937662927121,-0.00487339386297124));
#16584=CARTESIAN_POINT('',(0.00512967593339422,0.00789833826146247,-0.00484899285698241));
#16585=CARTESIAN_POINT('',(0.00513996856276195,0.0078974787930414,-0.00483126426435111));
#16586=CARTESIAN_POINT('',(0.00518420365228394,0.00790671647335784,-0.00485651360932846));
#16587=CARTESIAN_POINT('',(0.00520002861832917,0.00790551480954643,-0.0048301899201242));
#16588=CARTESIAN_POINT('',(0.00521456212598702,0.00790407279208974,-0.00480306907577554));
#16589=CARTESIAN_POINT('',(0.00561041644904265,0.00784868331342307,-0.00392790949164343));
#16590=CARTESIAN_POINT('',(0.00599116942203645,0.00778133625872068,-0.0025586172990261));
#16591=CARTESIAN_POINT('',(0.00621486254447743,0.00773245292758486,-0.000228991566696285));
#16592=CARTESIAN_POINT('',(0.00611118215749255,0.00775870520961877,0.00211172203766693));
#16593=CARTESIAN_POINT('',(0.00561048435781552,0.00784865501582146,0.00392761489542653));
#16594=CARTESIAN_POINT('',(0.005178269665344,0.00790866438138856,0.00487941207804765));
#16595=CARTESIAN_POINT('',(0.00508575078929526,0.00791260027213045,0.00500644592511221));
#16596=CARTESIAN_POINT('',(0.00492005097606773,0.00790974253882757,0.00514720552070783));
#16597=CARTESIAN_POINT('',(0.00483178313263476,0.0079058039881586,0.00520095668366961));
#16598=CARTESIAN_POINT('',(0.00445452665132618,0.00788205902727783,0.00537258934149983));
#16599=CARTESIAN_POINT('',(0.0036214902078028,0.00783382715951218,0.00569049869073706));
#16600=CARTESIAN_POINT('',(0.00270483094803479,0.00779461150276099,0.00590751074459537));
#16601=CARTESIAN_POINT('',(0.00152401695608162,0.00775817332532805,0.00610012655751832));
#16602=CARTESIAN_POINT('',(0.000548183059996957,0.0077411999373505,0.00618094289745579));
#16603=CARTESIAN_POINT('',(-0.00143427834176905,0.00774724827781348,0.00614512953680319));
#16604=CARTESIAN_POINT('',(-0.00314502628367597,0.00780632543229653,0.00587461874955987));
#16605=CARTESIAN_POINT('',(-0.0044534942937758,0.00788200446627797,0.00537307883049224));
#16606=CARTESIAN_POINT('',(-0.00483205118975251,0.00790582163760825,0.00520083944961744));
#16607=CARTESIAN_POINT('',(-0.00492292525882735,0.00790986478637634,0.00514539305205119));
#16608=CARTESIAN_POINT('',(-0.00508801101183739,0.0079125656310072,0.00500387044036765));
#16609=CARTESIAN_POINT('',(-0.00517946776971213,0.0079085084787421,0.00487685243640704));
#16610=CARTESIAN_POINT('',(-0.00525323576413024,0.00789880455342407,0.00471870727615083));
#16611=CARTESIAN_POINT('',(-0.00562803966071254,0.00784573720351424,0.00386645016772115));
#16612=CARTESIAN_POINT('',(-0.00600075288699863,0.00778078370979524,0.00249384244465955));
#16613=CARTESIAN_POINT('',(-0.00626200961193375,0.00771832310403525,-0.000347401097237795));
#16614=CARTESIAN_POINT('',(-0.00604519844415588,0.00778154654386595,-0.00270811589910712));
#16615=CARTESIAN_POINT('',(-0.00537337767705939,0.00788198994876664,-0.00445301736937473));
#16616=CARTESIAN_POINT('',(-0.00520081017214592,0.00790582540487189,-0.00483211322836972));
#16617=CARTESIAN_POINT('',(-0.00514481266029117,0.00790990944629253,-0.00492389686547995));
#16618=CARTESIAN_POINT('',(-0.00500301628141444,0.00791254562423866,-0.00508868881520323));
#16619=CARTESIAN_POINT('',(-0.00487579737928053,0.00790844490414176,-0.00517996859840725));
#16620=CARTESIAN_POINT('',(-0.0047155207792134,0.00789859958804567,-0.00525465704230282));
#16621=CARTESIAN_POINT('',(-0.00443449175719045,0.00788108126515795,-0.0053778627779323));
#16622=CARTESIAN_POINT('',(-0.00356166757367222,0.00783094392952053,-0.00570870383249483));
#16623=CARTESIAN_POINT('',(-0.00179183751227914,0.00775475105984851,-0.0061262982134681));
#16624=CARTESIAN_POINT('',(0.00117940990740929,0.00772238828084835,-0.00625663070397002));
#16625=CARTESIAN_POINT('',(0.00349254022090176,0.00782114355112219,-0.00580742053913387));
#16626=CARTESIAN_POINT('',(0.0048466405131725,0.00790670071461054,-0.00519391591501603));
#16627=CARTESIAN_POINT('',(0.00497942588864646,0.00791208484510183,-0.00510828049140919));
#16628=CARTESIAN_POINT('',(0.00508658649071124,0.0079114211027975,-0.00499529208950891));
#16629=CARTESIAN_POINT('',(0.00513831150994542,0.00790938952402224,-0.00492577996062805));
#16630=CARTESIAN_POINT('',(0.00515620789335959,0.00790860168570891,-0.00490098817812722));
#16631=CARTESIAN_POINT('',(0.00517295116290955,0.0079075709275937,-0.00487523131350674));
#16632=CARTESIAN_POINT('',(0.00518420365228394,0.00790671647335784,-0.00485651360932846));
#16633=CARTESIAN_POINT('',(0.00527553348785503,0.00790513469871766,-0.00490918858208926));
#16634=CARTESIAN_POINT('',(0.0052941602942266,0.00790356365496078,-0.00488006946934809));
#16635=CARTESIAN_POINT('',(0.00531145832006253,0.00790168961182084,-0.00485015914230566));
#16636=CARTESIAN_POINT('',(0.00572028800202502,0.00784370372393839,-0.00396529908067465));
#16637=CARTESIAN_POINT('',(0.00612059881496966,0.00777141145000193,-0.00258359532416814));
#16638=CARTESIAN_POINT('',(0.00635765079522195,0.00771795003529159,-0.000231270247883989));
#16639=CARTESIAN_POINT('',(0.00624706698712857,0.00774698042012902,0.00213258550112707));
#16640=CARTESIAN_POINT('',(0.00572037180857518,0.00784365464588173,0.00396504014923986));
#16641=CARTESIAN_POINT('',(0.0052690651522145,0.00790750627592996,0.00493295988650572));
#16642=CARTESIAN_POINT('',(0.00516296356050141,0.00791259940794969,0.00507317102978871));
#16643=CARTESIAN_POINT('',(0.00497814520937692,0.00790894980292284,0.00523286152980355));
#16644=CARTESIAN_POINT('',(0.0048812320806337,0.00790384804073758,0.0052955449014124));
#16645=CARTESIAN_POINT('',(0.00449638506801107,0.00787840601919416,0.00547582125631813));
#16646=CARTESIAN_POINT('',(0.00365606465450349,0.00782766529759632,0.00580452282997004));
#16647=CARTESIAN_POINT('',(0.00273097546960164,0.00778551317765826,0.00603256679255791));
#16648=CARTESIAN_POINT('',(0.00153896676968183,0.00774614802035798,0.00623582572106536));
#16649=CARTESIAN_POINT('',(0.000553573293132611,0.00772761412238223,0.00632195108688371));
#16650=CARTESIAN_POINT('',(-0.00144839045609928,0.00773406765953844,0.00628435150216996));
#16651=CARTESIAN_POINT('',(-0.00317553139576417,0.00779882700016796,0.00599445493112667));
#16652=CARTESIAN_POINT('',(-0.00449538860957259,0.0078783623241055,0.00547629978193049));
#16653=CARTESIAN_POINT('',(-0.0048815639877417,0.00790387790185356,0.0052953769732077));
#16654=CARTESIAN_POINT('',(-0.0049815158597334,0.00790914005712779,0.0052305577998568));
#16655=CARTESIAN_POINT('',(-0.00516575094329525,0.00791258585184969,0.00507009009903595));
#16656=CARTESIAN_POINT('',(-0.00527050044963209,0.00790731234169269,0.00493015631845693));
#16657=CARTESIAN_POINT('',(-0.00535321469123653,0.00789583300491005,0.00476282115230553));
#16658=CARTESIAN_POINT('',(-0.0057384645963062,0.00784060118769843,0.00390321298237485));
#16659=CARTESIAN_POINT('',(-0.006129223652887,0.00777100196561946,0.00251822942801251));
#16660=CARTESIAN_POINT('',(-0.00641142237798158,0.00770199695150906,-0.000350757358462749));
#16661=CARTESIAN_POINT('',(-0.00616987746177812,0.00777299633558661,-0.00273489598104662));
#16662=CARTESIAN_POINT('',(-0.00547653831775732,0.00787836780011069,-0.00449492898454359));
#16663=CARTESIAN_POINT('',(-0.00529534229558243,0.00790388281353194,-0.0048816318461831));
#16664=CARTESIAN_POINT('',(-0.00522987689868087,0.007909198283297,-0.00498258491292765));
#16665=CARTESIAN_POINT('',(-0.00506914441207018,0.00791255894081533,-0.00516652616939019));
#16666=CARTESIAN_POINT('',(-0.00492901114926342,0.00790723153360337,-0.00527108665447283));
#16667=CARTESIAN_POINT('',(-0.0047596102307991,0.00789561457003802,-0.00535468504278321));
#16668=CARTESIAN_POINT('',(-0.00447616824466442,0.00787735157578606,-0.00548139386214013));
#16669=CARTESIAN_POINT('',(-0.00359570063635312,0.00782461279424838,-0.00582346617085376));
#16670=CARTESIAN_POINT('',(-0.0018095905529554,0.00774262619198167,-0.00626275432482966));
#16671=CARTESIAN_POINT('',(0.00119118223120987,0.00770677646531355,-0.00640384152775206));
#16672=CARTESIAN_POINT('',(0.00352636731669986,0.00781508433763262,-0.00592229958515437));
#16673=CARTESIAN_POINT('',(0.00489745509278453,0.00790500058542783,-0.0052872422741326));
#16674=CARTESIAN_POINT('',(0.00504500179922262,0.00791208508282938,-0.00518647091700833));
#16675=CARTESIAN_POINT('',(0.00516337646821165,0.00791121554451345,-0.00506236272975737));
#16676=CARTESIAN_POINT('',(0.00522219254458402,0.00790862448330759,-0.00498583834509688));
#16677=CARTESIAN_POINT('',(0.00524271707570539,0.00790760739722705,-0.00495845051063699));
#16678=CARTESIAN_POINT('',(0.00526228872384253,0.00790625180400121,-0.0049298939981878));
#16679=CARTESIAN_POINT('',(0.00527553348785503,0.00790513469871766,-0.00490918858208926));
#16680=CARTESIAN_POINT('',(0.00535867625389975,0.00786375539734648,-0.00495912083126459));
#16681=CARTESIAN_POINT('',(0.0053795522138546,0.00786110526634657,-0.00492754723327919));
#16682=CARTESIAN_POINT('',(0.00539902816859586,0.00785798799921851,-0.00489519604656128));
#16683=CARTESIAN_POINT('',(0.00581780069270304,0.00779173507255608,-0.00400099486748756));
#16684=CARTESIAN_POINT('',(0.00623106060095739,0.00770248296953277,-0.0026069726765141));
#16685=CARTESIAN_POINT('',(0.00647429767618092,0.00763461451812519,-0.000233347850616472));
#16686=CARTESIAN_POINT('',(0.00636145820982293,0.00767207860550292,0.00215189638612948));
#16687=CARTESIAN_POINT('',(0.00581780656738867,0.00779159441090354,0.00400076033658718));
#16688=CARTESIAN_POINT('',(0.00535196007787291,0.00786714836881453,0.00498360902397035));
#16689=CARTESIAN_POINT('',(0.00523443700713089,0.00787580471424907,0.00513560447364166));
#16690=CARTESIAN_POINT('',(0.00503289599361249,0.00786994024850226,0.00531143236033663));
#16691=CARTESIAN_POINT('',(0.00492831276774849,0.00786129745171861,0.00538132851661521));
#16692=CARTESIAN_POINT('',(0.00453652387946916,0.00783080312404189,0.00556818253136439));
#16693=CARTESIAN_POINT('',(0.00368894056061141,0.00777179985190901,0.0059044576750834));
#16694=CARTESIAN_POINT('',(0.00275558998997338,0.00771978822792945,0.00613950699535271));
#16695=CARTESIAN_POINT('',(0.00155289322272408,0.00767059522256473,0.00634930968170273));
#16696=CARTESIAN_POINT('',(0.000558637276622018,0.00764683181143521,0.00643846261167426));
#16697=CARTESIAN_POINT('',(-0.00146146375296652,0.0076547173373745,0.00639956039262089));
#16698=CARTESIAN_POINT('',(-0.00320445800684235,0.00773869697011852,0.0060985660960621));
#16699=CARTESIAN_POINT('',(-0.00453557473264253,0.00783082141404138,0.00556870149373433));
#16700=CARTESIAN_POINT('',(-0.00492870177861078,0.00786136819778193,0.00538112392883439));
#16701=CARTESIAN_POINT('',(-0.00503669907109543,0.00787033871168263,0.00530874267024375));
#16702=CARTESIAN_POINT('',(-0.00523767596576512,0.00787585234956916,0.00513210305041152));
#16703=CARTESIAN_POINT('',(-0.00535358032080223,0.00786685447347351,0.00498059658336903));
#16704=CARTESIAN_POINT('',(-0.00544316047707847,0.00785043783255834,0.00480520937416804));
#16705=CARTESIAN_POINT('',(-0.0058364257426942,0.00778828592094668,0.00393825522254478));
#16706=CARTESIAN_POINT('',(-0.00623883885005613,0.00770288483117348,0.00254092047803262));
#16707=CARTESIAN_POINT('',(-0.00653202974295692,0.00761196146242182,-0.000353646865128594));
#16708=CARTESIAN_POINT('',(-0.00627776135963831,0.0077096965910001,-0.00276020671328607));
#16709=CARTESIAN_POINT('',(-0.00556895889325922,0.00783094394004599,-0.00453513827138477));
#16710=CARTESIAN_POINT('',(-0.00538108532904979,0.00786137645341278,-0.00492877458826995));
#16711=CARTESIAN_POINT('',(-0.00530798120214458,0.00787043829964718,-0.00503785429901492));
#16712=CARTESIAN_POINT('',(-0.00513107379218528,0.00787580203115689,-0.00523853496149328));
#16713=CARTESIAN_POINT('',(-0.00497937288195519,0.00786672587859098,-0.00535423185108472));
#16714=CARTESIAN_POINT('',(-0.0048019750958807,0.0078501666067731,-0.00544464819079025));
#16715=CARTESIAN_POINT('',(-0.00451612747921,0.00782948094948302,-0.00557394946990855));
#16716=CARTESIAN_POINT('',(-0.00362805135124619,0.00776815965564695,-0.00592392065015095));
#16717=CARTESIAN_POINT('',(-0.00182596658985398,0.00766670376555503,-0.00637696010914082));
#16718=CARTESIAN_POINT('',(0.00120183445496343,0.00761930583176256,-0.00652341809632951));
#16719=CARTESIAN_POINT('',(0.00355854865713738,0.00775986844895308,-0.00602355060525365));
#16720=CARTESIAN_POINT('',(0.0049457290612797,0.00786315947876312,-0.00537205784126647));
#16721=CARTESIAN_POINT('',(0.00510634593514079,0.00787542355794195,-0.00525892604453556));
#16722=CARTESIAN_POINT('',(0.00523450697765491,0.00787392262181076,-0.00512498765244464));
#16723=CARTESIAN_POINT('',(0.00529925497408739,0.00786966047575115,-0.00504226910635934));
#16724=CARTESIAN_POINT('',(0.00532196076161061,0.00786795776716502,-0.0050125922182185));
#16725=CARTESIAN_POINT('',(0.00534383220830112,0.00786563979765622,-0.00498157153193762));
#16726=CARTESIAN_POINT('',(0.00535867625389975,0.00786375539734648,-0.00495912083126459));
#16727=CARTESIAN_POINT('',(0.00539500779417098,0.0078348139718911,-0.00498162752581756));
#16728=CARTESIAN_POINT('',(0.00541671869405087,0.00783153524350339,-0.00494898780835609));
#16729=CARTESIAN_POINT('',(0.00543699722497912,0.00782765967470681,-0.00491554274641767));
#16730=CARTESIAN_POINT('',(0.00585944485108717,0.00775621424118184,-0.00401683684393542));
#16731=CARTESIAN_POINT('',(0.00627526693323901,0.00765711558148468,-0.00261684229336472));
#16732=CARTESIAN_POINT('',(0.006518499017781,0.00758132882354457,-0.000234171606990515));
#16733=CARTESIAN_POINT('',(0.00640618148697257,0.00762321653812767,0.00215983478025875));
#16734=CARTESIAN_POINT('',(0.00585956599129529,0.00775619426555983,0.00401657792434318));
#16735=CARTESIAN_POINT('',(0.00538765971774818,0.00783924233056439,0.00500715093916249));
#16736=CARTESIAN_POINT('',(0.00526601851212224,0.00784979501408257,0.00516388930969046));
#16737=CARTESIAN_POINT('',(0.00505792003155947,0.00784251305573233,0.00534576483942749));
#16738=CARTESIAN_POINT('',(0.00494992084399747,0.00783200647012763,0.00541848226040861));
#16739=CARTESIAN_POINT('',(0.00455453076471884,0.00779798616299309,0.00560811663893728));
#16740=CARTESIAN_POINT('',(0.00370346567662986,0.00773401853719588,0.0059468101273918));
#16741=CARTESIAN_POINT('',(0.00276618965949248,0.00767630709822992,0.00618290969596194));
#16742=CARTESIAN_POINT('',(0.00155869863745788,0.00762154321398619,0.00639351965193145));
#16743=CARTESIAN_POINT('',(0.000560746259577114,0.00759494555676469,0.00648289349265702));
#16744=CARTESIAN_POINT('',(-0.00146687937802326,0.00760370564316561,0.00644379412110179));
#16745=CARTESIAN_POINT('',(-0.00321690988617093,0.00769798906491151,0.00614222918476445));
#16746=CARTESIAN_POINT('',(-0.00455351739808187,0.00779790733924784,0.00560859021928086));
#16747=CARTESIAN_POINT('',(-0.00495028888711481,0.00783205297097945,0.00541828404003594));
#16748=CARTESIAN_POINT('',(-0.00506184244752383,0.00784297267612027,0.00534297615895561));
#16749=CARTESIAN_POINT('',(-0.0052693612811225,0.0078498372813664,0.00516028641387163));
#16750=CARTESIAN_POINT('',(-0.00538933131429989,0.00783884987510353,0.00500404714168018));
#16751=CARTESIAN_POINT('',(-0.0054820308230278,0.00781894213603445,0.00482427941437229));
#16752=CARTESIAN_POINT('',(-0.0058782165456208,0.00775189867724545,0.00395392804075365));
#16753=CARTESIAN_POINT('',(-0.00628301199370691,0.00765783340028487,0.00255042047057906));
#16754=CARTESIAN_POINT('',(-0.00657627000389691,0.00755572151375709,-0.000354848990163952));
#16755=CARTESIAN_POINT('',(-0.00632259154609523,0.0076659762592386,-0.00277074475421309));
#16756=CARTESIAN_POINT('',(-0.00560880870192797,0.00779787084280899,-0.00455304984430285));
#16757=CARTESIAN_POINT('',(-0.00541824357580628,0.00783206246967538,-0.00495036401936839));
#16758=CARTESIAN_POINT('',(-0.00534218350822255,0.00784309323163275,-0.00506303560767035));
#16759=CARTESIAN_POINT('',(-0.00515922749545211,0.00784977855510767,-0.00527024783367895));
#16760=CARTESIAN_POINT('',(-0.00500278020277268,0.00783868968928649,-0.00539001365065681));
#16761=CARTESIAN_POINT('',(-0.00482102821582517,0.00781868959931098,-0.00548355051644101));
#16762=CARTESIAN_POINT('',(-0.00453404305688246,0.0077965314894497,-0.0056138930876299));
#16763=CARTESIAN_POINT('',(-0.00364232776394385,0.00773007697552705,-0.00596637958916132));
#16764=CARTESIAN_POINT('',(-0.001832633482255,0.00761729933806478,-0.00642142659724262));
#16765=CARTESIAN_POINT('',(0.0012060650788469,0.00756398881470881,-0.00656777575144563));
#16766=CARTESIAN_POINT('',(0.00357243277134316,0.00772168928285391,-0.00606716818121969));
#16767=CARTESIAN_POINT('',(0.00496787090209752,0.00783427595744969,-0.00540881487941169));
#16768=CARTESIAN_POINT('',(0.0051337424585716,0.00784915507535211,-0.00529128329929977));
#16769=CARTESIAN_POINT('',(0.00526611472210682,0.0078472743691559,-0.00515301754975875));
#16770=CARTESIAN_POINT('',(0.0053332944709101,0.00784207851713978,-0.00506755016727533));
#16771=CARTESIAN_POINT('',(0.00535684065761601,0.00783999968168399,-0.00503690337044198));
#16772=CARTESIAN_POINT('',(0.00537957005676866,0.00783714534222321,-0.0050048363006654));
#16773=CARTESIAN_POINT('',(0.00539500779417098,0.0078348139718911,-0.00498162752581756));
#16774=CARTESIAN_POINT('',(0.0844076759150198,-0.0396629488726426,-0.00578455299734042));
#16775=CARTESIAN_POINT('',(0.,0.,0.));
#16776=CARTESIAN_POINT('',(0.11362,-0.044135,-0.012135));
#16777=CARTESIAN_POINT('',(0.11362,-0.044135,-0.012135));
#16778=CARTESIAN_POINT('',(0.,0.,0.));
#16779=CARTESIAN_POINT('',(0.15440774519616,-0.019528970847044,-0.019155));
#16780=CARTESIAN_POINT('',(0.15440774519616,-0.019528970847044,-0.019155));
#16781=CARTESIAN_POINT('',(0.,0.,0.));
#16782=CARTESIAN_POINT('',(0.,0.,0.));
#16783=CARTESIAN_POINT('',(0.11630774519616,-0.057628970847044,-0.019155));
#16784=CARTESIAN_POINT('',(0.11630774519616,-0.057628970847044,-0.019155));
#16785=CARTESIAN_POINT('',(0.,0.,0.));
#16786=CARTESIAN_POINT('',(0.,0.,0.));
#16787=CARTESIAN_POINT('',(0.13212,-0.100635,-0.012135));
#16788=CARTESIAN_POINT('',(0.13212,-0.100635,-0.012135));
#16789=CARTESIAN_POINT('',(0.,0.,0.));
#16790=CARTESIAN_POINT('',(0.09412,-0.063135,-0.012135));
#16791=CARTESIAN_POINT('',(0.09412,-0.063135,-0.012135));
#16792=CARTESIAN_POINT('',(0.,0.,0.));
#16793=CARTESIAN_POINT('',(0.11362,-0.063135,-0.012135));
#16794=CARTESIAN_POINT('',(0.11362,-0.063135,-0.012135));
#16795=CARTESIAN_POINT('',(0.,0.,0.));
#16796=CARTESIAN_POINT('',(0.13535774519616,-0.057628970847044,-0.019155));
#16797=CARTESIAN_POINT('',(0.13535774519616,-0.057628970847044,-0.019155));
#16798=CARTESIAN_POINT('',(0.,0.,0.));
#16799=CARTESIAN_POINT('',(0.,0.,0.));
#16800=CARTESIAN_POINT('',(0.15162,-0.100635,-0.012135));
#16801=CARTESIAN_POINT('',(0.15162,-0.100635,-0.012135));
#16802=CARTESIAN_POINT('',(0.,0.,0.));
#16803=CARTESIAN_POINT('',(0.11630774519616,-0.038578970847044,-0.019155));
#16804=CARTESIAN_POINT('',(0.11630774519616,-0.038578970847044,-0.019155));
#16805=CARTESIAN_POINT('',(0.,0.,0.));
#16806=CARTESIAN_POINT('',(0.,0.,0.));
#16807=CARTESIAN_POINT('',(0.13535774519616,-0.076678970847044,-0.019155));
#16808=CARTESIAN_POINT('',(0.13535774519616,-0.076678970847044,-0.019155));
#16809=CARTESIAN_POINT('',(0.,0.,0.));
#16810=CARTESIAN_POINT('',(0.,0.,0.));
#16811=CARTESIAN_POINT('',(0.15162,-0.063135,-0.012135));
#16812=CARTESIAN_POINT('',(0.15162,-0.063135,-0.012135));
#16813=CARTESIAN_POINT('',(0.,0.,0.));
#16814=CARTESIAN_POINT('',(0.09412,-0.082135,-0.012135));
#16815=CARTESIAN_POINT('',(0.09412,-0.082135,-0.012135));
#16816=CARTESIAN_POINT('',(0.,0.,0.));
#16817=CARTESIAN_POINT('',(0.15440774519616,-0.038578970847044,-0.019155));
#16818=CARTESIAN_POINT('',(0.15440774519616,-0.038578970847044,-0.019155));
#16819=CARTESIAN_POINT('',(0.,0.,0.));
#16820=CARTESIAN_POINT('',(0.,0.,0.));
#16821=CARTESIAN_POINT('',(0.15440774519616,-0.076678970847044,-0.019155));
#16822=CARTESIAN_POINT('',(0.15440774519616,-0.076678970847044,-0.019155));
#16823=CARTESIAN_POINT('',(0.,0.,0.));
#16824=CARTESIAN_POINT('',(0.,0.,0.));
#16825=CARTESIAN_POINT('',(0.15162,-0.082135,-0.012135));
#16826=CARTESIAN_POINT('',(0.15162,-0.082135,-0.012135));
#16827=CARTESIAN_POINT('',(0.,0.,0.));
#16828=CARTESIAN_POINT('',(0.15162,-0.044135,-0.012135));
#16829=CARTESIAN_POINT('',(0.15162,-0.044135,-0.012135));
#16830=CARTESIAN_POINT('',(0.,0.,0.));
#16831=CARTESIAN_POINT('',(0.09412,-0.100635,-0.012135));
#16832=CARTESIAN_POINT('',(0.09412,-0.100635,-0.012135));
#16833=CARTESIAN_POINT('',(0.,0.,0.));
#16834=MECHANICAL_DESIGN_GEOMETRIC_PRESENTATION_REPRESENTATION('',(#9293,
#9294,#9295,#9296,#9297,#43,#44,#45,#9298,#9299,#9300,#9301),#16835);
#16835=(
GEOMETRIC_REPRESENTATION_CONTEXT(3)
GLOBAL_UNCERTAINTY_ASSIGNED_CONTEXT((#16894))
GLOBAL_UNIT_ASSIGNED_CONTEXT((#16955,#16954,#16953))
REPRESENTATION_CONTEXT('Duskpad_pcb 1','TOP_LEVEL_ASSEMBLY_PART')
);
#16836=(
GEOMETRIC_REPRESENTATION_CONTEXT(3)
GLOBAL_UNCERTAINTY_ASSIGNED_CONTEXT((#16895))
GLOBAL_UNIT_ASSIGNED_CONTEXT((#16955,#16954,#16953))
REPRESENTATION_CONTEXT('Duskpad_PCB','COMPONENT_PART')
);
#16837=(
GEOMETRIC_REPRESENTATION_CONTEXT(3)
GLOBAL_UNCERTAINTY_ASSIGNED_CONTEXT((#16896))
GLOBAL_UNIT_ASSIGNED_CONTEXT((#16955,#16954,#16953))
REPRESENTATION_CONTEXT('Part 2','COMPONENT_PART')
);
#16838=(
GEOMETRIC_REPRESENTATION_CONTEXT(3)
GLOBAL_UNCERTAINTY_ASSIGNED_CONTEXT((#16897))
GLOBAL_UNIT_ASSIGNED_CONTEXT((#16955,#16954,#16953))
REPRESENTATION_CONTEXT('MX (13) <1>','COMPONENT_PART')
);
#16839=(
GEOMETRIC_REPRESENTATION_CONTEXT(3)
GLOBAL_UNCERTAINTY_ASSIGNED_CONTEXT((#16898))
GLOBAL_UNIT_ASSIGNED_CONTEXT((#16955,#16954,#16953))
REPRESENTATION_CONTEXT('MX \X\B0\X\B4\X\BC\X\FC_\X\A8\X\B9_\X\A1\X\A71
 (13) <1>','COMPONENT_PART')
);
#16840=(
GEOMETRIC_REPRESENTATION_CONTEXT(3)
GLOBAL_UNCERTAINTY_ASSIGNED_CONTEXT((#16899))
GLOBAL_UNIT_ASSIGNED_CONTEXT((#16955,#16954,#16953))
REPRESENTATION_CONTEXT('\X2\05AB00BD011F\X0\__\X2\012C024F\X0\__\X\A8\X\A8
_','COMPONENT_PART')
);
#16841=(
GEOMETRIC_REPRESENTATION_CONTEXT(3)
GLOBAL_UNCERTAINTY_ASSIGNED_CONTEXT((#16900))
GLOBAL_UNIT_ASSIGNED_CONTEXT((#16955,#16954,#16953))
REPRESENTATION_CONTEXT('\X2\05AB00BD011F\X0\__\X2\012C024F\X0\__\X\A8\X\A8
_','COMPONENT_PART')
);
#16842=(
GEOMETRIC_REPRESENTATION_CONTEXT(3)
GLOBAL_UNCERTAINTY_ASSIGNED_CONTEXT((#16901))
GLOBAL_UNIT_ASSIGNED_CONTEXT((#16955,#16954,#16953))
REPRESENTATION_CONTEXT('D_DO-35_SOD27_P7.62mm_Horizontal (7) <1>',
'COMPONENT_PART')
);
#16843=(
GEOMETRIC_REPRESENTATION_CONTEXT(3)
GLOBAL_UNCERTAINTY_ASSIGNED_CONTEXT((#16902))
GLOBAL_UNIT_ASSIGNED_CONTEXT((#16955,#16954,#16953))
REPRESENTATION_CONTEXT('D_DO-35_SOD27_P7.62mm_Horizontal',
'COMPONENT_PART')
);
#16844=(
GEOMETRIC_REPRESENTATION_CONTEXT(3)
GLOBAL_UNCERTAINTY_ASSIGNED_CONTEXT((#16903))
GLOBAL_UNIT_ASSIGNED_CONTEXT((#16955,#16954,#16953))
REPRESENTATION_CONTEXT('D_DO-35_SOD27_P7.62mm_Horizontal',
'COMPONENT_PART')
);
#16845=(
GEOMETRIC_REPRESENTATION_CONTEXT(3)
GLOBAL_UNCERTAINTY_ASSIGNED_CONTEXT((#16904))
GLOBAL_UNIT_ASSIGNED_CONTEXT((#16955,#16954,#16953))
REPRESENTATION_CONTEXT('Part 1','COMPONENT_PART')
);
#16846=(
GEOMETRIC_REPRESENTATION_CONTEXT(3)
GLOBAL_UNCERTAINTY_ASSIGNED_CONTEXT((#16905))
GLOBAL_UNIT_ASSIGNED_CONTEXT((#16955,#16954,#16953))
REPRESENTATION_CONTEXT('MX (2) <1>','COMPONENT_PART')
);
#16847=(
GEOMETRIC_REPRESENTATION_CONTEXT(3)
GLOBAL_UNCERTAINTY_ASSIGNED_CONTEXT((#16906))
GLOBAL_UNIT_ASSIGNED_CONTEXT((#16955,#16954,#16953))
REPRESENTATION_CONTEXT('MX \X\B0\X\B4\X\BC\X\FC_\X\A8\X\B9_\X\A1\X\A71
 (2) <1>','COMPONENT_PART')
);
#16848=(
GEOMETRIC_REPRESENTATION_CONTEXT(3)
GLOBAL_UNCERTAINTY_ASSIGNED_CONTEXT((#16907))
GLOBAL_UNIT_ASSIGNED_CONTEXT((#16955,#16954,#16953))
REPRESENTATION_CONTEXT('MX (5) <1>','COMPONENT_PART')
);
#16849=(
GEOMETRIC_REPRESENTATION_CONTEXT(3)
GLOBAL_UNCERTAINTY_ASSIGNED_CONTEXT((#16908))
GLOBAL_UNIT_ASSIGNED_CONTEXT((#16955,#16954,#16953))
REPRESENTATION_CONTEXT('MX \X\B0\X\B4\X\BC\X\FC_\X\A8\X\B9_\X\A1\X\A71
 (5) <1>','COMPONENT_PART')
);
#16850=(
GEOMETRIC_REPRESENTATION_CONTEXT(3)
GLOBAL_UNCERTAINTY_ASSIGNED_CONTEXT((#16909))
GLOBAL_UNIT_ASSIGNED_CONTEXT((#16955,#16954,#16953))
REPRESENTATION_CONTEXT('MX (11) <1>','COMPONENT_PART')
);
#16851=(
GEOMETRIC_REPRESENTATION_CONTEXT(3)
GLOBAL_UNCERTAINTY_ASSIGNED_CONTEXT((#16910))
GLOBAL_UNIT_ASSIGNED_CONTEXT((#16955,#16954,#16953))
REPRESENTATION_CONTEXT('MX \X\B0\X\B4\X\BC\X\FC_\X\A8\X\B9_\X\A1\X\A71
 (11) <1>','COMPONENT_PART')
);
#16852=(
GEOMETRIC_REPRESENTATION_CONTEXT(3)
GLOBAL_UNCERTAINTY_ASSIGNED_CONTEXT((#16911))
GLOBAL_UNIT_ASSIGNED_CONTEXT((#16955,#16954,#16953))
REPRESENTATION_CONTEXT('MX (12) <1>','COMPONENT_PART')
);
#16853=(
GEOMETRIC_REPRESENTATION_CONTEXT(3)
GLOBAL_UNCERTAINTY_ASSIGNED_CONTEXT((#16912))
GLOBAL_UNIT_ASSIGNED_CONTEXT((#16955,#16954,#16953))
REPRESENTATION_CONTEXT('MX \X\B0\X\B4\X\BC\X\FC_\X\A8\X\B9_\X\A1\X\A71
 (12) <1>','COMPONENT_PART')
);
#16854=(
GEOMETRIC_REPRESENTATION_CONTEXT(3)
GLOBAL_UNCERTAINTY_ASSIGNED_CONTEXT((#16913))
GLOBAL_UNIT_ASSIGNED_CONTEXT((#16955,#16954,#16953))
REPRESENTATION_CONTEXT('MX (8) <1>','COMPONENT_PART')
);
#16855=(
GEOMETRIC_REPRESENTATION_CONTEXT(3)
GLOBAL_UNCERTAINTY_ASSIGNED_CONTEXT((#16914))
GLOBAL_UNIT_ASSIGNED_CONTEXT((#16955,#16954,#16953))
REPRESENTATION_CONTEXT('MX \X\B0\X\B4\X\BC\X\FC_\X\A8\X\B9_\X\A1\X\A71
 (8) <1>','COMPONENT_PART')
);
#16856=(
GEOMETRIC_REPRESENTATION_CONTEXT(3)
GLOBAL_UNCERTAINTY_ASSIGNED_CONTEXT((#16915))
GLOBAL_UNIT_ASSIGNED_CONTEXT((#16955,#16954,#16953))
REPRESENTATION_CONTEXT('D_DO-35_SOD27_P7.62mm_Horizontal (15) <1>',
'COMPONENT_PART')
);
#16857=(
GEOMETRIC_REPRESENTATION_CONTEXT(3)
GLOBAL_UNCERTAINTY_ASSIGNED_CONTEXT((#16916))
GLOBAL_UNIT_ASSIGNED_CONTEXT((#16955,#16954,#16953))
REPRESENTATION_CONTEXT('MX (3) <1>','COMPONENT_PART')
);
#16858=(
GEOMETRIC_REPRESENTATION_CONTEXT(3)
GLOBAL_UNCERTAINTY_ASSIGNED_CONTEXT((#16917))
GLOBAL_UNIT_ASSIGNED_CONTEXT((#16955,#16954,#16953))
REPRESENTATION_CONTEXT('MX \X\B0\X\B4\X\BC\X\FC_\X\A8\X\B9_\X\A1\X\A71
 (3) <1>','COMPONENT_PART')
);
#16859=(
GEOMETRIC_REPRESENTATION_CONTEXT(3)
GLOBAL_UNCERTAINTY_ASSIGNED_CONTEXT((#16918))
GLOBAL_UNIT_ASSIGNED_CONTEXT((#16955,#16954,#16953))
REPRESENTATION_CONTEXT('Part 3','COMPONENT_PART')
);
#16860=(
GEOMETRIC_REPRESENTATION_CONTEXT(3)
GLOBAL_UNCERTAINTY_ASSIGNED_CONTEXT((#16919))
GLOBAL_UNIT_ASSIGNED_CONTEXT((#16955,#16954,#16953))
REPRESENTATION_CONTEXT('D_DO-35_SOD27_P7.62mm_Horizontal (1) <1>',
'COMPONENT_PART')
);
#16861=(
GEOMETRIC_REPRESENTATION_CONTEXT(3)
GLOBAL_UNCERTAINTY_ASSIGNED_CONTEXT((#16920))
GLOBAL_UNIT_ASSIGNED_CONTEXT((#16955,#16954,#16953))
REPRESENTATION_CONTEXT('D_DO-35_SOD27_P7.62mm_Horizontal (12) <1>',
'COMPONENT_PART')
);
#16862=(
GEOMETRIC_REPRESENTATION_CONTEXT(3)
GLOBAL_UNCERTAINTY_ASSIGNED_CONTEXT((#16921))
GLOBAL_UNIT_ASSIGNED_CONTEXT((#16955,#16954,#16953))
REPRESENTATION_CONTEXT('MX (10) <1>','COMPONENT_PART')
);
#16863=(
GEOMETRIC_REPRESENTATION_CONTEXT(3)
GLOBAL_UNCERTAINTY_ASSIGNED_CONTEXT((#16922))
GLOBAL_UNIT_ASSIGNED_CONTEXT((#16955,#16954,#16953))
REPRESENTATION_CONTEXT('MX \X\B0\X\B4\X\BC\X\FC_\X\A8\X\B9_\X\A1\X\A71
 (10) <1>','COMPONENT_PART')
);
#16864=(
GEOMETRIC_REPRESENTATION_CONTEXT(3)
GLOBAL_UNCERTAINTY_ASSIGNED_CONTEXT((#16923))
GLOBAL_UNIT_ASSIGNED_CONTEXT((#16955,#16954,#16953))
REPRESENTATION_CONTEXT('D_DO-35_SOD27_P7.62mm_Horizontal (8) <1>',
'COMPONENT_PART')
);
#16865=(
GEOMETRIC_REPRESENTATION_CONTEXT(3)
GLOBAL_UNCERTAINTY_ASSIGNED_CONTEXT((#16924))
GLOBAL_UNIT_ASSIGNED_CONTEXT((#16955,#16954,#16953))
REPRESENTATION_CONTEXT('MX (9) <1>','COMPONENT_PART')
);
#16866=(
GEOMETRIC_REPRESENTATION_CONTEXT(3)
GLOBAL_UNCERTAINTY_ASSIGNED_CONTEXT((#16925))
GLOBAL_UNIT_ASSIGNED_CONTEXT((#16955,#16954,#16953))
REPRESENTATION_CONTEXT('MX \X\B0\X\B4\X\BC\X\FC_\X\A8\X\B9_\X\A1\X\A71
 (9) <1>','COMPONENT_PART')
);
#16867=(
GEOMETRIC_REPRESENTATION_CONTEXT(3)
GLOBAL_UNCERTAINTY_ASSIGNED_CONTEXT((#16926))
GLOBAL_UNIT_ASSIGNED_CONTEXT((#16955,#16954,#16953))
REPRESENTATION_CONTEXT('D_DO-35_SOD27_P7.62mm_Horizontal (10) <1>',
'COMPONENT_PART')
);
#16868=(
GEOMETRIC_REPRESENTATION_CONTEXT(3)
GLOBAL_UNCERTAINTY_ASSIGNED_CONTEXT((#16927))
GLOBAL_UNIT_ASSIGNED_CONTEXT((#16955,#16954,#16953))
REPRESENTATION_CONTEXT('DSA 1u v2 <2>','COMPONENT_PART')
);
#16869=(
GEOMETRIC_REPRESENTATION_CONTEXT(3)
GLOBAL_UNCERTAINTY_ASSIGNED_CONTEXT((#16928))
GLOBAL_UNIT_ASSIGNED_CONTEXT((#16955,#16954,#16953))
REPRESENTATION_CONTEXT('DSA 1u v2','COMPONENT_PART')
);
#16870=(
GEOMETRIC_REPRESENTATION_CONTEXT(3)
GLOBAL_UNCERTAINTY_ASSIGNED_CONTEXT((#16929))
GLOBAL_UNIT_ASSIGNED_CONTEXT((#16955,#16954,#16953))
REPRESENTATION_CONTEXT('D_DO-35_SOD27_P7.62mm_Horizontal (11) <1>',
'COMPONENT_PART')
);
#16871=(
GEOMETRIC_REPRESENTATION_CONTEXT(3)
GLOBAL_UNCERTAINTY_ASSIGNED_CONTEXT((#16930))
GLOBAL_UNIT_ASSIGNED_CONTEXT((#16955,#16954,#16953))
REPRESENTATION_CONTEXT('MX (4) <1>','COMPONENT_PART')
);
#16872=(
GEOMETRIC_REPRESENTATION_CONTEXT(3)
GLOBAL_UNCERTAINTY_ASSIGNED_CONTEXT((#16931))
GLOBAL_UNIT_ASSIGNED_CONTEXT((#16955,#16954,#16953))
REPRESENTATION_CONTEXT('MX \X\B0\X\B4\X\BC\X\FC_\X\A8\X\B9_\X\A1\X\A71
 (4) <1>','COMPONENT_PART')
);
#16873=(
GEOMETRIC_REPRESENTATION_CONTEXT(3)
GLOBAL_UNCERTAINTY_ASSIGNED_CONTEXT((#16932))
GLOBAL_UNIT_ASSIGNED_CONTEXT((#16955,#16954,#16953))
REPRESENTATION_CONTEXT('MX <1>','COMPONENT_PART')
);
#16874=(
GEOMETRIC_REPRESENTATION_CONTEXT(3)
GLOBAL_UNCERTAINTY_ASSIGNED_CONTEXT((#16933))
GLOBAL_UNIT_ASSIGNED_CONTEXT((#16955,#16954,#16953))
REPRESENTATION_CONTEXT('MX \X\B0\X\B4\X\BC\X\FC_\X\A8\X\B9_\X\A1\X\A71
 <1>','COMPONENT_PART')
);
#16875=(
GEOMETRIC_REPRESENTATION_CONTEXT(3)
GLOBAL_UNCERTAINTY_ASSIGNED_CONTEXT((#16934))
GLOBAL_UNIT_ASSIGNED_CONTEXT((#16955,#16954,#16953))
REPRESENTATION_CONTEXT('D_DO-35_SOD27_P7.62mm_Horizontal (5) <1>',
'COMPONENT_PART')
);
#16876=(
GEOMETRIC_REPRESENTATION_CONTEXT(3)
GLOBAL_UNCERTAINTY_ASSIGNED_CONTEXT((#16935))
GLOBAL_UNIT_ASSIGNED_CONTEXT((#16955,#16954,#16953))
REPRESENTATION_CONTEXT('D_DO-35_SOD27_P7.62mm_Horizontal (4) <1>',
'COMPONENT_PART')
);
#16877=(
GEOMETRIC_REPRESENTATION_CONTEXT(3)
GLOBAL_UNCERTAINTY_ASSIGNED_CONTEXT((#16936))
GLOBAL_UNIT_ASSIGNED_CONTEXT((#16955,#16954,#16953))
REPRESENTATION_CONTEXT('D_DO-35_SOD27_P7.62mm_Horizontal (6) <1>',
'COMPONENT_PART')
);
#16878=(
GEOMETRIC_REPRESENTATION_CONTEXT(3)
GLOBAL_UNCERTAINTY_ASSIGNED_CONTEXT((#16937))
GLOBAL_UNIT_ASSIGNED_CONTEXT((#16955,#16954,#16953))
REPRESENTATION_CONTEXT('MX (14) <1>','COMPONENT_PART')
);
#16879=(
GEOMETRIC_REPRESENTATION_CONTEXT(3)
GLOBAL_UNCERTAINTY_ASSIGNED_CONTEXT((#16938))
GLOBAL_UNIT_ASSIGNED_CONTEXT((#16955,#16954,#16953))
REPRESENTATION_CONTEXT('MX \X\B0\X\B4\X\BC\X\FC_\X\A8\X\B9_\X\A1\X\A71
 (14) <1>','COMPONENT_PART')
);
#16880=(
GEOMETRIC_REPRESENTATION_CONTEXT(3)
GLOBAL_UNCERTAINTY_ASSIGNED_CONTEXT((#16939))
GLOBAL_UNIT_ASSIGNED_CONTEXT((#16955,#16954,#16953))
REPRESENTATION_CONTEXT('D_DO-35_SOD27_P7.62mm_Horizontal (9) <1>',
'COMPONENT_PART')
);
#16881=(
GEOMETRIC_REPRESENTATION_CONTEXT(3)
GLOBAL_UNCERTAINTY_ASSIGNED_CONTEXT((#16940))
GLOBAL_UNIT_ASSIGNED_CONTEXT((#16955,#16954,#16953))
REPRESENTATION_CONTEXT('MX (1) <1>','COMPONENT_PART')
);
#16882=(
GEOMETRIC_REPRESENTATION_CONTEXT(3)
GLOBAL_UNCERTAINTY_ASSIGNED_CONTEXT((#16941))
GLOBAL_UNIT_ASSIGNED_CONTEXT((#16955,#16954,#16953))
REPRESENTATION_CONTEXT('MX \X\B0\X\B4\X\BC\X\FC_\X\A8\X\B9_\X\A1\X\A71
 (1) <1>','COMPONENT_PART')
);
#16883=(
GEOMETRIC_REPRESENTATION_CONTEXT(3)
GLOBAL_UNCERTAINTY_ASSIGNED_CONTEXT((#16942))
GLOBAL_UNIT_ASSIGNED_CONTEXT((#16955,#16954,#16953))
REPRESENTATION_CONTEXT('MX (7) <1>','COMPONENT_PART')
);
#16884=(
GEOMETRIC_REPRESENTATION_CONTEXT(3)
GLOBAL_UNCERTAINTY_ASSIGNED_CONTEXT((#16943))
GLOBAL_UNIT_ASSIGNED_CONTEXT((#16955,#16954,#16953))
REPRESENTATION_CONTEXT('MX \X\B0\X\B4\X\BC\X\FC_\X\A8\X\B9_\X\A1\X\A71
 (7) <1>','COMPONENT_PART')
);
#16885=(
GEOMETRIC_REPRESENTATION_CONTEXT(3)
GLOBAL_UNCERTAINTY_ASSIGNED_CONTEXT((#16944))
GLOBAL_UNIT_ASSIGNED_CONTEXT((#16955,#16954,#16953))
REPRESENTATION_CONTEXT('D_DO-35_SOD27_P7.62mm_Horizontal (13) <1>',
'COMPONENT_PART')
);
#16886=(
GEOMETRIC_REPRESENTATION_CONTEXT(3)
GLOBAL_UNCERTAINTY_ASSIGNED_CONTEXT((#16945))
GLOBAL_UNIT_ASSIGNED_CONTEXT((#16955,#16954,#16953))
REPRESENTATION_CONTEXT('D_DO-35_SOD27_P7.62mm_Horizontal (2) <1>',
'COMPONENT_PART')
);
#16887=(
GEOMETRIC_REPRESENTATION_CONTEXT(3)
GLOBAL_UNCERTAINTY_ASSIGNED_CONTEXT((#16946))
GLOBAL_UNIT_ASSIGNED_CONTEXT((#16955,#16954,#16953))
REPRESENTATION_CONTEXT('MX (15) <1>','COMPONENT_PART')
);
#16888=(
GEOMETRIC_REPRESENTATION_CONTEXT(3)
GLOBAL_UNCERTAINTY_ASSIGNED_CONTEXT((#16947))
GLOBAL_UNIT_ASSIGNED_CONTEXT((#16955,#16954,#16953))
REPRESENTATION_CONTEXT('MX \X\B0\X\B4\X\BC\X\FC_\X\A8\X\B9_\X\A1\X\A71
 (15) <1>','COMPONENT_PART')
);
#16889=(
GEOMETRIC_REPRESENTATION_CONTEXT(3)
GLOBAL_UNCERTAINTY_ASSIGNED_CONTEXT((#16948))
GLOBAL_UNIT_ASSIGNED_CONTEXT((#16955,#16954,#16953))
REPRESENTATION_CONTEXT('MX (6) <1>','COMPONENT_PART')
);
#16890=(
GEOMETRIC_REPRESENTATION_CONTEXT(3)
GLOBAL_UNCERTAINTY_ASSIGNED_CONTEXT((#16949))
GLOBAL_UNIT_ASSIGNED_CONTEXT((#16955,#16954,#16953))
REPRESENTATION_CONTEXT('MX \X\B0\X\B4\X\BC\X\FC_\X\A8\X\B9_\X\A1\X\A71
 (6) <1>','COMPONENT_PART')
);
#16891=(
GEOMETRIC_REPRESENTATION_CONTEXT(3)
GLOBAL_UNCERTAINTY_ASSIGNED_CONTEXT((#16950))
GLOBAL_UNIT_ASSIGNED_CONTEXT((#16955,#16954,#16953))
REPRESENTATION_CONTEXT('D_DO-35_SOD27_P7.62mm_Horizontal (14) <1>',
'COMPONENT_PART')
);
#16892=(
GEOMETRIC_REPRESENTATION_CONTEXT(3)
GLOBAL_UNCERTAINTY_ASSIGNED_CONTEXT((#16951))
GLOBAL_UNIT_ASSIGNED_CONTEXT((#16955,#16954,#16953))
REPRESENTATION_CONTEXT('D_DO-35_SOD27_P7.62mm_Horizontal <1>',
'COMPONENT_PART')
);
#16893=(
GEOMETRIC_REPRESENTATION_CONTEXT(3)
GLOBAL_UNCERTAINTY_ASSIGNED_CONTEXT((#16952))
GLOBAL_UNIT_ASSIGNED_CONTEXT((#16955,#16954,#16953))
REPRESENTATION_CONTEXT('D_DO-35_SOD27_P7.62mm_Horizontal (3) <1>',
'COMPONENT_PART')
);
#16894=UNCERTAINTY_MEASURE_WITH_UNIT(LENGTH_MEASURE(1.E-8),#16955,
'DISTANCE_ACCURACY_VALUE','Maximum Tolerance applied to model');
#16895=UNCERTAINTY_MEASURE_WITH_UNIT(LENGTH_MEASURE(1.E-8),#16955,
'DISTANCE_ACCURACY_VALUE','Maximum Tolerance applied to model');
#16896=UNCERTAINTY_MEASURE_WITH_UNIT(LENGTH_MEASURE(2.E-5),#16955,
'DISTANCE_ACCURACY_VALUE','Maximum Tolerance applied to model');
#16897=UNCERTAINTY_MEASURE_WITH_UNIT(LENGTH_MEASURE(1.E-8),#16955,
'DISTANCE_ACCURACY_VALUE','Maximum Tolerance applied to model');
#16898=UNCERTAINTY_MEASURE_WITH_UNIT(LENGTH_MEASURE(1.E-8),#16955,
'DISTANCE_ACCURACY_VALUE','Maximum Tolerance applied to model');
#16899=UNCERTAINTY_MEASURE_WITH_UNIT(LENGTH_MEASURE(1.E-8),#16955,
'DISTANCE_ACCURACY_VALUE','Maximum Tolerance applied to model');
#16900=UNCERTAINTY_MEASURE_WITH_UNIT(LENGTH_MEASURE(2.E-5),#16955,
'DISTANCE_ACCURACY_VALUE','Maximum Tolerance applied to model');
#16901=UNCERTAINTY_MEASURE_WITH_UNIT(LENGTH_MEASURE(1.E-8),#16955,
'DISTANCE_ACCURACY_VALUE','Maximum Tolerance applied to model');
#16902=UNCERTAINTY_MEASURE_WITH_UNIT(LENGTH_MEASURE(1.E-8),#16955,
'DISTANCE_ACCURACY_VALUE','Maximum Tolerance applied to model');
#16903=UNCERTAINTY_MEASURE_WITH_UNIT(LENGTH_MEASURE(1.E-8),#16955,
'DISTANCE_ACCURACY_VALUE','Maximum Tolerance applied to model');
#16904=UNCERTAINTY_MEASURE_WITH_UNIT(LENGTH_MEASURE(1.E-8),#16955,
'DISTANCE_ACCURACY_VALUE','Maximum Tolerance applied to model');
#16905=UNCERTAINTY_MEASURE_WITH_UNIT(LENGTH_MEASURE(1.E-8),#16955,
'DISTANCE_ACCURACY_VALUE','Maximum Tolerance applied to model');
#16906=UNCERTAINTY_MEASURE_WITH_UNIT(LENGTH_MEASURE(1.E-8),#16955,
'DISTANCE_ACCURACY_VALUE','Maximum Tolerance applied to model');
#16907=UNCERTAINTY_MEASURE_WITH_UNIT(LENGTH_MEASURE(1.E-8),#16955,
'DISTANCE_ACCURACY_VALUE','Maximum Tolerance applied to model');
#16908=UNCERTAINTY_MEASURE_WITH_UNIT(LENGTH_MEASURE(1.E-8),#16955,
'DISTANCE_ACCURACY_VALUE','Maximum Tolerance applied to model');
#16909=UNCERTAINTY_MEASURE_WITH_UNIT(LENGTH_MEASURE(1.E-8),#16955,
'DISTANCE_ACCURACY_VALUE','Maximum Tolerance applied to model');
#16910=UNCERTAINTY_MEASURE_WITH_UNIT(LENGTH_MEASURE(1.E-8),#16955,
'DISTANCE_ACCURACY_VALUE','Maximum Tolerance applied to model');
#16911=UNCERTAINTY_MEASURE_WITH_UNIT(LENGTH_MEASURE(1.E-8),#16955,
'DISTANCE_ACCURACY_VALUE','Maximum Tolerance applied to model');
#16912=UNCERTAINTY_MEASURE_WITH_UNIT(LENGTH_MEASURE(1.E-8),#16955,
'DISTANCE_ACCURACY_VALUE','Maximum Tolerance applied to model');
#16913=UNCERTAINTY_MEASURE_WITH_UNIT(LENGTH_MEASURE(1.E-8),#16955,
'DISTANCE_ACCURACY_VALUE','Maximum Tolerance applied to model');
#16914=UNCERTAINTY_MEASURE_WITH_UNIT(LENGTH_MEASURE(1.E-8),#16955,
'DISTANCE_ACCURACY_VALUE','Maximum Tolerance applied to model');
#16915=UNCERTAINTY_MEASURE_WITH_UNIT(LENGTH_MEASURE(1.E-8),#16955,
'DISTANCE_ACCURACY_VALUE','Maximum Tolerance applied to model');
#16916=UNCERTAINTY_MEASURE_WITH_UNIT(LENGTH_MEASURE(1.E-8),#16955,
'DISTANCE_ACCURACY_VALUE','Maximum Tolerance applied to model');
#16917=UNCERTAINTY_MEASURE_WITH_UNIT(LENGTH_MEASURE(1.E-8),#16955,
'DISTANCE_ACCURACY_VALUE','Maximum Tolerance applied to model');
#16918=UNCERTAINTY_MEASURE_WITH_UNIT(LENGTH_MEASURE(2.E-5),#16955,
'DISTANCE_ACCURACY_VALUE','Maximum Tolerance applied to model');
#16919=UNCERTAINTY_MEASURE_WITH_UNIT(LENGTH_MEASURE(1.E-8),#16955,
'DISTANCE_ACCURACY_VALUE','Maximum Tolerance applied to model');
#16920=UNCERTAINTY_MEASURE_WITH_UNIT(LENGTH_MEASURE(1.E-8),#16955,
'DISTANCE_ACCURACY_VALUE','Maximum Tolerance applied to model');
#16921=UNCERTAINTY_MEASURE_WITH_UNIT(LENGTH_MEASURE(1.E-8),#16955,
'DISTANCE_ACCURACY_VALUE','Maximum Tolerance applied to model');
#16922=UNCERTAINTY_MEASURE_WITH_UNIT(LENGTH_MEASURE(1.E-8),#16955,
'DISTANCE_ACCURACY_VALUE','Maximum Tolerance applied to model');
#16923=UNCERTAINTY_MEASURE_WITH_UNIT(LENGTH_MEASURE(1.E-8),#16955,
'DISTANCE_ACCURACY_VALUE','Maximum Tolerance applied to model');
#16924=UNCERTAINTY_MEASURE_WITH_UNIT(LENGTH_MEASURE(1.E-8),#16955,
'DISTANCE_ACCURACY_VALUE','Maximum Tolerance applied to model');
#16925=UNCERTAINTY_MEASURE_WITH_UNIT(LENGTH_MEASURE(1.E-8),#16955,
'DISTANCE_ACCURACY_VALUE','Maximum Tolerance applied to model');
#16926=UNCERTAINTY_MEASURE_WITH_UNIT(LENGTH_MEASURE(1.E-8),#16955,
'DISTANCE_ACCURACY_VALUE','Maximum Tolerance applied to model');
#16927=UNCERTAINTY_MEASURE_WITH_UNIT(LENGTH_MEASURE(1.E-8),#16955,
'DISTANCE_ACCURACY_VALUE','Maximum Tolerance applied to model');
#16928=UNCERTAINTY_MEASURE_WITH_UNIT(LENGTH_MEASURE(2.E-5),#16955,
'DISTANCE_ACCURACY_VALUE','Maximum Tolerance applied to model');
#16929=UNCERTAINTY_MEASURE_WITH_UNIT(LENGTH_MEASURE(1.E-8),#16955,
'DISTANCE_ACCURACY_VALUE','Maximum Tolerance applied to model');
#16930=UNCERTAINTY_MEASURE_WITH_UNIT(LENGTH_MEASURE(1.E-8),#16955,
'DISTANCE_ACCURACY_VALUE','Maximum Tolerance applied to model');
#16931=UNCERTAINTY_MEASURE_WITH_UNIT(LENGTH_MEASURE(1.E-8),#16955,
'DISTANCE_ACCURACY_VALUE','Maximum Tolerance applied to model');
#16932=UNCERTAINTY_MEASURE_WITH_UNIT(LENGTH_MEASURE(1.E-8),#16955,
'DISTANCE_ACCURACY_VALUE','Maximum Tolerance applied to model');
#16933=UNCERTAINTY_MEASURE_WITH_UNIT(LENGTH_MEASURE(1.E-8),#16955,
'DISTANCE_ACCURACY_VALUE','Maximum Tolerance applied to model');
#16934=UNCERTAINTY_MEASURE_WITH_UNIT(LENGTH_MEASURE(1.E-8),#16955,
'DISTANCE_ACCURACY_VALUE','Maximum Tolerance applied to model');
#16935=UNCERTAINTY_MEASURE_WITH_UNIT(LENGTH_MEASURE(1.E-8),#16955,
'DISTANCE_ACCURACY_VALUE','Maximum Tolerance applied to model');
#16936=UNCERTAINTY_MEASURE_WITH_UNIT(LENGTH_MEASURE(1.E-8),#16955,
'DISTANCE_ACCURACY_VALUE','Maximum Tolerance applied to model');
#16937=UNCERTAINTY_MEASURE_WITH_UNIT(LENGTH_MEASURE(1.E-8),#16955,
'DISTANCE_ACCURACY_VALUE','Maximum Tolerance applied to model');
#16938=UNCERTAINTY_MEASURE_WITH_UNIT(LENGTH_MEASURE(1.E-8),#16955,
'DISTANCE_ACCURACY_VALUE','Maximum Tolerance applied to model');
#16939=UNCERTAINTY_MEASURE_WITH_UNIT(LENGTH_MEASURE(1.E-8),#16955,
'DISTANCE_ACCURACY_VALUE','Maximum Tolerance applied to model');
#16940=UNCERTAINTY_MEASURE_WITH_UNIT(LENGTH_MEASURE(1.E-8),#16955,
'DISTANCE_ACCURACY_VALUE','Maximum Tolerance applied to model');
#16941=UNCERTAINTY_MEASURE_WITH_UNIT(LENGTH_MEASURE(1.E-8),#16955,
'DISTANCE_ACCURACY_VALUE','Maximum Tolerance applied to model');
#16942=UNCERTAINTY_MEASURE_WITH_UNIT(LENGTH_MEASURE(1.E-8),#16955,
'DISTANCE_ACCURACY_VALUE','Maximum Tolerance applied to model');
#16943=UNCERTAINTY_MEASURE_WITH_UNIT(LENGTH_MEASURE(1.E-8),#16955,
'DISTANCE_ACCURACY_VALUE','Maximum Tolerance applied to model');
#16944=UNCERTAINTY_MEASURE_WITH_UNIT(LENGTH_MEASURE(1.E-8),#16955,
'DISTANCE_ACCURACY_VALUE','Maximum Tolerance applied to model');
#16945=UNCERTAINTY_MEASURE_WITH_UNIT(LENGTH_MEASURE(1.E-8),#16955,
'DISTANCE_ACCURACY_VALUE','Maximum Tolerance applied to model');
#16946=UNCERTAINTY_MEASURE_WITH_UNIT(LENGTH_MEASURE(1.E-8),#16955,
'DISTANCE_ACCURACY_VALUE','Maximum Tolerance applied to model');
#16947=UNCERTAINTY_MEASURE_WITH_UNIT(LENGTH_MEASURE(1.E-8),#16955,
'DISTANCE_ACCURACY_VALUE','Maximum Tolerance applied to model');
#16948=UNCERTAINTY_MEASURE_WITH_UNIT(LENGTH_MEASURE(1.E-8),#16955,
'DISTANCE_ACCURACY_VALUE','Maximum Tolerance applied to model');
#16949=UNCERTAINTY_MEASURE_WITH_UNIT(LENGTH_MEASURE(1.E-8),#16955,
'DISTANCE_ACCURACY_VALUE','Maximum Tolerance applied to model');
#16950=UNCERTAINTY_MEASURE_WITH_UNIT(LENGTH_MEASURE(1.E-8),#16955,
'DISTANCE_ACCURACY_VALUE','Maximum Tolerance applied to model');
#16951=UNCERTAINTY_MEASURE_WITH_UNIT(LENGTH_MEASURE(1.E-8),#16955,
'DISTANCE_ACCURACY_VALUE','Maximum Tolerance applied to model');
#16952=UNCERTAINTY_MEASURE_WITH_UNIT(LENGTH_MEASURE(1.E-8),#16955,
'DISTANCE_ACCURACY_VALUE','Maximum Tolerance applied to model');
#16953=(
NAMED_UNIT(*)
SI_UNIT($,.STERADIAN.)
SOLID_ANGLE_UNIT()
);
#16954=(
NAMED_UNIT(*)
PLANE_ANGLE_UNIT()
SI_UNIT($,.RADIAN.)
);
#16955=(
LENGTH_UNIT()
NAMED_UNIT(*)
SI_UNIT($,.METRE.)
);
#16956=PRODUCT_DEFINITION_SHAPE('','',#17133);
#16957=PRODUCT_DEFINITION_SHAPE('','',#17134);
#16958=PRODUCT_DEFINITION_SHAPE(' ','NAUO PRDDFN',#218);
#16959=PRODUCT_DEFINITION_SHAPE('','',#17135);
#16960=PRODUCT_DEFINITION_SHAPE(' ','NAUO PRDDFN',#219);
#16961=PRODUCT_DEFINITION_SHAPE('','',#17136);
#16962=PRODUCT_DEFINITION_SHAPE('','',#17137);
#16963=PRODUCT_DEFINITION_SHAPE('','',#17138);
#16964=PRODUCT_DEFINITION_SHAPE(' ','NAUO PRDDFN',#220);
#16965=PRODUCT_DEFINITION_SHAPE('','',#17139);
#16966=PRODUCT_DEFINITION_SHAPE(' ','NAUO PRDDFN',#221);
#16967=PRODUCT_DEFINITION_SHAPE(' ','NAUO PRDDFN',#222);
#16968=PRODUCT_DEFINITION_SHAPE(' ','NAUO PRDDFN',#223);
#16969=PRODUCT_DEFINITION_SHAPE('','',#17140);
#16970=PRODUCT_DEFINITION_SHAPE('','',#17141);
#16971=PRODUCT_DEFINITION_SHAPE(' ','NAUO PRDDFN',#224);
#16972=PRODUCT_DEFINITION_SHAPE('','',#17142);
#16973=PRODUCT_DEFINITION_SHAPE(' ','NAUO PRDDFN',#225);
#16974=PRODUCT_DEFINITION_SHAPE(' ','NAUO PRDDFN',#226);
#16975=PRODUCT_DEFINITION_SHAPE('','',#17143);
#16976=PRODUCT_DEFINITION_SHAPE(' ','NAUO PRDDFN',#227);
#16977=PRODUCT_DEFINITION_SHAPE('','',#17144);
#16978=PRODUCT_DEFINITION_SHAPE('','',#17145);
#16979=PRODUCT_DEFINITION_SHAPE(' ','NAUO PRDDFN',#228);
#16980=PRODUCT_DEFINITION_SHAPE(' ','NAUO PRDDFN',#229);
#16981=PRODUCT_DEFINITION_SHAPE(' ','NAUO PRDDFN',#230);
#16982=PRODUCT_DEFINITION_SHAPE(' ','NAUO PRDDFN',#231);
#16983=PRODUCT_DEFINITION_SHAPE('','',#17146);
#16984=PRODUCT_DEFINITION_SHAPE('','',#17147);
#16985=PRODUCT_DEFINITION_SHAPE(' ','NAUO PRDDFN',#232);
#16986=PRODUCT_DEFINITION_SHAPE(' ','NAUO PRDDFN',#233);
#16987=PRODUCT_DEFINITION_SHAPE(' ','NAUO PRDDFN',#234);
#16988=PRODUCT_DEFINITION_SHAPE(' ','NAUO PRDDFN',#235);
#16989=PRODUCT_DEFINITION_SHAPE('','',#17148);
#16990=PRODUCT_DEFINITION_SHAPE('','',#17149);
#16991=PRODUCT_DEFINITION_SHAPE(' ','NAUO PRDDFN',#236);
#16992=PRODUCT_DEFINITION_SHAPE(' ','NAUO PRDDFN',#237);
#16993=PRODUCT_DEFINITION_SHAPE(' ','NAUO PRDDFN',#238);
#16994=PRODUCT_DEFINITION_SHAPE(' ','NAUO PRDDFN',#239);
#16995=PRODUCT_DEFINITION_SHAPE('','',#17150);
#16996=PRODUCT_DEFINITION_SHAPE('','',#17151);
#16997=PRODUCT_DEFINITION_SHAPE(' ','NAUO PRDDFN',#240);
#16998=PRODUCT_DEFINITION_SHAPE(' ','NAUO PRDDFN',#241);
#16999=PRODUCT_DEFINITION_SHAPE(' ','NAUO PRDDFN',#242);
#17000=PRODUCT_DEFINITION_SHAPE(' ','NAUO PRDDFN',#243);
#17001=PRODUCT_DEFINITION_SHAPE('','',#17152);
#17002=PRODUCT_DEFINITION_SHAPE('','',#17153);
#17003=PRODUCT_DEFINITION_SHAPE(' ','NAUO PRDDFN',#244);
#17004=PRODUCT_DEFINITION_SHAPE(' ','NAUO PRDDFN',#245);
#17005=PRODUCT_DEFINITION_SHAPE(' ','NAUO PRDDFN',#246);
#17006=PRODUCT_DEFINITION_SHAPE(' ','NAUO PRDDFN',#247);
#17007=PRODUCT_DEFINITION_SHAPE('','',#17154);
#17008=PRODUCT_DEFINITION_SHAPE(' ','NAUO PRDDFN',#248);
#17009=PRODUCT_DEFINITION_SHAPE(' ','NAUO PRDDFN',#249);
#17010=PRODUCT_DEFINITION_SHAPE(' ','NAUO PRDDFN',#250);
#17011=PRODUCT_DEFINITION_SHAPE('','',#17155);
#17012=PRODUCT_DEFINITION_SHAPE('','',#17156);
#17013=PRODUCT_DEFINITION_SHAPE(' ','NAUO PRDDFN',#251);
#17014=PRODUCT_DEFINITION_SHAPE(' ','NAUO PRDDFN',#252);
#17015=PRODUCT_DEFINITION_SHAPE(' ','NAUO PRDDFN',#253);
#17016=PRODUCT_DEFINITION_SHAPE(' ','NAUO PRDDFN',#254);
#17017=PRODUCT_DEFINITION_SHAPE('','',#17157);
#17018=PRODUCT_DEFINITION_SHAPE(' ','NAUO PRDDFN',#255);
#17019=PRODUCT_DEFINITION_SHAPE('','',#17158);
#17020=PRODUCT_DEFINITION_SHAPE(' ','NAUO PRDDFN',#256);
#17021=PRODUCT_DEFINITION_SHAPE(' ','NAUO PRDDFN',#257);
#17022=PRODUCT_DEFINITION_SHAPE(' ','NAUO PRDDFN',#258);
#17023=PRODUCT_DEFINITION_SHAPE('','',#17159);
#17024=PRODUCT_DEFINITION_SHAPE(' ','NAUO PRDDFN',#259);
#17025=PRODUCT_DEFINITION_SHAPE(' ','NAUO PRDDFN',#260);
#17026=PRODUCT_DEFINITION_SHAPE(' ','NAUO PRDDFN',#261);
#17027=PRODUCT_DEFINITION_SHAPE('','',#17160);
#17028=PRODUCT_DEFINITION_SHAPE('','',#17161);
#17029=PRODUCT_DEFINITION_SHAPE(' ','NAUO PRDDFN',#262);
#17030=PRODUCT_DEFINITION_SHAPE(' ','NAUO PRDDFN',#263);
#17031=PRODUCT_DEFINITION_SHAPE(' ','NAUO PRDDFN',#264);
#17032=PRODUCT_DEFINITION_SHAPE(' ','NAUO PRDDFN',#265);
#17033=PRODUCT_DEFINITION_SHAPE('','',#17162);
#17034=PRODUCT_DEFINITION_SHAPE(' ','NAUO PRDDFN',#266);
#17035=PRODUCT_DEFINITION_SHAPE(' ','NAUO PRDDFN',#267);
#17036=PRODUCT_DEFINITION_SHAPE(' ','NAUO PRDDFN',#268);
#17037=PRODUCT_DEFINITION_SHAPE('','',#17163);
#17038=PRODUCT_DEFINITION_SHAPE('','',#17164);
#17039=PRODUCT_DEFINITION_SHAPE(' ','NAUO PRDDFN',#269);
#17040=PRODUCT_DEFINITION_SHAPE(' ','NAUO PRDDFN',#270);
#17041=PRODUCT_DEFINITION_SHAPE(' ','NAUO PRDDFN',#271);
#17042=PRODUCT_DEFINITION_SHAPE(' ','NAUO PRDDFN',#272);
#17043=PRODUCT_DEFINITION_SHAPE('','',#17165);
#17044=PRODUCT_DEFINITION_SHAPE(' ','NAUO PRDDFN',#273);
#17045=PRODUCT_DEFINITION_SHAPE(' ','NAUO PRDDFN',#274);
#17046=PRODUCT_DEFINITION_SHAPE(' ','NAUO PRDDFN',#275);
#17047=PRODUCT_DEFINITION_SHAPE('','',#17166);
#17048=PRODUCT_DEFINITION_SHAPE('','',#17167);
#17049=PRODUCT_DEFINITION_SHAPE(' ','NAUO PRDDFN',#276);
#17050=PRODUCT_DEFINITION_SHAPE(' ','NAUO PRDDFN',#277);
#17051=PRODUCT_DEFINITION_SHAPE('','',#17168);
#17052=PRODUCT_DEFINITION_SHAPE(' ','NAUO PRDDFN',#278);
#17053=PRODUCT_DEFINITION_SHAPE(' ','NAUO PRDDFN',#279);
#17054=PRODUCT_DEFINITION_SHAPE(' ','NAUO PRDDFN',#280);
#17055=PRODUCT_DEFINITION_SHAPE('','',#17169);
#17056=PRODUCT_DEFINITION_SHAPE('','',#17170);
#17057=PRODUCT_DEFINITION_SHAPE(' ','NAUO PRDDFN',#281);
#17058=PRODUCT_DEFINITION_SHAPE(' ','NAUO PRDDFN',#282);
#17059=PRODUCT_DEFINITION_SHAPE(' ','NAUO PRDDFN',#283);
#17060=PRODUCT_DEFINITION_SHAPE(' ','NAUO PRDDFN',#284);
#17061=PRODUCT_DEFINITION_SHAPE('','',#17171);
#17062=PRODUCT_DEFINITION_SHAPE('','',#17172);
#17063=PRODUCT_DEFINITION_SHAPE(' ','NAUO PRDDFN',#285);
#17064=PRODUCT_DEFINITION_SHAPE(' ','NAUO PRDDFN',#286);
#17065=PRODUCT_DEFINITION_SHAPE(' ','NAUO PRDDFN',#287);
#17066=PRODUCT_DEFINITION_SHAPE(' ','NAUO PRDDFN',#288);
#17067=PRODUCT_DEFINITION_SHAPE('','',#17173);
#17068=PRODUCT_DEFINITION_SHAPE(' ','NAUO PRDDFN',#289);
#17069=PRODUCT_DEFINITION_SHAPE(' ','NAUO PRDDFN',#290);
#17070=PRODUCT_DEFINITION_SHAPE(' ','NAUO PRDDFN',#291);
#17071=PRODUCT_DEFINITION_SHAPE('','',#17174);
#17072=PRODUCT_DEFINITION_SHAPE(' ','NAUO PRDDFN',#292);
#17073=PRODUCT_DEFINITION_SHAPE(' ','NAUO PRDDFN',#293);
#17074=PRODUCT_DEFINITION_SHAPE(' ','NAUO PRDDFN',#294);
#17075=PRODUCT_DEFINITION_SHAPE('','',#17175);
#17076=PRODUCT_DEFINITION_SHAPE(' ','NAUO PRDDFN',#295);
#17077=PRODUCT_DEFINITION_SHAPE(' ','NAUO PRDDFN',#296);
#17078=PRODUCT_DEFINITION_SHAPE(' ','NAUO PRDDFN',#297);
#17079=PRODUCT_DEFINITION_SHAPE('','',#17176);
#17080=PRODUCT_DEFINITION_SHAPE('','',#17177);
#17081=PRODUCT_DEFINITION_SHAPE(' ','NAUO PRDDFN',#298);
#17082=PRODUCT_DEFINITION_SHAPE(' ','NAUO PRDDFN',#299);
#17083=PRODUCT_DEFINITION_SHAPE(' ','NAUO PRDDFN',#300);
#17084=PRODUCT_DEFINITION_SHAPE(' ','NAUO PRDDFN',#301);
#17085=PRODUCT_DEFINITION_SHAPE('','',#17178);
#17086=PRODUCT_DEFINITION_SHAPE(' ','NAUO PRDDFN',#302);
#17087=PRODUCT_DEFINITION_SHAPE(' ','NAUO PRDDFN',#303);
#17088=PRODUCT_DEFINITION_SHAPE(' ','NAUO PRDDFN',#304);
#17089=PRODUCT_DEFINITION_SHAPE('','',#17179);
#17090=PRODUCT_DEFINITION_SHAPE('','',#17180);
#17091=PRODUCT_DEFINITION_SHAPE(' ','NAUO PRDDFN',#305);
#17092=PRODUCT_DEFINITION_SHAPE(' ','NAUO PRDDFN',#306);
#17093=PRODUCT_DEFINITION_SHAPE(' ','NAUO PRDDFN',#307);
#17094=PRODUCT_DEFINITION_SHAPE(' ','NAUO PRDDFN',#308);
#17095=PRODUCT_DEFINITION_SHAPE('','',#17181);
#17096=PRODUCT_DEFINITION_SHAPE('','',#17182);
#17097=PRODUCT_DEFINITION_SHAPE(' ','NAUO PRDDFN',#309);
#17098=PRODUCT_DEFINITION_SHAPE(' ','NAUO PRDDFN',#310);
#17099=PRODUCT_DEFINITION_SHAPE(' ','NAUO PRDDFN',#311);
#17100=PRODUCT_DEFINITION_SHAPE(' ','NAUO PRDDFN',#312);
#17101=PRODUCT_DEFINITION_SHAPE('','',#17183);
#17102=PRODUCT_DEFINITION_SHAPE(' ','NAUO PRDDFN',#313);
#17103=PRODUCT_DEFINITION_SHAPE(' ','NAUO PRDDFN',#314);
#17104=PRODUCT_DEFINITION_SHAPE(' ','NAUO PRDDFN',#315);
#17105=PRODUCT_DEFINITION_SHAPE('','',#17184);
#17106=PRODUCT_DEFINITION_SHAPE(' ','NAUO PRDDFN',#316);
#17107=PRODUCT_DEFINITION_SHAPE(' ','NAUO PRDDFN',#317);
#17108=PRODUCT_DEFINITION_SHAPE(' ','NAUO PRDDFN',#318);
#17109=PRODUCT_DEFINITION_SHAPE('','',#17185);
#17110=PRODUCT_DEFINITION_SHAPE('','',#17186);
#17111=PRODUCT_DEFINITION_SHAPE(' ','NAUO PRDDFN',#319);
#17112=PRODUCT_DEFINITION_SHAPE(' ','NAUO PRDDFN',#320);
#17113=PRODUCT_DEFINITION_SHAPE(' ','NAUO PRDDFN',#321);
#17114=PRODUCT_DEFINITION_SHAPE(' ','NAUO PRDDFN',#322);
#17115=PRODUCT_DEFINITION_SHAPE('','',#17187);
#17116=PRODUCT_DEFINITION_SHAPE('','',#17188);
#17117=PRODUCT_DEFINITION_SHAPE(' ','NAUO PRDDFN',#323);
#17118=PRODUCT_DEFINITION_SHAPE(' ','NAUO PRDDFN',#324);
#17119=PRODUCT_DEFINITION_SHAPE(' ','NAUO PRDDFN',#325);
#17120=PRODUCT_DEFINITION_SHAPE(' ','NAUO PRDDFN',#326);
#17121=PRODUCT_DEFINITION_SHAPE('','',#17189);
#17122=PRODUCT_DEFINITION_SHAPE(' ','NAUO PRDDFN',#327);
#17123=PRODUCT_DEFINITION_SHAPE(' ','NAUO PRDDFN',#328);
#17124=PRODUCT_DEFINITION_SHAPE(' ','NAUO PRDDFN',#329);
#17125=PRODUCT_DEFINITION_SHAPE('','',#17190);
#17126=PRODUCT_DEFINITION_SHAPE(' ','NAUO PRDDFN',#330);
#17127=PRODUCT_DEFINITION_SHAPE(' ','NAUO PRDDFN',#331);
#17128=PRODUCT_DEFINITION_SHAPE(' ','NAUO PRDDFN',#332);
#17129=PRODUCT_DEFINITION_SHAPE('','',#17191);
#17130=PRODUCT_DEFINITION_SHAPE(' ','NAUO PRDDFN',#333);
#17131=PRODUCT_DEFINITION_SHAPE(' ','NAUO PRDDFN',#334);
#17132=PRODUCT_DEFINITION_SHAPE(' ','NAUO PRDDFN',#335);
#17133=PRODUCT_DEFINITION('','',#17251,#17192);
#17134=PRODUCT_DEFINITION('','',#17252,#17193);
#17135=PRODUCT_DEFINITION('','',#17253,#17194);
#17136=PRODUCT_DEFINITION('','',#17254,#17195);
#17137=PRODUCT_DEFINITION('','',#17255,#17196);
#17138=PRODUCT_DEFINITION('','',#17256,#17197);
#17139=PRODUCT_DEFINITION('','',#17257,#17198);
#17140=PRODUCT_DEFINITION('','',#17258,#17199);
#17141=PRODUCT_DEFINITION('','',#17259,#17200);
#17142=PRODUCT_DEFINITION('','',#17260,#17201);
#17143=PRODUCT_DEFINITION('','',#17261,#17202);
#17144=PRODUCT_DEFINITION('','',#17262,#17203);
#17145=PRODUCT_DEFINITION('','',#17263,#17204);
#17146=PRODUCT_DEFINITION('','',#17264,#17205);
#17147=PRODUCT_DEFINITION('','',#17265,#17206);
#17148=PRODUCT_DEFINITION('','',#17266,#17207);
#17149=PRODUCT_DEFINITION('','',#17267,#17208);
#17150=PRODUCT_DEFINITION('','',#17268,#17209);
#17151=PRODUCT_DEFINITION('','',#17269,#17210);
#17152=PRODUCT_DEFINITION('','',#17270,#17211);
#17153=PRODUCT_DEFINITION('','',#17271,#17212);
#17154=PRODUCT_DEFINITION('','',#17272,#17213);
#17155=PRODUCT_DEFINITION('','',#17273,#17214);
#17156=PRODUCT_DEFINITION('','',#17274,#17215);
#17157=PRODUCT_DEFINITION('','',#17275,#17216);
#17158=PRODUCT_DEFINITION('','',#17276,#17217);
#17159=PRODUCT_DEFINITION('','',#17277,#17218);
#17160=PRODUCT_DEFINITION('','',#17278,#17219);
#17161=PRODUCT_DEFINITION('','',#17279,#17220);
#17162=PRODUCT_DEFINITION('','',#17280,#17221);
#17163=PRODUCT_DEFINITION('','',#17281,#17222);
#17164=PRODUCT_DEFINITION('','',#17282,#17223);
#17165=PRODUCT_DEFINITION('','',#17283,#17224);
#17166=PRODUCT_DEFINITION('','',#17284,#17225);
#17167=PRODUCT_DEFINITION('','',#17285,#17226);
#17168=PRODUCT_DEFINITION('','',#17286,#17227);
#17169=PRODUCT_DEFINITION('','',#17287,#17228);
#17170=PRODUCT_DEFINITION('','',#17288,#17229);
#17171=PRODUCT_DEFINITION('','',#17289,#17230);
#17172=PRODUCT_DEFINITION('','',#17290,#17231);
#17173=PRODUCT_DEFINITION('','',#17291,#17232);
#17174=PRODUCT_DEFINITION('','',#17292,#17233);
#17175=PRODUCT_DEFINITION('','',#17293,#17234);
#17176=PRODUCT_DEFINITION('','',#17294,#17235);
#17177=PRODUCT_DEFINITION('','',#17295,#17236);
#17178=PRODUCT_DEFINITION('','',#17296,#17237);
#17179=PRODUCT_DEFINITION('','',#17297,#17238);
#17180=PRODUCT_DEFINITION('','',#17298,#17239);
#17181=PRODUCT_DEFINITION('','',#17299,#17240);
#17182=PRODUCT_DEFINITION('','',#17300,#17241);
#17183=PRODUCT_DEFINITION('','',#17301,#17242);
#17184=PRODUCT_DEFINITION('','',#17302,#17243);
#17185=PRODUCT_DEFINITION('','',#17303,#17244);
#17186=PRODUCT_DEFINITION('','',#17304,#17245);
#17187=PRODUCT_DEFINITION('','',#17305,#17246);
#17188=PRODUCT_DEFINITION('','',#17306,#17247);
#17189=PRODUCT_DEFINITION('','',#17307,#17248);
#17190=PRODUCT_DEFINITION('','',#17308,#17249);
#17191=PRODUCT_DEFINITION('','',#17309,#17250);
#17192=PRODUCT_DEFINITION_CONTEXT('',#17547,'design');
#17193=PRODUCT_DEFINITION_CONTEXT('',#17547,'design');
#17194=PRODUCT_DEFINITION_CONTEXT('',#17547,'design');
#17195=PRODUCT_DEFINITION_CONTEXT('',#17547,'design');
#17196=PRODUCT_DEFINITION_CONTEXT('',#17547,'design');
#17197=PRODUCT_DEFINITION_CONTEXT('',#17547,'design');
#17198=PRODUCT_DEFINITION_CONTEXT('',#17547,'design');
#17199=PRODUCT_DEFINITION_CONTEXT('',#17547,'design');
#17200=PRODUCT_DEFINITION_CONTEXT('',#17547,'design');
#17201=PRODUCT_DEFINITION_CONTEXT('',#17547,'design');
#17202=PRODUCT_DEFINITION_CONTEXT('',#17547,'design');
#17203=PRODUCT_DEFINITION_CONTEXT('',#17547,'design');
#17204=PRODUCT_DEFINITION_CONTEXT('',#17547,'design');
#17205=PRODUCT_DEFINITION_CONTEXT('',#17547,'design');
#17206=PRODUCT_DEFINITION_CONTEXT('',#17547,'design');
#17207=PRODUCT_DEFINITION_CONTEXT('',#17547,'design');
#17208=PRODUCT_DEFINITION_CONTEXT('',#17547,'design');
#17209=PRODUCT_DEFINITION_CONTEXT('',#17547,'design');
#17210=PRODUCT_DEFINITION_CONTEXT('',#17547,'design');
#17211=PRODUCT_DEFINITION_CONTEXT('',#17547,'design');
#17212=PRODUCT_DEFINITION_CONTEXT('',#17547,'design');
#17213=PRODUCT_DEFINITION_CONTEXT('',#17547,'design');
#17214=PRODUCT_DEFINITION_CONTEXT('',#17547,'design');
#17215=PRODUCT_DEFINITION_CONTEXT('',#17547,'design');
#17216=PRODUCT_DEFINITION_CONTEXT('',#17547,'design');
#17217=PRODUCT_DEFINITION_CONTEXT('',#17547,'design');
#17218=PRODUCT_DEFINITION_CONTEXT('',#17547,'design');
#17219=PRODUCT_DEFINITION_CONTEXT('',#17547,'design');
#17220=PRODUCT_DEFINITION_CONTEXT('',#17547,'design');
#17221=PRODUCT_DEFINITION_CONTEXT('',#17547,'design');
#17222=PRODUCT_DEFINITION_CONTEXT('',#17547,'design');
#17223=PRODUCT_DEFINITION_CONTEXT('',#17547,'design');
#17224=PRODUCT_DEFINITION_CONTEXT('',#17547,'design');
#17225=PRODUCT_DEFINITION_CONTEXT('',#17547,'design');
#17226=PRODUCT_DEFINITION_CONTEXT('',#17547,'design');
#17227=PRODUCT_DEFINITION_CONTEXT('',#17547,'design');
#17228=PRODUCT_DEFINITION_CONTEXT('',#17547,'design');
#17229=PRODUCT_DEFINITION_CONTEXT('',#17547,'design');
#17230=PRODUCT_DEFINITION_CONTEXT('',#17547,'design');
#17231=PRODUCT_DEFINITION_CONTEXT('',#17547,'design');
#17232=PRODUCT_DEFINITION_CONTEXT('',#17547,'design');
#17233=PRODUCT_DEFINITION_CONTEXT('',#17547,'design');
#17234=PRODUCT_DEFINITION_CONTEXT('',#17547,'design');
#17235=PRODUCT_DEFINITION_CONTEXT('',#17547,'design');
#17236=PRODUCT_DEFINITION_CONTEXT('',#17547,'design');
#17237=PRODUCT_DEFINITION_CONTEXT('',#17547,'design');
#17238=PRODUCT_DEFINITION_CONTEXT('',#17547,'design');
#17239=PRODUCT_DEFINITION_CONTEXT('',#17547,'design');
#17240=PRODUCT_DEFINITION_CONTEXT('',#17547,'design');
#17241=PRODUCT_DEFINITION_CONTEXT('',#17547,'design');
#17242=PRODUCT_DEFINITION_CONTEXT('',#17547,'design');
#17243=PRODUCT_DEFINITION_CONTEXT('',#17547,'design');
#17244=PRODUCT_DEFINITION_CONTEXT('',#17547,'design');
#17245=PRODUCT_DEFINITION_CONTEXT('',#17547,'design');
#17246=PRODUCT_DEFINITION_CONTEXT('',#17547,'design');
#17247=PRODUCT_DEFINITION_CONTEXT('',#17547,'design');
#17248=PRODUCT_DEFINITION_CONTEXT('',#17547,'design');
#17249=PRODUCT_DEFINITION_CONTEXT('',#17547,'design');
#17250=PRODUCT_DEFINITION_CONTEXT('',#17547,'design');
#17251=PRODUCT_DEFINITION_FORMATION_WITH_SPECIFIED_SOURCE('','',#17369,
 .NOT_KNOWN.);
#17252=PRODUCT_DEFINITION_FORMATION_WITH_SPECIFIED_SOURCE('','',#17370,
 .NOT_KNOWN.);
#17253=PRODUCT_DEFINITION_FORMATION_WITH_SPECIFIED_SOURCE('','',#17371,
 .NOT_KNOWN.);
#17254=PRODUCT_DEFINITION_FORMATION_WITH_SPECIFIED_SOURCE('','',#17372,
 .NOT_KNOWN.);
#17255=PRODUCT_DEFINITION_FORMATION_WITH_SPECIFIED_SOURCE('','',#17373,
 .NOT_KNOWN.);
#17256=PRODUCT_DEFINITION_FORMATION_WITH_SPECIFIED_SOURCE('','',#17374,
 .NOT_KNOWN.);
#17257=PRODUCT_DEFINITION_FORMATION_WITH_SPECIFIED_SOURCE('','',#17375,
 .NOT_KNOWN.);
#17258=PRODUCT_DEFINITION_FORMATION_WITH_SPECIFIED_SOURCE('','',#17376,
 .NOT_KNOWN.);
#17259=PRODUCT_DEFINITION_FORMATION_WITH_SPECIFIED_SOURCE('','',#17377,
 .NOT_KNOWN.);
#17260=PRODUCT_DEFINITION_FORMATION_WITH_SPECIFIED_SOURCE('','',#17378,
 .NOT_KNOWN.);
#17261=PRODUCT_DEFINITION_FORMATION_WITH_SPECIFIED_SOURCE('','',#17379,
 .NOT_KNOWN.);
#17262=PRODUCT_DEFINITION_FORMATION_WITH_SPECIFIED_SOURCE('','',#17380,
 .NOT_KNOWN.);
#17263=PRODUCT_DEFINITION_FORMATION_WITH_SPECIFIED_SOURCE('','',#17381,
 .NOT_KNOWN.);
#17264=PRODUCT_DEFINITION_FORMATION_WITH_SPECIFIED_SOURCE('','',#17382,
 .NOT_KNOWN.);
#17265=PRODUCT_DEFINITION_FORMATION_WITH_SPECIFIED_SOURCE('','',#17383,
 .NOT_KNOWN.);
#17266=PRODUCT_DEFINITION_FORMATION_WITH_SPECIFIED_SOURCE('','',#17384,
 .NOT_KNOWN.);
#17267=PRODUCT_DEFINITION_FORMATION_WITH_SPECIFIED_SOURCE('','',#17385,
 .NOT_KNOWN.);
#17268=PRODUCT_DEFINITION_FORMATION_WITH_SPECIFIED_SOURCE('','',#17386,
 .NOT_KNOWN.);
#17269=PRODUCT_DEFINITION_FORMATION_WITH_SPECIFIED_SOURCE('','',#17387,
 .NOT_KNOWN.);
#17270=PRODUCT_DEFINITION_FORMATION_WITH_SPECIFIED_SOURCE('','',#17388,
 .NOT_KNOWN.);
#17271=PRODUCT_DEFINITION_FORMATION_WITH_SPECIFIED_SOURCE('','',#17389,
 .NOT_KNOWN.);
#17272=PRODUCT_DEFINITION_FORMATION_WITH_SPECIFIED_SOURCE('','',#17390,
 .NOT_KNOWN.);
#17273=PRODUCT_DEFINITION_FORMATION_WITH_SPECIFIED_SOURCE('','',#17391,
 .NOT_KNOWN.);
#17274=PRODUCT_DEFINITION_FORMATION_WITH_SPECIFIED_SOURCE('','',#17392,
 .NOT_KNOWN.);
#17275=PRODUCT_DEFINITION_FORMATION_WITH_SPECIFIED_SOURCE('','',#17393,
 .NOT_KNOWN.);
#17276=PRODUCT_DEFINITION_FORMATION_WITH_SPECIFIED_SOURCE('','',#17394,
 .NOT_KNOWN.);
#17277=PRODUCT_DEFINITION_FORMATION_WITH_SPECIFIED_SOURCE('','',#17395,
 .NOT_KNOWN.);
#17278=PRODUCT_DEFINITION_FORMATION_WITH_SPECIFIED_SOURCE('','',#17396,
 .NOT_KNOWN.);
#17279=PRODUCT_DEFINITION_FORMATION_WITH_SPECIFIED_SOURCE('','',#17397,
 .NOT_KNOWN.);
#17280=PRODUCT_DEFINITION_FORMATION_WITH_SPECIFIED_SOURCE('','',#17398,
 .NOT_KNOWN.);
#17281=PRODUCT_DEFINITION_FORMATION_WITH_SPECIFIED_SOURCE('','',#17399,
 .NOT_KNOWN.);
#17282=PRODUCT_DEFINITION_FORMATION_WITH_SPECIFIED_SOURCE('','',#17400,
 .NOT_KNOWN.);
#17283=PRODUCT_DEFINITION_FORMATION_WITH_SPECIFIED_SOURCE('','',#17401,
 .NOT_KNOWN.);
#17284=PRODUCT_DEFINITION_FORMATION_WITH_SPECIFIED_SOURCE('','',#17402,
 .NOT_KNOWN.);
#17285=PRODUCT_DEFINITION_FORMATION_WITH_SPECIFIED_SOURCE('','',#17403,
 .NOT_KNOWN.);
#17286=PRODUCT_DEFINITION_FORMATION_WITH_SPECIFIED_SOURCE('','',#17404,
 .NOT_KNOWN.);
#17287=PRODUCT_DEFINITION_FORMATION_WITH_SPECIFIED_SOURCE('','',#17405,
 .NOT_KNOWN.);
#17288=PRODUCT_DEFINITION_FORMATION_WITH_SPECIFIED_SOURCE('','',#17406,
 .NOT_KNOWN.);
#17289=PRODUCT_DEFINITION_FORMATION_WITH_SPECIFIED_SOURCE('','',#17407,
 .NOT_KNOWN.);
#17290=PRODUCT_DEFINITION_FORMATION_WITH_SPECIFIED_SOURCE('','',#17408,
 .NOT_KNOWN.);
#17291=PRODUCT_DEFINITION_FORMATION_WITH_SPECIFIED_SOURCE('','',#17409,
 .NOT_KNOWN.);
#17292=PRODUCT_DEFINITION_FORMATION_WITH_SPECIFIED_SOURCE('','',#17410,
 .NOT_KNOWN.);
#17293=PRODUCT_DEFINITION_FORMATION_WITH_SPECIFIED_SOURCE('','',#17411,
 .NOT_KNOWN.);
#17294=PRODUCT_DEFINITION_FORMATION_WITH_SPECIFIED_SOURCE('','',#17412,
 .NOT_KNOWN.);
#17295=PRODUCT_DEFINITION_FORMATION_WITH_SPECIFIED_SOURCE('','',#17413,
 .NOT_KNOWN.);
#17296=PRODUCT_DEFINITION_FORMATION_WITH_SPECIFIED_SOURCE('','',#17414,
 .NOT_KNOWN.);
#17297=PRODUCT_DEFINITION_FORMATION_WITH_SPECIFIED_SOURCE('','',#17415,
 .NOT_KNOWN.);
#17298=PRODUCT_DEFINITION_FORMATION_WITH_SPECIFIED_SOURCE('','',#17416,
 .NOT_KNOWN.);
#17299=PRODUCT_DEFINITION_FORMATION_WITH_SPECIFIED_SOURCE('','',#17417,
 .NOT_KNOWN.);
#17300=PRODUCT_DEFINITION_FORMATION_WITH_SPECIFIED_SOURCE('','',#17418,
 .NOT_KNOWN.);
#17301=PRODUCT_DEFINITION_FORMATION_WITH_SPECIFIED_SOURCE('','',#17419,
 .NOT_KNOWN.);
#17302=PRODUCT_DEFINITION_FORMATION_WITH_SPECIFIED_SOURCE('','',#17420,
 .NOT_KNOWN.);
#17303=PRODUCT_DEFINITION_FORMATION_WITH_SPECIFIED_SOURCE('','',#17421,
 .NOT_KNOWN.);
#17304=PRODUCT_DEFINITION_FORMATION_WITH_SPECIFIED_SOURCE('','',#17422,
 .NOT_KNOWN.);
#17305=PRODUCT_DEFINITION_FORMATION_WITH_SPECIFIED_SOURCE('','',#17423,
 .NOT_KNOWN.);
#17306=PRODUCT_DEFINITION_FORMATION_WITH_SPECIFIED_SOURCE('','',#17424,
 .NOT_KNOWN.);
#17307=PRODUCT_DEFINITION_FORMATION_WITH_SPECIFIED_SOURCE('','',#17425,
 .NOT_KNOWN.);
#17308=PRODUCT_DEFINITION_FORMATION_WITH_SPECIFIED_SOURCE('','',#17426,
 .NOT_KNOWN.);
#17309=PRODUCT_DEFINITION_FORMATION_WITH_SPECIFIED_SOURCE('','',#17427,
 .NOT_KNOWN.);
#17310=PRODUCT_RELATED_PRODUCT_CATEGORY('','',(#17369));
#17311=PRODUCT_RELATED_PRODUCT_CATEGORY('','',(#17370));
#17312=PRODUCT_RELATED_PRODUCT_CATEGORY('','',(#17371));
#17313=PRODUCT_RELATED_PRODUCT_CATEGORY('','',(#17372));
#17314=PRODUCT_RELATED_PRODUCT_CATEGORY('','',(#17373));
#17315=PRODUCT_RELATED_PRODUCT_CATEGORY('','',(#17374));
#17316=PRODUCT_RELATED_PRODUCT_CATEGORY('','',(#17375));
#17317=PRODUCT_RELATED_PRODUCT_CATEGORY('','',(#17376));
#17318=PRODUCT_RELATED_PRODUCT_CATEGORY('','',(#17377));
#17319=PRODUCT_RELATED_PRODUCT_CATEGORY('','',(#17378));
#17320=PRODUCT_RELATED_PRODUCT_CATEGORY('','',(#17379));
#17321=PRODUCT_RELATED_PRODUCT_CATEGORY('','',(#17380));
#17322=PRODUCT_RELATED_PRODUCT_CATEGORY('','',(#17381));
#17323=PRODUCT_RELATED_PRODUCT_CATEGORY('','',(#17382));
#17324=PRODUCT_RELATED_PRODUCT_CATEGORY('','',(#17383));
#17325=PRODUCT_RELATED_PRODUCT_CATEGORY('','',(#17384));
#17326=PRODUCT_RELATED_PRODUCT_CATEGORY('','',(#17385));
#17327=PRODUCT_RELATED_PRODUCT_CATEGORY('','',(#17386));
#17328=PRODUCT_RELATED_PRODUCT_CATEGORY('','',(#17387));
#17329=PRODUCT_RELATED_PRODUCT_CATEGORY('','',(#17388));
#17330=PRODUCT_RELATED_PRODUCT_CATEGORY('','',(#17389));
#17331=PRODUCT_RELATED_PRODUCT_CATEGORY('','',(#17390));
#17332=PRODUCT_RELATED_PRODUCT_CATEGORY('','',(#17391));
#17333=PRODUCT_RELATED_PRODUCT_CATEGORY('','',(#17392));
#17334=PRODUCT_RELATED_PRODUCT_CATEGORY('','',(#17393));
#17335=PRODUCT_RELATED_PRODUCT_CATEGORY('','',(#17394));
#17336=PRODUCT_RELATED_PRODUCT_CATEGORY('','',(#17395));
#17337=PRODUCT_RELATED_PRODUCT_CATEGORY('','',(#17396));
#17338=PRODUCT_RELATED_PRODUCT_CATEGORY('','',(#17397));
#17339=PRODUCT_RELATED_PRODUCT_CATEGORY('','',(#17398));
#17340=PRODUCT_RELATED_PRODUCT_CATEGORY('','',(#17399));
#17341=PRODUCT_RELATED_PRODUCT_CATEGORY('','',(#17400));
#17342=PRODUCT_RELATED_PRODUCT_CATEGORY('','',(#17401));
#17343=PRODUCT_RELATED_PRODUCT_CATEGORY('','',(#17402));
#17344=PRODUCT_RELATED_PRODUCT_CATEGORY('','',(#17403));
#17345=PRODUCT_RELATED_PRODUCT_CATEGORY('','',(#17404));
#17346=PRODUCT_RELATED_PRODUCT_CATEGORY('','',(#17405));
#17347=PRODUCT_RELATED_PRODUCT_CATEGORY('','',(#17406));
#17348=PRODUCT_RELATED_PRODUCT_CATEGORY('','',(#17407));
#17349=PRODUCT_RELATED_PRODUCT_CATEGORY('','',(#17408));
#17350=PRODUCT_RELATED_PRODUCT_CATEGORY('','',(#17409));
#17351=PRODUCT_RELATED_PRODUCT_CATEGORY('','',(#17410));
#17352=PRODUCT_RELATED_PRODUCT_CATEGORY('','',(#17411));
#17353=PRODUCT_RELATED_PRODUCT_CATEGORY('','',(#17412));
#17354=PRODUCT_RELATED_PRODUCT_CATEGORY('','',(#17413));
#17355=PRODUCT_RELATED_PRODUCT_CATEGORY('','',(#17414));
#17356=PRODUCT_RELATED_PRODUCT_CATEGORY('','',(#17415));
#17357=PRODUCT_RELATED_PRODUCT_CATEGORY('','',(#17416));
#17358=PRODUCT_RELATED_PRODUCT_CATEGORY('','',(#17417));
#17359=PRODUCT_RELATED_PRODUCT_CATEGORY('','',(#17418));
#17360=PRODUCT_RELATED_PRODUCT_CATEGORY('','',(#17419));
#17361=PRODUCT_RELATED_PRODUCT_CATEGORY('','',(#17420));
#17362=PRODUCT_RELATED_PRODUCT_CATEGORY('','',(#17421));
#17363=PRODUCT_RELATED_PRODUCT_CATEGORY('','',(#17422));
#17364=PRODUCT_RELATED_PRODUCT_CATEGORY('','',(#17423));
#17365=PRODUCT_RELATED_PRODUCT_CATEGORY('','',(#17424));
#17366=PRODUCT_RELATED_PRODUCT_CATEGORY('','',(#17425));
#17367=PRODUCT_RELATED_PRODUCT_CATEGORY('','',(#17426));
#17368=PRODUCT_RELATED_PRODUCT_CATEGORY('','',(#17427));
#17369=PRODUCT('Duskpad_pcb 1','Duskpad_pcb 1','Duskpad_pcb 1',(#17487));
#17370=PRODUCT('Duskpad_PCB','Duskpad_PCB','Duskpad_PCB',(#17488));
#17371=PRODUCT('Part 2','Part 2','Part 2',(#17489));
#17372=PRODUCT('MX (13) <1>','MX (13) <1>','MX (13) <1>',(#17490));
#17373=PRODUCT('MX \X\B0\X\B4\X\BC\X\FC_\X\A8\X\B9_\X\A1\X\A71 (13) <1
>','MX \X\B0\X\B4\X\BC\X\FC_\X\A8\X\B9_\X\A1\X\A71 (13) <1>',
'MX \X\B0\X\B4\X\BC\X\FC_\X\A8\X\B9_\X\A1\X\A71 (13) <1>',(#17491));
#17374=PRODUCT('\X2\05AB00BD011F\X0\__\X2\012C024F\X0\__\X\A8\X\A8_',
'\X2\05AB00BD011F\X0\__\X2\012C024F\X0\__\X\A8\X\A8_',
'\X2\05AB00BD011F\X0\__\X2\012C024F\X0\__\X\A8\X\A8_',(#17492));
#17375=PRODUCT('\X2\05AB00BD011F\X0\__\X2\012C024F\X0\__\X\A8\X\A8_',
'\X2\05AB00BD011F\X0\__\X2\012C024F\X0\__\X\A8\X\A8_',
'\X2\05AB00BD011F\X0\__\X2\012C024F\X0\__\X\A8\X\A8_',(#17493));
#17376=PRODUCT('D_DO-35_SOD27_P7.62mm_Horizontal (7) <1>',
'D_DO-35_SOD27_P7.62mm_Horizontal (7) <1>',
'D_DO-35_SOD27_P7.62mm_Horizontal (7) <1>',(#17494));
#17377=PRODUCT('D_DO-35_SOD27_P7.62mm_Horizontal',
'D_DO-35_SOD27_P7.62mm_Horizontal','D_DO-35_SOD27_P7.62mm_Horizontal',(#17495));
#17378=PRODUCT('D_DO-35_SOD27_P7.62mm_Horizontal',
'D_DO-35_SOD27_P7.62mm_Horizontal','D_DO-35_SOD27_P7.62mm_Horizontal',(#17496));
#17379=PRODUCT('Part 1','Part 1','Part 1',(#17497));
#17380=PRODUCT('MX (2) <1>','MX (2) <1>','MX (2) <1>',(#17498));
#17381=PRODUCT('MX \X\B0\X\B4\X\BC\X\FC_\X\A8\X\B9_\X\A1\X\A71 (2) <1>',
'MX \X\B0\X\B4\X\BC\X\FC_\X\A8\X\B9_\X\A1\X\A71 (2) <1>',
'MX \X\B0\X\B4\X\BC\X\FC_\X\A8\X\B9_\X\A1\X\A71 (2) <1>',(#17499));
#17382=PRODUCT('MX (5) <1>','MX (5) <1>','MX (5) <1>',(#17500));
#17383=PRODUCT('MX \X\B0\X\B4\X\BC\X\FC_\X\A8\X\B9_\X\A1\X\A71 (5) <1>',
'MX \X\B0\X\B4\X\BC\X\FC_\X\A8\X\B9_\X\A1\X\A71 (5) <1>',
'MX \X\B0\X\B4\X\BC\X\FC_\X\A8\X\B9_\X\A1\X\A71 (5) <1>',(#17501));
#17384=PRODUCT('MX (11) <1>','MX (11) <1>','MX (11) <1>',(#17502));
#17385=PRODUCT('MX \X\B0\X\B4\X\BC\X\FC_\X\A8\X\B9_\X\A1\X\A71 (11) <1
>','MX \X\B0\X\B4\X\BC\X\FC_\X\A8\X\B9_\X\A1\X\A71 (11) <1>',
'MX \X\B0\X\B4\X\BC\X\FC_\X\A8\X\B9_\X\A1\X\A71 (11) <1>',(#17503));
#17386=PRODUCT('MX (12) <1>','MX (12) <1>','MX (12) <1>',(#17504));
#17387=PRODUCT('MX \X\B0\X\B4\X\BC\X\FC_\X\A8\X\B9_\X\A1\X\A71 (12) <1
>','MX \X\B0\X\B4\X\BC\X\FC_\X\A8\X\B9_\X\A1\X\A71 (12) <1>',
'MX \X\B0\X\B4\X\BC\X\FC_\X\A8\X\B9_\X\A1\X\A71 (12) <1>',(#17505));
#17388=PRODUCT('MX (8) <1>','MX (8) <1>','MX (8) <1>',(#17506));
#17389=PRODUCT('MX \X\B0\X\B4\X\BC\X\FC_\X\A8\X\B9_\X\A1\X\A71 (8) <1>',
'MX \X\B0\X\B4\X\BC\X\FC_\X\A8\X\B9_\X\A1\X\A71 (8) <1>',
'MX \X\B0\X\B4\X\BC\X\FC_\X\A8\X\B9_\X\A1\X\A71 (8) <1>',(#17507));
#17390=PRODUCT('D_DO-35_SOD27_P7.62mm_Horizontal (15) <1>',
'D_DO-35_SOD27_P7.62mm_Horizontal (15) <1>',
'D_DO-35_SOD27_P7.62mm_Horizontal (15) <1>',(#17508));
#17391=PRODUCT('MX (3) <1>','MX (3) <1>','MX (3) <1>',(#17509));
#17392=PRODUCT('MX \X\B0\X\B4\X\BC\X\FC_\X\A8\X\B9_\X\A1\X\A71 (3) <1>',
'MX \X\B0\X\B4\X\BC\X\FC_\X\A8\X\B9_\X\A1\X\A71 (3) <1>',
'MX \X\B0\X\B4\X\BC\X\FC_\X\A8\X\B9_\X\A1\X\A71 (3) <1>',(#17510));
#17393=PRODUCT('Part 3','Part 3','Part 3',(#17511));
#17394=PRODUCT('D_DO-35_SOD27_P7.62mm_Horizontal (1) <1>',
'D_DO-35_SOD27_P7.62mm_Horizontal (1) <1>',
'D_DO-35_SOD27_P7.62mm_Horizontal (1) <1>',(#17512));
#17395=PRODUCT('D_DO-35_SOD27_P7.62mm_Horizontal (12) <1>',
'D_DO-35_SOD27_P7.62mm_Horizontal (12) <1>',
'D_DO-35_SOD27_P7.62mm_Horizontal (12) <1>',(#17513));
#17396=PRODUCT('MX (10) <1>','MX (10) <1>','MX (10) <1>',(#17514));
#17397=PRODUCT('MX \X\B0\X\B4\X\BC\X\FC_\X\A8\X\B9_\X\A1\X\A71 (10) <1
>','MX \X\B0\X\B4\X\BC\X\FC_\X\A8\X\B9_\X\A1\X\A71 (10) <1>',
'MX \X\B0\X\B4\X\BC\X\FC_\X\A8\X\B9_\X\A1\X\A71 (10) <1>',(#17515));
#17398=PRODUCT('D_DO-35_SOD27_P7.62mm_Horizontal (8) <1>',
'D_DO-35_SOD27_P7.62mm_Horizontal (8) <1>',
'D_DO-35_SOD27_P7.62mm_Horizontal (8) <1>',(#17516));
#17399=PRODUCT('MX (9) <1>','MX (9) <1>','MX (9) <1>',(#17517));
#17400=PRODUCT('MX \X\B0\X\B4\X\BC\X\FC_\X\A8\X\B9_\X\A1\X\A71 (9) <1>',
'MX \X\B0\X\B4\X\BC\X\FC_\X\A8\X\B9_\X\A1\X\A71 (9) <1>',
'MX \X\B0\X\B4\X\BC\X\FC_\X\A8\X\B9_\X\A1\X\A71 (9) <1>',(#17518));
#17401=PRODUCT('D_DO-35_SOD27_P7.62mm_Horizontal (10) <1>',
'D_DO-35_SOD27_P7.62mm_Horizontal (10) <1>',
'D_DO-35_SOD27_P7.62mm_Horizontal (10) <1>',(#17519));
#17402=PRODUCT('DSA 1u v2 <2>','DSA 1u v2 <2>','DSA 1u v2 <2>',(#17520));
#17403=PRODUCT('DSA 1u v2','DSA 1u v2','DSA 1u v2',(#17521));
#17404=PRODUCT('D_DO-35_SOD27_P7.62mm_Horizontal (11) <1>',
'D_DO-35_SOD27_P7.62mm_Horizontal (11) <1>',
'D_DO-35_SOD27_P7.62mm_Horizontal (11) <1>',(#17522));
#17405=PRODUCT('MX (4) <1>','MX (4) <1>','MX (4) <1>',(#17523));
#17406=PRODUCT('MX \X\B0\X\B4\X\BC\X\FC_\X\A8\X\B9_\X\A1\X\A71 (4) <1>',
'MX \X\B0\X\B4\X\BC\X\FC_\X\A8\X\B9_\X\A1\X\A71 (4) <1>',
'MX \X\B0\X\B4\X\BC\X\FC_\X\A8\X\B9_\X\A1\X\A71 (4) <1>',(#17524));
#17407=PRODUCT('MX <1>','MX <1>','MX <1>',(#17525));
#17408=PRODUCT('MX \X\B0\X\B4\X\BC\X\FC_\X\A8\X\B9_\X\A1\X\A71 <1>',
'MX \X\B0\X\B4\X\BC\X\FC_\X\A8\X\B9_\X\A1\X\A71 <1>',
'MX \X\B0\X\B4\X\BC\X\FC_\X\A8\X\B9_\X\A1\X\A71 <1>',(#17526));
#17409=PRODUCT('D_DO-35_SOD27_P7.62mm_Horizontal (5) <1>',
'D_DO-35_SOD27_P7.62mm_Horizontal (5) <1>',
'D_DO-35_SOD27_P7.62mm_Horizontal (5) <1>',(#17527));
#17410=PRODUCT('D_DO-35_SOD27_P7.62mm_Horizontal (4) <1>',
'D_DO-35_SOD27_P7.62mm_Horizontal (4) <1>',
'D_DO-35_SOD27_P7.62mm_Horizontal (4) <1>',(#17528));
#17411=PRODUCT('D_DO-35_SOD27_P7.62mm_Horizontal (6) <1>',
'D_DO-35_SOD27_P7.62mm_Horizontal (6) <1>',
'D_DO-35_SOD27_P7.62mm_Horizontal (6) <1>',(#17529));
#17412=PRODUCT('MX (14) <1>','MX (14) <1>','MX (14) <1>',(#17530));
#17413=PRODUCT('MX \X\B0\X\B4\X\BC\X\FC_\X\A8\X\B9_\X\A1\X\A71 (14) <1
>','MX \X\B0\X\B4\X\BC\X\FC_\X\A8\X\B9_\X\A1\X\A71 (14) <1>',
'MX \X\B0\X\B4\X\BC\X\FC_\X\A8\X\B9_\X\A1\X\A71 (14) <1>',(#17531));
#17414=PRODUCT('D_DO-35_SOD27_P7.62mm_Horizontal (9) <1>',
'D_DO-35_SOD27_P7.62mm_Horizontal (9) <1>',
'D_DO-35_SOD27_P7.62mm_Horizontal (9) <1>',(#17532));
#17415=PRODUCT('MX (1) <1>','MX (1) <1>','MX (1) <1>',(#17533));
#17416=PRODUCT('MX \X\B0\X\B4\X\BC\X\FC_\X\A8\X\B9_\X\A1\X\A71 (1) <1>',
'MX \X\B0\X\B4\X\BC\X\FC_\X\A8\X\B9_\X\A1\X\A71 (1) <1>',
'MX \X\B0\X\B4\X\BC\X\FC_\X\A8\X\B9_\X\A1\X\A71 (1) <1>',(#17534));
#17417=PRODUCT('MX (7) <1>','MX (7) <1>','MX (7) <1>',(#17535));
#17418=PRODUCT('MX \X\B0\X\B4\X\BC\X\FC_\X\A8\X\B9_\X\A1\X\A71 (7) <1>',
'MX \X\B0\X\B4\X\BC\X\FC_\X\A8\X\B9_\X\A1\X\A71 (7) <1>',
'MX \X\B0\X\B4\X\BC\X\FC_\X\A8\X\B9_\X\A1\X\A71 (7) <1>',(#17536));
#17419=PRODUCT('D_DO-35_SOD27_P7.62mm_Horizontal (13) <1>',
'D_DO-35_SOD27_P7.62mm_Horizontal (13) <1>',
'D_DO-35_SOD27_P7.62mm_Horizontal (13) <1>',(#17537));
#17420=PRODUCT('D_DO-35_SOD27_P7.62mm_Horizontal (2) <1>',
'D_DO-35_SOD27_P7.62mm_Horizontal (2) <1>',
'D_DO-35_SOD27_P7.62mm_Horizontal (2) <1>',(#17538));
#17421=PRODUCT('MX (15) <1>','MX (15) <1>','MX (15) <1>',(#17539));
#17422=PRODUCT('MX \X\B0\X\B4\X\BC\X\FC_\X\A8\X\B9_\X\A1\X\A71 (15) <1
>','MX \X\B0\X\B4\X\BC\X\FC_\X\A8\X\B9_\X\A1\X\A71 (15) <1>',
'MX \X\B0\X\B4\X\BC\X\FC_\X\A8\X\B9_\X\A1\X\A71 (15) <1>',(#17540));
#17423=PRODUCT('MX (6) <1>','MX (6) <1>','MX (6) <1>',(#17541));
#17424=PRODUCT('MX \X\B0\X\B4\X\BC\X\FC_\X\A8\X\B9_\X\A1\X\A71 (6) <1>',
'MX \X\B0\X\B4\X\BC\X\FC_\X\A8\X\B9_\X\A1\X\A71 (6) <1>',
'MX \X\B0\X\B4\X\BC\X\FC_\X\A8\X\B9_\X\A1\X\A71 (6) <1>',(#17542));
#17425=PRODUCT('D_DO-35_SOD27_P7.62mm_Horizontal (14) <1>',
'D_DO-35_SOD27_P7.62mm_Horizontal (14) <1>',
'D_DO-35_SOD27_P7.62mm_Horizontal (14) <1>',(#17543));
#17426=PRODUCT('D_DO-35_SOD27_P7.62mm_Horizontal <1>',
'D_DO-35_SOD27_P7.62mm_Horizontal <1>',
'D_DO-35_SOD27_P7.62mm_Horizontal <1>',(#17544));
#17427=PRODUCT('D_DO-35_SOD27_P7.62mm_Horizontal (3) <1>',
'D_DO-35_SOD27_P7.62mm_Horizontal (3) <1>',
'D_DO-35_SOD27_P7.62mm_Horizontal (3) <1>',(#17545));
#17428=PRODUCT_CATEGORY('','');
#17429=PRODUCT_CATEGORY('','');
#17430=PRODUCT_CATEGORY('','');
#17431=PRODUCT_CATEGORY('','');
#17432=PRODUCT_CATEGORY('','');
#17433=PRODUCT_CATEGORY('','');
#17434=PRODUCT_CATEGORY('','');
#17435=PRODUCT_CATEGORY('','');
#17436=PRODUCT_CATEGORY('','');
#17437=PRODUCT_CATEGORY('','');
#17438=PRODUCT_CATEGORY('','');
#17439=PRODUCT_CATEGORY('','');
#17440=PRODUCT_CATEGORY('','');
#17441=PRODUCT_CATEGORY('','');
#17442=PRODUCT_CATEGORY('','');
#17443=PRODUCT_CATEGORY('','');
#17444=PRODUCT_CATEGORY('','');
#17445=PRODUCT_CATEGORY('','');
#17446=PRODUCT_CATEGORY('','');
#17447=PRODUCT_CATEGORY('','');
#17448=PRODUCT_CATEGORY('','');
#17449=PRODUCT_CATEGORY('','');
#17450=PRODUCT_CATEGORY('','');
#17451=PRODUCT_CATEGORY('','');
#17452=PRODUCT_CATEGORY('','');
#17453=PRODUCT_CATEGORY('','');
#17454=PRODUCT_CATEGORY('','');
#17455=PRODUCT_CATEGORY('','');
#17456=PRODUCT_CATEGORY('','');
#17457=PRODUCT_CATEGORY('','');
#17458=PRODUCT_CATEGORY('','');
#17459=PRODUCT_CATEGORY('','');
#17460=PRODUCT_CATEGORY('','');
#17461=PRODUCT_CATEGORY('','');
#17462=PRODUCT_CATEGORY('','');
#17463=PRODUCT_CATEGORY('','');
#17464=PRODUCT_CATEGORY('','');
#17465=PRODUCT_CATEGORY('','');
#17466=PRODUCT_CATEGORY('','');
#17467=PRODUCT_CATEGORY('','');
#17468=PRODUCT_CATEGORY('','');
#17469=PRODUCT_CATEGORY('','');
#17470=PRODUCT_CATEGORY('','');
#17471=PRODUCT_CATEGORY('','');
#17472=PRODUCT_CATEGORY('','');
#17473=PRODUCT_CATEGORY('','');
#17474=PRODUCT_CATEGORY('','');
#17475=PRODUCT_CATEGORY('','');
#17476=PRODUCT_CATEGORY('','');
#17477=PRODUCT_CATEGORY('','');
#17478=PRODUCT_CATEGORY('','');
#17479=PRODUCT_CATEGORY('','');
#17480=PRODUCT_CATEGORY('','');
#17481=PRODUCT_CATEGORY('','');
#17482=PRODUCT_CATEGORY('','');
#17483=PRODUCT_CATEGORY('','');
#17484=PRODUCT_CATEGORY('','');
#17485=PRODUCT_CATEGORY('','');
#17486=PRODUCT_CATEGORY('','');
#17487=PRODUCT_CONTEXT('',#17547,'mechanical');
#17488=PRODUCT_CONTEXT('',#17547,'mechanical');
#17489=PRODUCT_CONTEXT('',#17547,'mechanical');
#17490=PRODUCT_CONTEXT('',#17547,'mechanical');
#17491=PRODUCT_CONTEXT('',#17547,'mechanical');
#17492=PRODUCT_CONTEXT('',#17547,'mechanical');
#17493=PRODUCT_CONTEXT('',#17547,'mechanical');
#17494=PRODUCT_CONTEXT('',#17547,'mechanical');
#17495=PRODUCT_CONTEXT('',#17547,'mechanical');
#17496=PRODUCT_CONTEXT('',#17547,'mechanical');
#17497=PRODUCT_CONTEXT('',#17547,'mechanical');
#17498=PRODUCT_CONTEXT('',#17547,'mechanical');
#17499=PRODUCT_CONTEXT('',#17547,'mechanical');
#17500=PRODUCT_CONTEXT('',#17547,'mechanical');
#17501=PRODUCT_CONTEXT('',#17547,'mechanical');
#17502=PRODUCT_CONTEXT('',#17547,'mechanical');
#17503=PRODUCT_CONTEXT('',#17547,'mechanical');
#17504=PRODUCT_CONTEXT('',#17547,'mechanical');
#17505=PRODUCT_CONTEXT('',#17547,'mechanical');
#17506=PRODUCT_CONTEXT('',#17547,'mechanical');
#17507=PRODUCT_CONTEXT('',#17547,'mechanical');
#17508=PRODUCT_CONTEXT('',#17547,'mechanical');
#17509=PRODUCT_CONTEXT('',#17547,'mechanical');
#17510=PRODUCT_CONTEXT('',#17547,'mechanical');
#17511=PRODUCT_CONTEXT('',#17547,'mechanical');
#17512=PRODUCT_CONTEXT('',#17547,'mechanical');
#17513=PRODUCT_CONTEXT('',#17547,'mechanical');
#17514=PRODUCT_CONTEXT('',#17547,'mechanical');
#17515=PRODUCT_CONTEXT('',#17547,'mechanical');
#17516=PRODUCT_CONTEXT('',#17547,'mechanical');
#17517=PRODUCT_CONTEXT('',#17547,'mechanical');
#17518=PRODUCT_CONTEXT('',#17547,'mechanical');
#17519=PRODUCT_CONTEXT('',#17547,'mechanical');
#17520=PRODUCT_CONTEXT('',#17547,'mechanical');
#17521=PRODUCT_CONTEXT('',#17547,'mechanical');
#17522=PRODUCT_CONTEXT('',#17547,'mechanical');
#17523=PRODUCT_CONTEXT('',#17547,'mechanical');
#17524=PRODUCT_CONTEXT('',#17547,'mechanical');
#17525=PRODUCT_CONTEXT('',#17547,'mechanical');
#17526=PRODUCT_CONTEXT('',#17547,'mechanical');
#17527=PRODUCT_CONTEXT('',#17547,'mechanical');
#17528=PRODUCT_CONTEXT('',#17547,'mechanical');
#17529=PRODUCT_CONTEXT('',#17547,'mechanical');
#17530=PRODUCT_CONTEXT('',#17547,'mechanical');
#17531=PRODUCT_CONTEXT('',#17547,'mechanical');
#17532=PRODUCT_CONTEXT('',#17547,'mechanical');
#17533=PRODUCT_CONTEXT('',#17547,'mechanical');
#17534=PRODUCT_CONTEXT('',#17547,'mechanical');
#17535=PRODUCT_CONTEXT('',#17547,'mechanical');
#17536=PRODUCT_CONTEXT('',#17547,'mechanical');
#17537=PRODUCT_CONTEXT('',#17547,'mechanical');
#17538=PRODUCT_CONTEXT('',#17547,'mechanical');
#17539=PRODUCT_CONTEXT('',#17547,'mechanical');
#17540=PRODUCT_CONTEXT('',#17547,'mechanical');
#17541=PRODUCT_CONTEXT('',#17547,'mechanical');
#17542=PRODUCT_CONTEXT('',#17547,'mechanical');
#17543=PRODUCT_CONTEXT('',#17547,'mechanical');
#17544=PRODUCT_CONTEXT('',#17547,'mechanical');
#17545=PRODUCT_CONTEXT('',#17547,'mechanical');
#17546=APPLICATION_PROTOCOL_DEFINITION('international standard',
'ap242_managed_model_based_3d_engineering',2020,#17547);
#17547=APPLICATION_CONTEXT('managed model based 3d engineering');
ENDSEC;
END-ISO-10303-21;
